precinct_code,gen_dem_CLINTON,gen_grn_STEIN,gen_lib_JOHNSON,gen_rep_TRUMP,pri_dem_CLINTON,pri_dem_SANDERS,pri_rep_CRUZ,pri_rep_KASICH,pri_rep_TRUMP,gen_total,rep_pri_total,dem_pri_total
Baker-410011,0.0,0.0,0.0,0.0,63.0,102.0,0.0,44.0,216.0,0.0,260.0,165.0
Baker-4100111,222.0,18.0,44.0,565.0,0.0,0.0,0.0,0.0,0.0,849.0,0.0,0.0
Baker-4100112,209.0,17.0,47.0,520.0,0.0,0.0,0.0,0.0,0.0,793.0,0.0,0.0
Baker-4100113,295.0,24.0,56.0,1179.0,20.0,37.0,74.0,44.0,242.0,1554.0,360.0,57.0
Baker-4100114,226.0,24.0,53.0,822.0,0.0,2.0,10.0,0.0,37.0,1125.0,47.0,2.0
Baker-4100115,289.0,18.0,72.0,1150.0,26.0,33.0,29.0,26.0,118.0,1529.0,173.0,59.0
Baker-4100117,94.0,6.0,43.0,406.0,22.0,28.0,52.0,59.0,153.0,549.0,264.0,50.0
Baker-4100118,4.0,2.0,2.0,69.0,2.0,1.0,7.0,2.0,36.0,77.0,45.0,3.0
Baker-4100119,46.0,4.0,19.0,170.0,22.0,13.0,3.0,2.0,48.0,239.0,53.0,35.0
Baker-410012,0.0,0.0,0.0,0.0,58.0,74.0,70.0,45.0,156.0,0.0,271.0,132.0
Baker-4100120,13.0,0.0,4.0,38.0,6.0,3.0,1.0,4.0,12.0,55.0,17.0,9.0
Baker-4100121,14.0,4.0,10.0,130.0,2.0,15.0,18.0,6.0,58.0,158.0,82.0,17.0
Baker-4100122,163.0,9.0,23.0,370.0,42.0,70.0,27.0,41.0,114.0,565.0,182.0,112.0
Baker-4100124,161.0,4.0,27.0,513.0,46.0,50.0,68.0,62.0,218.0,705.0,348.0,96.0
Baker-4100125,55.0,3.0,12.0,208.0,15.0,15.0,14.0,14.0,85.0,278.0,113.0,30.0
Baker-4100126,6.0,1.0,1.0,78.0,1.0,2.0,2.0,2.0,52.0,86.0,56.0,3.0
Baker-410013,0.0,0.0,0.0,0.0,45.0,92.0,56.0,30.0,220.0,0.0,306.0,137.0
Baker-410014,0.0,0.0,0.0,0.0,68.0,93.0,88.0,36.0,284.0,0.0,408.0,161.0
Baker-410015,0.0,0.0,0.0,0.0,56.0,118.0,94.0,54.0,297.0,0.0,445.0,174.0
Benton-4100301,2311.0,88.0,197.0,0.0,0.0,817.0,93.0,164.0,244.0,2596.0,501.0,817.0
Benton-4100302,1737.0,122.0,164.0,326.0,252.0,918.0,35.0,32.0,62.0,2349.0,129.0,1170.0
Benton-4100303,2147.0,160.0,199.0,617.0,411.0,1086.0,68.0,71.0,197.0,3123.0,336.0,1497.0
Benton-4100304,1772.0,77.0,176.0,419.0,223.0,575.0,16.0,44.0,54.0,2444.0,114.0,798.0
Benton-4100305,1781.0,96.0,144.0,291.0,276.0,931.0,17.0,35.0,81.0,2312.0,133.0,1207.0
Benton-4100306,2151.0,150.0,143.0,531.0,489.0,961.0,51.0,84.0,166.0,2975.0,301.0,1450.0
Benton-4100307,2963.0,129.0,170.0,516.0,918.0,1192.0,72.0,138.0,175.0,3778.0,385.0,2110.0
Benton-4100308,2809.0,83.0,156.0,782.0,946.0,790.0,107.0,206.0,264.0,3830.0,577.0,1736.0
Benton-4100309,1917.0,123.0,190.0,752.0,484.0,794.0,93.0,109.0,262.0,2982.0,464.0,1278.0
Benton-4100310,1174.0,83.0,196.0,872.0,267.0,535.0,98.0,101.0,228.0,2325.0,427.0,802.0
Benton-4100312,193.0,17.0,28.0,173.0,27.0,90.0,30.0,19.0,47.0,411.0,96.0,117.0
Benton-4100313,87.0,9.0,11.0,157.0,43.0,23.0,9.0,7.0,48.0,264.0,64.0,66.0
Benton-4100314,165.0,25.0,21.0,306.0,37.0,96.0,41.0,10.0,74.0,517.0,125.0,133.0
Benton-4100315,1064.0,63.0,132.0,1025.0,300.0,516.0,88.0,73.0,337.0,2284.0,498.0,816.0
Benton-4100316,1699.0,102.0,128.0,795.0,580.0,653.0,94.0,147.0,281.0,2724.0,522.0,1233.0
Benton-4100317,861.0,36.0,61.0,344.0,253.0,315.0,65.0,57.0,116.0,1302.0,238.0,568.0
Benton-4100318,491.0,20.0,84.0,740.0,162.0,189.0,89.0,84.0,216.0,1335.0,389.0,351.0
Benton-4100319,519.0,25.0,61.0,424.0,141.0,243.0,59.0,41.0,137.0,1029.0,237.0,384.0
Benton-4100320,492.0,39.0,79.0,788.0,174.0,201.0,69.0,42.0,255.0,1398.0,366.0,375.0
Benton-4100321,167.0,10.0,20.0,144.0,59.0,61.0,16.0,7.0,52.0,341.0,75.0,120.0
Benton-4100322,243.0,4.0,19.0,182.0,68.0,96.0,13.0,25.0,55.0,448.0,93.0,164.0
Benton-4100323,306.0,27.0,30.0,237.0,74.0,125.0,18.0,18.0,71.0,600.0,107.0,199.0
Benton-4100324,1214.0,67.0,176.0,1230.0,355.0,405.0,105.0,144.0,471.0,2687.0,720.0,760.0
Benton-4100325,930.0,40.0,107.0,1007.0,281.0,310.0,101.0,119.0,341.0,2084.0,561.0,591.0
Clackamas-410051,1663.0,78.0,203.0,0.0,471.0,594.0,0.0,83.0,387.0,1944.0,470.0,1065.0
Clackamas-4100510,4.0,0.0,2.0,17.0,0.0,1.0,2.0,0.0,6.0,23.0,8.0,1.0
Clackamas-41005100,161.0,3.0,12.0,176.0,40.0,21.0,10.0,16.0,65.0,352.0,91.0,61.0
Clackamas-41005101,2450.0,65.0,245.0,1931.0,524.0,541.0,141.0,124.0,473.0,4691.0,738.0,1065.0
Clackamas-41005102,240.0,9.0,15.0,162.0,31.0,47.0,6.0,10.0,28.0,426.0,44.0,78.0
Clackamas-41005103,1402.0,44.0,147.0,1276.0,375.0,316.0,117.0,110.0,401.0,2869.0,628.0,691.0
Clackamas-41005104,2.0,0.0,0.0,1.0,0.0,2.0,0.0,0.0,1.0,3.0,1.0,2.0
Clackamas-41005105,453.0,13.0,56.0,389.0,121.0,120.0,47.0,43.0,115.0,911.0,205.0,241.0
Clackamas-41005106,510.0,20.0,81.0,793.0,115.0,215.0,55.0,26.0,219.0,1404.0,300.0,330.0
Clackamas-41005107,915.0,48.0,144.0,1327.0,204.0,347.0,108.0,57.0,321.0,2434.0,486.0,551.0
Clackamas-41005108,818.0,55.0,144.0,1207.0,209.0,275.0,80.0,42.0,272.0,2224.0,394.0,484.0
Clackamas-41005111,1005.0,66.0,281.0,2121.0,245.0,340.0,152.0,60.0,567.0,3473.0,779.0,585.0
Clackamas-41005122,1136.0,53.0,145.0,1369.0,268.0,347.0,151.0,94.0,407.0,2703.0,652.0,615.0
Clackamas-41005124,870.0,32.0,118.0,1062.0,255.0,270.0,98.0,115.0,296.0,2082.0,509.0,525.0
Clackamas-41005125,1206.0,36.0,186.0,1515.0,327.0,345.0,164.0,128.0,475.0,2943.0,767.0,672.0
Clackamas-41005130,1358.0,48.0,115.0,935.0,382.0,318.0,83.0,102.0,287.0,2456.0,472.0,700.0
Clackamas-41005131,1476.0,30.0,154.0,991.0,388.0,386.0,64.0,117.0,312.0,2651.0,493.0,774.0
Clackamas-41005132,1257.0,35.0,111.0,713.0,344.0,292.0,41.0,90.0,233.0,2116.0,364.0,636.0
Clackamas-41005133,2030.0,51.0,189.0,1042.0,580.0,597.0,87.0,175.0,348.0,3312.0,610.0,1177.0
Clackamas-41005134,1413.0,29.0,108.0,659.0,444.0,398.0,51.0,100.0,215.0,2209.0,366.0,842.0
Clackamas-41005135,1467.0,34.0,143.0,779.0,422.0,342.0,73.0,135.0,262.0,2423.0,470.0,764.0
Clackamas-41005151,1639.0,37.0,124.0,635.0,564.0,357.0,32.0,150.0,242.0,2435.0,424.0,921.0
Clackamas-41005152,1775.0,47.0,112.0,723.0,568.0,445.0,54.0,152.0,285.0,2657.0,491.0,1013.0
Clackamas-41005153,1584.0,33.0,135.0,627.0,430.0,324.0,27.0,165.0,208.0,2379.0,400.0,754.0
Clackamas-41005154,442.0,3.0,19.0,209.0,183.0,56.0,12.0,71.0,88.0,673.0,171.0,239.0
Clackamas-41005155,1861.0,31.0,132.0,866.0,507.0,409.0,40.0,193.0,321.0,2890.0,554.0,916.0
Clackamas-41005156,1881.0,33.0,121.0,924.0,534.0,430.0,59.0,207.0,309.0,2959.0,575.0,964.0
Clackamas-41005157,1424.0,29.0,82.0,628.0,446.0,303.0,47.0,135.0,233.0,2163.0,415.0,749.0
Clackamas-41005158,1117.0,20.0,114.0,545.0,285.0,243.0,37.0,84.0,182.0,1796.0,303.0,528.0
Clackamas-41005159,2327.0,55.0,115.0,888.0,678.0,541.0,78.0,165.0,309.0,3385.0,552.0,1219.0
Clackamas-41005160,217.0,9.0,21.0,116.0,63.0,35.0,12.0,30.0,36.0,363.0,78.0,98.0
Clackamas-410052,1400.0,80.0,160.0,1145.0,310.0,561.0,88.0,54.0,326.0,2785.0,468.0,871.0
Clackamas-41005201,1455.0,58.0,130.0,961.0,319.0,372.0,91.0,104.0,229.0,2604.0,424.0,691.0
Clackamas-41005202,1940.0,87.0,246.0,1423.0,402.0,572.0,117.0,148.0,405.0,3696.0,670.0,974.0
Clackamas-41005203,1013.0,13.0,65.0,956.0,402.0,175.0,84.0,195.0,449.0,2047.0,728.0,577.0
Clackamas-41005204,1077.0,31.0,178.0,848.0,243.0,283.0,69.0,107.0,271.0,2134.0,447.0,526.0
Clackamas-41005251,0.0,0.0,0.0,6.0,0.0,0.0,0.0,0.0,1.0,6.0,1.0,0.0
Clackamas-41005252,894.0,21.0,106.0,581.0,246.0,192.0,57.0,108.0,190.0,1602.0,355.0,438.0
Clackamas-41005280,790.0,18.0,70.0,371.0,214.0,242.0,29.0,55.0,116.0,1249.0,200.0,456.0
Clackamas-41005281,890.0,33.0,61.0,387.0,252.0,250.0,23.0,63.0,115.0,1371.0,201.0,502.0
Clackamas-41005282,236.0,14.0,21.0,131.0,65.0,63.0,7.0,17.0,51.0,402.0,75.0,128.0
Clackamas-41005283,292.0,6.0,22.0,126.0,98.0,60.0,10.0,33.0,70.0,446.0,113.0,158.0
Clackamas-410053,954.0,51.0,111.0,879.0,264.0,366.0,90.0,57.0,233.0,1995.0,380.0,630.0
Clackamas-4100531,927.0,36.0,121.0,783.0,237.0,321.0,68.0,42.0,194.0,1867.0,304.0,558.0
Clackamas-4100532,992.0,66.0,121.0,778.0,266.0,346.0,55.0,61.0,197.0,1957.0,313.0,612.0
Clackamas-41005320,594.0,15.0,58.0,414.0,182.0,153.0,52.0,92.0,149.0,1081.0,293.0,335.0
Clackamas-41005321,635.0,18.0,84.0,755.0,175.0,145.0,59.0,89.0,290.0,1492.0,438.0,320.0
Clackamas-41005322,464.0,13.0,61.0,507.0,147.0,113.0,45.0,67.0,195.0,1045.0,307.0,260.0
Clackamas-41005323,630.0,16.0,60.0,686.0,190.0,158.0,69.0,64.0,254.0,1392.0,387.0,348.0
Clackamas-4100533,980.0,20.0,111.0,782.0,271.0,338.0,59.0,77.0,216.0,1893.0,352.0,609.0
Clackamas-41005330,835.0,39.0,152.0,1603.0,229.0,279.0,171.0,110.0,454.0,2629.0,735.0,508.0
Clackamas-41005331,255.0,7.0,28.0,310.0,53.0,69.0,19.0,30.0,111.0,600.0,160.0,122.0
Clackamas-41005332,88.0,3.0,16.0,130.0,26.0,22.0,23.0,12.0,48.0,237.0,83.0,48.0
Clackamas-41005333,477.0,13.0,61.0,784.0,156.0,146.0,79.0,64.0,268.0,1335.0,411.0,302.0
Clackamas-41005350,472.0,31.0,101.0,1072.0,123.0,202.0,77.0,37.0,299.0,1676.0,413.0,325.0
Clackamas-41005351,748.0,49.0,147.0,1945.0,200.0,334.0,155.0,86.0,556.0,2889.0,797.0,534.0
Clackamas-41005352,475.0,32.0,90.0,1207.0,147.0,198.0,83.0,50.0,400.0,1804.0,533.0,345.0
Clackamas-41005360,784.0,42.0,95.0,1251.0,227.0,283.0,87.0,49.0,369.0,2172.0,505.0,510.0
Clackamas-41005361,10.0,2.0,2.0,27.0,1.0,7.0,1.0,0.0,3.0,41.0,4.0,8.0
Clackamas-41005362,431.0,18.0,49.0,753.0,137.0,147.0,41.0,28.0,249.0,1251.0,318.0,284.0
Clackamas-41005363,145.0,6.0,24.0,300.0,38.0,84.0,24.0,14.0,85.0,475.0,123.0,122.0
Clackamas-41005364,266.0,9.0,31.0,392.0,68.0,92.0,41.0,16.0,92.0,698.0,149.0,160.0
Clackamas-41005370,757.0,42.0,111.0,1268.0,211.0,328.0,81.0,53.0,393.0,2178.0,527.0,539.0
Clackamas-41005371,596.0,40.0,65.0,896.0,197.0,215.0,68.0,42.0,233.0,1597.0,343.0,412.0
Clackamas-41005372,283.0,18.0,39.0,494.0,91.0,96.0,38.0,18.0,130.0,834.0,186.0,187.0
Clackamas-41005373,1402.0,94.0,154.0,1257.0,385.0,544.0,78.0,82.0,385.0,2907.0,545.0,929.0
Clackamas-410054,19.0,0.0,0.0,25.0,2.0,3.0,3.0,0.0,4.0,44.0,7.0,5.0
Clackamas-41005400,479.0,22.0,65.0,692.0,160.0,188.0,78.0,60.0,220.0,1258.0,358.0,348.0
Clackamas-41005401,450.0,19.0,57.0,685.0,148.0,177.0,83.0,53.0,240.0,1211.0,376.0,325.0
Clackamas-41005402,454.0,22.0,67.0,762.0,148.0,174.0,87.0,54.0,301.0,1305.0,442.0,322.0
Clackamas-41005403,441.0,21.0,48.0,652.0,115.0,146.0,60.0,56.0,220.0,1162.0,336.0,261.0
Clackamas-41005404,776.0,38.0,131.0,1366.0,235.0,240.0,91.0,91.0,391.0,2311.0,573.0,475.0
Clackamas-41005405,283.0,10.0,47.0,668.0,90.0,83.0,53.0,33.0,208.0,1008.0,294.0,173.0
Clackamas-41005406,275.0,10.0,28.0,443.0,73.0,95.0,20.0,28.0,128.0,756.0,176.0,168.0
Clackamas-41005410,741.0,26.0,73.0,521.0,234.0,189.0,51.0,60.0,158.0,1361.0,269.0,423.0
Clackamas-41005411,1322.0,43.0,133.0,1074.0,353.0,327.0,101.0,93.0,295.0,2572.0,489.0,680.0
Clackamas-41005412,753.0,24.0,102.0,906.0,228.0,223.0,82.0,69.0,281.0,1785.0,432.0,451.0
Clackamas-41005413,905.0,40.0,118.0,705.0,168.0,274.0,65.0,40.0,164.0,1768.0,269.0,442.0
Clackamas-41005414,285.0,6.0,37.0,327.0,75.0,80.0,29.0,26.0,96.0,655.0,151.0,155.0
Clackamas-41005415,44.0,2.0,5.0,54.0,7.0,21.0,10.0,2.0,20.0,105.0,32.0,28.0
Clackamas-41005416,1547.0,32.0,158.0,1183.0,367.0,348.0,98.0,78.0,274.0,2920.0,450.0,715.0
Clackamas-41005417,14.0,1.0,0.0,15.0,4.0,0.0,0.0,1.0,3.0,30.0,4.0,4.0
Clackamas-41005418,2054.0,103.0,175.0,1274.0,489.0,584.0,94.0,97.0,313.0,3606.0,504.0,1073.0
Clackamas-41005419,401.0,20.0,33.0,254.0,87.0,120.0,28.0,28.0,75.0,708.0,131.0,207.0
Clackamas-41005420,304.0,15.0,38.0,187.0,67.0,123.0,11.0,7.0,38.0,544.0,56.0,190.0
Clackamas-41005421,1277.0,30.0,129.0,897.0,395.0,369.0,104.0,89.0,251.0,2333.0,444.0,764.0
Clackamas-41005422,1898.0,114.0,157.0,1131.0,397.0,699.0,89.0,61.0,254.0,3300.0,404.0,1096.0
Clackamas-41005423,5.0,0.0,0.0,14.0,0.0,1.0,3.0,1.0,6.0,19.0,10.0,1.0
Clackamas-410055,1617.0,82.0,222.0,1534.0,394.0,468.0,115.0,93.0,407.0,3455.0,615.0,862.0
Clackamas-41005500,1753.0,93.0,135.0,1051.0,473.0,637.0,82.0,104.0,315.0,3032.0,501.0,1110.0
Clackamas-41005501,1736.0,97.0,140.0,716.0,467.0,653.0,64.0,89.0,183.0,2689.0,336.0,1120.0
Clackamas-41005502,1930.0,110.0,158.0,1070.0,577.0,719.0,85.0,117.0,340.0,3268.0,542.0,1296.0
Clackamas-41005503,1688.0,66.0,158.0,1197.0,542.0,549.0,124.0,106.0,369.0,3109.0,599.0,1091.0
Clackamas-41005504,1058.0,68.0,104.0,741.0,276.0,368.0,62.0,48.0,199.0,1971.0,309.0,644.0
Clackamas-41005505,905.0,28.0,78.0,612.0,269.0,321.0,53.0,58.0,183.0,1623.0,294.0,590.0
Clackamas-41005506,1084.0,44.0,124.0,935.0,322.0,297.0,72.0,53.0,238.0,2187.0,363.0,619.0
Clackamas-4100551,1594.0,100.0,96.0,578.0,366.0,675.0,35.0,46.0,167.0,2368.0,248.0,1041.0
Clackamas-41005510,323.0,10.0,48.0,453.0,110.0,127.0,29.0,31.0,134.0,834.0,194.0,237.0
Clackamas-41005511,769.0,42.0,97.0,1225.0,259.0,269.0,121.0,81.0,362.0,2133.0,564.0,528.0
Clackamas-41005512,550.0,17.0,68.0,573.0,164.0,180.0,38.0,30.0,194.0,1208.0,262.0,344.0
Clackamas-41005513,777.0,34.0,123.0,985.0,232.0,296.0,84.0,71.0,321.0,1919.0,476.0,528.0
Clackamas-41005514,1217.0,62.0,173.0,1919.0,356.0,451.0,157.0,104.0,580.0,3371.0,841.0,807.0
Clackamas-41005515,419.0,23.0,44.0,430.0,151.0,125.0,31.0,24.0,128.0,916.0,183.0,276.0
Clackamas-41005516,305.0,11.0,49.0,454.0,89.0,116.0,55.0,24.0,132.0,819.0,211.0,205.0
Clackamas-41005517,664.0,37.0,99.0,1103.0,211.0,230.0,71.0,44.0,343.0,1903.0,458.0,441.0
Clackamas-41005518,629.0,29.0,122.0,1016.0,204.0,207.0,64.0,64.0,301.0,1796.0,429.0,411.0
Clackamas-41005519,244.0,10.0,60.0,399.0,65.0,99.0,32.0,31.0,101.0,713.0,164.0,164.0
Clackamas-4100552,1578.0,81.0,125.0,718.0,434.0,640.0,51.0,53.0,198.0,2502.0,302.0,1074.0
Clackamas-41005520,142.0,3.0,20.0,202.0,48.0,66.0,12.0,13.0,55.0,367.0,80.0,114.0
Clackamas-4100553,1186.0,57.0,96.0,640.0,307.0,485.0,58.0,41.0,145.0,1979.0,244.0,792.0
Clackamas-4100554,1304.0,66.0,101.0,565.0,335.0,521.0,62.0,60.0,183.0,2036.0,305.0,856.0
Clackamas-4100555,1230.0,64.0,128.0,748.0,347.0,419.0,54.0,50.0,200.0,2170.0,304.0,766.0
Clackamas-410056,1010.0,36.0,155.0,1151.0,281.0,289.0,108.0,100.0,311.0,2352.0,519.0,570.0
Clackamas-410057,1102.0,38.0,180.0,1129.0,276.0,361.0,83.0,62.0,316.0,2449.0,461.0,637.0
Clackamas-4100570,2.0,0.0,0.0,1.0,0.0,0.0,0.0,0.0,0.0,3.0,0.0,0.0
Clackamas-4100571,100.0,1.0,6.0,34.0,38.0,21.0,0.0,14.0,15.0,141.0,29.0,59.0
Clackamas-4100572,51.0,2.0,3.0,33.0,15.0,13.0,2.0,2.0,6.0,89.0,10.0,28.0
Clackamas-4100573,87.0,4.0,11.0,53.0,22.0,25.0,5.0,5.0,12.0,155.0,22.0,47.0
Clackamas-4100574,24.0,1.0,4.0,28.0,11.0,1.0,1.0,0.0,8.0,57.0,9.0,12.0
Clatsop-410070001 01 - ASTORIA,299.0,29.0,20.0,0.0,0.0,133.0,8.0,18.0,54.0,348.0,80.0,133.0
Clatsop-410070002 02 - ASTORIA,433.0,21.0,23.0,176.0,144.0,201.0,3.0,12.0,53.0,653.0,68.0,345.0
Clatsop-410070003 03 - ASTORIA,471.0,34.0,37.0,282.0,106.0,184.0,13.0,16.0,81.0,824.0,110.0,290.0
Clatsop-410070004 04 - ASTORIA,242.0,16.0,16.0,173.0,69.0,113.0,13.0,14.0,60.0,447.0,87.0,182.0
Clatsop-410070005 05 - ASTORIA,489.0,33.0,37.0,225.0,145.0,234.0,13.0,24.0,79.0,784.0,116.0,379.0
Clatsop-410070006 06 - ASTORIA,278.0,19.0,21.0,106.0,94.0,99.0,8.0,13.0,42.0,424.0,63.0,193.0
Clatsop-410070007 07 - ASTORIA,464.0,41.0,35.0,203.0,126.0,210.0,15.0,25.0,68.0,743.0,108.0,336.0
Clatsop-410070008 08 - ASTORIA,235.0,24.0,18.0,149.0,50.0,115.0,14.0,5.0,44.0,426.0,63.0,165.0
Clatsop-410070020 20 - CANNON BEACH,561.0,26.0,37.0,228.0,156.0,193.0,24.0,45.0,61.0,852.0,130.0,349.0
Clatsop-410070021 21 - CHADWELL,141.0,10.0,21.0,266.0,48.0,53.0,20.0,22.0,72.0,438.0,114.0,101.0
Clatsop-410070022 22 - NORTH CLATSOP,222.0,21.0,33.0,348.0,88.0,92.0,16.0,21.0,104.0,624.0,141.0,180.0
Clatsop-410070023 23 - SOUTH CLATSOP,416.0,17.0,49.0,460.0,129.0,114.0,19.0,56.0,189.0,942.0,264.0,243.0
Clatsop-410070024 24 - ELSIE,66.0,8.0,4.0,78.0,9.0,36.0,0.0,1.0,18.0,156.0,19.0,45.0
Clatsop-410070025 25 - GEARHART,492.0,12.0,49.0,337.0,144.0,149.0,26.0,40.0,119.0,890.0,185.0,293.0
Clatsop-410070026 26 - HAMLET,102.0,8.0,9.0,97.0,22.0,41.0,5.0,3.0,27.0,216.0,35.0,63.0
Clatsop-410070028 28 - JEWELL,114.0,8.0,13.0,181.0,37.0,45.0,19.0,5.0,57.0,316.0,81.0,82.0
Clatsop-410070029 29 - JOHN DAY,134.0,3.0,11.0,152.0,34.0,44.0,12.0,14.0,44.0,300.0,70.0,78.0
Clatsop-410070030 30 - KNAPPA,356.0,22.0,51.0,457.0,115.0,149.0,24.0,23.0,113.0,886.0,160.0,264.0
Clatsop-410070031 31 - LEWIS & CLARK,268.0,14.0,54.0,409.0,83.0,126.0,15.0,15.0,139.0,745.0,169.0,209.0
Clatsop-410070035 35 - NECANICUM,99.0,4.0,11.0,141.0,32.0,31.0,6.0,17.0,28.0,255.0,51.0,63.0
Clatsop-410070036 36 - OLNEY,120.0,9.0,20.0,214.0,29.0,60.0,9.0,14.0,72.0,363.0,95.0,89.0
Clatsop-410070037 37 - SEASIDE,371.0,23.0,27.0,271.0,102.0,112.0,15.0,26.0,113.0,692.0,154.0,214.0
Clatsop-410070038 38 - SEASIDE,406.0,31.0,41.0,316.0,94.0,123.0,15.0,16.0,83.0,794.0,114.0,217.0
Clatsop-410070039 39 - SEASIDE,368.0,30.0,40.0,250.0,121.0,131.0,15.0,19.0,63.0,688.0,97.0,252.0
Clatsop-410070040 40 - SEASIDE,368.0,13.0,33.0,288.0,99.0,112.0,22.0,20.0,105.0,702.0,147.0,211.0
Clatsop-410070043 43 - STANLEY ACRES,55.0,1.0,15.0,57.0,14.0,25.0,4.0,5.0,22.0,128.0,31.0,39.0
Clatsop-410070044 44 - SVENSEN,203.0,15.0,20.0,270.0,63.0,77.0,12.0,16.0,74.0,508.0,102.0,140.0
Clatsop-410070045 45 - ARCH CAPE,113.0,6.0,8.0,50.0,37.0,42.0,6.0,10.0,21.0,177.0,37.0,79.0
Clatsop-410070046 46 - WALLUSKI,155.0,11.0,22.0,151.0,44.0,56.0,11.0,20.0,41.0,339.0,72.0,100.0
Clatsop-410070047 47 - WARRENTON,713.0,34.0,123.0,1025.0,226.0,245.0,53.0,43.0,296.0,1895.0,392.0,471.0
Clatsop-410070048 48 - WARRENTON,236.0,12.0,32.0,308.0,81.0,101.0,9.0,20.0,72.0,588.0,101.0,182.0
Clatsop-410070050 50 - WESTPORT,108.0,7.0,18.0,156.0,38.0,39.0,6.0,10.0,39.0,289.0,55.0,77.0
Clatsop-410070052 52 - HILLCREST,154.0,7.0,25.0,168.0,51.0,62.0,13.0,13.0,53.0,354.0,79.0,113.0
Columbia-4100901,265.0,20.0,46.0,0.0,0.0,101.0,23.0,21.0,109.0,331.0,153.0,101.0
Columbia-4100904,173.0,10.0,25.0,318.0,62.0,93.0,22.0,5.0,75.0,526.0,102.0,155.0
Columbia-4100905,149.0,12.0,23.0,313.0,46.0,71.0,19.0,8.0,64.0,497.0,91.0,117.0
Columbia-4100906,370.0,22.0,55.0,546.0,103.0,167.0,60.0,18.0,101.0,993.0,179.0,270.0
Columbia-4100908,212.0,13.0,49.0,349.0,86.0,86.0,22.0,6.0,91.0,623.0,119.0,172.0
Columbia-4100910,322.0,4.0,44.0,375.0,116.0,142.0,47.0,24.0,134.0,745.0,205.0,258.0
Columbia-4100912,375.0,18.0,45.0,442.0,124.0,154.0,37.0,29.0,130.0,880.0,196.0,278.0
Columbia-4100914,158.0,9.0,21.0,242.0,49.0,61.0,30.0,8.0,50.0,430.0,88.0,110.0
Columbia-4100915,341.0,24.0,59.0,453.0,124.0,120.0,25.0,15.0,98.0,877.0,138.0,244.0
Columbia-4100917,110.0,7.0,18.0,203.0,36.0,37.0,4.0,9.0,52.0,338.0,65.0,73.0
Columbia-4100918,64.0,5.0,8.0,65.0,19.0,23.0,4.0,2.0,22.0,142.0,28.0,42.0
Columbia-4100919,333.0,18.0,39.0,427.0,97.0,135.0,31.0,28.0,142.0,817.0,201.0,232.0
Columbia-4100920,242.0,11.0,39.0,332.0,87.0,94.0,28.0,20.0,117.0,624.0,165.0,181.0
Columbia-4100921,818.0,53.0,157.0,889.0,247.0,374.0,56.0,38.0,201.0,1917.0,295.0,621.0
Columbia-4100924,735.0,64.0,130.0,897.0,216.0,321.0,43.0,44.0,210.0,1826.0,297.0,537.0
Columbia-4100926,806.0,47.0,144.0,1051.0,209.0,335.0,74.0,61.0,272.0,2048.0,407.0,544.0
Columbia-4100931,239.0,18.0,49.0,307.0,71.0,99.0,26.0,26.0,75.0,613.0,127.0,170.0
Columbia-4100932,914.0,34.0,152.0,820.0,265.0,303.0,60.0,44.0,215.0,1920.0,319.0,568.0
Columbia-4100934,453.0,24.0,83.0,440.0,140.0,165.0,42.0,29.0,118.0,1000.0,189.0,305.0
Columbia-4100935,442.0,20.0,66.0,482.0,126.0,185.0,29.0,28.0,125.0,1010.0,182.0,311.0
Columbia-4100936,189.0,6.0,16.0,199.0,56.0,95.0,19.0,15.0,51.0,410.0,85.0,151.0
Columbia-4100938,184.0,4.0,19.0,214.0,64.0,70.0,18.0,10.0,66.0,421.0,94.0,134.0
Columbia-4100939,17.0,2.0,0.0,27.0,3.0,6.0,1.0,0.0,6.0,46.0,7.0,9.0
Columbia-4100940,338.0,18.0,48.0,470.0,103.0,181.0,47.0,24.0,142.0,874.0,213.0,284.0
Columbia-4100941,308.0,28.0,78.0,634.0,80.0,149.0,51.0,36.0,144.0,1048.0,231.0,229.0
Columbia-4100944,188.0,13.0,32.0,421.0,40.0,99.0,29.0,16.0,135.0,654.0,180.0,139.0
Columbia-4100946,174.0,8.0,30.0,338.0,44.0,82.0,26.0,6.0,83.0,550.0,115.0,126.0
Columbia-4100947,332.0,22.0,45.0,365.0,99.0,169.0,29.0,12.0,99.0,764.0,140.0,268.0
Columbia-4100948,99.0,6.0,16.0,176.0,28.0,56.0,14.0,4.0,37.0,297.0,55.0,84.0
Columbia-4100949,146.0,7.0,23.0,258.0,43.0,83.0,25.0,13.0,70.0,434.0,108.0,126.0
Columbia-4100950,18.0,0.0,0.0,22.0,5.0,4.0,0.0,1.0,5.0,40.0,6.0,9.0
Columbia-4100951,97.0,7.0,18.0,140.0,24.0,44.0,14.0,1.0,52.0,262.0,67.0,68.0
Columbia-4100953,556.0,18.0,69.0,594.0,198.0,219.0,47.0,50.0,181.0,1237.0,278.0,417.0
Coos-4101101,359.0,27.0,59.0,0.0,0.0,136.0,36.0,24.0,276.0,445.0,336.0,136.0
Coos-4101102,750.0,47.0,109.0,1362.0,257.0,350.0,90.0,75.0,479.0,2268.0,644.0,607.0
Coos-4101103,921.0,63.0,143.0,1506.0,322.0,356.0,84.0,64.0,465.0,2633.0,613.0,678.0
Coos-4101104,842.0,50.0,116.0,946.0,257.0,343.0,56.0,57.0,303.0,1954.0,416.0,600.0
Coos-4101105,1108.0,67.0,141.0,1541.0,368.0,425.0,70.0,61.0,498.0,2857.0,629.0,793.0
Coos-4101106,793.0,48.0,87.0,864.0,248.0,344.0,43.0,65.0,276.0,1792.0,384.0,592.0
Coos-4101107,890.0,71.0,122.0,976.0,274.0,338.0,47.0,43.0,322.0,2059.0,412.0,612.0
Coos-4101108,910.0,75.0,127.0,1656.0,301.0,405.0,56.0,47.0,531.0,2768.0,634.0,706.0
Coos-4101109,130.0,17.0,13.0,156.0,30.0,63.0,6.0,6.0,40.0,316.0,52.0,93.0
Coos-4101110,642.0,50.0,73.0,1365.0,239.0,285.0,63.0,57.0,454.0,2130.0,574.0,524.0
Coos-4101111,404.0,39.0,69.0,1186.0,137.0,229.0,48.0,34.0,442.0,1698.0,524.0,366.0
Coos-4101112,487.0,41.0,89.0,1136.0,196.0,215.0,48.0,44.0,380.0,1753.0,472.0,411.0
Coos-4101113,258.0,15.0,44.0,811.0,102.0,114.0,53.0,20.0,269.0,1128.0,342.0,216.0
Coos-4101114,276.0,20.0,51.0,1083.0,89.0,184.0,68.0,31.0,400.0,1430.0,499.0,273.0
Coos-4101115,90.0,7.0,18.0,287.0,36.0,54.0,10.0,8.0,76.0,402.0,94.0,90.0
Coos-4101116,813.0,48.0,59.0,783.0,264.0,287.0,41.0,49.0,296.0,1703.0,386.0,551.0
Coos-4101117,694.0,61.0,78.0,1206.0,206.0,330.0,46.0,56.0,427.0,2039.0,529.0,536.0
Coos-4101118,81.0,9.0,13.0,208.0,27.0,47.0,13.0,5.0,83.0,311.0,101.0,74.0
Coos-41011Total,0.0,0.0,0.0,0.0,3487.0,4505.0,878.0,746.0,6017.0,0.0,7641.0,7992.0
Crook-410131,122.0,8.0,17.0,309.0,0.0,55.0,32.0,18.0,102.0,456.0,152.0,55.0
Crook-4101310,120.0,4.0,14.0,214.0,45.0,37.0,13.0,22.0,82.0,352.0,117.0,82.0
Crook-4101311,379.0,12.0,64.0,1178.0,120.0,113.0,100.0,74.0,481.0,1633.0,655.0,233.0
Crook-4101312,12.0,1.0,7.0,93.0,3.0,7.0,5.0,4.0,45.0,113.0,54.0,10.0
Crook-4101313,114.0,5.0,33.0,518.0,48.0,47.0,36.0,22.0,171.0,670.0,229.0,95.0
Crook-4101314,105.0,7.0,21.0,274.0,27.0,41.0,15.0,12.0,75.0,407.0,102.0,68.0
Crook-4101315,178.0,8.0,35.0,653.0,51.0,77.0,56.0,31.0,243.0,874.0,330.0,128.0
Crook-4101316,92.0,4.0,22.0,421.0,38.0,31.0,42.0,21.0,153.0,539.0,216.0,69.0
Crook-4101317,448.0,41.0,97.0,1538.0,157.0,197.0,108.0,55.0,591.0,2124.0,754.0,354.0
Crook-410132,102.0,5.0,27.0,256.0,30.0,40.0,19.0,18.0,63.0,390.0,100.0,70.0
Crook-410133,57.0,4.0,11.0,125.0,17.0,27.0,6.0,3.0,35.0,197.0,44.0,44.0
Crook-410134,181.0,9.0,25.0,726.0,39.0,89.0,70.0,41.0,270.0,941.0,381.0,128.0
Crook-410135,355.0,19.0,89.0,1159.0,121.0,137.0,105.0,74.0,407.0,1622.0,586.0,258.0
Crook-410136,190.0,14.0,29.0,355.0,59.0,64.0,33.0,36.0,112.0,588.0,181.0,123.0
Crook-410137,35.0,3.0,10.0,212.0,12.0,12.0,13.0,12.0,93.0,260.0,118.0,24.0
Crook-410138,123.0,13.0,14.0,348.0,31.0,50.0,26.0,9.0,98.0,498.0,133.0,81.0
Crook-410139,24.0,0.0,3.0,132.0,5.0,7.0,8.0,2.0,50.0,159.0,60.0,12.0
Curry-410151,27.0,1.0,3.0,36.0,0.0,13.0,2.0,0.0,15.0,67.0,17.0,13.0
Curry-4101510,158.0,11.0,19.0,252.0,52.0,48.0,25.0,10.0,106.0,440.0,141.0,100.0
Curry-4101511,243.0,17.0,35.0,430.0,72.0,92.0,16.0,20.0,172.0,725.0,208.0,164.0
Curry-4101512,82.0,3.0,3.0,121.0,30.0,43.0,8.0,3.0,50.0,209.0,61.0,73.0
Curry-4101513,77.0,5.0,13.0,134.0,29.0,20.0,12.0,13.0,72.0,229.0,97.0,49.0
Curry-4101514,82.0,6.0,19.0,216.0,25.0,35.0,15.0,6.0,90.0,323.0,111.0,60.0
Curry-4101515,129.0,8.0,11.0,236.0,54.0,44.0,15.0,9.0,98.0,384.0,122.0,98.0
Curry-4101516,307.0,25.0,60.0,632.0,115.0,115.0,38.0,25.0,238.0,1024.0,301.0,230.0
Curry-4101517,452.0,28.0,48.0,794.0,138.0,177.0,58.0,40.0,298.0,1322.0,396.0,315.0
Curry-4101518,146.0,9.0,11.0,200.0,44.0,56.0,20.0,14.0,76.0,366.0,110.0,100.0
Curry-4101519,205.0,5.0,14.0,379.0,70.0,60.0,22.0,16.0,172.0,603.0,210.0,130.0
Curry-410152,144.0,5.0,21.0,246.0,37.0,64.0,26.0,6.0,100.0,416.0,132.0,101.0
Curry-4101520,96.0,6.0,17.0,201.0,34.0,35.0,15.0,6.0,70.0,320.0,91.0,69.0
Curry-4101521,80.0,8.0,11.0,153.0,18.0,32.0,9.0,6.0,50.0,252.0,65.0,50.0
Curry-4101522,140.0,3.0,13.0,244.0,43.0,40.0,11.0,16.0,115.0,400.0,142.0,83.0
Curry-4101523,139.0,11.0,16.0,235.0,65.0,38.0,17.0,23.0,102.0,401.0,142.0,103.0
Curry-4101524,150.0,7.0,11.0,282.0,57.0,39.0,16.0,16.0,125.0,450.0,157.0,96.0
Curry-4101525,165.0,7.0,8.0,247.0,59.0,46.0,19.0,9.0,94.0,427.0,122.0,105.0
Curry-4101526,207.0,25.0,25.0,432.0,64.0,90.0,38.0,21.0,197.0,689.0,256.0,154.0
Curry-4101527,89.0,5.0,15.0,199.0,31.0,38.0,22.0,5.0,77.0,308.0,104.0,69.0
Curry-410153,152.0,6.0,26.0,184.0,52.0,65.0,14.0,7.0,73.0,368.0,94.0,117.0
Curry-410154,52.0,3.0,0.0,120.0,19.0,13.0,6.0,2.0,48.0,175.0,56.0,32.0
Curry-410155,262.0,28.0,22.0,260.0,77.0,125.0,15.0,7.0,108.0,572.0,130.0,202.0
Curry-410156,182.0,12.0,12.0,180.0,60.0,76.0,11.0,8.0,68.0,386.0,87.0,136.0
Curry-410157,113.0,8.0,15.0,99.0,40.0,39.0,4.0,6.0,40.0,235.0,50.0,79.0
Curry-410158,171.0,8.0,19.0,259.0,62.0,63.0,20.0,16.0,104.0,457.0,140.0,125.0
Curry-410159,250.0,13.0,31.0,441.0,85.0,88.0,27.0,33.0,198.0,735.0,258.0,173.0
Deschutes-410171,1693.0,75.0,116.0,500.0,0.0,568.0,30.0,91.0,184.0,2384.0,305.0,568.0
Deschutes-4101710,218.0,12.0,29.0,568.0,49.0,71.0,28.0,15.0,198.0,827.0,241.0,120.0
Deschutes-4101711,534.0,20.0,60.0,348.0,131.0,148.0,26.0,44.0,112.0,962.0,182.0,279.0
Deschutes-4101712,760.0,35.0,105.0,1226.0,199.0,242.0,86.0,107.0,427.0,2126.0,620.0,441.0
Deschutes-4101713,398.0,18.0,54.0,515.0,118.0,130.0,30.0,53.0,183.0,985.0,266.0,248.0
Deschutes-4101714,566.0,25.0,67.0,886.0,159.0,213.0,78.0,73.0,349.0,1544.0,500.0,372.0
Deschutes-4101715,474.0,11.0,53.0,523.0,158.0,135.0,58.0,60.0,215.0,1061.0,333.0,293.0
Deschutes-4101716,546.0,12.0,39.0,526.0,209.0,114.0,45.0,112.0,234.0,1123.0,391.0,323.0
Deschutes-4101717,1083.0,83.0,213.0,1834.0,257.0,419.0,118.0,74.0,446.0,3213.0,638.0,676.0
Deschutes-4101718,679.0,42.0,116.0,1725.0,232.0,208.0,134.0,81.0,583.0,2562.0,798.0,440.0
Deschutes-4101719,265.0,22.0,53.0,589.0,56.0,95.0,46.0,33.0,187.0,929.0,266.0,151.0
Deschutes-410172,1081.0,44.0,130.0,1119.0,284.0,307.0,76.0,129.0,393.0,2374.0,598.0,591.0
Deschutes-4101720,1561.0,63.0,237.0,1631.0,314.0,449.0,109.0,109.0,469.0,3492.0,687.0,763.0
Deschutes-4101721,395.0,22.0,58.0,737.0,103.0,145.0,59.0,52.0,276.0,1212.0,387.0,248.0
Deschutes-4101722,153.0,0.0,5.0,116.0,62.0,23.0,5.0,41.0,53.0,274.0,99.0,85.0
Deschutes-4101723,200.0,12.0,42.0,503.0,64.0,56.0,22.0,18.0,147.0,757.0,187.0,120.0
Deschutes-4101724,169.0,15.0,22.0,485.0,48.0,67.0,19.0,10.0,167.0,691.0,196.0,115.0
Deschutes-4101725,1250.0,64.0,178.0,1186.0,257.0,471.0,74.0,61.0,307.0,2678.0,442.0,728.0
Deschutes-4101726,874.0,44.0,135.0,888.0,207.0,250.0,60.0,51.0,239.0,1941.0,350.0,457.0
Deschutes-4101727,1296.0,49.0,101.0,367.0,329.0,455.0,17.0,48.0,114.0,1813.0,179.0,784.0
Deschutes-4101728,1121.0,61.0,211.0,2100.0,251.0,388.0,150.0,91.0,537.0,3493.0,778.0,639.0
Deschutes-4101729,821.0,45.0,165.0,1803.0,238.0,233.0,123.0,87.0,551.0,2834.0,761.0,471.0
Deschutes-410173,2134.0,51.0,136.0,590.0,549.0,550.0,41.0,92.0,181.0,2911.0,314.0,1099.0
Deschutes-4101730,580.0,44.0,77.0,614.0,190.0,193.0,48.0,67.0,196.0,1315.0,311.0,383.0
Deschutes-4101731,967.0,18.0,94.0,1644.0,324.0,183.0,136.0,199.0,629.0,2723.0,964.0,507.0
Deschutes-4101732,1408.0,116.0,133.0,827.0,256.0,587.0,49.0,47.0,217.0,2484.0,313.0,843.0
Deschutes-4101733,1140.0,36.0,143.0,1202.0,313.0,325.0,88.0,118.0,457.0,2521.0,663.0,638.0
Deschutes-4101734,1155.0,63.0,148.0,1151.0,275.0,423.0,63.0,74.0,311.0,2517.0,448.0,698.0
Deschutes-4101735,1454.0,28.0,115.0,895.0,493.0,247.0,62.0,207.0,341.0,2492.0,610.0,740.0
Deschutes-4101736,1009.0,57.0,156.0,1803.0,276.0,306.0,123.0,119.0,581.0,3025.0,823.0,582.0
Deschutes-4101737,421.0,20.0,52.0,472.0,115.0,146.0,41.0,40.0,162.0,965.0,243.0,261.0
Deschutes-4101738,865.0,40.0,115.0,1086.0,243.0,249.0,63.0,62.0,349.0,2106.0,474.0,492.0
Deschutes-4101739,828.0,52.0,126.0,1773.0,259.0,260.0,113.0,60.0,599.0,2779.0,772.0,519.0
Deschutes-410174,1719.0,87.0,154.0,760.0,354.0,669.0,54.0,72.0,219.0,2720.0,345.0,1023.0
Deschutes-4101740,253.0,13.0,26.0,616.0,78.0,86.0,31.0,17.0,172.0,908.0,220.0,164.0
Deschutes-4101741,818.0,25.0,102.0,1179.0,242.0,269.0,89.0,82.0,377.0,2124.0,548.0,511.0
Deschutes-4101742,1034.0,67.0,148.0,1498.0,223.0,369.0,90.0,48.0,501.0,2747.0,639.0,592.0
Deschutes-4101743,612.0,15.0,80.0,811.0,187.0,165.0,82.0,80.0,318.0,1518.0,480.0,352.0
Deschutes-4101744,1097.0,72.0,170.0,1151.0,301.0,354.0,87.0,106.0,344.0,2490.0,537.0,655.0
Deschutes-4101745,669.0,23.0,83.0,687.0,225.0,197.0,67.0,100.0,291.0,1462.0,458.0,422.0
Deschutes-4101746,829.0,44.0,94.0,687.0,208.0,290.0,47.0,52.0,202.0,1654.0,301.0,498.0
Deschutes-4101747,1340.0,24.0,138.0,821.0,406.0,239.0,52.0,221.0,294.0,2323.0,567.0,645.0
Deschutes-4101748,325.0,17.0,59.0,920.0,109.0,106.0,60.0,42.0,289.0,1321.0,391.0,215.0
Deschutes-4101749,377.0,9.0,19.0,285.0,104.0,82.0,24.0,53.0,108.0,690.0,185.0,186.0
Deschutes-410175,1823.0,87.0,200.0,1418.0,491.0,507.0,117.0,145.0,463.0,3528.0,725.0,998.0
Deschutes-4101750,273.0,10.0,60.0,750.0,101.0,97.0,46.0,26.0,265.0,1093.0,337.0,198.0
Deschutes-410176,1243.0,99.0,152.0,841.0,218.0,456.0,68.0,52.0,214.0,2335.0,334.0,674.0
Deschutes-410177,1054.0,58.0,78.0,350.0,293.0,348.0,18.0,69.0,100.0,1540.0,187.0,641.0
Deschutes-410178,140.0,2.0,13.0,111.0,34.0,10.0,3.0,17.0,32.0,266.0,52.0,44.0
Deschutes-410179,740.0,47.0,98.0,575.0,157.0,257.0,38.0,50.0,162.0,1460.0,250.0,414.0
Douglas-410191,239.0,17.0,31.0,0.0,0.0,93.0,33.0,20.0,174.0,287.0,227.0,93.0
Douglas-4101910,41.0,1.0,9.0,42.0,16.0,5.0,4.0,2.0,11.0,93.0,17.0,21.0
Douglas-4101911,98.0,10.0,8.0,319.0,26.0,48.0,20.0,11.0,90.0,435.0,121.0,74.0
Douglas-4101912,885.0,38.0,104.0,2383.0,279.0,328.0,227.0,139.0,1011.0,3410.0,1377.0,607.0
Douglas-4101913,645.0,36.0,110.0,1886.0,222.0,278.0,161.0,86.0,733.0,2677.0,980.0,500.0
Douglas-4101914,94.0,7.0,25.0,290.0,39.0,50.0,27.0,11.0,107.0,416.0,145.0,89.0
Douglas-4101915,136.0,9.0,20.0,274.0,41.0,60.0,18.0,10.0,95.0,439.0,123.0,101.0
Douglas-4101916,477.0,45.0,98.0,1548.0,145.0,271.0,98.0,53.0,501.0,2168.0,652.0,416.0
Douglas-4101917,1023.0,77.0,194.0,2592.0,349.0,345.0,143.0,103.0,976.0,3886.0,1222.0,694.0
Douglas-4101918,609.0,46.0,93.0,1074.0,180.0,231.0,84.0,56.0,340.0,1822.0,480.0,411.0
Douglas-4101919,782.0,63.0,157.0,2315.0,262.0,354.0,119.0,82.0,829.0,3317.0,1030.0,616.0
Douglas-410192,77.0,4.0,8.0,230.0,26.0,25.0,9.0,12.0,81.0,319.0,102.0,51.0
Douglas-4101920,526.0,19.0,126.0,1786.0,165.0,248.0,101.0,68.0,658.0,2457.0,827.0,413.0
Douglas-4101921,367.0,44.0,46.0,1399.0,127.0,188.0,72.0,25.0,476.0,1856.0,573.0,315.0
Douglas-4101922,952.0,79.0,151.0,1388.0,251.0,428.0,98.0,75.0,420.0,2570.0,593.0,679.0
Douglas-4101923,249.0,17.0,66.0,706.0,83.0,98.0,46.0,29.0,221.0,1038.0,296.0,181.0
Douglas-4101924,309.0,27.0,48.0,789.0,103.0,133.0,45.0,28.0,242.0,1173.0,315.0,236.0
Douglas-4101925,171.0,6.0,25.0,469.0,43.0,84.0,37.0,23.0,193.0,671.0,253.0,127.0
Douglas-4101926,332.0,33.0,52.0,986.0,123.0,129.0,48.0,26.0,349.0,1403.0,423.0,252.0
Douglas-4101927,58.0,11.0,14.0,208.0,19.0,25.0,7.0,3.0,69.0,291.0,79.0,44.0
Douglas-4101928,91.0,8.0,21.0,287.0,26.0,28.0,18.0,13.0,71.0,407.0,102.0,54.0
Douglas-410193,713.0,38.0,97.0,1121.0,263.0,273.0,79.0,68.0,388.0,1969.0,535.0,536.0
Douglas-410194,891.0,88.0,157.0,2364.0,272.0,419.0,190.0,108.0,831.0,3500.0,1129.0,691.0
Douglas-410195,921.0,68.0,162.0,2365.0,293.0,367.0,162.0,90.0,872.0,3516.0,1124.0,660.0
Douglas-410196,937.0,73.0,163.0,2331.0,348.0,355.0,159.0,127.0,873.0,3504.0,1159.0,703.0
Douglas-410197,856.0,41.0,141.0,1430.0,270.0,304.0,131.0,112.0,569.0,2468.0,812.0,574.0
Douglas-410198,756.0,54.0,146.0,2143.0,236.0,293.0,139.0,67.0,686.0,3099.0,892.0,529.0
Douglas-410199,861.0,62.0,141.0,1305.0,248.0,333.0,103.0,95.0,523.0,2369.0,721.0,581.0
Gilliam-410211,86.0,5.0,24.0,0.0,0.0,36.0,12.0,16.0,86.0,115.0,114.0,36.0
Gilliam-410216,61.0,0.0,16.0,178.0,27.0,27.0,17.0,8.0,64.0,255.0,89.0,54.0
Gilliam-410217,92.0,2.0,39.0,218.0,45.0,37.0,14.0,22.0,77.0,351.0,113.0,82.0
Grant-4102303,513.0,30.0,128.0,2082.0,159.0,264.0,0.0,0.0,0.0,2753.0,0.0,423.0
Grant-4102304,107.0,9.0,36.0,544.0,24.0,59.0,0.0,0.0,0.0,696.0,0.0,83.0
Grant-4102308,51.0,1.0,19.0,188.0,0.0,27.0,0.0,0.0,0.0,259.0,0.0,27.0
Grant-4102316,34.0,3.0,15.0,186.0,6.0,15.0,0.0,0.0,0.0,238.0,0.0,21.0
Grant-4102317,34.0,5.0,11.0,210.0,13.0,21.0,0.0,0.0,0.0,260.0,0.0,34.0
Harney-4102521,296.0,26.0,97.0,0.0,114.0,0.0,61.0,46.0,367.0,419.0,474.0,114.0
Harney-4102525,174.0,5.0,57.0,546.0,61.0,97.0,41.0,47.0,217.0,782.0,305.0,158.0
Harney-4102526,213.0,11.0,68.0,1489.0,61.0,131.0,122.0,94.0,751.0,1781.0,967.0,192.0
Hood River-410271,939.0,39.0,65.0,280.0,0.0,407.0,36.0,51.0,88.0,1323.0,175.0,407.0
Hood River-4102710,343.0,11.0,29.0,239.0,99.0,148.0,13.0,18.0,109.0,622.0,140.0,247.0
Hood River-4102711,428.0,24.0,38.0,308.0,97.0,180.0,35.0,35.0,103.0,798.0,173.0,277.0
Hood River-4102712,229.0,17.0,41.0,243.0,70.0,108.0,17.0,15.0,84.0,530.0,116.0,178.0
Hood River-4102713,418.0,29.0,28.0,262.0,100.0,145.0,21.0,17.0,105.0,737.0,143.0,245.0
Hood River-410272,1107.0,45.0,66.0,400.0,283.0,413.0,48.0,62.0,119.0,1618.0,229.0,696.0
Hood River-410273,515.0,17.0,35.0,126.0,110.0,208.0,14.0,30.0,37.0,693.0,81.0,318.0
Hood River-410274,969.0,44.0,69.0,395.0,258.0,385.0,45.0,88.0,145.0,1477.0,278.0,643.0
Hood River-410275,419.0,22.0,35.0,339.0,117.0,169.0,31.0,43.0,136.0,815.0,210.0,286.0
Hood River-410276,478.0,22.0,44.0,246.0,134.0,172.0,24.0,48.0,78.0,790.0,150.0,306.0
Hood River-410277,322.0,18.0,21.0,193.0,88.0,122.0,15.0,14.0,82.0,554.0,111.0,210.0
Hood River-410278,264.0,8.0,28.0,165.0,75.0,95.0,23.0,46.0,59.0,465.0,128.0,170.0
Hood River-410279,79.0,4.0,12.0,76.0,18.0,35.0,5.0,11.0,29.0,171.0,45.0,53.0
Jackson-4102910,257.0,16.0,20.0,48.0,5.0,116.0,1.0,2.0,3.0,341.0,6.0,121.0
Jackson-41029102,610.0,41.0,94.0,1362.0,201.0,214.0,62.0,57.0,531.0,2107.0,650.0,415.0
Jackson-41029105,189.0,17.0,26.0,388.0,58.0,67.0,14.0,9.0,117.0,620.0,140.0,125.0
Jackson-41029106,437.0,29.0,79.0,1457.0,110.0,171.0,88.0,53.0,567.0,2002.0,708.0,281.0
Jackson-41029109,413.0,46.0,55.0,986.0,148.0,183.0,57.0,29.0,377.0,1500.0,463.0,331.0
Jackson-41029111,740.0,57.0,83.0,1846.0,229.0,287.0,96.0,72.0,699.0,2726.0,867.0,516.0
Jackson-41029112,333.0,25.0,39.0,693.0,114.0,106.0,42.0,29.0,241.0,1090.0,312.0,220.0
Jackson-41029115,327.0,30.0,16.0,414.0,93.0,154.0,25.0,27.0,157.0,787.0,209.0,247.0
Jackson-4102913,2470.0,189.0,85.0,481.0,692.0,1128.0,49.0,72.0,173.0,3225.0,294.0,1820.0
Jackson-4102918,1731.0,166.0,111.0,747.0,486.0,849.0,60.0,68.0,292.0,2755.0,420.0,1335.0
Jackson-410292,2627.0,158.0,70.0,324.0,0.0,1135.0,29.0,66.0,102.0,3179.0,197.0,1135.0
Jackson-4102921,107.0,16.0,8.0,59.0,22.0,65.0,1.0,7.0,22.0,190.0,30.0,87.0
Jackson-4102922,142.0,13.0,30.0,432.0,34.0,60.0,33.0,15.0,150.0,617.0,198.0,94.0
Jackson-4102923,143.0,17.0,15.0,322.0,48.0,56.0,9.0,10.0,124.0,497.0,143.0,104.0
Jackson-4102924,430.0,37.0,48.0,1352.0,118.0,178.0,88.0,48.0,492.0,1867.0,628.0,296.0
Jackson-4102926,419.0,22.0,58.0,1040.0,151.0,133.0,53.0,35.0,346.0,1539.0,434.0,284.0
Jackson-4102927,476.0,40.0,109.0,1687.0,131.0,139.0,106.0,51.0,535.0,2312.0,692.0,270.0
Jackson-4102929,522.0,20.0,59.0,1300.0,218.0,136.0,77.0,90.0,536.0,1901.0,703.0,354.0
Jackson-4102930,51.0,4.0,3.0,121.0,18.0,18.0,8.0,1.0,34.0,179.0,43.0,36.0
Jackson-4102931,217.0,14.0,29.0,706.0,57.0,84.0,35.0,16.0,260.0,966.0,311.0,141.0
Jackson-4102934,325.0,30.0,48.0,1122.0,100.0,110.0,64.0,45.0,474.0,1525.0,583.0,210.0
Jackson-4102935,11.0,0.0,1.0,28.0,3.0,5.0,1.0,1.0,4.0,40.0,6.0,8.0
Jackson-4102936,792.0,53.0,147.0,1589.0,156.0,252.0,68.0,33.0,457.0,2581.0,558.0,408.0
Jackson-4102938,274.0,13.0,52.0,614.0,83.0,79.0,25.0,36.0,264.0,953.0,325.0,162.0
Jackson-410294,2698.0,184.0,85.0,364.0,812.0,1303.0,38.0,63.0,120.0,3331.0,221.0,2115.0
Jackson-4102940,1071.0,68.0,147.0,1786.0,335.0,326.0,132.0,110.0,604.0,3072.0,846.0,661.0
Jackson-4102942,1002.0,49.0,147.0,1488.0,330.0,271.0,114.0,151.0,556.0,2686.0,821.0,601.0
Jackson-4102944,1180.0,77.0,167.0,1591.0,339.0,378.0,108.0,92.0,573.0,3015.0,773.0,717.0
Jackson-4102946,1024.0,39.0,116.0,1570.0,331.0,232.0,96.0,147.0,676.0,2749.0,919.0,563.0
Jackson-4102947,730.0,23.0,75.0,1037.0,238.0,192.0,59.0,134.0,463.0,1865.0,656.0,430.0
Jackson-4102948,1492.0,80.0,117.0,1272.0,437.0,481.0,101.0,138.0,493.0,2961.0,732.0,918.0
Jackson-4102950,1066.0,45.0,87.0,1192.0,377.0,287.0,97.0,106.0,560.0,2390.0,763.0,664.0
Jackson-4102952,436.0,7.0,24.0,307.0,215.0,50.0,39.0,125.0,151.0,774.0,315.0,265.0
Jackson-4102954,1240.0,72.0,174.0,1875.0,297.0,455.0,105.0,102.0,602.0,3361.0,809.0,752.0
Jackson-4102956,1011.0,89.0,140.0,1412.0,242.0,443.0,91.0,70.0,441.0,2652.0,602.0,685.0
Jackson-4102958,1091.0,121.0,164.0,1050.0,250.0,452.0,56.0,50.0,286.0,2426.0,392.0,702.0
Jackson-4102960,1146.0,89.0,154.0,1530.0,292.0,431.0,74.0,46.0,473.0,2919.0,593.0,723.0
Jackson-4102962,822.0,40.0,112.0,1226.0,210.0,262.0,74.0,39.0,363.0,2200.0,476.0,472.0
Jackson-4102964,734.0,67.0,120.0,1127.0,216.0,250.0,78.0,58.0,351.0,2048.0,487.0,466.0
Jackson-410297,2273.0,180.0,71.0,313.0,585.0,1251.0,15.0,59.0,116.0,2837.0,190.0,1836.0
Jackson-4102970,526.0,32.0,65.0,946.0,175.0,181.0,63.0,44.0,364.0,1569.0,471.0,356.0
Jackson-4102973,483.0,22.0,37.0,859.0,158.0,142.0,54.0,53.0,360.0,1401.0,467.0,300.0
Jackson-4102974,422.0,26.0,41.0,716.0,132.0,123.0,43.0,67.0,295.0,1205.0,405.0,255.0
Jackson-4102975,993.0,35.0,70.0,934.0,354.0,279.0,68.0,100.0,381.0,2032.0,549.0,633.0
Jackson-4102977,924.0,68.0,87.0,1255.0,260.0,398.0,89.0,75.0,445.0,2334.0,609.0,658.0
Jackson-4102980,646.0,52.0,33.0,346.0,186.0,318.0,14.0,32.0,128.0,1077.0,174.0,504.0
Jackson-4102982,2007.0,147.0,123.0,865.0,474.0,982.0,63.0,55.0,278.0,3142.0,396.0,1456.0
Jackson-4102984,1150.0,71.0,86.0,1024.0,345.0,464.0,81.0,60.0,363.0,2331.0,504.0,809.0
Jackson-4102987,1187.0,65.0,113.0,1336.0,335.0,436.0,95.0,75.0,527.0,2701.0,697.0,771.0
Jackson-4102990,611.0,50.0,121.0,1462.0,205.0,200.0,83.0,72.0,511.0,2244.0,666.0,405.0
Jackson-4102992,853.0,36.0,136.0,1719.0,254.0,254.0,118.0,112.0,619.0,2744.0,849.0,508.0
Jackson-4102994,630.0,50.0,113.0,1384.0,173.0,261.0,70.0,52.0,458.0,2177.0,580.0,434.0
Jackson-4102996,307.0,23.0,48.0,903.0,89.0,97.0,50.0,41.0,331.0,1281.0,422.0,186.0
Jackson-4102999,649.0,36.0,115.0,1863.0,203.0,251.0,122.0,80.0,672.0,2663.0,874.0,454.0
Jefferson-410311,188.0,13.0,35.0,724.0,0.0,54.0,48.0,21.0,270.0,960.0,339.0,54.0
Jefferson-4103111,101.0,5.0,19.0,171.0,28.0,33.0,14.0,9.0,45.0,296.0,68.0,61.0
Jefferson-4103113,427.0,37.0,79.0,664.0,116.0,114.0,53.0,62.0,179.0,1207.0,294.0,230.0
Jefferson-4103114,360.0,21.0,28.0,66.0,44.0,79.0,3.0,4.0,11.0,475.0,18.0,123.0
Jefferson-4103116,126.0,9.0,14.0,57.0,26.0,36.0,8.0,12.0,27.0,206.0,47.0,62.0
Jefferson-4103117,156.0,9.0,24.0,303.0,32.0,42.0,20.0,9.0,95.0,492.0,124.0,74.0
Jefferson-4103118,71.0,5.0,23.0,238.0,21.0,29.0,22.0,15.0,74.0,337.0,111.0,50.0
Jefferson-4103119,293.0,30.0,57.0,386.0,63.0,89.0,29.0,20.0,108.0,766.0,157.0,152.0
Jefferson-410312,726.0,23.0,105.0,1662.0,239.0,241.0,89.0,99.0,587.0,2516.0,775.0,480.0
Jefferson-4103120,48.0,5.0,11.0,84.0,14.0,14.0,1.0,2.0,28.0,148.0,31.0,28.0
Jefferson-4103121,250.0,11.0,45.0,435.0,90.0,83.0,40.0,41.0,151.0,741.0,232.0,173.0
Jefferson-4103122,119.0,7.0,23.0,414.0,39.0,45.0,38.0,27.0,141.0,563.0,206.0,84.0
Jefferson-410315,6.0,1.0,3.0,32.0,2.0,7.0,1.0,2.0,8.0,42.0,11.0,9.0
Jefferson-410316,83.0,5.0,23.0,178.0,28.0,26.0,7.0,18.0,67.0,289.0,92.0,54.0
Jefferson-410318,26.0,1.0,4.0,69.0,7.0,11.0,4.0,4.0,26.0,100.0,34.0,18.0
Josephine-410331,1170.0,69.0,131.0,1629.0,0.0,403.0,143.0,107.0,627.0,2999.0,877.0,403.0
Josephine-4103310,44.0,5.0,7.0,99.0,11.0,11.0,10.0,3.0,41.0,155.0,54.0,22.0
Josephine-4103311,67.0,2.0,11.0,121.0,19.0,25.0,14.0,10.0,39.0,201.0,63.0,44.0
Josephine-4103312,66.0,8.0,12.0,175.0,23.0,24.0,13.0,8.0,68.0,261.0,89.0,47.0
Josephine-4103313,75.0,5.0,14.0,131.0,32.0,25.0,12.0,5.0,45.0,225.0,62.0,57.0
Josephine-4103314,33.0,2.0,3.0,69.0,11.0,13.0,4.0,4.0,23.0,107.0,31.0,24.0
Josephine-4103315,247.0,13.0,33.0,712.0,74.0,101.0,54.0,35.0,294.0,1005.0,383.0,175.0
Josephine-4103316,65.0,4.0,11.0,219.0,17.0,18.0,8.0,7.0,97.0,299.0,112.0,35.0
Josephine-4103317,294.0,16.0,36.0,687.0,111.0,107.0,56.0,41.0,293.0,1033.0,390.0,218.0
Josephine-4103318,345.0,25.0,58.0,805.0,97.0,127.0,47.0,46.0,332.0,1233.0,425.0,224.0
Josephine-4103319,351.0,24.0,45.0,1040.0,111.0,152.0,72.0,59.0,393.0,1460.0,524.0,263.0
Josephine-410332,1201.0,76.0,175.0,2581.0,367.0,399.0,165.0,139.0,930.0,4033.0,1234.0,766.0
Josephine-4103320,61.0,5.0,9.0,112.0,26.0,34.0,6.0,2.0,50.0,187.0,58.0,60.0
Josephine-4103321,667.0,42.0,101.0,1631.0,248.0,230.0,107.0,61.0,639.0,2441.0,807.0,478.0
Josephine-4103322,210.0,14.0,37.0,608.0,75.0,82.0,65.0,27.0,243.0,869.0,335.0,157.0
Josephine-4103323,69.0,4.0,8.0,255.0,27.0,26.0,18.0,11.0,116.0,336.0,145.0,53.0
Josephine-4103324,112.0,4.0,6.0,242.0,29.0,28.0,15.0,14.0,100.0,364.0,129.0,57.0
Josephine-4103325,261.0,8.0,35.0,578.0,66.0,88.0,43.0,36.0,242.0,882.0,321.0,154.0
Josephine-4103326,223.0,22.0,18.0,454.0,59.0,86.0,37.0,28.0,204.0,717.0,269.0,145.0
Josephine-4103327,135.0,10.0,27.0,258.0,36.0,75.0,11.0,11.0,83.0,430.0,105.0,111.0
Josephine-4103328,147.0,23.0,17.0,258.0,37.0,65.0,12.0,10.0,91.0,445.0,113.0,102.0
Josephine-4103329,23.0,0.0,4.0,74.0,7.0,11.0,0.0,1.0,28.0,101.0,29.0,18.0
Josephine-410333,451.0,29.0,72.0,806.0,136.0,166.0,80.0,53.0,294.0,1358.0,427.0,302.0
Josephine-4103330,258.0,32.0,49.0,431.0,77.0,114.0,26.0,14.0,129.0,770.0,169.0,191.0
Josephine-4103331,955.0,155.0,87.0,1187.0,246.0,544.0,99.0,42.0,446.0,2384.0,587.0,790.0
Josephine-4103332,88.0,7.0,11.0,124.0,21.0,38.0,11.0,4.0,57.0,230.0,72.0,59.0
Josephine-4103333,176.0,10.0,33.0,385.0,41.0,70.0,41.0,17.0,169.0,604.0,227.0,111.0
Josephine-4103334,85.0,27.0,5.0,154.0,17.0,55.0,14.0,6.0,53.0,271.0,73.0,72.0
Josephine-4103335,191.0,12.0,34.0,477.0,62.0,66.0,29.0,21.0,207.0,714.0,257.0,128.0
Josephine-4103336,490.0,28.0,74.0,1129.0,169.0,188.0,111.0,68.0,467.0,1721.0,646.0,357.0
Josephine-4103337,342.0,31.0,42.0,616.0,89.0,152.0,55.0,13.0,223.0,1031.0,291.0,241.0
Josephine-4103338,613.0,39.0,79.0,1263.0,193.0,233.0,96.0,71.0,508.0,1994.0,675.0,426.0
Josephine-4103339,294.0,18.0,34.0,733.0,110.0,106.0,52.0,30.0,346.0,1079.0,428.0,216.0
Josephine-410334,445.0,34.0,68.0,621.0,142.0,162.0,53.0,43.0,230.0,1168.0,326.0,304.0
Josephine-4103340,316.0,59.0,13.0,341.0,61.0,221.0,13.0,9.0,156.0,729.0,178.0,282.0
Josephine-4103341,33.0,0.0,2.0,65.0,10.0,8.0,3.0,4.0,21.0,100.0,28.0,18.0
Josephine-4103342,345.0,23.0,42.0,984.0,102.0,133.0,65.0,35.0,406.0,1394.0,506.0,235.0
Josephine-4103343,176.0,9.0,33.0,483.0,64.0,74.0,34.0,22.0,178.0,701.0,234.0,138.0
Josephine-4103344,60.0,8.0,6.0,77.0,15.0,32.0,5.0,2.0,31.0,151.0,38.0,47.0
Josephine-4103345,49.0,7.0,5.0,104.0,13.0,24.0,8.0,2.0,48.0,165.0,58.0,37.0
Josephine-4103346,65.0,11.0,7.0,139.0,16.0,34.0,9.0,6.0,47.0,222.0,62.0,50.0
Josephine-4103347,27.0,1.0,6.0,51.0,9.0,8.0,6.0,0.0,19.0,85.0,25.0,17.0
Josephine-410335,441.0,24.0,63.0,659.0,120.0,157.0,51.0,39.0,229.0,1187.0,319.0,277.0
Josephine-410336,251.0,14.0,36.0,560.0,78.0,90.0,47.0,44.0,223.0,861.0,314.0,168.0
Josephine-410337,678.0,47.0,95.0,1011.0,196.0,258.0,70.0,49.0,312.0,1831.0,431.0,454.0
Josephine-410338,739.0,50.0,127.0,1723.0,215.0,292.0,147.0,84.0,650.0,2639.0,881.0,507.0
Josephine-410339,19.0,1.0,8.0,62.0,5.0,8.0,4.0,4.0,27.0,90.0,35.0,13.0
Klamath-410351,340.0,21.0,41.0,0.0,0.0,120.0,51.0,36.0,338.0,402.0,425.0,120.0
Klamath-4103510,261.0,7.0,15.0,368.0,80.0,51.0,43.0,37.0,208.0,651.0,288.0,131.0
Klamath-4103511,184.0,13.0,59.0,769.0,60.0,86.0,65.0,28.0,321.0,1025.0,414.0,146.0
Klamath-4103512,125.0,3.0,17.0,579.0,52.0,49.0,61.0,39.0,299.0,724.0,399.0,101.0
Klamath-4103513,208.0,17.0,66.0,1601.0,63.0,115.0,175.0,68.0,736.0,1892.0,979.0,178.0
Klamath-4103514,33.0,3.0,8.0,117.0,6.0,10.0,15.0,7.0,61.0,161.0,83.0,16.0
Klamath-4103515,82.0,3.0,37.0,710.0,35.0,34.0,70.0,23.0,362.0,832.0,455.0,69.0
Klamath-4103516,53.0,2.0,12.0,123.0,10.0,11.0,6.0,9.0,45.0,190.0,60.0,21.0
Klamath-4103517,52.0,5.0,7.0,189.0,14.0,15.0,16.0,7.0,83.0,253.0,106.0,29.0
Klamath-4103518,161.0,8.0,44.0,749.0,44.0,76.0,87.0,46.0,340.0,962.0,473.0,120.0
Klamath-4103519,71.0,12.0,8.0,120.0,21.0,17.0,12.0,4.0,40.0,211.0,56.0,38.0
Klamath-410352,20.0,0.0,3.0,66.0,5.0,7.0,4.0,0.0,21.0,89.0,25.0,12.0
Klamath-4103520,166.0,16.0,50.0,464.0,50.0,62.0,40.0,17.0,175.0,696.0,232.0,112.0
Klamath-4103521,401.0,24.0,93.0,1126.0,140.0,172.0,105.0,54.0,457.0,1644.0,616.0,312.0
Klamath-4103522,124.0,10.0,20.0,318.0,44.0,37.0,22.0,7.0,122.0,472.0,151.0,81.0
Klamath-4103523,371.0,33.0,92.0,1142.0,123.0,172.0,109.0,44.0,445.0,1638.0,598.0,295.0
Klamath-4103524,113.0,5.0,32.0,323.0,34.0,43.0,24.0,17.0,125.0,473.0,166.0,77.0
Klamath-4103525,199.0,23.0,45.0,603.0,77.0,85.0,53.0,14.0,250.0,870.0,317.0,162.0
Klamath-4103526,205.0,12.0,73.0,739.0,69.0,81.0,77.0,34.0,319.0,1029.0,430.0,150.0
Klamath-4103527,274.0,20.0,77.0,961.0,97.0,129.0,97.0,50.0,415.0,1332.0,562.0,226.0
Klamath-4103528,50.0,1.0,8.0,197.0,18.0,23.0,18.0,11.0,68.0,256.0,97.0,41.0
Klamath-4103529,166.0,13.0,36.0,702.0,66.0,68.0,70.0,53.0,284.0,917.0,407.0,134.0
Klamath-410353,287.0,28.0,42.0,671.0,98.0,111.0,63.0,33.0,288.0,1028.0,384.0,209.0
Klamath-4103530,252.0,19.0,48.0,494.0,70.0,108.0,44.0,30.0,220.0,813.0,294.0,178.0
Klamath-4103531,397.0,21.0,56.0,500.0,97.0,143.0,57.0,58.0,233.0,974.0,348.0,240.0
Klamath-4103532,121.0,4.0,13.0,199.0,34.0,21.0,15.0,17.0,83.0,337.0,115.0,55.0
Klamath-4103533,43.0,6.0,14.0,70.0,10.0,15.0,9.0,8.0,35.0,133.0,52.0,25.0
Klamath-4103534,156.0,5.0,35.0,336.0,52.0,71.0,17.0,19.0,138.0,532.0,174.0,123.0
Klamath-4103535,87.0,9.0,20.0,120.0,16.0,49.0,12.0,5.0,35.0,236.0,52.0,65.0
Klamath-4103536,248.0,30.0,46.0,297.0,66.0,108.0,36.0,12.0,88.0,621.0,136.0,174.0
Klamath-4103537,338.0,10.0,43.0,334.0,91.0,138.0,38.0,40.0,154.0,725.0,232.0,229.0
Klamath-4103538,130.0,7.0,36.0,197.0,36.0,61.0,17.0,4.0,53.0,370.0,74.0,97.0
Klamath-4103539,25.0,3.0,7.0,46.0,5.0,12.0,5.0,0.0,10.0,81.0,15.0,17.0
Klamath-410354,168.0,12.0,29.0,622.0,60.0,57.0,75.0,14.0,240.0,831.0,329.0,117.0
Klamath-4103540,156.0,14.0,34.0,241.0,39.0,62.0,21.0,11.0,73.0,445.0,105.0,101.0
Klamath-4103541,257.0,12.0,50.0,483.0,81.0,82.0,59.0,52.0,190.0,802.0,301.0,163.0
Klamath-4103542,91.0,1.0,27.0,246.0,25.0,35.0,21.0,5.0,86.0,365.0,112.0,60.0
Klamath-4103543,178.0,23.0,21.0,200.0,47.0,76.0,19.0,14.0,68.0,422.0,101.0,123.0
Klamath-410355,71.0,10.0,10.0,88.0,18.0,18.0,5.0,1.0,34.0,179.0,40.0,36.0
Klamath-410356,70.0,4.0,20.0,305.0,27.0,33.0,26.0,7.0,111.0,399.0,144.0,60.0
Klamath-410357,295.0,20.0,86.0,1150.0,116.0,119.0,92.0,47.0,473.0,1551.0,612.0,235.0
Klamath-410358,107.0,11.0,24.0,366.0,31.0,45.0,34.0,14.0,150.0,508.0,198.0,76.0
Klamath-410359,74.0,8.0,21.0,447.0,32.0,35.0,57.0,15.0,221.0,550.0,293.0,67.0
Lake-410371,25.0,3.0,5.0,117.0,0.0,12.0,6.0,5.0,53.0,150.0,64.0,12.0
Lake-4103710,10.0,2.0,7.0,178.0,5.0,9.0,15.0,12.0,82.0,197.0,109.0,14.0
Lake-4103711,44.0,2.0,16.0,201.0,12.0,30.0,19.0,17.0,78.0,263.0,114.0,42.0
Lake-4103712,80.0,5.0,19.0,324.0,23.0,29.0,29.0,22.0,158.0,428.0,209.0,52.0
Lake-4103713,127.0,11.0,17.0,537.0,39.0,39.0,37.0,11.0,206.0,692.0,254.0,78.0
Lake-4103714,17.0,2.0,3.0,92.0,3.0,13.0,7.0,4.0,36.0,114.0,47.0,16.0
Lake-4103715,18.0,0.0,5.0,107.0,6.0,12.0,13.0,6.0,44.0,130.0,63.0,18.0
Lake-4103716,14.0,2.0,0.0,65.0,3.0,14.0,9.0,1.0,24.0,81.0,34.0,17.0
Lake-4103718,1.0,0.0,1.0,35.0,2.0,1.0,0.0,1.0,22.0,37.0,23.0,3.0
Lake-410372,19.0,2.0,5.0,53.0,5.0,7.0,2.0,2.0,24.0,79.0,28.0,12.0
Lake-4103720,28.0,2.0,9.0,155.0,4.0,16.0,17.0,4.0,74.0,194.0,95.0,20.0
Lake-4103721,60.0,0.0,11.0,154.0,22.0,20.0,12.0,7.0,85.0,225.0,104.0,42.0
Lake-410373,29.0,1.0,6.0,178.0,3.0,19.0,14.0,10.0,81.0,214.0,105.0,22.0
Lake-410374,31.0,2.0,12.0,190.0,15.0,12.0,23.0,20.0,96.0,235.0,139.0,27.0
Lake-410375,4.0,0.0,1.0,46.0,1.0,1.0,4.0,5.0,21.0,51.0,30.0,2.0
Lake-410376,5.0,0.0,1.0,60.0,1.0,0.0,1.0,4.0,23.0,66.0,28.0,1.0
Lake-410377,26.0,5.0,9.0,147.0,8.0,19.0,15.0,9.0,67.0,187.0,91.0,27.0
Lake-410378,61.0,1.0,12.0,157.0,21.0,23.0,13.0,14.0,69.0,231.0,96.0,44.0
Lake-410379,40.0,2.0,12.0,226.0,21.0,19.0,24.0,19.0,89.0,280.0,132.0,40.0
Lake-41037Total,0.0,0.0,0.0,0.0,199.0,295.0,260.0,173.0,1332.0,0.0,1765.0,494.0
Lane-410391121,284.0,31.0,12.0,62.0,49.0,154.0,4.0,8.0,11.0,389.0,23.0,203.0
Lane-410391123,1390.0,170.0,48.0,143.0,262.0,867.0,15.0,10.0,34.0,1751.0,59.0,1129.0
Lane-410391125,2739.0,297.0,112.0,349.0,501.0,1702.0,24.0,34.0,106.0,3497.0,164.0,2203.0
Lane-410391127,4764.0,325.0,151.0,627.0,1269.0,2541.0,56.0,106.0,187.0,5867.0,349.0,3810.0
Lane-410391231,2812.0,195.0,86.0,303.0,658.0,1604.0,33.0,54.0,91.0,3396.0,178.0,2262.0
Lane-410391233,2464.0,126.0,90.0,397.0,752.0,1156.0,32.0,106.0,163.0,3077.0,301.0,1908.0
Lane-410391235,5088.0,228.0,192.0,769.0,1588.0,2335.0,94.0,177.0,287.0,6277.0,558.0,3923.0
Lane-410391341,58.0,3.0,1.0,10.0,27.0,17.0,2.0,1.0,7.0,72.0,10.0,44.0
Lane-410391343,3597.0,189.0,149.0,339.0,575.0,1787.0,19.0,47.0,53.0,4274.0,119.0,2362.0
Lane-410391345,3329.0,153.0,125.0,334.0,826.0,1424.0,26.0,61.0,94.0,3941.0,181.0,2250.0
Lane-410391349,1153.0,74.0,67.0,134.0,71.0,643.0,3.0,11.0,13.0,1428.0,27.0,714.0
Lane-410391451,2270.0,73.0,146.0,1349.0,722.0,672.0,142.0,186.0,491.0,3838.0,819.0,1394.0
Lane-410391453,1345.0,59.0,112.0,599.0,394.0,542.0,67.0,89.0,225.0,2115.0,381.0,936.0
Lane-410391455,1044.0,55.0,86.0,332.0,204.0,437.0,22.0,49.0,88.0,1517.0,159.0,641.0
Lane-410391457,1651.0,80.0,100.0,917.0,524.0,546.0,93.0,147.0,353.0,2748.0,593.0,1070.0
Lane-410391561,3363.0,110.0,283.0,2057.0,1009.0,931.0,187.0,307.0,838.0,5813.0,1332.0,1940.0
Lane-410391563,1608.0,74.0,109.0,812.0,492.0,624.0,75.0,106.0,271.0,2603.0,452.0,1116.0
Lane-410391565,1064.0,40.0,69.0,496.0,307.0,345.0,43.0,104.0,215.0,1669.0,362.0,652.0
Lane-410391569,900.0,42.0,91.0,638.0,250.0,289.0,42.0,48.0,203.0,1671.0,293.0,539.0
Lane-410391671,713.0,40.0,72.0,623.0,169.0,296.0,46.0,30.0,198.0,1448.0,274.0,465.0
Lane-410391673,1651.0,108.0,181.0,1172.0,445.0,688.0,94.0,79.0,399.0,3112.0,572.0,1133.0
Lane-410391675,2445.0,97.0,252.0,2074.0,680.0,885.0,187.0,165.0,662.0,4868.0,1014.0,1565.0
Lane-410391781,1068.0,108.0,57.0,466.0,205.0,562.0,30.0,14.0,130.0,1699.0,174.0,767.0
Lane-410391783,1752.0,228.0,78.0,250.0,305.0,1180.0,12.0,16.0,74.0,2308.0,102.0,1485.0
Lane-410391785,1297.0,86.0,98.0,797.0,322.0,547.0,43.0,50.0,236.0,2278.0,329.0,869.0
Lane-410391787,1551.0,53.0,164.0,1320.0,561.0,482.0,119.0,144.0,487.0,3088.0,750.0,1043.0
Lane-410391891,1016.0,84.0,124.0,788.0,213.0,408.0,38.0,36.0,213.0,2012.0,287.0,621.0
Lane-410391893,391.0,48.0,19.0,82.0,75.0,217.0,1.0,2.0,16.0,540.0,19.0,292.0
Lane-410391895,307.0,12.0,22.0,80.0,108.0,119.0,12.0,23.0,36.0,421.0,71.0,227.0
Lane-410391897,1933.0,63.0,114.0,867.0,630.0,663.0,87.0,127.0,342.0,2977.0,556.0,1293.0
Lane-410391899,2536.0,156.0,155.0,962.0,653.0,1136.0,83.0,109.0,309.0,3809.0,501.0,1789.0
Lane-410392122,2036.0,137.0,253.0,1430.0,578.0,702.0,111.0,118.0,441.0,3856.0,670.0,1280.0
Lane-410392234,2387.0,179.0,190.0,1146.0,570.0,1205.0,119.0,95.0,340.0,3902.0,554.0,1775.0
Lane-410392238,63.0,4.0,10.0,58.0,25.0,29.0,1.0,1.0,13.0,135.0,15.0,54.0
Lane-410392340,2063.0,152.0,210.0,1564.0,499.0,843.0,140.0,111.0,436.0,3989.0,687.0,1342.0
Lane-410392344,29.0,0.0,4.0,40.0,8.0,6.0,3.0,6.0,17.0,73.0,26.0,14.0
Lane-410392456,1707.0,123.0,235.0,1642.0,400.0,704.0,118.0,69.0,400.0,3707.0,587.0,1104.0
Lane-410392562,1947.0,132.0,275.0,2016.0,467.0,795.0,120.0,112.0,539.0,4370.0,771.0,1262.0
Lane-410392676,2133.0,91.0,287.0,2570.0,626.0,789.0,180.0,139.0,801.0,5081.0,1120.0,1415.0
Lane-410394200,306.0,15.0,36.0,313.0,102.0,105.0,18.0,28.0,103.0,670.0,149.0,207.0
Lane-410394301,1656.0,149.0,234.0,2099.0,474.0,727.0,179.0,116.0,687.0,4138.0,982.0,1201.0
Lane-410394400,876.0,56.0,151.0,1322.0,213.0,347.0,88.0,59.0,434.0,2405.0,581.0,560.0
Lane-410394500,400.0,17.0,24.0,486.0,148.0,143.0,28.0,29.0,224.0,927.0,281.0,291.0
Lane-410394601,2198.0,105.0,219.0,2280.0,837.0,779.0,144.0,170.0,957.0,4802.0,1271.0,1616.0
Lane-410394700,954.0,66.0,169.0,1610.0,279.0,380.0,130.0,82.0,559.0,2799.0,771.0,659.0
Lane-410394800,519.0,49.0,81.0,640.0,190.0,210.0,43.0,31.0,184.0,1289.0,258.0,400.0
Lane-410394900,793.0,66.0,122.0,1193.0,209.0,354.0,82.0,37.0,378.0,2174.0,497.0,563.0
Lane-41039702,1416.0,57.0,124.0,1545.0,0.0,517.0,107.0,109.0,634.0,3142.0,850.0,517.0
Lane-41039704,357.0,49.0,29.0,391.0,128.0,188.0,19.0,17.0,155.0,826.0,191.0,316.0
Lane-41039706,465.0,41.0,44.0,492.0,136.0,233.0,47.0,34.0,166.0,1042.0,247.0,369.0
Lane-41039708,963.0,67.0,100.0,1181.0,300.0,464.0,97.0,54.0,445.0,2311.0,596.0,764.0
Lane-41039710,571.0,39.0,49.0,626.0,165.0,261.0,75.0,43.0,217.0,1285.0,335.0,426.0
Lane-41039712,736.0,52.0,99.0,1433.0,245.0,317.0,111.0,84.0,569.0,2320.0,764.0,562.0
Lane-41039714,940.0,44.0,89.0,1324.0,310.0,380.0,142.0,81.0,468.0,2397.0,691.0,690.0
Lane-41039716,786.0,25.0,89.0,1055.0,276.0,290.0,79.0,37.0,394.0,1955.0,510.0,566.0
Lane-41039718,707.0,39.0,51.0,540.0,201.0,321.0,38.0,55.0,242.0,1337.0,335.0,522.0
Lane-41039720,1033.0,63.0,51.0,403.0,314.0,437.0,38.0,41.0,147.0,1550.0,226.0,751.0
Lane-41039722,204.0,9.0,21.0,327.0,59.0,84.0,24.0,13.0,107.0,561.0,144.0,143.0
Lane-41039724,118.0,15.0,20.0,244.0,37.0,79.0,18.0,8.0,87.0,397.0,113.0,116.0
Lane-41039726,1968.0,109.0,203.0,1648.0,597.0,759.0,148.0,121.0,547.0,3928.0,816.0,1356.0
Lane-41039728,782.0,49.0,74.0,454.0,200.0,371.0,38.0,37.0,129.0,1359.0,204.0,571.0
Lane-41039730,2328.0,208.0,127.0,730.0,547.0,1310.0,65.0,72.0,256.0,3393.0,393.0,1857.0
Lane-41039732,1256.0,86.0,148.0,1025.0,400.0,524.0,92.0,68.0,333.0,2515.0,493.0,924.0
Lane-41039734,250.0,10.0,29.0,239.0,81.0,88.0,18.0,15.0,86.0,528.0,119.0,169.0
Lane-41039736,360.0,11.0,35.0,472.0,120.0,110.0,42.0,57.0,189.0,878.0,288.0,230.0
Lane-41039738,1188.0,58.0,121.0,1008.0,364.0,464.0,74.0,85.0,335.0,2375.0,494.0,828.0
Lane-41039740,197.0,22.0,21.0,111.0,37.0,104.0,2.0,2.0,29.0,351.0,33.0,141.0
Lane-41039742,563.0,43.0,56.0,432.0,158.0,270.0,29.0,25.0,176.0,1094.0,230.0,428.0
Lane-41039744,274.0,21.0,42.0,426.0,95.0,109.0,36.0,36.0,126.0,763.0,198.0,204.0
Lane-41039746,1035.0,59.0,171.0,1573.0,344.0,502.0,128.0,73.0,599.0,2838.0,800.0,846.0
Lane-41039748,1315.0,72.0,170.0,1783.0,445.0,491.0,140.0,128.0,575.0,3340.0,843.0,936.0
Lane-41039750,273.0,23.0,57.0,469.0,91.0,119.0,38.0,40.0,143.0,822.0,221.0,210.0
Lane-41039752,558.0,49.0,71.0,938.0,185.0,285.0,95.0,43.0,322.0,1616.0,460.0,470.0
Lane-41039754,444.0,31.0,63.0,583.0,140.0,198.0,26.0,36.0,183.0,1121.0,245.0,338.0
Lane-41039756,1118.0,51.0,137.0,1663.0,393.0,412.0,134.0,125.0,594.0,2969.0,853.0,805.0
Lane-41039758,693.0,31.0,95.0,923.0,225.0,281.0,66.0,74.0,340.0,1742.0,480.0,506.0
Lane-41039760,790.0,40.0,84.0,925.0,245.0,341.0,87.0,44.0,298.0,1839.0,429.0,586.0
Lane-41039762,652.0,36.0,42.0,524.0,213.0,254.0,37.0,34.0,178.0,1254.0,249.0,467.0
Lane-41039764,516.0,27.0,74.0,746.0,130.0,259.0,25.0,42.0,245.0,1363.0,312.0,389.0
Lane-41039766,247.0,18.0,25.0,351.0,71.0,107.0,24.0,17.0,125.0,641.0,166.0,178.0
Lincoln-4104101 Waldport,641.0,35.0,44.0,0.0,0.0,250.0,39.0,46.0,164.0,720.0,249.0,250.0
Lincoln-4104102 Alsea,209.0,18.0,16.0,258.0,70.0,81.0,15.0,14.0,88.0,501.0,117.0,151.0
Lincoln-4104103 Seaview,305.0,35.0,30.0,264.0,104.0,138.0,23.0,21.0,80.0,634.0,124.0,242.0
Lincoln-4104104 Tidewater,136.0,19.0,14.0,199.0,45.0,61.0,7.0,7.0,82.0,368.0,96.0,106.0
Lincoln-4104105 Yachats,582.0,40.0,24.0,205.0,200.0,229.0,22.0,22.0,74.0,851.0,118.0,429.0
Lincoln-4104106 Bayview,528.0,18.0,41.0,326.0,192.0,173.0,25.0,34.0,123.0,913.0,182.0,365.0
Lincoln-4104107 Seal Rock,536.0,29.0,27.0,379.0,172.0,238.0,26.0,25.0,133.0,971.0,184.0,410.0
Lincoln-4104108 South Beach,489.0,25.0,34.0,311.0,166.0,180.0,25.0,20.0,103.0,859.0,148.0,346.0
Lincoln-4104109 Nye Creek,513.0,33.0,29.0,247.0,150.0,215.0,17.0,16.0,82.0,822.0,115.0,365.0
Lincoln-4104110 Newport Bay,365.0,22.0,23.0,167.0,95.0,153.0,15.0,13.0,43.0,577.0,71.0,248.0
Lincoln-4104111 Oceanview,370.0,28.0,26.0,240.0,130.0,153.0,13.0,33.0,91.0,664.0,137.0,283.0
Lincoln-4104112 Yaquina,520.0,28.0,43.0,425.0,186.0,202.0,33.0,47.0,149.0,1016.0,229.0,388.0
Lincoln-4104113 Pacific,574.0,21.0,45.0,358.0,202.0,225.0,37.0,48.0,128.0,998.0,213.0,427.0
Lincoln-4104114 Agate Beach,491.0,23.0,44.0,343.0,167.0,172.0,43.0,30.0,115.0,901.0,188.0,339.0
Lincoln-4104115 Otter Rock,150.0,7.0,10.0,89.0,48.0,57.0,1.0,11.0,35.0,256.0,47.0,105.0
Lincoln-4104116 Depoe Bay,467.0,20.0,45.0,389.0,170.0,158.0,22.0,30.0,160.0,921.0,212.0,328.0
Lincoln-4104117 Fogarty,499.0,13.0,34.0,386.0,178.0,148.0,18.0,37.0,141.0,932.0,196.0,326.0
Lincoln-4104118 Kern,441.0,23.0,35.0,296.0,160.0,144.0,11.0,35.0,117.0,795.0,163.0,304.0
Lincoln-4104119 Schooner Ck,542.0,44.0,56.0,467.0,158.0,170.0,34.0,27.0,163.0,1109.0,224.0,328.0
Lincoln-4104120 Delake,681.0,43.0,71.0,529.0,189.0,257.0,28.0,37.0,149.0,1324.0,214.0,446.0
Lincoln-4104121 Oceanlake,550.0,29.0,64.0,411.0,146.0,213.0,21.0,36.0,133.0,1054.0,190.0,359.0
Lincoln-4104122 Sunset West,689.0,23.0,54.0,566.0,230.0,217.0,31.0,64.0,200.0,1332.0,295.0,447.0
Lincoln-4104123 Sunset East,341.0,17.0,42.0,409.0,100.0,126.0,18.0,20.0,130.0,809.0,168.0,226.0
Lincoln-4104124 Rose Lodge,219.0,20.0,31.0,299.0,64.0,86.0,16.0,10.0,71.0,569.0,97.0,150.0
Lincoln-4104125 Big Elk,30.0,3.0,1.0,42.0,6.0,13.0,5.0,6.0,14.0,76.0,25.0,19.0
Lincoln-4104126 Elk City,20.0,2.0,3.0,43.0,6.0,7.0,5.0,0.0,6.0,68.0,11.0,13.0
Lincoln-4104127 Fruitvale,233.0,15.0,37.0,336.0,84.0,92.0,26.0,13.0,112.0,621.0,151.0,176.0
Lincoln-4104128 Eddyville,120.0,16.0,16.0,147.0,29.0,61.0,7.0,10.0,48.0,299.0,65.0,90.0
Lincoln-4104129 SiIetz,460.0,29.0,54.0,453.0,162.0,186.0,24.0,19.0,153.0,996.0,196.0,348.0
Lincoln-4104130 Rock Creek,105.0,10.0,8.0,74.0,32.0,43.0,5.0,6.0,23.0,197.0,34.0,75.0
Lincoln-4104131 East Toledo,372.0,34.0,61.0,476.0,109.0,161.0,21.0,32.0,118.0,943.0,171.0,270.0
Lincoln-4104132 South Toledo,323.0,26.0,68.0,417.0,106.0,148.0,27.0,21.0,106.0,834.0,154.0,254.0
Linn-410431,298.0,19.0,28.0,0.0,0.0,113.0,11.0,22.0,63.0,345.0,96.0,113.0
Linn-41043100,421.0,29.0,109.0,627.0,130.0,179.0,63.0,45.0,208.0,1186.0,316.0,309.0
Linn-41043101,105.0,4.0,18.0,297.0,35.0,35.0,15.0,15.0,103.0,424.0,133.0,70.0
Linn-41043102,412.0,25.0,67.0,570.0,106.0,159.0,34.0,33.0,153.0,1074.0,220.0,265.0
Linn-41043103,93.0,9.0,13.0,314.0,20.0,49.0,30.0,8.0,90.0,429.0,128.0,69.0
Linn-41043104,146.0,11.0,24.0,370.0,39.0,58.0,33.0,15.0,99.0,551.0,147.0,97.0
Linn-41043105,208.0,21.0,39.0,284.0,46.0,94.0,19.0,4.0,64.0,552.0,87.0,140.0
Linn-41043106,209.0,13.0,33.0,348.0,50.0,87.0,17.0,15.0,112.0,603.0,144.0,137.0
Linn-41043107,333.0,20.0,57.0,535.0,99.0,150.0,49.0,42.0,157.0,945.0,248.0,249.0
Linn-41043108,453.0,34.0,132.0,884.0,130.0,185.0,77.0,46.0,196.0,1503.0,319.0,315.0
Linn-4104311,247.0,11.0,46.0,190.0,58.0,84.0,18.0,14.0,45.0,494.0,77.0,142.0
Linn-4104314,261.0,20.0,58.0,271.0,52.0,123.0,24.0,14.0,60.0,610.0,98.0,175.0
Linn-4104315,102.0,12.0,16.0,117.0,23.0,44.0,10.0,3.0,30.0,247.0,43.0,67.0
Linn-4104316,285.0,17.0,53.0,293.0,71.0,97.0,28.0,22.0,84.0,648.0,134.0,168.0
Linn-4104318,797.0,53.0,129.0,919.0,212.0,268.0,77.0,81.0,241.0,1898.0,399.0,480.0
Linn-4104319,247.0,13.0,61.0,387.0,74.0,112.0,41.0,26.0,125.0,708.0,192.0,186.0
Linn-4104320,134.0,12.0,19.0,329.0,42.0,52.0,27.0,19.0,96.0,494.0,142.0,94.0
Linn-4104321,62.0,3.0,16.0,197.0,16.0,28.0,26.0,6.0,51.0,278.0,83.0,44.0
Linn-4104322,18.0,3.0,16.0,56.0,4.0,4.0,5.0,2.0,20.0,93.0,27.0,8.0
Linn-4104323,158.0,8.0,23.0,464.0,54.0,56.0,49.0,29.0,131.0,653.0,209.0,110.0
Linn-4104325,194.0,15.0,34.0,466.0,60.0,78.0,38.0,18.0,111.0,709.0,167.0,138.0
Linn-4104326,35.0,3.0,15.0,149.0,13.0,19.0,21.0,5.0,33.0,202.0,59.0,32.0
Linn-4104327,129.0,8.0,19.0,350.0,51.0,49.0,27.0,27.0,100.0,506.0,154.0,100.0
Linn-4104328,25.0,3.0,4.0,138.0,11.0,10.0,19.0,10.0,50.0,170.0,79.0,21.0
Linn-4104329,423.0,24.0,85.0,997.0,93.0,159.0,73.0,37.0,269.0,1529.0,379.0,252.0
Linn-410433,281.0,13.0,29.0,156.0,73.0,115.0,13.0,21.0,49.0,479.0,83.0,188.0
Linn-4104330,30.0,2.0,4.0,133.0,12.0,8.0,7.0,4.0,46.0,169.0,57.0,20.0
Linn-4104331,106.0,12.0,17.0,360.0,28.0,41.0,28.0,12.0,102.0,495.0,142.0,69.0
Linn-4104332,113.0,8.0,33.0,370.0,33.0,55.0,53.0,23.0,111.0,524.0,187.0,88.0
Linn-4104333,7.0,1.0,2.0,24.0,1.0,4.0,1.0,1.0,6.0,34.0,8.0,5.0
Linn-4104334,82.0,7.0,9.0,195.0,22.0,19.0,13.0,13.0,63.0,293.0,89.0,41.0
Linn-4104335,304.0,26.0,61.0,805.0,98.0,152.0,49.0,33.0,188.0,1196.0,270.0,250.0
Linn-4104336,289.0,29.0,50.0,563.0,95.0,105.0,48.0,23.0,122.0,931.0,193.0,200.0
Linn-4104337,275.0,21.0,60.0,435.0,75.0,106.0,31.0,20.0,116.0,791.0,167.0,181.0
Linn-4104338,277.0,28.0,56.0,479.0,70.0,115.0,29.0,18.0,89.0,840.0,136.0,185.0
Linn-4104339,212.0,22.0,36.0,294.0,70.0,90.0,30.0,14.0,71.0,564.0,115.0,160.0
Linn-4104341,176.0,11.0,43.0,280.0,42.0,64.0,21.0,15.0,61.0,510.0,97.0,106.0
Linn-4104342,103.0,10.0,32.0,427.0,34.0,51.0,39.0,18.0,101.0,572.0,158.0,85.0
Linn-4104343,179.0,15.0,41.0,424.0,51.0,65.0,12.0,20.0,110.0,659.0,142.0,116.0
Linn-4104344,383.0,25.0,32.0,366.0,103.0,150.0,38.0,29.0,115.0,806.0,182.0,253.0
Linn-4104345,159.0,10.0,31.0,491.0,45.0,69.0,53.0,22.0,128.0,691.0,203.0,114.0
Linn-4104346,223.0,20.0,37.0,635.0,77.0,94.0,53.0,22.0,170.0,915.0,245.0,171.0
Linn-4104347,90.0,5.0,10.0,148.0,36.0,27.0,7.0,14.0,37.0,253.0,58.0,63.0
Linn-4104348,389.0,30.0,27.0,409.0,152.0,121.0,58.0,31.0,158.0,855.0,247.0,273.0
Linn-4104349,0.0,0.0,0.0,0.0,0.0,0.0,0.0,0.0,0.0,0.0,0.0,0.0
Linn-410435,303.0,25.0,43.0,267.0,62.0,127.0,21.0,20.0,57.0,638.0,98.0,189.0
Linn-4104350,103.0,2.0,26.0,295.0,23.0,54.0,16.0,20.0,88.0,426.0,124.0,77.0
Linn-4104351,25.0,3.0,11.0,149.0,8.0,9.0,22.0,7.0,48.0,188.0,77.0,17.0
Linn-4104352,89.0,8.0,35.0,241.0,21.0,35.0,16.0,6.0,49.0,373.0,71.0,56.0
Linn-4104353,145.0,10.0,22.0,494.0,47.0,74.0,31.0,17.0,178.0,671.0,226.0,121.0
Linn-4104354,79.0,7.0,19.0,228.0,14.0,45.0,20.0,18.0,92.0,333.0,130.0,59.0
Linn-4104355,123.0,11.0,26.0,368.0,32.0,52.0,34.0,12.0,118.0,528.0,164.0,84.0
Linn-4104356,201.0,5.0,47.0,453.0,63.0,68.0,49.0,16.0,146.0,706.0,211.0,131.0
Linn-4104357,12.0,2.0,2.0,31.0,2.0,5.0,10.0,2.0,12.0,47.0,24.0,7.0
Linn-4104358,8.0,0.0,2.0,31.0,2.0,2.0,2.0,1.0,16.0,41.0,19.0,4.0
Linn-4104359,109.0,13.0,40.0,270.0,35.0,38.0,19.0,14.0,65.0,432.0,98.0,73.0
Linn-4104360,173.0,18.0,55.0,330.0,50.0,66.0,19.0,19.0,85.0,576.0,123.0,116.0
Linn-4104361,85.0,6.0,16.0,192.0,23.0,39.0,18.0,11.0,43.0,299.0,72.0,62.0
Linn-4104362,198.0,29.0,37.0,502.0,57.0,92.0,22.0,11.0,130.0,766.0,163.0,149.0
Linn-4104363,283.0,9.0,52.0,750.0,79.0,124.0,71.0,49.0,208.0,1094.0,328.0,203.0
Linn-4104365,8.0,0.0,5.0,21.0,2.0,2.0,4.0,4.0,10.0,34.0,18.0,4.0
Linn-4104366,51.0,5.0,10.0,147.0,20.0,23.0,10.0,6.0,38.0,213.0,54.0,43.0
Linn-4104367,101.0,15.0,33.0,293.0,30.0,53.0,25.0,19.0,80.0,442.0,124.0,83.0
Linn-4104368,26.0,9.0,14.0,115.0,5.0,14.0,10.0,4.0,19.0,164.0,33.0,19.0
Linn-4104370,147.0,10.0,21.0,365.0,44.0,63.0,26.0,32.0,116.0,543.0,174.0,107.0
Linn-4104371,17.0,4.0,8.0,87.0,5.0,8.0,5.0,4.0,24.0,116.0,33.0,13.0
Linn-4104373,290.0,20.0,45.0,506.0,79.0,125.0,55.0,28.0,176.0,861.0,259.0,204.0
Linn-4104374,176.0,18.0,35.0,521.0,59.0,72.0,35.0,15.0,122.0,750.0,172.0,131.0
Linn-4104375,203.0,14.0,38.0,578.0,90.0,95.0,90.0,40.0,207.0,833.0,337.0,185.0
Linn-4104376,313.0,16.0,57.0,658.0,95.0,86.0,36.0,35.0,201.0,1044.0,272.0,181.0
Linn-4104377,103.0,3.0,20.0,297.0,36.0,52.0,12.0,11.0,77.0,423.0,100.0,88.0
Linn-4104378,176.0,14.0,26.0,387.0,68.0,65.0,32.0,14.0,125.0,603.0,171.0,133.0
Linn-4104379,398.0,32.0,73.0,626.0,93.0,142.0,53.0,41.0,147.0,1129.0,241.0,235.0
Linn-410438,330.0,39.0,70.0,388.0,77.0,125.0,46.0,15.0,92.0,827.0,153.0,202.0
Linn-4104380,253.0,21.0,34.0,605.0,65.0,86.0,47.0,15.0,174.0,913.0,236.0,151.0
Linn-4104382,99.0,5.0,21.0,241.0,34.0,30.0,20.0,13.0,57.0,366.0,90.0,64.0
Linn-4104383,5.0,0.0,2.0,15.0,3.0,1.0,0.0,1.0,9.0,22.0,10.0,4.0
Linn-4104384,311.0,32.0,41.0,344.0,79.0,141.0,25.0,8.0,64.0,728.0,97.0,220.0
Linn-4104386,255.0,16.0,54.0,792.0,69.0,115.0,70.0,16.0,264.0,1117.0,350.0,184.0
Linn-4104387,97.0,8.0,23.0,275.0,37.0,51.0,35.0,16.0,83.0,403.0,134.0,88.0
Linn-4104388,214.0,18.0,58.0,431.0,55.0,93.0,49.0,21.0,94.0,721.0,164.0,148.0
Linn-4104389,227.0,8.0,38.0,338.0,77.0,71.0,29.0,27.0,113.0,611.0,169.0,148.0
Linn-4104391,352.0,36.0,86.0,481.0,53.0,149.0,32.0,18.0,141.0,955.0,191.0,202.0
Linn-4104392,584.0,45.0,113.0,719.0,152.0,236.0,59.0,48.0,212.0,1461.0,319.0,388.0
Linn-4104393,600.0,37.0,120.0,893.0,148.0,220.0,72.0,39.0,246.0,1650.0,357.0,368.0
Linn-4104394,279.0,21.0,59.0,356.0,60.0,135.0,16.0,20.0,98.0,715.0,134.0,195.0
Linn-4104395,313.0,26.0,54.0,572.0,78.0,135.0,48.0,34.0,171.0,965.0,253.0,213.0
Linn-4104396,364.0,16.0,41.0,341.0,120.0,111.0,28.0,55.0,129.0,762.0,212.0,231.0
Linn-4104397,227.0,16.0,55.0,509.0,57.0,70.0,37.0,25.0,153.0,807.0,215.0,127.0
Linn-4104399,67.0,2.0,20.0,251.0,24.0,33.0,27.0,8.0,57.0,340.0,92.0,57.0
Linn-41043Total,17995.0,1339.0,3431.0,33488.0,0.0,0.0,0.0,0.0,0.0,56253.0,0.0,0.0
Malheur-410451 - Ontario 1,263.0,24.0,41.0,0.0,0.0,68.0,45.0,48.0,207.0,328.0,300.0,68.0
Malheur-4104510 - City of Adrian,22.0,1.0,7.0,46.0,8.0,6.0,0.0,1.0,15.0,76.0,16.0,14.0
Malheur-4104511 - Rural Adrian,50.0,7.0,19.0,438.0,6.0,25.0,50.0,19.0,145.0,514.0,214.0,31.0
Malheur-4104512 - City of Vale,160.0,15.0,35.0,468.0,39.0,51.0,42.0,11.0,159.0,678.0,212.0,90.0
Malheur-4104513 - South Rural Vale,56.0,1.0,21.0,445.0,17.0,22.0,49.0,24.0,151.0,523.0,224.0,39.0
Malheur-4104514 - North Rural Vale,86.0,9.0,28.0,566.0,22.0,38.0,42.0,16.0,230.0,689.0,288.0,60.0
Malheur-4104515 - Willoworeek,18.0,1.0,5.0,202.0,7.0,5.0,15.0,5.0,98.0,226.0,118.0,12.0
Malheur-4104516 - Brogan,15.0,0.0,5.0,54.0,4.0,5.0,3.0,3.0,12.0,74.0,18.0,9.0
Malheur-4104517 - lronside,0.0,0.0,0.0,33.0,0.0,0.0,0.0,2.0,17.0,33.0,19.0,0.0
Malheur-4104518 - Harper,11.0,0.0,0.0,138.0,5.0,3.0,9.0,2.0,62.0,149.0,73.0,8.0
Malheur-4104519 - Juntura,0.0,0.0,2.0,72.0,0.0,1.0,4.0,1.0,37.0,74.0,42.0,1.0
Malheur-410452 - Ontario 2,337.0,41.0,65.0,430.0,68.0,78.0,38.0,17.0,105.0,873.0,160.0,146.0
Malheur-4104520 - City of Jordan Valley,5.0,0.0,0.0,81.0,1.0,5.0,10.0,2.0,45.0,86.0,57.0,6.0
Malheur-4104521 - Rural Jordan Valley,4.0,0.0,2.0,129.0,1.0,2.0,11.0,6.0,47.0,135.0,64.0,3.0
Malheur-4104522 - Arock,2.0,0.0,0.0,87.0,0.0,2.0,7.0,0.0,42.0,89.0,49.0,2.0
Malheur-4104523 - McDermitt,1.0,0.0,0.0,29.0,0.0,0.0,1.0,0.0,12.0,30.0,13.0,0.0
Malheur-4104524 - Annex/Huntington,31.0,3.0,8.0,123.0,7.0,9.0,8.0,1.0,34.0,165.0,43.0,16.0
Malheur-410453 - Ontario 3,250.0,13.0,28.0,431.0,61.0,60.0,24.0,19.0,146.0,722.0,189.0,121.0
Malheur-410454 - Ontario 4,241.0,21.0,39.0,511.0,56.0,56.0,37.0,35.0,179.0,812.0,251.0,112.0
Malheur-410455 - Applegate,48.0,3.0,13.0,282.0,13.0,22.0,23.0,10.0,72.0,346.0,105.0,35.0
Malheur-410456 - Fair/Ontario Heights,158.0,5.0,29.0,572.0,35.0,39.0,41.0,10.0,179.0,764.0,230.0,74.0
Malheur-410457 - Butte/Cairo,120.0,13.0,24.0,449.0,29.0,49.0,30.0,26.0,176.0,606.0,232.0,78.0
Malheur-410458 - City of Nyssa,280.0,11.0,33.0,431.0,70.0,48.0,46.0,14.0,151.0,755.0,211.0,118.0
Malheur-410459 - Rural Nyssa,88.0,9.0,23.0,625.0,38.0,25.0,43.0,19.0,242.0,745.0,304.0,63.0
Marion-41047310,1146.0,68.0,84.0,0.0,0.0,439.0,56.0,36.0,141.0,1298.0,233.0,439.0
Marion-41047311,1453.0,109.0,148.0,821.0,339.0,576.0,81.0,59.0,236.0,2531.0,376.0,915.0
Marion-41047312,1108.0,66.0,125.0,470.0,269.0,557.0,64.0,62.0,109.0,1769.0,235.0,826.0
Marion-41047320,561.0,16.0,57.0,291.0,127.0,172.0,37.0,32.0,74.0,925.0,143.0,299.0
Marion-41047321,608.0,34.0,68.0,318.0,128.0,233.0,35.0,17.0,63.0,1028.0,115.0,361.0
Marion-41047322,55.0,1.0,4.0,24.0,24.0,16.0,1.0,3.0,14.0,84.0,18.0,40.0
Marion-41047323,1373.0,64.0,106.0,561.0,416.0,540.0,74.0,66.0,159.0,2104.0,299.0,956.0
Marion-41047324,45.0,3.0,3.0,27.0,8.0,13.0,4.0,1.0,6.0,78.0,11.0,21.0
Marion-41047325,847.0,57.0,103.0,678.0,199.0,325.0,59.0,40.0,194.0,1685.0,293.0,524.0
Marion-41047326,30.0,1.0,2.0,20.0,6.0,12.0,2.0,0.0,2.0,53.0,4.0,18.0
Marion-41047330,997.0,48.0,93.0,818.0,273.0,365.0,95.0,85.0,275.0,1956.0,455.0,638.0
Marion-41047331,364.0,19.0,33.0,346.0,110.0,125.0,41.0,30.0,99.0,762.0,170.0,235.0
Marion-41047332,372.0,10.0,49.0,254.0,55.0,91.0,10.0,8.0,66.0,685.0,84.0,146.0
Marion-41047333,405.0,21.0,59.0,463.0,126.0,108.0,47.0,19.0,146.0,948.0,212.0,234.0
Marion-41047334,72.0,1.0,13.0,67.0,18.0,17.0,12.0,5.0,27.0,153.0,44.0,35.0
Marion-41047335,0.0,0.0,0.0,0.0,0.0,0.0,0.0,0.0,0.0,0.0,0.0,0.0
Marion-41047336,0.0,0.0,0.0,6.0,1.0,0.0,0.0,0.0,0.0,6.0,0.0,1.0
Marion-41047337,1702.0,69.0,165.0,1398.0,509.0,576.0,178.0,169.0,406.0,3334.0,753.0,1085.0
Marion-41047340,953.0,41.0,120.0,994.0,226.0,253.0,90.0,94.0,303.0,2108.0,487.0,479.0
Marion-41047341,951.0,43.0,102.0,1001.0,273.0,295.0,111.0,107.0,348.0,2097.0,566.0,568.0
Marion-41047342,0.0,0.0,0.0,5.0,0.0,0.0,2.0,0.0,0.0,5.0,2.0,0.0
Marion-41047343,1355.0,46.0,160.0,1386.0,368.0,389.0,146.0,110.0,453.0,2947.0,709.0,757.0
Marion-41047344,1675.0,62.0,204.0,1528.0,512.0,536.0,171.0,163.0,476.0,3469.0,810.0,1048.0
Marion-41047350,1023.0,79.0,101.0,701.0,192.0,327.0,49.0,32.0,150.0,1904.0,231.0,519.0
Marion-41047351,213.0,9.0,23.0,198.0,31.0,55.0,20.0,12.0,34.0,443.0,66.0,86.0
Marion-41047352,164.0,4.0,20.0,181.0,34.0,59.0,14.0,9.0,40.0,369.0,63.0,93.0
Marion-41047353,539.0,35.0,62.0,572.0,156.0,146.0,56.0,39.0,159.0,1208.0,254.0,302.0
Marion-41047354,55.0,1.0,3.0,56.0,14.0,16.0,6.0,2.0,19.0,115.0,27.0,30.0
Marion-41047355,20.0,1.0,2.0,22.0,5.0,10.0,2.0,0.0,9.0,45.0,11.0,15.0
Marion-41047356,20.0,1.0,0.0,30.0,4.0,4.0,2.0,0.0,5.0,51.0,7.0,8.0
Marion-41047357,734.0,47.0,65.0,594.0,138.0,242.0,47.0,33.0,153.0,1440.0,233.0,380.0
Marion-41047361,307.0,12.0,27.0,142.0,37.0,98.0,9.0,10.0,26.0,488.0,45.0,135.0
Marion-41047362,428.0,33.0,40.0,251.0,105.0,185.0,24.0,19.0,76.0,752.0,119.0,290.0
Marion-41047363,1268.0,81.0,151.0,1178.0,277.0,372.0,123.0,58.0,314.0,2678.0,495.0,649.0
Marion-41047364,710.0,35.0,62.0,683.0,163.0,226.0,91.0,37.0,214.0,1490.0,342.0,389.0
Marion-41047365,0.0,0.0,0.0,0.0,0.0,0.0,0.0,0.0,0.0,0.0,0.0,0.0
Marion-41047370,1153.0,43.0,96.0,443.0,424.0,357.0,60.0,74.0,136.0,1735.0,270.0,781.0
Marion-41047371,1684.0,59.0,164.0,1121.0,529.0,495.0,100.0,179.0,400.0,3028.0,679.0,1024.0
Marion-41047372,504.0,15.0,52.0,314.0,144.0,209.0,41.0,35.0,89.0,885.0,165.0,353.0
Marion-41047373,1108.0,37.0,118.0,963.0,366.0,372.0,131.0,128.0,322.0,2226.0,581.0,738.0
Marion-41047374,570.0,22.0,87.0,550.0,148.0,218.0,72.0,42.0,136.0,1229.0,250.0,366.0
Marion-41047375,938.0,70.0,120.0,877.0,228.0,365.0,99.0,64.0,212.0,2005.0,375.0,593.0
Marion-41047376,0.0,0.0,0.0,0.0,0.0,0.0,0.0,0.0,0.0,0.0,0.0,0.0
Marion-41047400,0.0,0.0,0.0,0.0,0.0,0.0,0.0,0.0,0.0,0.0,0.0,0.0
Marion-41047401,1135.0,37.0,145.0,1456.0,298.0,291.0,183.0,129.0,453.0,2773.0,765.0,589.0
Marion-41047402,829.0,30.0,100.0,1022.0,291.0,233.0,112.0,118.0,426.0,1981.0,656.0,524.0
Marion-41047403,1103.0,46.0,157.0,1384.0,277.0,347.0,164.0,142.0,443.0,2690.0,749.0,624.0
Marion-41047404,866.0,58.0,124.0,1082.0,245.0,289.0,123.0,58.0,293.0,2130.0,474.0,534.0
Marion-41047405,614.0,28.0,97.0,840.0,157.0,179.0,74.0,59.0,264.0,1579.0,397.0,336.0
Marion-41047406,1143.0,45.0,183.0,1456.0,325.0,378.0,159.0,95.0,395.0,2827.0,649.0,703.0
Marion-41047407,1144.0,72.0,159.0,1248.0,222.0,417.0,120.0,57.0,337.0,2623.0,514.0,639.0
Marion-41047408,56.0,9.0,7.0,41.0,13.0,18.0,1.0,0.0,4.0,113.0,5.0,31.0
Marion-41047505,73.0,2.0,14.0,124.0,28.0,16.0,3.0,13.0,42.0,213.0,58.0,44.0
Marion-41047515,154.0,9.0,25.0,250.0,39.0,49.0,15.0,13.0,75.0,438.0,103.0,88.0
Marion-41047525,257.0,14.0,33.0,330.0,54.0,114.0,43.0,16.0,104.0,634.0,163.0,168.0
Marion-41047535,438.0,22.0,62.0,546.0,101.0,131.0,47.0,24.0,135.0,1068.0,206.0,232.0
Marion-41047545,305.0,15.0,34.0,226.0,53.0,65.0,24.0,5.0,45.0,580.0,74.0,118.0
Marion-41047555,524.0,24.0,74.0,694.0,151.0,162.0,85.0,44.0,187.0,1316.0,316.0,313.0
Marion-41047577,129.0,1.0,32.0,272.0,29.0,35.0,36.0,21.0,82.0,434.0,139.0,64.0
Marion-41047578,5.0,0.0,3.0,23.0,0.0,4.0,4.0,2.0,7.0,31.0,13.0,4.0
Marion-41047579,46.0,5.0,6.0,98.0,21.0,13.0,15.0,4.0,32.0,155.0,51.0,34.0
Marion-41047580,299.0,17.0,64.0,598.0,82.0,96.0,65.0,60.0,194.0,978.0,319.0,178.0
Marion-41047581,809.0,47.0,117.0,1559.0,229.0,254.0,106.0,96.0,498.0,2532.0,700.0,483.0
Marion-41047582,154.0,7.0,24.0,362.0,46.0,36.0,42.0,18.0,117.0,547.0,177.0,82.0
Marion-41047583,233.0,7.0,37.0,550.0,67.0,81.0,64.0,39.0,169.0,827.0,272.0,148.0
Marion-41047584,4.0,0.0,0.0,15.0,0.0,0.0,4.0,2.0,3.0,19.0,9.0,0.0
Marion-41047586,134.0,14.0,23.0,284.0,39.0,49.0,41.0,19.0,109.0,455.0,169.0,88.0
Marion-41047587,20.0,5.0,4.0,74.0,7.0,14.0,14.0,6.0,20.0,103.0,40.0,21.0
Marion-41047588,56.0,0.0,6.0,47.0,6.0,11.0,1.0,2.0,11.0,109.0,14.0,17.0
Marion-41047589,6.0,0.0,1.0,27.0,3.0,1.0,6.0,2.0,7.0,34.0,15.0,4.0
Marion-41047590,152.0,6.0,34.0,419.0,30.0,54.0,68.0,34.0,123.0,611.0,225.0,84.0
Marion-41047615,37.0,5.0,15.0,114.0,9.0,22.0,12.0,7.0,25.0,171.0,44.0,31.0
Marion-41047625,879.0,40.0,125.0,775.0,225.0,316.0,111.0,68.0,205.0,1819.0,384.0,541.0
Marion-41047635,1320.0,82.0,164.0,1260.0,343.0,488.0,139.0,124.0,390.0,2826.0,653.0,831.0
Marion-41047645,444.0,11.0,81.0,874.0,146.0,143.0,85.0,71.0,249.0,1410.0,405.0,289.0
Marion-41047655,1008.0,68.0,201.0,1955.0,300.0,387.0,219.0,127.0,618.0,3232.0,964.0,687.0
Marion-41047674,220.0,10.0,40.0,642.0,64.0,90.0,43.0,21.0,240.0,912.0,304.0,154.0
Marion-41047676,253.0,7.0,52.0,564.0,72.0,92.0,83.0,36.0,205.0,876.0,324.0,164.0
Marion-41047677,107.0,2.0,16.0,160.0,27.0,26.0,33.0,9.0,51.0,285.0,93.0,53.0
Marion-41047678,757.0,39.0,86.0,798.0,189.0,247.0,64.0,46.0,224.0,1680.0,334.0,436.0
Marion-41047679,239.0,8.0,46.0,640.0,63.0,95.0,77.0,71.0,207.0,933.0,355.0,158.0
Marion-41047680,63.0,5.0,20.0,236.0,23.0,23.0,50.0,20.0,71.0,324.0,141.0,46.0
Marion-41047681,335.0,11.0,43.0,598.0,100.0,148.0,64.0,46.0,195.0,987.0,305.0,248.0
Marion-41047682,762.0,34.0,116.0,1411.0,245.0,261.0,174.0,124.0,449.0,2323.0,747.0,506.0
Marion-41047683,63.0,3.0,9.0,187.0,16.0,24.0,27.0,18.0,60.0,262.0,105.0,40.0
Marion-41047684,181.0,11.0,12.0,373.0,42.0,79.0,52.0,30.0,108.0,577.0,190.0,121.0
Marion-41047686,31.0,1.0,6.0,101.0,5.0,12.0,12.0,10.0,37.0,139.0,59.0,17.0
Marion-41047687,38.0,1.0,4.0,44.0,15.0,10.0,9.0,6.0,11.0,87.0,26.0,25.0
Marion-41047688,77.0,4.0,9.0,154.0,25.0,23.0,18.0,11.0,49.0,244.0,78.0,48.0
Marion-41047689,7.0,1.0,0.0,13.0,3.0,2.0,1.0,1.0,2.0,21.0,4.0,5.0
Marion-41047690,1053.0,57.0,113.0,960.0,206.0,315.0,115.0,67.0,275.0,2183.0,457.0,521.0
Marion-41047691,1347.0,68.0,153.0,1556.0,383.0,431.0,193.0,118.0,413.0,3124.0,724.0,814.0
Marion-41047692,13.0,0.0,1.0,26.0,4.0,1.0,5.0,0.0,10.0,40.0,15.0,5.0
Marion-41047694,421.0,26.0,66.0,446.0,94.0,128.0,48.0,26.0,140.0,959.0,214.0,222.0
Marion-41047696,811.0,54.0,84.0,864.0,218.0,245.0,86.0,59.0,252.0,1813.0,397.0,463.0
Marion-41047697,740.0,40.0,105.0,806.0,162.0,251.0,72.0,47.0,234.0,1691.0,353.0,413.0
Marion-41047698,283.0,21.0,45.0,518.0,85.0,113.0,60.0,44.0,153.0,867.0,257.0,198.0
Marion-41047705,238.0,16.0,54.0,633.0,60.0,74.0,70.0,39.0,183.0,941.0,292.0,134.0
Marion-41047715,382.0,22.0,107.0,991.0,97.0,153.0,88.0,43.0,258.0,1502.0,389.0,250.0
Marion-41047725,372.0,31.0,78.0,796.0,76.0,141.0,86.0,33.0,249.0,1277.0,368.0,217.0
Marion-41047779,294.0,5.0,27.0,435.0,83.0,101.0,46.0,50.0,148.0,761.0,244.0,184.0
Marion-41047780,438.0,13.0,33.0,494.0,137.0,127.0,44.0,71.0,180.0,978.0,295.0,264.0
Marion-41047781,254.0,13.0,28.0,257.0,76.0,70.0,34.0,22.0,94.0,552.0,150.0,146.0
Marion-41047782,118.0,4.0,20.0,162.0,22.0,49.0,16.0,16.0,67.0,304.0,99.0,71.0
Marion-41047783,148.0,9.0,18.0,309.0,47.0,45.0,52.0,29.0,115.0,484.0,196.0,92.0
Marion-41047784,74.0,8.0,8.0,67.0,25.0,22.0,12.0,6.0,16.0,157.0,34.0,47.0
Marion-41047786,56.0,3.0,18.0,160.0,21.0,25.0,15.0,10.0,60.0,237.0,85.0,46.0
Marion-41047787,621.0,17.0,100.0,1358.0,209.0,187.0,147.0,73.0,428.0,2096.0,648.0,396.0
Marion-41047788,542.0,32.0,79.0,1056.0,194.0,210.0,143.0,66.0,383.0,1709.0,592.0,404.0
Marion-41047789,470.0,31.0,75.0,1179.0,134.0,203.0,125.0,62.0,336.0,1755.0,523.0,337.0
Marion-41047790,41.0,7.0,9.0,154.0,14.0,26.0,21.0,3.0,46.0,211.0,70.0,40.0
Marion-41047815,699.0,25.0,54.0,540.0,170.0,150.0,62.0,39.0,146.0,1318.0,247.0,320.0
Marion-41047825,485.0,23.0,54.0,276.0,81.0,112.0,28.0,13.0,64.0,838.0,105.0,193.0
Marion-41047835,519.0,18.0,23.0,423.0,155.0,128.0,28.0,41.0,173.0,983.0,242.0,283.0
Marion-41047845,929.0,23.0,71.0,847.0,343.0,243.0,97.0,69.0,306.0,1870.0,472.0,586.0
Marion-41047855,744.0,37.0,62.0,574.0,185.0,195.0,52.0,45.0,176.0,1417.0,273.0,380.0
Marion-41047865,424.0,20.0,32.0,300.0,86.0,121.0,16.0,14.0,73.0,776.0,103.0,207.0
Marion-41047905,35.0,1.0,8.0,71.0,7.0,12.0,5.0,5.0,8.0,115.0,18.0,19.0
Marion-41047915,55.0,8.0,7.0,144.0,14.0,24.0,12.0,5.0,38.0,214.0,55.0,38.0
Marion-41047925,36.0,1.0,7.0,80.0,12.0,17.0,4.0,2.0,26.0,124.0,32.0,29.0
Marion-41047935,7.0,0.0,2.0,18.0,1.0,1.0,0.0,0.0,7.0,27.0,7.0,2.0
Marion-41047981,120.0,9.0,16.0,153.0,36.0,57.0,10.0,7.0,46.0,298.0,63.0,93.0
Marion-41047982,0.0,0.0,0.0,0.0,0.0,0.0,0.0,0.0,0.0,0.0,0.0,0.0
Morrow-41049,0.0,0.0,0.0,0.0,294.0,337.0,265.0,157.0,870.0,0.0,1292.0,631.0
Morrow-410491,386.0,16.0,70.0,0.0,0.0,86.0,42.0,34.0,170.0,472.0,246.0,86.0
Morrow-410492,325.0,21.0,84.0,905.0,81.0,101.0,63.0,27.0,243.0,1335.0,333.0,182.0
Morrow-410493,39.0,5.0,13.0,250.0,19.0,20.0,32.0,12.0,102.0,307.0,146.0,39.0
Morrow-410494,61.0,4.0,13.0,253.0,26.0,28.0,36.0,23.0,108.0,331.0,167.0,54.0
Morrow-410495,206.0,6.0,58.0,778.0,79.0,102.0,92.0,61.0,247.0,1048.0,400.0,181.0
Multnomah-410512701,441.0,11.0,15.0,0.0,0.0,71.0,7.0,53.0,53.0,467.0,113.0,71.0
Multnomah-410512702,544.0,5.0,33.0,166.0,213.0,116.0,10.0,70.0,78.0,748.0,158.0,329.0
Multnomah-410513101,853.0,29.0,50.0,240.0,253.0,251.0,6.0,27.0,94.0,1172.0,127.0,504.0
Multnomah-410513102,1099.0,61.0,71.0,500.0,328.0,379.0,45.0,54.0,159.0,1731.0,258.0,707.0
Multnomah-410513103,334.0,9.0,27.0,203.0,98.0,109.0,13.0,21.0,60.0,573.0,94.0,207.0
Multnomah-410513301,8116.0,216.0,288.0,717.0,2400.0,2116.0,49.0,170.0,204.0,9337.0,423.0,4516.0
Multnomah-410513303,2486.0,48.0,104.0,615.0,760.0,444.0,38.0,147.0,206.0,3253.0,391.0,1204.0
Multnomah-410513304,431.0,12.0,18.0,93.0,144.0,135.0,8.0,19.0,33.0,554.0,60.0,279.0
Multnomah-410513501,613.0,29.0,29.0,200.0,184.0,206.0,23.0,28.0,60.0,871.0,111.0,390.0
Multnomah-410513502,3458.0,131.0,150.0,669.0,1056.0,1142.0,72.0,142.0,262.0,4408.0,476.0,2198.0
Multnomah-410513602,4530.0,165.0,151.0,388.0,1113.0,1485.0,24.0,123.0,100.0,5234.0,247.0,2598.0
Multnomah-410513603,5742.0,267.0,215.0,759.0,1439.0,1910.0,40.0,163.0,215.0,6983.0,418.0,3349.0
Multnomah-410513604,101.0,2.0,4.0,41.0,33.0,21.0,1.0,18.0,17.0,148.0,36.0,54.0
Multnomah-410513605,1783.0,54.0,78.0,278.0,646.0,437.0,12.0,139.0,126.0,2193.0,277.0,1083.0
Multnomah-410513606,1356.0,39.0,38.0,166.0,419.0,508.0,10.0,40.0,55.0,1599.0,105.0,927.0
Multnomah-410513607,4430.0,121.0,158.0,539.0,1551.0,1322.0,45.0,180.0,191.0,5248.0,416.0,2873.0
Multnomah-410513608,3263.0,98.0,153.0,520.0,1039.0,841.0,30.0,166.0,181.0,4034.0,377.0,1880.0
Multnomah-410513609,363.0,4.0,16.0,78.0,167.0,72.0,6.0,46.0,29.0,461.0,81.0,239.0
Multnomah-410513610,2715.0,88.0,92.0,408.0,924.0,818.0,30.0,131.0,127.0,3303.0,288.0,1742.0
Multnomah-410513611,3927.0,137.0,175.0,620.0,1264.0,1324.0,53.0,146.0,196.0,4859.0,395.0,2588.0
Multnomah-410513612,4062.0,206.0,148.0,511.0,1058.0,1460.0,24.0,90.0,160.0,4927.0,274.0,2518.0
Multnomah-410513801,59.0,2.0,3.0,12.0,21.0,16.0,3.0,3.0,2.0,76.0,8.0,37.0
Multnomah-410513802,6519.0,194.0,299.0,1133.0,2124.0,2194.0,118.0,270.0,423.0,8145.0,811.0,4318.0
Multnomah-410513803,4455.0,185.0,183.0,590.0,1265.0,1644.0,49.0,126.0,189.0,5413.0,364.0,2909.0
Multnomah-410513804,932.0,30.0,58.0,146.0,290.0,279.0,12.0,37.0,41.0,1166.0,90.0,569.0
Multnomah-410513805,596.0,19.0,28.0,96.0,203.0,191.0,13.0,19.0,40.0,739.0,72.0,394.0
Multnomah-410513806,1271.0,34.0,57.0,442.0,421.0,329.0,25.0,76.0,153.0,1804.0,254.0,750.0
Multnomah-410513807,690.0,13.0,52.0,236.0,227.0,130.0,13.0,89.0,113.0,991.0,215.0,357.0
Multnomah-410513808,197.0,3.0,2.0,10.0,26.0,53.0,0.0,4.0,3.0,212.0,7.0,79.0
Multnomah-410514101,6628.0,247.0,200.0,696.0,1882.0,2653.0,71.0,144.0,223.0,7771.0,438.0,4535.0
Multnomah-410514102,3205.0,174.0,143.0,611.0,710.0,1513.0,56.0,69.0,155.0,4133.0,280.0,2223.0
Multnomah-410514103,2925.0,71.0,122.0,339.0,1089.0,851.0,31.0,159.0,137.0,3457.0,327.0,1940.0
Multnomah-410514203,7055.0,423.0,152.0,345.0,1134.0,3623.0,18.0,46.0,76.0,7975.0,140.0,4757.0
Multnomah-410514204,6810.0,359.0,149.0,362.0,1614.0,3106.0,34.0,69.0,100.0,7680.0,203.0,4720.0
Multnomah-410514205,3419.0,144.0,60.0,220.0,869.0,1517.0,12.0,40.0,68.0,3843.0,120.0,2386.0
Multnomah-410514207,4287.0,203.0,74.0,185.0,894.0,2080.0,13.0,26.0,63.0,4749.0,102.0,2974.0
Multnomah-410514208,2364.0,118.0,73.0,157.0,551.0,1125.0,19.0,19.0,32.0,2712.0,70.0,1676.0
Multnomah-410514209,5486.0,345.0,170.0,460.0,1083.0,2677.0,35.0,71.0,108.0,6461.0,214.0,3760.0
Multnomah-410514210,7466.0,386.0,231.0,846.0,1580.0,3524.0,80.0,110.0,231.0,8929.0,421.0,5104.0
Multnomah-410514301,7484.0,345.0,122.0,373.0,1727.0,3234.0,31.0,39.0,84.0,8324.0,154.0,4961.0
Multnomah-410514302,7840.0,318.0,196.0,466.0,1701.0,3143.0,48.0,96.0,103.0,8820.0,247.0,4844.0
Multnomah-410514304,6186.0,227.0,119.0,330.0,1897.0,2283.0,28.0,56.0,114.0,6862.0,198.0,4180.0
Multnomah-410514305,7202.0,358.0,167.0,713.0,1747.0,3041.0,74.0,71.0,201.0,8440.0,346.0,4788.0
Multnomah-410514306,1519.0,43.0,56.0,94.0,428.0,626.0,2.0,24.0,31.0,1712.0,57.0,1054.0
Multnomah-410514310,6694.0,241.0,131.0,264.0,1808.0,2594.0,30.0,51.0,61.0,7330.0,142.0,4402.0
Multnomah-410514401,6404.0,364.0,262.0,901.0,1271.0,2772.0,76.0,83.0,194.0,7931.0,353.0,4043.0
Multnomah-410514402,6611.0,313.0,243.0,1170.0,1538.0,2613.0,76.0,113.0,321.0,8337.0,510.0,4151.0
Multnomah-410514403,5803.0,253.0,169.0,527.0,1326.0,2608.0,44.0,78.0,130.0,6752.0,252.0,3934.0
Multnomah-410514404,6679.0,274.0,255.0,817.0,1541.0,2722.0,62.0,106.0,228.0,8025.0,396.0,4263.0
Multnomah-410514409,1192.0,78.0,56.0,314.0,250.0,493.0,19.0,10.0,88.0,1640.0,117.0,743.0
Multnomah-410514501,8074.0,210.0,214.0,722.0,3045.0,2610.0,80.0,214.0,279.0,9220.0,573.0,5655.0
Multnomah-410514502,3370.0,111.0,124.0,466.0,816.0,1405.0,32.0,63.0,127.0,4071.0,222.0,2221.0
Multnomah-410514503,3013.0,88.0,78.0,241.0,1015.0,1079.0,28.0,68.0,77.0,3420.0,173.0,2094.0
Multnomah-410514505,5666.0,194.0,175.0,671.0,1537.0,2267.0,55.0,124.0,203.0,6706.0,382.0,3804.0
Multnomah-410514506,2057.0,130.0,98.0,562.0,421.0,846.0,54.0,60.0,147.0,2847.0,261.0,1267.0
Multnomah-410514508,2865.0,180.0,122.0,482.0,599.0,1284.0,46.0,37.0,123.0,3649.0,206.0,1883.0
Multnomah-410514509,1395.0,63.0,84.0,596.0,335.0,471.0,68.0,65.0,147.0,2138.0,280.0,806.0
Multnomah-410514510,1278.0,47.0,71.0,587.0,364.0,395.0,50.0,74.0,198.0,1983.0,322.0,759.0
Multnomah-410514511,1332.0,85.0,89.0,532.0,265.0,499.0,38.0,35.0,135.0,2038.0,208.0,764.0
Multnomah-410514512,354.0,12.0,29.0,97.0,112.0,126.0,7.0,21.0,29.0,492.0,57.0,238.0
Multnomah-410514601,7476.0,319.0,197.0,768.0,2085.0,3181.0,97.0,149.0,229.0,8760.0,475.0,5266.0
Multnomah-410514602,2955.0,81.0,80.0,258.0,1151.0,901.0,30.0,114.0,112.0,3374.0,256.0,2052.0
Multnomah-410514604,3552.0,198.0,164.0,914.0,612.0,1510.0,61.0,71.0,217.0,4828.0,349.0,2122.0
Multnomah-410514605,3531.0,196.0,131.0,515.0,794.0,1615.0,49.0,48.0,147.0,4373.0,244.0,2409.0
Multnomah-410514606,6931.0,434.0,235.0,1074.0,1341.0,3370.0,84.0,92.0,280.0,8674.0,456.0,4711.0
Multnomah-410514607,2057.0,85.0,118.0,753.0,523.0,612.0,94.0,108.0,208.0,3013.0,410.0,1135.0
Multnomah-410514608,811.0,61.0,34.0,186.0,154.0,367.0,16.0,8.0,42.0,1092.0,66.0,521.0
Multnomah-410514701,1410.0,43.0,73.0,631.0,446.0,335.0,67.0,84.0,204.0,2157.0,355.0,781.0
Multnomah-410514702,427.0,17.0,31.0,193.0,116.0,148.0,15.0,9.0,55.0,668.0,79.0,264.0
Multnomah-410514703,1125.0,43.0,93.0,556.0,329.0,391.0,52.0,62.0,190.0,1817.0,304.0,720.0
Multnomah-410514704,1994.0,69.0,137.0,1030.0,638.0,582.0,82.0,126.0,352.0,3230.0,560.0,1220.0
Multnomah-410514705,2997.0,156.0,173.0,1032.0,652.0,1091.0,113.0,87.0,270.0,4358.0,470.0,1743.0
Multnomah-410514706,1550.0,95.0,116.0,927.0,405.0,563.0,63.0,46.0,226.0,2688.0,335.0,968.0
Multnomah-410514707,950.0,45.0,70.0,330.0,223.0,358.0,35.0,44.0,107.0,1395.0,186.0,581.0
Multnomah-410514708,2006.0,101.0,112.0,833.0,461.0,669.0,70.0,61.0,215.0,3052.0,346.0,1130.0
Multnomah-410514709,958.0,59.0,80.0,460.0,243.0,357.0,41.0,37.0,126.0,1557.0,204.0,600.0
Multnomah-410514710,1678.0,93.0,122.0,930.0,327.0,602.0,75.0,54.0,214.0,2823.0,343.0,929.0
Multnomah-410514801,683.0,36.0,47.0,410.0,156.0,262.0,46.0,26.0,99.0,1176.0,171.0,418.0
Multnomah-410514802,29.0,1.0,1.0,3.0,3.0,12.0,0.0,0.0,0.0,34.0,0.0,15.0
Multnomah-410514803,3697.0,292.0,237.0,1197.0,658.0,1647.0,54.0,48.0,233.0,5423.0,335.0,2305.0
Multnomah-410514804,808.0,57.0,50.0,260.0,151.0,316.0,20.0,16.0,48.0,1175.0,84.0,467.0
Multnomah-410514805,413.0,26.0,24.0,201.0,78.0,171.0,11.0,12.0,41.0,664.0,64.0,249.0
Multnomah-410514806,733.0,35.0,60.0,436.0,187.0,260.0,43.0,44.0,127.0,1264.0,214.0,447.0
Multnomah-410514807,1400.0,58.0,98.0,675.0,311.0,495.0,49.0,23.0,154.0,2231.0,226.0,806.0
Multnomah-410514901,15.0,4.0,0.0,29.0,4.0,8.0,3.0,3.0,8.0,48.0,14.0,12.0
Multnomah-410514902,14.0,0.0,2.0,13.0,4.0,3.0,0.0,2.0,3.0,29.0,5.0,7.0
Multnomah-410514903,2065.0,93.0,160.0,1486.0,591.0,574.0,109.0,82.0,425.0,3804.0,616.0,1165.0
Multnomah-410514904,3181.0,185.0,417.0,3083.0,829.0,1057.0,263.0,191.0,797.0,6866.0,1251.0,1886.0
Multnomah-410514905,93.0,1.0,8.0,134.0,24.0,31.0,19.0,5.0,39.0,236.0,63.0,55.0
Multnomah-410514906,541.0,36.0,60.0,405.0,130.0,176.0,28.0,25.0,92.0,1042.0,145.0,306.0
Multnomah-410514907,134.0,6.0,6.0,94.0,60.0,34.0,2.0,11.0,41.0,240.0,54.0,94.0
Multnomah-410514908,864.0,41.0,100.0,779.0,228.0,267.0,59.0,47.0,249.0,1784.0,355.0,495.0
Multnomah-410514909,1897.0,104.0,196.0,1397.0,508.0,605.0,131.0,90.0,326.0,3594.0,547.0,1113.0
Multnomah-410514910,1733.0,82.0,125.0,961.0,424.0,455.0,84.0,72.0,250.0,2901.0,406.0,879.0
Multnomah-410514911,1812.0,96.0,179.0,1316.0,412.0,550.0,95.0,79.0,332.0,3403.0,506.0,962.0
Multnomah-410515001,1786.0,118.0,165.0,1007.0,402.0,582.0,57.0,52.0,262.0,3076.0,371.0,984.0
Multnomah-410515002,2831.0,133.0,327.0,2482.0,658.0,887.0,177.0,161.0,636.0,5773.0,974.0,1545.0
Multnomah-410515003,482.0,27.0,43.0,380.0,148.0,141.0,33.0,30.0,102.0,932.0,165.0,289.0
Multnomah-410515004,2807.0,125.0,241.0,2177.0,791.0,988.0,186.0,196.0,670.0,5350.0,1052.0,1779.0
Multnomah-410515006,1323.0,80.0,167.0,1398.0,376.0,423.0,119.0,115.0,406.0,2968.0,640.0,799.0
Multnomah-410515007,1580.0,89.0,166.0,1218.0,393.0,518.0,86.0,107.0,288.0,3053.0,481.0,911.0
Multnomah-410515008,1483.0,40.0,122.0,1230.0,494.0,432.0,97.0,106.0,424.0,2875.0,627.0,926.0
Multnomah-410515009,448.0,14.0,34.0,325.0,114.0,142.0,9.0,14.0,72.0,821.0,95.0,256.0
Multnomah-410515101,392.0,19.0,27.0,211.0,87.0,126.0,14.0,10.0,38.0,649.0,62.0,213.0
Multnomah-410515102,2024.0,114.0,182.0,1288.0,465.0,765.0,101.0,72.0,296.0,3608.0,469.0,1230.0
Multnomah-410515103,1148.0,62.0,97.0,705.0,271.0,361.0,59.0,49.0,160.0,2012.0,268.0,632.0
Multnomah-410515104,1720.0,80.0,145.0,1164.0,462.0,564.0,70.0,83.0,318.0,3109.0,471.0,1026.0
Multnomah-410515105,123.0,4.0,16.0,179.0,36.0,43.0,14.0,6.0,60.0,322.0,80.0,79.0
Multnomah-410515106,719.0,51.0,60.0,534.0,197.0,240.0,48.0,45.0,130.0,1364.0,223.0,437.0
Multnomah-410515107,329.0,9.0,32.0,352.0,92.0,69.0,23.0,31.0,107.0,722.0,161.0,161.0
Multnomah-410515202,1000.0,50.0,117.0,1133.0,301.0,485.0,119.0,78.0,465.0,2300.0,662.0,786.0
Multnomah-410515203,616.0,27.0,77.0,965.0,198.0,193.0,84.0,54.0,308.0,1685.0,446.0,391.0
Multnomah-410515204,1201.0,63.0,179.0,1307.0,327.0,363.0,123.0,92.0,333.0,2750.0,548.0,690.0
Polk-41053102,261.0,11.0,36.0,394.0,0.0,111.0,41.0,30.0,118.0,702.0,189.0,111.0
Polk-41053106,402.0,30.0,65.0,848.0,109.0,170.0,87.0,32.0,246.0,1345.0,365.0,279.0
Polk-41053110,208.0,20.0,24.0,346.0,49.0,78.0,9.0,7.0,88.0,598.0,104.0,127.0
Polk-41053118,1015.0,53.0,123.0,1285.0,330.0,307.0,149.0,143.0,429.0,2476.0,721.0,637.0
Polk-41053122,517.0,19.0,60.0,652.0,189.0,144.0,60.0,49.0,209.0,1248.0,318.0,333.0
Polk-41053134,2138.0,104.0,266.0,2096.0,690.0,614.0,237.0,203.0,690.0,4604.0,1130.0,1304.0
Polk-41053136,1457.0,48.0,160.0,1381.0,435.0,412.0,185.0,179.0,404.0,3046.0,768.0,847.0
Polk-41053140,817.0,65.0,137.0,673.0,172.0,346.0,69.0,40.0,168.0,1692.0,277.0,518.0
Polk-41053146,1886.0,82.0,219.0,1581.0,503.0,582.0,209.0,181.0,488.0,3768.0,878.0,1085.0
Polk-41053152,1154.0,68.0,204.0,2271.0,357.0,481.0,315.0,161.0,734.0,3697.0,1210.0,838.0
Polk-41053154,1063.0,70.0,168.0,1860.0,379.0,361.0,216.0,159.0,594.0,3161.0,969.0,740.0
Polk-41053156,825.0,62.0,130.0,1158.0,256.0,308.0,132.0,98.0,335.0,2175.0,565.0,564.0
Polk-41053162,750.0,33.0,119.0,1293.0,245.0,249.0,181.0,91.0,435.0,2195.0,707.0,494.0
Polk-41053166,200.0,25.0,47.0,374.0,62.0,95.0,39.0,9.0,96.0,646.0,144.0,157.0
Polk-41053178,2073.0,105.0,286.0,1371.0,413.0,792.0,153.0,105.0,370.0,3835.0,628.0,1205.0
Polk-41053182,1654.0,112.0,210.0,1357.0,330.0,617.0,144.0,64.0,348.0,3333.0,556.0,947.0
Sherman-410551,43.0,3.0,7.0,102.0,18.0,15.0,0.0,1.0,39.0,155.0,40.0,33.0
Sherman-410552,77.0,1.0,15.0,241.0,26.0,26.0,15.0,20.0,87.0,334.0,122.0,52.0
Sherman-410553,56.0,3.0,16.0,222.0,19.0,22.0,16.0,12.0,90.0,297.0,118.0,41.0
Sherman-410554,22.0,3.0,6.0,117.0,4.0,17.0,17.0,5.0,46.0,148.0,68.0,21.0
Sherman-410555,4.0,1.0,0.0,50.0,0.0,2.0,6.0,7.0,17.0,55.0,30.0,2.0
Tillamook-410571,0.0,0.0,0.0,0.0,0.0,131.0,19.0,22.0,116.0,0.0,157.0,131.0
Tillamook-410573,0.0,0.0,0.0,0.0,57.0,87.0,22.0,17.0,120.0,0.0,159.0,144.0
Tillamook-410575,0.0,0.0,0.0,0.0,31.0,29.0,13.0,17.0,65.0,0.0,95.0,60.0
Tillamook-410576,0.0,0.0,0.0,0.0,27.0,57.0,22.0,9.0,50.0,0.0,81.0,84.0
Tillamook-41057Bay,350.0,18.0,59.0,0.0,0.0,0.0,0.0,0.0,0.0,427.0,0.0,0.0
Tillamook-41057Beaver,178.0,11.0,26.0,376.0,0.0,0.0,0.0,0.0,0.0,591.0,0.0,0.0
Tillamook-41057Carnahan,70.0,2.0,18.0,212.0,0.0,0.0,0.0,0.0,0.0,302.0,0.0,0.0
Tillamook-41057Cloverdale,106.0,6.0,17.0,155.0,0.0,0.0,0.0,0.0,0.0,284.0,0.0,0.0
Tillamook-41057Eastside,38.0,1.0,10.0,68.0,0.0,0.0,0.0,0.0,0.0,117.0,0.0,0.0
Tillamook-41057Fairview,307.0,15.0,61.0,642.0,0.0,0.0,0.0,0.0,0.0,1025.0,0.0,0.0
Tillamook-41057Foley,177.0,13.0,23.0,150.0,0.0,0.0,0.0,0.0,0.0,363.0,0.0,0.0
Tillamook-41057Garibaldi,272.0,17.0,35.0,307.0,0.0,0.0,0.0,0.0,0.0,631.0,0.0,0.0
Tillamook-41057Hebo,105.0,7.0,8.0,167.0,0.0,0.0,0.0,0.0,0.0,287.0,0.0,0.0
Tillamook-41057Kilchis,135.0,7.0,31.0,231.0,0.0,0.0,0.0,0.0,0.0,404.0,0.0,0.0
Tillamook-41057Mapleleaf,107.0,6.0,32.0,256.0,0.0,0.0,0.0,0.0,0.0,401.0,0.0,0.0
Tillamook-41057Nehalem,214.0,12.0,20.0,155.0,0.0,0.0,0.0,0.0,0.0,401.0,0.0,0.0
Tillamook-41057Neskowin,253.0,17.0,32.0,196.0,0.0,0.0,0.0,0.0,0.0,498.0,0.0,0.0
Tillamook-41057Netarts,327.0,8.0,34.0,292.0,0.0,0.0,0.0,0.0,0.0,661.0,0.0,0.0
Tillamook-41057Oceanside,156.0,10.0,8.0,74.0,0.0,0.0,0.0,0.0,0.0,248.0,0.0,0.0
Tillamook-41057Pinegrove,814.0,49.0,49.0,363.0,0.0,0.0,0.0,0.0,0.0,1275.0,0.0,0.0
Tillamook-41057Rockaway,466.0,27.0,31.0,423.0,0.0,0.0,0.0,0.0,0.0,947.0,0.0,0.0
Tillamook-41057South,146.0,11.0,53.0,526.0,0.0,0.0,0.0,0.0,0.0,736.0,0.0,0.0
Tillamook-41057Tillamook,713.0,49.0,140.0,884.0,0.0,0.0,0.0,0.0,0.0,1786.0,0.0,0.0
Tillamook-41057Trask,70.0,4.0,13.0,106.0,0.0,0.0,0.0,0.0,0.0,193.0,0.0,0.0
Tillamook-41057Union,446.0,28.0,38.0,394.0,0.0,0.0,0.0,0.0,0.0,906.0,0.0,0.0
Tillamook-41057Westside,114.0,1.0,4.0,95.0,0.0,0.0,0.0,0.0,0.0,214.0,0.0,0.0
Tillamook-41057Wheeler,204.0,14.0,18.0,104.0,0.0,0.0,0.0,0.0,0.0,340.0,0.0,0.0
Umatilla-41059101,73.0,7.0,27.0,336.0,0.0,25.0,18.0,8.0,83.0,443.0,109.0,25.0
Umatilla-41059102,386.0,21.0,58.0,640.0,79.0,89.0,39.0,27.0,153.0,1105.0,219.0,168.0
Umatilla-41059103,215.0,13.0,50.0,769.0,63.0,71.0,55.0,34.0,233.0,1047.0,322.0,134.0
Umatilla-41059104,256.0,14.0,49.0,983.0,69.0,74.0,73.0,29.0,244.0,1302.0,346.0,143.0
Umatilla-41059105,286.0,13.0,46.0,678.0,54.0,69.0,41.0,14.0,183.0,1023.0,238.0,123.0
Umatilla-41059106,0.0,0.0,0.0,0.0,36.0,42.0,23.0,6.0,130.0,0.0,159.0,78.0
Umatilla-41059106C,177.0,15.0,43.0,440.0,0.0,0.0,0.0,0.0,0.0,675.0,0.0,0.0
Umatilla-41059106R,53.0,1.0,21.0,212.0,0.0,0.0,0.0,0.0,0.0,287.0,0.0,0.0
Umatilla-41059107,0.0,0.0,0.0,0.0,18.0,15.0,22.0,10.0,51.0,0.0,83.0,33.0
Umatilla-41059107C,77.0,1.0,18.0,159.0,0.0,0.0,0.0,0.0,0.0,255.0,0.0,0.0
Umatilla-41059107R,32.0,0.0,11.0,160.0,0.0,0.0,0.0,0.0,0.0,203.0,0.0,0.0
Umatilla-41059108,0.0,0.0,0.0,0.0,17.0,32.0,10.0,8.0,59.0,0.0,77.0,49.0
Umatilla-41059108C,12.0,5.0,8.0,53.0,0.0,0.0,0.0,0.0,0.0,78.0,0.0,0.0
Umatilla-41059108R,23.0,1.0,7.0,97.0,0.0,0.0,0.0,0.0,0.0,128.0,0.0,0.0
Umatilla-41059109,0.0,0.0,0.0,0.0,6.0,14.0,19.0,9.0,66.0,0.0,94.0,20.0
Umatilla-41059109C,29.0,2.0,6.0,108.0,0.0,0.0,0.0,0.0,0.0,145.0,0.0,0.0
Umatilla-41059109R,3.0,0.0,2.0,41.0,0.0,0.0,0.0,0.0,0.0,46.0,0.0,0.0
Umatilla-41059110,190.0,7.0,30.0,584.0,8.0,6.0,4.0,1.0,12.0,811.0,17.0,14.0
Umatilla-41059111,476.0,37.0,54.0,695.0,5.0,9.0,8.0,9.0,39.0,1262.0,56.0,14.0
Umatilla-41059112,18.0,1.0,0.0,77.0,6.0,9.0,7.0,4.0,35.0,96.0,46.0,15.0
Umatilla-41059113,97.0,10.0,36.0,452.0,2.0,1.0,2.0,3.0,22.0,595.0,27.0,3.0
Umatilla-41059114,53.0,5.0,8.0,278.0,54.0,61.0,46.0,35.0,198.0,344.0,279.0,115.0
Umatilla-41059115,38.0,1.0,5.0,175.0,113.0,163.0,60.0,27.0,215.0,219.0,302.0,276.0
Umatilla-41059116,39.0,3.0,7.0,88.0,8.0,11.0,4.0,5.0,37.0,137.0,46.0,19.0
Umatilla-41059117,0.0,0.0,0.0,0.0,36.0,32.0,24.0,15.0,144.0,0.0,183.0,68.0
Umatilla-41059117C,20.0,1.0,4.0,62.0,0.0,0.0,0.0,0.0,0.0,87.0,0.0,0.0
Umatilla-41059117R,6.0,0.0,0.0,17.0,0.0,0.0,0.0,0.0,0.0,23.0,0.0,0.0
Umatilla-41059118,0.0,0.0,0.0,0.0,16.0,18.0,26.0,18.0,101.0,0.0,145.0,34.0
Umatilla-41059119,36.0,3.0,5.0,88.0,12.0,16.0,10.0,3.0,56.0,132.0,69.0,28.0
Umatilla-41059120,187.0,12.0,47.0,698.0,12.0,9.0,9.0,3.0,25.0,944.0,37.0,21.0
Umatilla-41059121,83.0,6.0,24.0,298.0,3.0,7.0,0.0,1.0,20.0,411.0,21.0,10.0
Umatilla-41059122,0.0,0.0,0.0,0.0,0.0,1.0,0.0,2.0,5.0,0.0,7.0,1.0
Umatilla-41059123,130.0,8.0,29.0,400.0,7.0,16.0,6.0,5.0,37.0,567.0,48.0,23.0
Umatilla-41059124,0.0,0.0,0.0,0.0,43.0,75.0,46.0,35.0,250.0,0.0,331.0,118.0
Umatilla-41059124C,137.0,4.0,26.0,401.0,0.0,0.0,0.0,0.0,0.0,568.0,0.0,0.0
Umatilla-41059124R,21.0,3.0,5.0,127.0,0.0,0.0,0.0,0.0,0.0,156.0,0.0,0.0
Umatilla-41059125,0.0,0.0,0.0,0.0,35.0,23.0,23.0,16.0,95.0,0.0,134.0,58.0
Umatilla-41059125C,73.0,3.0,19.0,192.0,0.0,0.0,0.0,0.0,0.0,287.0,0.0,0.0
Umatilla-41059125R,38.0,5.0,8.0,182.0,0.0,0.0,0.0,0.0,0.0,233.0,0.0,0.0
Umatilla-41059126,369.0,16.0,67.0,524.0,36.0,46.0,22.0,25.0,153.0,976.0,200.0,82.0
Umatilla-41059127,142.0,18.0,38.0,278.0,37.0,47.0,45.0,31.0,147.0,476.0,223.0,84.0
Umatilla-41059128,474.0,25.0,84.0,793.0,6.0,8.0,20.0,14.0,56.0,1376.0,90.0,14.0
Umatilla-41059129,264.0,23.0,57.0,515.0,18.0,22.0,10.0,5.0,55.0,859.0,70.0,40.0
Umatilla-41059130,376.0,22.0,90.0,822.0,12.0,15.0,15.0,6.0,58.0,1310.0,79.0,27.0
Umatilla-41059131,133.0,9.0,21.0,244.0,92.0,56.0,38.0,26.0,142.0,407.0,206.0,148.0
Umatilla-41059132,263.0,14.0,47.0,401.0,54.0,38.0,30.0,22.0,77.0,725.0,129.0,92.0
Umatilla-41059133,209.0,21.0,44.0,304.0,97.0,127.0,61.0,33.0,189.0,578.0,283.0,224.0
Umatilla-41059134,0.0,0.0,0.0,0.0,62.0,69.0,25.0,19.0,102.0,0.0,146.0,131.0
Umatilla-41059135,0.0,0.0,0.0,0.0,102.0,103.0,70.0,46.0,242.0,0.0,358.0,205.0
Umatilla-41059136,220.0,29.0,52.0,463.0,39.0,36.0,16.0,6.0,75.0,764.0,97.0,75.0
Umatilla-41059137,348.0,32.0,53.0,578.0,64.0,89.0,42.0,32.0,159.0,1011.0,233.0,153.0
Umatilla-41059138,347.0,20.0,57.0,552.0,52.0,67.0,31.0,22.0,91.0,976.0,144.0,119.0
Umatilla-41059139,406.0,15.0,52.0,481.0,43.0,92.0,30.0,22.0,132.0,954.0,184.0,135.0
Umatilla-41059140,0.0,0.0,0.0,0.0,91.0,131.0,37.0,18.0,139.0,0.0,194.0,222.0
Umatilla-41059141,363.0,17.0,53.0,673.0,91.0,102.0,41.0,59.0,178.0,1106.0,278.0,193.0
Umatilla-41059142,193.0,7.0,31.0,393.0,109.0,136.0,45.0,65.0,162.0,624.0,272.0,245.0
Umatilla-41059143,302.0,19.0,58.0,548.0,123.0,109.0,51.0,51.0,193.0,927.0,295.0,232.0
Umatilla-41059144,0.0,0.0,0.0,0.0,75.0,52.0,12.0,27.0,129.0,0.0,168.0,127.0
Umatilla-41059145,0.0,0.0,0.0,0.0,101.0,96.0,46.0,26.0,155.0,0.0,227.0,197.0
Union-410611,903.0,40.0,96.0,0.0,0.0,366.0,97.0,103.0,322.0,1039.0,522.0,366.0
Union-4106110,24.0,0.0,11.0,159.0,4.0,16.0,17.0,7.0,51.0,194.0,75.0,20.0
Union-4106111,105.0,10.0,28.0,505.0,26.0,70.0,55.0,37.0,202.0,648.0,294.0,96.0
Union-4106112,8.0,0.0,3.0,56.0,1.0,5.0,4.0,2.0,19.0,67.0,25.0,6.0
Union-4106113,9.0,0.0,10.0,82.0,0.0,7.0,12.0,4.0,33.0,101.0,49.0,7.0
Union-4106114,40.0,8.0,14.0,154.0,12.0,24.0,8.0,9.0,51.0,216.0,68.0,36.0
Union-4106115,51.0,5.0,10.0,195.0,19.0,13.0,20.0,19.0,87.0,261.0,126.0,32.0
Union-4106116,217.0,17.0,73.0,813.0,79.0,101.0,63.0,26.0,292.0,1120.0,381.0,180.0
Union-4106117,5.0,0.0,2.0,38.0,2.0,2.0,5.0,1.0,15.0,45.0,21.0,4.0
Union-4106118,141.0,7.0,29.0,441.0,35.0,51.0,50.0,24.0,178.0,618.0,252.0,86.0
Union-4106119,48.0,3.0,13.0,229.0,16.0,24.0,27.0,18.0,104.0,293.0,149.0,40.0
Union-410612,551.0,35.0,103.0,1080.0,155.0,225.0,130.0,78.0,361.0,1769.0,569.0,380.0
Union-410613,443.0,31.0,107.0,1112.0,140.0,193.0,80.0,38.0,342.0,1693.0,460.0,333.0
Union-410614,92.0,3.0,24.0,221.0,25.0,43.0,32.0,17.0,77.0,340.0,126.0,68.0
Union-410615,234.0,12.0,42.0,787.0,75.0,103.0,88.0,38.0,306.0,1075.0,432.0,178.0
Union-410616,83.0,5.0,12.0,231.0,30.0,33.0,28.0,26.0,85.0,331.0,139.0,63.0
Union-410617,124.0,8.0,31.0,390.0,46.0,45.0,52.0,32.0,152.0,553.0,236.0,91.0
Union-410618,104.0,10.0,38.0,554.0,39.0,52.0,50.0,17.0,158.0,706.0,225.0,91.0
Union-410619,67.0,4.0,27.0,466.0,22.0,31.0,51.0,14.0,188.0,564.0,253.0,53.0
Wallowa-410631,174.0,10.0,30.0,395.0,0.0,87.0,40.0,17.0,176.0,609.0,233.0,87.0
Wallowa-4106310,20.0,5.0,2.0,98.0,2.0,5.0,12.0,9.0,33.0,125.0,54.0,7.0
Wallowa-4106311,14.0,0.0,4.0,35.0,6.0,9.0,0.0,3.0,13.0,53.0,16.0,15.0
Wallowa-4106312,12.0,0.0,1.0,26.0,4.0,2.0,2.0,2.0,9.0,39.0,13.0,6.0
Wallowa-410632,116.0,9.0,24.0,274.0,35.0,49.0,37.0,12.0,130.0,423.0,179.0,84.0
Wallowa-410633,61.0,7.0,7.0,197.0,20.0,24.0,25.0,12.0,82.0,272.0,119.0,44.0
Wallowa-410634,74.0,5.0,19.0,220.0,17.0,38.0,17.0,14.0,95.0,318.0,126.0,55.0
Wallowa-410635,209.0,12.0,27.0,369.0,63.0,83.0,35.0,25.0,168.0,617.0,228.0,146.0
Wallowa-410636,194.0,16.0,23.0,487.0,63.0,95.0,42.0,21.0,226.0,720.0,289.0,158.0
Wallowa-410637,61.0,2.0,18.0,255.0,17.0,25.0,16.0,18.0,102.0,336.0,136.0,42.0
Wallowa-410638,82.0,8.0,18.0,261.0,33.0,42.0,26.0,12.0,102.0,369.0,140.0,75.0
Wallowa-410639,99.0,8.0,6.0,231.0,24.0,40.0,21.0,8.0,111.0,344.0,140.0,64.0
Wasco-410651,680.0,32.0,95.0,825.0,199.0,246.0,57.0,60.0,231.0,1632.0,348.0,445.0
Wasco-4106510,254.0,15.0,25.0,295.0,67.0,90.0,15.0,23.0,90.0,589.0,128.0,157.0
Wasco-4106511,105.0,2.0,15.0,178.0,33.0,23.0,12.0,15.0,62.0,300.0,89.0,56.0
Wasco-4106512,177.0,11.0,28.0,400.0,56.0,55.0,15.0,26.0,119.0,616.0,160.0,111.0
Wasco-4106513,41.0,2.0,4.0,72.0,0.0,16.0,6.0,4.0,19.0,119.0,29.0,16.0
Wasco-4106514,22.0,3.0,16.0,123.0,7.0,15.0,6.0,3.0,40.0,164.0,49.0,22.0
Wasco-410652,905.0,39.0,136.0,829.0,205.0,382.0,75.0,67.0,207.0,1909.0,349.0,587.0
Wasco-410653,700.0,38.0,129.0,695.0,169.0,285.0,58.0,40.0,230.0,1562.0,328.0,454.0
Wasco-410654,526.0,21.0,82.0,666.0,154.0,172.0,62.0,62.0,198.0,1295.0,322.0,326.0
Wasco-410655,733.0,47.0,63.0,597.0,154.0,305.0,35.0,37.0,176.0,1440.0,248.0,459.0
Wasco-410656,124.0,3.0,20.0,156.0,46.0,42.0,10.0,12.0,55.0,303.0,77.0,88.0
Wasco-410657,259.0,16.0,43.0,476.0,80.0,101.0,39.0,26.0,151.0,794.0,216.0,181.0
Wasco-410658,59.0,3.0,18.0,188.0,15.0,35.0,13.0,7.0,60.0,268.0,80.0,50.0
Wasco-410659,196.0,7.0,15.0,333.0,83.0,70.0,20.0,14.0,94.0,551.0,128.0,153.0
Washington-41067301,554.0,30.0,70.0,0.0,0.0,219.0,70.0,62.0,260.0,654.0,392.0,219.0
Washington-41067302,948.0,62.0,114.0,680.0,244.0,345.0,64.0,31.0,177.0,1804.0,272.0,589.0
Washington-41067303,360.0,20.0,47.0,377.0,83.0,105.0,43.0,30.0,103.0,804.0,176.0,188.0
Washington-41067304,1299.0,52.0,164.0,912.0,300.0,385.0,80.0,67.0,253.0,2427.0,400.0,685.0
Washington-41067305,260.0,11.0,55.0,438.0,46.0,92.0,32.0,24.0,98.0,764.0,154.0,138.0
Washington-41067306,389.0,18.0,34.0,147.0,86.0,114.0,4.0,15.0,52.0,588.0,71.0,200.0
Washington-41067307,754.0,27.0,106.0,534.0,183.0,246.0,68.0,65.0,169.0,1421.0,302.0,429.0
Washington-41067308,56.0,1.0,8.0,70.0,16.0,17.0,9.0,7.0,21.0,135.0,37.0,33.0
Washington-41067309,1663.0,65.0,212.0,885.0,338.0,515.0,85.0,118.0,226.0,2825.0,429.0,853.0
Washington-41067310,544.0,29.0,69.0,764.0,179.0,203.0,66.0,66.0,229.0,1406.0,361.0,382.0
Washington-41067311,247.0,10.0,54.0,265.0,49.0,100.0,24.0,21.0,88.0,576.0,133.0,149.0
Washington-41067312,266.0,11.0,33.0,363.0,88.0,91.0,20.0,23.0,128.0,673.0,171.0,179.0
Washington-41067313,3.0,0.0,0.0,2.0,3.0,0.0,0.0,0.0,0.0,5.0,0.0,3.0
Washington-41067314,86.0,9.0,19.0,171.0,24.0,35.0,16.0,28.0,39.0,285.0,83.0,59.0
Washington-41067315,403.0,10.0,40.0,403.0,107.0,120.0,50.0,49.0,143.0,856.0,242.0,227.0
Washington-41067316,285.0,12.0,36.0,360.0,77.0,122.0,28.0,32.0,100.0,693.0,160.0,199.0
Washington-41067317,294.0,9.0,50.0,502.0,60.0,95.0,43.0,41.0,163.0,855.0,247.0,155.0
Washington-41067318,1225.0,64.0,156.0,956.0,298.0,417.0,91.0,91.0,294.0,2401.0,476.0,715.0
Washington-41067319,3308.0,143.0,329.0,1772.0,643.0,987.0,169.0,142.0,463.0,5552.0,774.0,1630.0
Washington-41067320,1317.0,56.0,145.0,785.0,291.0,414.0,66.0,67.0,171.0,2303.0,304.0,705.0
Washington-41067321,89.0,4.0,25.0,152.0,14.0,56.0,10.0,7.0,34.0,270.0,51.0,70.0
Washington-41067322,92.0,0.0,13.0,103.0,14.0,42.0,9.0,12.0,27.0,208.0,48.0,56.0
Washington-41067323,16.0,0.0,1.0,3.0,5.0,6.0,0.0,0.0,0.0,20.0,0.0,11.0
Washington-41067324,150.0,7.0,35.0,225.0,53.0,58.0,17.0,11.0,67.0,417.0,95.0,111.0
Washington-41067325,3.0,0.0,0.0,0.0,2.0,1.0,0.0,0.0,0.0,3.0,0.0,3.0
Washington-41067326,549.0,24.0,79.0,947.0,144.0,202.0,69.0,54.0,287.0,1599.0,410.0,346.0
Washington-41067327,1713.0,77.0,192.0,1116.0,351.0,478.0,101.0,86.0,318.0,3098.0,505.0,829.0
Washington-41067328,686.0,34.0,97.0,842.0,203.0,232.0,83.0,72.0,246.0,1659.0,401.0,435.0
Washington-41067329,3928.0,176.0,410.0,1830.0,969.0,1107.0,189.0,187.0,520.0,6344.0,896.0,2076.0
Washington-41067330,559.0,30.0,98.0,602.0,123.0,155.0,48.0,22.0,142.0,1289.0,212.0,278.0
Washington-41067331,1350.0,56.0,123.0,520.0,239.0,358.0,35.0,57.0,137.0,2049.0,229.0,597.0
Washington-41067332,1421.0,73.0,141.0,459.0,231.0,485.0,31.0,30.0,99.0,2094.0,160.0,716.0
Washington-41067333,2037.0,100.0,194.0,697.0,350.0,609.0,55.0,51.0,161.0,3028.0,267.0,959.0
Washington-41067334,53.0,2.0,8.0,68.0,11.0,29.0,2.0,2.0,30.0,131.0,34.0,40.0
Washington-41067335,1974.0,71.0,315.0,1496.0,470.0,564.0,157.0,184.0,482.0,3856.0,823.0,1034.0
Washington-41067336,1205.0,53.0,187.0,912.0,288.0,408.0,94.0,68.0,271.0,2357.0,433.0,696.0
Washington-41067337,1800.0,94.0,223.0,1202.0,412.0,530.0,124.0,86.0,307.0,3319.0,517.0,942.0
Washington-41067338,2081.0,95.0,238.0,1440.0,355.0,603.0,122.0,72.0,378.0,3854.0,572.0,958.0
Washington-41067339,2214.0,137.0,289.0,1655.0,550.0,780.0,151.0,108.0,448.0,4295.0,707.0,1330.0
Washington-41067340,2533.0,121.0,344.0,2240.0,665.0,843.0,215.0,180.0,626.0,5238.0,1021.0,1508.0
Washington-41067341,100.0,5.0,9.0,192.0,32.0,41.0,14.0,9.0,58.0,306.0,81.0,73.0
Washington-41067342,18.0,2.0,2.0,29.0,9.0,5.0,5.0,2.0,10.0,51.0,17.0,14.0
Washington-41067343,1952.0,99.0,302.0,1398.0,478.0,568.0,143.0,154.0,423.0,3751.0,720.0,1046.0
Washington-41067344,2059.0,106.0,240.0,1085.0,454.0,725.0,88.0,80.0,269.0,3490.0,437.0,1179.0
Washington-41067345,13.0,0.0,1.0,8.0,6.0,0.0,0.0,0.0,1.0,22.0,1.0,6.0
Washington-41067346,87.0,7.0,13.0,137.0,34.0,31.0,16.0,16.0,44.0,244.0,76.0,65.0
Washington-41067347,24.0,1.0,5.0,26.0,7.0,10.0,1.0,5.0,6.0,56.0,12.0,17.0
Washington-41067348,14.0,0.0,0.0,9.0,6.0,2.0,0.0,3.0,6.0,23.0,9.0,8.0
Washington-41067349,1391.0,82.0,121.0,594.0,247.0,473.0,56.0,59.0,145.0,2188.0,260.0,720.0
Washington-41067350,1729.0,111.0,116.0,694.0,415.0,594.0,64.0,82.0,200.0,2650.0,346.0,1009.0
Washington-41067351,1279.0,61.0,121.0,661.0,236.0,424.0,58.0,45.0,171.0,2122.0,274.0,660.0
Washington-41067352,522.0,43.0,35.0,127.0,81.0,213.0,8.0,7.0,30.0,727.0,45.0,294.0
Washington-41067353,1268.0,76.0,87.0,372.0,321.0,443.0,40.0,41.0,99.0,1803.0,180.0,764.0
Washington-41067354,2116.0,73.0,189.0,1022.0,614.0,663.0,84.0,126.0,352.0,3400.0,562.0,1277.0
Washington-41067355,1677.0,76.0,165.0,764.0,384.0,608.0,74.0,68.0,199.0,2682.0,341.0,992.0
Washington-41067356,907.0,36.0,104.0,460.0,207.0,318.0,46.0,39.0,132.0,1507.0,217.0,525.0
Washington-41067357,757.0,41.0,61.0,401.0,194.0,219.0,49.0,48.0,131.0,1260.0,228.0,413.0
Washington-41067358,1526.0,40.0,135.0,620.0,387.0,359.0,61.0,112.0,198.0,2321.0,371.0,746.0
Washington-41067359,1499.0,35.0,128.0,478.0,314.0,396.0,43.0,67.0,120.0,2140.0,230.0,710.0
Washington-41067360,1693.0,85.0,178.0,645.0,306.0,560.0,59.0,52.0,141.0,2601.0,252.0,866.0
Washington-41067361,1081.0,69.0,81.0,275.0,165.0,378.0,24.0,23.0,73.0,1506.0,120.0,543.0
Washington-41067362,2105.0,82.0,170.0,804.0,587.0,649.0,70.0,136.0,275.0,3161.0,481.0,1236.0
Washington-41067363,2053.0,96.0,190.0,768.0,471.0,630.0,56.0,126.0,232.0,3107.0,414.0,1101.0
Washington-41067364,2684.0,53.0,202.0,969.0,730.0,579.0,81.0,220.0,293.0,3908.0,594.0,1309.0
Washington-41067365,1860.0,45.0,139.0,606.0,591.0,425.0,59.0,121.0,222.0,2650.0,402.0,1016.0
Washington-41067366,1474.0,48.0,112.0,366.0,325.0,478.0,23.0,77.0,127.0,2000.0,227.0,803.0
Washington-41067367,2390.0,37.0,129.0,969.0,536.0,363.0,58.0,139.0,266.0,3525.0,463.0,899.0
Washington-41067368,2131.0,83.0,196.0,865.0,459.0,535.0,93.0,133.0,214.0,3275.0,440.0,994.0
Washington-41067369,939.0,34.0,99.0,489.0,224.0,264.0,58.0,64.0,158.0,1561.0,280.0,488.0
Washington-41067370,1149.0,33.0,115.0,604.0,293.0,327.0,55.0,92.0,200.0,1901.0,347.0,620.0
Washington-41067371,1248.0,42.0,121.0,530.0,322.0,374.0,62.0,115.0,168.0,1941.0,345.0,696.0
Washington-41067372,1109.0,21.0,72.0,368.0,377.0,283.0,29.0,94.0,149.0,1570.0,272.0,660.0
Washington-41067373,133.0,5.0,10.0,118.0,30.0,44.0,15.0,8.0,48.0,266.0,71.0,74.0
Washington-41067374,3.0,0.0,1.0,8.0,1.0,1.0,0.0,0.0,4.0,12.0,4.0,2.0
Washington-41067375,190.0,3.0,11.0,40.0,63.0,33.0,1.0,11.0,15.0,244.0,27.0,96.0
Washington-41067376,1009.0,27.0,101.0,490.0,263.0,297.0,43.0,91.0,131.0,1627.0,265.0,560.0
Washington-41067377,1274.0,31.0,97.0,638.0,349.0,265.0,41.0,130.0,239.0,2040.0,410.0,614.0
Washington-41067378,1229.0,37.0,82.0,284.0,351.0,349.0,26.0,57.0,84.0,1632.0,167.0,700.0
Washington-41067379,3799.0,213.0,308.0,1367.0,844.0,1315.0,124.0,157.0,402.0,5687.0,683.0,2159.0
Washington-41067380,3611.0,151.0,302.0,1646.0,1027.0,1095.0,170.0,231.0,502.0,5710.0,903.0,2122.0
Washington-41067381,48.0,3.0,4.0,34.0,14.0,19.0,4.0,5.0,11.0,89.0,20.0,33.0
Washington-41067382,1145.0,64.0,97.0,510.0,179.0,348.0,33.0,41.0,115.0,1816.0,189.0,527.0
Washington-41067383,657.0,31.0,50.0,202.0,229.0,196.0,18.0,42.0,78.0,940.0,138.0,425.0
Washington-41067384,2089.0,65.0,108.0,554.0,660.0,657.0,64.0,107.0,162.0,2816.0,333.0,1317.0
Washington-41067385,1449.0,58.0,105.0,517.0,450.0,413.0,45.0,145.0,212.0,2129.0,402.0,863.0
Washington-41067386,1846.0,51.0,147.0,525.0,634.0,461.0,61.0,158.0,252.0,2569.0,471.0,1095.0
Washington-41067387,745.0,18.0,48.0,160.0,139.0,162.0,15.0,18.0,46.0,971.0,79.0,301.0
Washington-41067388,518.0,26.0,34.0,209.0,143.0,173.0,16.0,28.0,75.0,787.0,119.0,316.0
Washington-41067389,3201.0,96.0,279.0,1476.0,781.0,862.0,144.0,203.0,453.0,5052.0,800.0,1643.0
Washington-41067390,1182.0,28.0,72.0,629.0,337.0,198.0,67.0,142.0,239.0,1911.0,448.0,535.0
Washington-41067391,206.0,15.0,15.0,42.0,35.0,86.0,1.0,5.0,13.0,278.0,19.0,121.0
Washington-41067392,133.0,5.0,8.0,29.0,25.0,51.0,4.0,4.0,7.0,175.0,15.0,76.0
Washington-41067393,435.0,17.0,22.0,95.0,136.0,130.0,11.0,33.0,31.0,569.0,75.0,266.0
Washington-41067394,144.0,2.0,14.0,75.0,20.0,39.0,2.0,5.0,19.0,235.0,26.0,59.0
Washington-41067395,3583.0,114.0,295.0,1568.0,796.0,931.0,119.0,202.0,486.0,5560.0,807.0,1727.0
Washington-41067396,508.0,13.0,56.0,252.0,134.0,124.0,21.0,43.0,94.0,829.0,158.0,258.0
Washington-41067397,1158.0,25.0,135.0,834.0,314.0,286.0,80.0,138.0,280.0,2152.0,498.0,600.0
Washington-41067398,739.0,12.0,83.0,588.0,196.0,177.0,74.0,86.0,203.0,1422.0,363.0,373.0
Washington-41067399,1277.0,56.0,102.0,535.0,345.0,424.0,38.0,50.0,181.0,1970.0,269.0,769.0
Washington-41067400,1922.0,78.0,177.0,838.0,423.0,612.0,67.0,77.0,253.0,3015.0,397.0,1035.0
Washington-41067401,1166.0,52.0,85.0,305.0,375.0,388.0,38.0,56.0,82.0,1608.0,176.0,763.0
Washington-41067402,3602.0,117.0,412.0,2203.0,924.0,880.0,216.0,309.0,719.0,6334.0,1244.0,1804.0
Washington-41067403,741.0,19.0,75.0,352.0,176.0,167.0,28.0,50.0,99.0,1187.0,177.0,343.0
Washington-41067404,3030.0,132.0,280.0,1399.0,766.0,985.0,147.0,142.0,396.0,4841.0,685.0,1751.0
Washington-41067405,4010.0,116.0,369.0,2212.0,1190.0,1080.0,228.0,371.0,756.0,6707.0,1355.0,2270.0
Washington-41067406,272.0,22.0,16.0,57.0,43.0,107.0,6.0,2.0,11.0,367.0,19.0,150.0
Washington-41067407,1165.0,31.0,76.0,317.0,397.0,278.0,28.0,69.0,120.0,1589.0,217.0,675.0
Washington-41067408,56.0,1.0,2.0,25.0,15.0,11.0,2.0,4.0,6.0,84.0,12.0,26.0
Washington-41067409,2360.0,95.0,205.0,1138.0,569.0,682.0,143.0,122.0,358.0,3798.0,623.0,1251.0
Washington-41067410,1515.0,30.0,136.0,864.0,353.0,369.0,99.0,102.0,276.0,2545.0,477.0,722.0
Washington-41067411,32.0,1.0,4.0,21.0,4.0,8.0,3.0,2.0,9.0,58.0,14.0,12.0
Washington-41067412,980.0,29.0,90.0,523.0,245.0,247.0,48.0,59.0,162.0,1622.0,269.0,492.0
Washington-41067413,512.0,17.0,46.0,292.0,123.0,90.0,18.0,26.0,79.0,867.0,123.0,213.0
Washington-41067414,274.0,1.0,21.0,200.0,68.0,53.0,17.0,21.0,65.0,496.0,103.0,121.0
Washington-41067415,221.0,2.0,21.0,202.0,110.0,40.0,15.0,36.0,110.0,446.0,161.0,150.0
Washington-41067416,5.0,0.0,1.0,15.0,1.0,1.0,2.0,6.0,4.0,21.0,12.0,2.0
Washington-41067417,682.0,31.0,58.0,368.0,205.0,222.0,23.0,39.0,117.0,1139.0,179.0,427.0
Washington-41067418,1086.0,29.0,106.0,541.0,274.0,289.0,71.0,83.0,136.0,1762.0,290.0,563.0
Washington-41067419,912.0,26.0,32.0,603.0,387.0,227.0,75.0,90.0,263.0,1573.0,428.0,614.0
Washington-41067420,1655.0,61.0,190.0,1003.0,410.0,460.0,97.0,124.0,300.0,2909.0,521.0,870.0
Washington-41067421,130.0,8.0,21.0,93.0,28.0,23.0,9.0,12.0,31.0,252.0,52.0,51.0
Washington-41067422,5.0,0.0,0.0,13.0,3.0,2.0,1.0,1.0,2.0,18.0,4.0,5.0
Washington-41067423,1692.0,63.0,172.0,849.0,364.0,518.0,87.0,85.0,247.0,2776.0,419.0,882.0
Washington-41067424,1908.0,64.0,274.0,1597.0,427.0,506.0,148.0,168.0,475.0,3843.0,791.0,933.0
Washington-41067425,395.0,12.0,39.0,446.0,109.0,97.0,36.0,42.0,158.0,892.0,236.0,206.0
Washington-41067426,145.0,6.0,26.0,197.0,44.0,47.0,13.0,30.0,63.0,374.0,106.0,91.0
Washington-41067427,17.0,0.0,2.0,7.0,0.0,4.0,1.0,0.0,2.0,26.0,3.0,4.0
Washington-41067428,732.0,25.0,87.0,493.0,162.0,192.0,30.0,50.0,159.0,1337.0,239.0,354.0
Washington-41067429,1411.0,52.0,171.0,796.0,291.0,372.0,68.0,58.0,213.0,2430.0,339.0,663.0
Washington-41067430,485.0,20.0,63.0,581.0,134.0,164.0,69.0,62.0,179.0,1149.0,310.0,298.0
Washington-41067431,503.0,10.0,60.0,637.0,157.0,159.0,61.0,74.0,190.0,1210.0,325.0,316.0
Washington-41067432,157.0,4.0,18.0,105.0,21.0,44.0,6.0,6.0,20.0,284.0,32.0,65.0
Washington-41067433,1050.0,39.0,149.0,711.0,296.0,285.0,75.0,69.0,197.0,1949.0,341.0,581.0
Washington-41067434,1835.0,77.0,169.0,1024.0,436.0,539.0,109.0,113.0,274.0,3105.0,496.0,975.0
Washington-41067435,1664.0,76.0,226.0,1411.0,414.0,496.0,111.0,170.0,470.0,3377.0,751.0,910.0
Washington-41067436,992.0,14.0,137.0,777.0,272.0,187.0,49.0,123.0,258.0,1920.0,430.0,459.0
Washington-41067437,33.0,0.0,1.0,16.0,11.0,7.0,1.0,4.0,7.0,50.0,12.0,18.0
Washington-41067438,70.0,3.0,17.0,139.0,27.0,25.0,6.0,7.0,36.0,229.0,49.0,52.0
Washington-41067439,240.0,3.0,17.0,125.0,32.0,34.0,9.0,15.0,28.0,385.0,52.0,66.0
Washington-41067440,642.0,32.0,80.0,359.0,106.0,175.0,33.0,23.0,87.0,1113.0,143.0,281.0
Washington-41067441,52.0,0.0,3.0,10.0,11.0,14.0,0.0,0.0,4.0,65.0,4.0,25.0
Washington-41067442,1016.0,26.0,155.0,845.0,212.0,246.0,89.0,81.0,244.0,2042.0,414.0,458.0
Washington-41067443,0.0,0.0,0.0,8.0,0.0,0.0,0.0,0.0,0.0,8.0,0.0,0.0
Washington-41067Total,0.0,0.0,0.0,0.0,37636.0,44573.0,7736.0,9746.0,24916.0,0.0,42398.0,82209.0
Wheeler-410691,85.0,5.0,28.0,251.0,0.0,38.0,28.0,12.0,80.0,369.0,120.0,38.0
Wheeler-410693,42.0,1.0,9.0,153.0,15.0,25.0,9.0,6.0,59.0,205.0,74.0,40.0
Wheeler-410694,28.0,4.0,9.0,187.0,5.0,23.0,15.0,6.0,65.0,228.0,86.0,28.0
Yamhill-410711,796.0,31.0,120.0,0.0,0.0,237.0,112.0,88.0,334.0,947.0,534.0,237.0
Yamhill-4107110,824.0,45.0,149.0,1188.0,226.0,306.0,114.0,70.0,340.0,2206.0,524.0,532.0
Yamhill-4107112,811.0,60.0,136.0,1530.0,239.0,345.0,181.0,101.0,467.0,2537.0,749.0,584.0
Yamhill-4107113,886.0,56.0,168.0,1569.0,285.0,368.0,191.0,123.0,522.0,2679.0,836.0,653.0
Yamhill-4107114,934.0,51.0,144.0,956.0,255.0,325.0,98.0,66.0,274.0,2085.0,438.0,580.0
Yamhill-4107115,937.0,55.0,108.0,905.0,244.0,336.0,119.0,71.0,291.0,2005.0,481.0,580.0
Yamhill-4107116,769.0,34.0,110.0,791.0,207.0,261.0,78.0,56.0,222.0,1704.0,356.0,468.0
Yamhill-4107117,925.0,51.0,118.0,913.0,309.0,300.0,88.0,121.0,266.0,2007.0,475.0,609.0
Yamhill-4107118,1764.0,63.0,171.0,1445.0,623.0,547.0,169.0,219.0,561.0,3443.0,949.0,1170.0
Yamhill-4107119,1383.0,83.0,155.0,997.0,359.0,521.0,124.0,85.0,297.0,2618.0,506.0,880.0
Yamhill-410712,1514.0,84.0,250.0,1603.0,344.0,450.0,166.0,115.0,418.0,3451.0,699.0,794.0
Yamhill-4107120,664.0,35.0,114.0,948.0,229.0,238.0,98.0,107.0,344.0,1761.0,549.0,467.0
Yamhill-4107121,688.0,29.0,131.0,1070.0,203.0,247.0,117.0,72.0,343.0,1918.0,532.0,450.0
Yamhill-4107122,827.0,41.0,164.0,1062.0,185.0,261.0,105.0,67.0,300.0,2094.0,472.0,446.0
Yamhill-4107126,559.0,30.0,101.0,1010.0,154.0,203.0,60.0,35.0,286.0,1700.0,381.0,357.0
Yamhill-4107127,122.0,14.0,35.0,285.0,38.0,57.0,17.0,3.0,79.0,456.0,99.0,95.0
Yamhill-4107128,256.0,22.0,72.0,560.0,61.0,127.0,43.0,24.0,178.0,910.0,245.0,188.0
Yamhill-410713,1524.0,69.0,298.0,1884.0,351.0,475.0,233.0,154.0,507.0,3775.0,894.0,826.0
Yamhill-410714,1212.0,88.0,235.0,1280.0,276.0,453.0,189.0,135.0,347.0,2815.0,671.0,729.0
Yamhill-410717,727.0,35.0,117.0,763.0,189.0,207.0,93.0,61.0,193.0,1642.0,347.0,396.0
Yamhill-410719,1179.0,40.0,178.0,1432.0,364.0,386.0,158.0,130.0,419.0,2829.0,707.0,750.0
