State,Year,Position,Count,Phase,Flag
Alabama,2000,Overall,1665573,General,
Alabama,2000,Overall,489573,Primary,
Alabama,2000,President,1665573,General,
Alabama,2002,Attorney General,1326304,General,
Alabama,2002,Governor,1367053,General,
Alabama,2002,Overall,1367053,General,
Alabama,2002,Overall,411245,Primary,
Alabama,2002,Senate,1353023,General,
Alabama,2002,Secretary of State,1290280,General,
Alabama,2004,Overall,1883415,General,
Alabama,2004,Overall,429140,Primary,
Alabama,2004,President,1883415,General,
Alabama,2004,Senate,1839066,General,
Alabama,2006,Attorney General,1231096,General,
Alabama,2006,Governor,1250401,General,
Alabama,2006,Overall,1250401,General,
Alabama,2006,Overall,926556,Primary,
Alabama,2006,Secretary of State,1204136,General,
Alabama,2008,Overall,2096114,General,
Alabama,2008,Overall,1088835,Primary,Presidential Primary
Alabama,2008,President,2096114,General,
Alabama,2008,Senate,2060191,General,
Alabama,2010,Attorney General,1476075,General,
Alabama,2010,Governor,1486182,General,
Alabama,2010,Overall,1503232,General,
Alabama,2010,Overall,811227,Primary,
Alabama,2010,Senate,1485499,General,
Alabama,2010,Secretary of State,1451133,General,
Alabama,2012,Overall,2074338,General,
Alabama,2012,Overall,644546,Primary,
Alabama,2012,President,2070353,General,
Alabama,2014,Attorney General,1167901,General,
Alabama,2014,Governor,1180413,General,
Alabama,2014,Overall,1191274,General,
Alabama,2014,Overall,615183,Primary,
Alabama,2014,Senate,818090,General,
Alabama,2014,Secretary of State,1140942,General,
Alabama,2016,Overall,2137482,General,
Alabama,2016,Overall,1269751,Primary,
Alabama,2016,President,2132372,General,
Alabama,2016,Senate,2087444,General,
Alabama,2017,Senate,1348720,General,
Alabama,2018,Attorney General,1708437,General,
Alabama,2018,Governor,1719589,General,
Alabama,2018,Overall,1725877,General,
Alabama,2018,Overall,864306,Primary,
Alabama,2018,Secretary of State,1692026,General,
Alabama,2020,Overall,2329114,General,
Alabama,2020,Overall,1176315,Primary,
Alabama,2020,President,2323282,General,
Alabama,2020,Senate,2316445,General,
Alabama,2022,Attorney General,1407188,General,
Alabama,2022,Governor,1415283,General,
Alabama,2022,Overall,1419718,General,
Alabama,2022,Overall,849733,Primary,
Alabama,2022,Senate,1414238,General,
Alabama,2022,Secretary of State,1404403,General,
Alaska,2000,Overall,287825,General,
Alaska,2000,Overall,78693,Primary,Statewide Primary
Alaska,2000,President,285560,General,
Alaska,2002,Governor,231484,General,
Alaska,2002,Overall,232852,General,
Alaska,2002,Overall,105737,Primary,
Alaska,2002,Senate,229548,General,
Alaska,2004,Overall,313592,General,
Alaska,2004,Overall,129681,Primary,Statewide Primary
Alaska,2004,President,312598,General,
Alaska,2004,Senate,307371,General,
Alaska,2006,Governor,237322,General,
Alaska,2006,Overall,238213,General,
Alaska,2006,Overall,160217,Primary,
Alaska,2008,Overall,327341,General,
Alaska,2008,Overall,194416,Primary,Statewide Primary
Alaska,2008,President,326197,General,
Alaska,2008,Senate,317723,General,
Alaska,2010,Governor,256192,General,
Alaska,2010,Overall,258746,General,
Alaska,2010,Overall,164678,Primary,
Alaska,2010,Senate,255962,General,
Alaska,2012,Overall,301694,General,
Alaska,2012,Overall,126407,Primary,Statewide Primary
Alaska,2012,President,300495,General,
Alaska,2014,Governor,279958,General,
Alaska,2014,Overall,285449,General,
Alaska,2014,Overall,194039,Primary,
Alaska,2014,Senate,282400,General,
Alaska,2016,Overall,321271,General,
Alaska,2016,Overall,89193,Primary,Statewide Primary
Alaska,2016,President,318608,General,
Alaska,2016,Senate,311441,General,
Alaska,2018,Governor,283134,General,
Alaska,2018,Overall,285009,General,
Alaska,2018,Overall,116465,Primary,
Alaska,2020,Overall,361400,General,
Alaska,2020,Overall,134934,Primary,Statewide Primary
Alaska,2020,President,359530,General,
Alaska,2020,Senate,354587,General,
Alaska,2022,Governor,263752,General,
Alaska,2022,Overall,267047,General,
Alaska,2022,Overall,193008,Primary,
Alaska,2022,Senate,261705,General,
Arizona,2000,Overall,1559520,General,
Arizona,2000,Overall,486836,Primary,Statewide Primary
Arizona,2000,President,1532016,General,
Arizona,2000,Senate,1397076,General,
Arizona,2002,Attorney General,1201343,General,
Arizona,2002,Governor,1226111,General,
Arizona,2002,Overall,1255615,General,
Arizona,2002,Overall,557437,Primary,
Arizona,2002,Secretary of State,1184562,General,
Arizona,2004,Overall,2038069,General,
Arizona,2004,Overall,602888,Primary,Statewide Primary
Arizona,2004,President,2012585,General,
Arizona,2004,Senate,1961677,General,
Arizona,2006,Attorney General,1494324,General,
Arizona,2006,Governor,1533645,General,
Arizona,2006,Overall,1553032,General,
Arizona,2006,Overall,584526,Primary,
Arizona,2006,Senate,1526782,General,
Arizona,2006,Secretary of State,1483168,General,
Arizona,2008,Overall,2320851,General,
Arizona,2008,Overall,998393,Primary,Presidential Primary
Arizona,2008,President,2293475,General,
Arizona,2010,Attorney General,1677668,General,
Arizona,2010,Governor,1728081,General,
Arizona,2010,Overall,1750840,General,
Arizona,2010,Overall,933650,Primary,
Arizona,2010,Senate,1708484,General,
Arizona,2010,Secretary of State,1661065,General,
Arizona,2012,Overall,2323579,General,
Arizona,2012,Overall,870875,Primary,Statewide Primary
Arizona,2012,President,2299254,General,
Arizona,2012,Senate,2243422,General,
Arizona,2014,Attorney General,1478680,General,
Arizona,2014,Governor,1506416,General,
Arizona,2014,Overall,1537671,General,
Arizona,2014,Overall,877270,Primary,
Arizona,2014,Secretary of State,1492144,General,
Arizona,2016,Overall,2661497,General,
Arizona,2016,Overall,1095111,Primary,Presidential Primary
Arizona,2016,President,2573165,General,
Arizona,2016,Senate,2530730,General,
Arizona,2018,Attorney General,2322470,General,
Arizona,2018,Governor,2376411,General,
Arizona,2018,Overall,2409910,General,
Arizona,2018,Overall,1208113,Primary,
Arizona,2018,Senate,2384288,General,
Arizona,2018,Secretary of State,2332685,General,
Arizona,2020,Overall,3420565,General,
Arizona,2020,Overall,1452089,Primary,Statewide Primary
Arizona,2020,President,3387326,General,
Arizona,2020,Senate,3355317,General,Special Election
Arizona,2022,Attorney General,2509133,General,
Arizona,2022,Governor,2559455,General,
Arizona,2022,Overall,2592313,General,
Arizona,2022,Overall,1457635,Primary,
Arizona,2022,Senate,2572294,General,
Arizona,2022,Secretary of State,2521030,General,
Arkansas,2000,Overall,921781,General,
Arkansas,2000,Overall,291473,Primary,
Arkansas,2000,President,921781,General,
Arkansas,2002,Governor,805696,General,
Arkansas,2002,Overall,805696,General,
Arkansas,2002,Overall,805696,Primary,
Arkansas,2002,Senate,803959,General,
Arkansas,2002,Secretary of State,792914,General,
Arkansas,2004,Overall,1054945,General,
Arkansas,2004,Overall,306530,Primary,
Arkansas,2004,President,1054945,General,
Arkansas,2004,Senate,1039349,General,
Arkansas,2006,Attorney General,758460,General,
Arkansas,2006,Governor,774680,General,
Arkansas,2006,Overall,774680,General,
Arkansas,2006,Overall,340088,Primary,
Arkansas,2006,Secretary of State,761087,General,
Arkansas,2008,Overall,1086617,General,
Arkansas,2008,Overall,544170,Primary,Presidential Primary
Arkansas,2008,President,1086617,General,
Arkansas,2008,Senate,1011754,General,
Arkansas,2010,Attorney General,716186,General,
Arkansas,2010,Governor,780633,General,
Arkansas,2010,Overall,789773,General,
Arkansas,2010,Overall,471615,Primary,
Arkansas,2010,Senate,779957,General,
Arkansas,2010,Secretary of State,757486,General,
Arkansas,2012,Overall,1078548,General,
Arkansas,2012,Overall,336458,Primary,
Arkansas,2012,President,1069468,General,
Arkansas,2014,Attorney General,834724,General,
Arkansas,2014,Governor,848592,General,
Arkansas,2014,Overall,852642,General,
Arkansas,2014,Overall,346328,Primary,
Arkansas,2014,Senate,847505,General,
Arkansas,2014,Secretary of State,835421,General,
Arkansas,2016,Overall,1137772,General,
Arkansas,2016,Overall,644523,Primary,
Arkansas,2016,President,1130676,General,
Arkansas,2016,Senate,1107522,General,
Arkansas,2018,Attorney General,889419,General,
Arkansas,2018,Governor,891509,General,
Arkansas,2018,Overall,898793,General,
Arkansas,2018,Overall,327629,Primary,
Arkansas,2018,Secretary of State,886545,General,
Arkansas,2020,Overall,1223777,General,
Arkansas,2020,Overall,487409,Primary,
Arkansas,2020,President,1219069,General,
Arkansas,2020,Senate,1193261,General,
Arkansas,2022,Attorney General,895968,General,
Arkansas,2022,Governor,907037,General,
Arkansas,2022,Overall,914227,General,
Arkansas,2022,Overall,457856,Primary,
Arkansas,2022,Senate,901306,General,
Arkansas,2022,Secretary of State,895164,General,
California,2000,Overall,11142843,General,
California,2000,Overall,7883385,Primary,
California,2000,President,10965856,General,
California,2000,Senate,10623584,General,
California,2002,Attorney General,7241717,General,
California,2002,Governor,7476311,General,
California,2002,Overall,7738821,General,
California,2002,Overall,5286204,Primary,
California,2002,Secretary of State,7738781,General,
California,2004,Overall,12589683,General,
California,2004,Overall,6684421,Primary,
California,2004,President,12421353,General,
California,2004,Senate,12053295,General,
California,2006,Attorney General,8450009,General,
California,2006,Governor,8679416,General,
California,2006,Overall,8899059,General,
California,2006,Overall,5269142,Primary,
California,2006,Secretary of State,8385573,General,
California,2008,Overall,13743177,General,
California,2008,Overall,9068415,Primary,Presidential Primary
California,2008,President,13561900,General,
California,2010,Attorney General,9893859,General,
California,2010,Governor,10095185,General,
California,2010,Overall,10300392,General,
California,2010,Overall,5654993,Primary,
California,2010,Senate,9999860,General,
California,2010,Secretary of State,9599307,General,
California,2012,Overall,13202158,General,
California,2012,Overall,5328296,Primary,
California,2012,President,13038545,General,
California,2012,Senate,12578509,General,
California,2014,Attorney General,7136125,General,
California,2014,Governor,7317581,General,
California,2014,Overall,7513972,General,
California,2014,Overall,4461346,Primary,
California,2014,Secretary of State,7085045,General,
California,2016,Overall,14610509,General,
California,2016,Overall,8548301,Primary,
California,2016,President,14181595,General,
California,2016,Senate,12244170,General,
California,2018,Attorney General,12256330,General,
California,2018,Governor,12464235,General,
California,2018,Overall,12712542,General,
California,2018,Overall,7141987,Primary,
California,2018,Senate,11113364,General,
California,2018,Secretary of State,12272066,General,
California,2020,Overall,17785151,General,
California,2020,Overall,9687076,Primary,
California,2020,President,17500881,General,
California,2022,Attorney General,10729869,General,
California,2022,Governor,10933018,General,
California,2022,Overall,11146620,General,
California,2022,Overall,7285230,Primary,
California,2022,Senate,10843650,General,
California,2022,Secretary of State,10760694,General,
Colorado,2000,Overall,1765462,General,
Colorado,2000,Overall,297515,Primary,Presidential Primary
Colorado,2000,President,1741365,General,
Colorado,2000,Secretary of State,1611417,General,Special Election
Colorado,2002,Attorney General,1386805,General,
Colorado,2002,Governor,1412602,General,
Colorado,2002,Overall,1432811,General,
Colorado,2002,Senate,1416081,General,
Colorado,2002,Secretary of State,1356561,General,
Colorado,2004,Overall,2140588,General,
Colorado,2004,Overall,531713,Primary,Presidential Primary
Colorado,2004,President,2130325,General,
Colorado,2004,Senate,2107543,General,
Colorado,2006,Attorney General,1503922,General,
Colorado,2006,Governor,1558277,General,
Colorado,2006,Overall,1586105,General,
Colorado,2006,Overall,396697,Primary,
Colorado,2006,Secretary of State,1520935,General,
Colorado,2008,Overall,2422236,General,
Colorado,2008,Overall,433439,Primary,Statewide Primary
Colorado,2008,President,2401462,General,
Colorado,2008,Senate,2331712,General,
Colorado,2010,Attorney General,1708849,General,
Colorado,2010,Governor,1793148,General,
Colorado,2010,Overall,1821028,General,
Colorado,2010,Overall,774071,Primary,
Colorado,2010,Senate,1777668,General,
Colorado,2010,Secretary of State,1722096,General,
Colorado,2012,Overall,2596173,General,
Colorado,2012,Overall,530119,Primary,Statewide Primary
Colorado,2012,President,2569522,General,
Colorado,2014,Attorney General,1949553,General,
Colorado,2014,Governor,2041605,General,
Colorado,2014,Overall,2075837,General,
Colorado,2014,Overall,634181,Primary,
Colorado,2014,Senate,2041058,General,
Colorado,2014,Secretary of State,1969834,General,
Colorado,2016,Overall,2855960,General,
Colorado,2016,Overall,644723,Primary,Statewide Primary
Colorado,2016,President,2780247,General,
Colorado,2016,Senate,2743029,General,
Colorado,2018,Attorney General,2491954,General,
Colorado,2018,Governor,2525062,General,
Colorado,2018,Overall,2566784,General,
Colorado,2018,Overall,1161574,Primary,
Colorado,2018,Secretary of State,2492635,General,
Colorado,2020,Overall,3291661,General,
Colorado,2020,Overall,1806325,Primary,Statewide Primary
Colorado,2020,President,3256980,General,
Colorado,2020,Senate,3235790,General,
Colorado,2022,Attorney General,2466328,General,
Colorado,2022,Governor,2508830,General,
Colorado,2022,Overall,2540666,General,
Colorado,2022,Overall,1217515,Primary,
Colorado,2022,Senate,2500201,General,
Colorado,2022,Secretary of State,2484758,General,
Connecticut,2000,Overall,1474103,General,
Connecticut,2000,Overall,359479,Primary,Presidential Primary
Connecticut,2000,President,1459471,General,
Connecticut,2000,Senate,1311261,General,
Connecticut,2002,Attorney General,963225,General,
Connecticut,2002,Governor,1022942,General,
Connecticut,2002,Overall,1043792,General,
Connecticut,2002,Secretary of State,952164,General,
Connecticut,2004,Overall,1607808,General,
Connecticut,2004,Overall,192206,Primary,Statewide Primary
Connecticut,2004,President,1578757,General,
Connecticut,2004,Senate,1424726,General,
Connecticut,2006,Attorney General,1055937,General,
Connecticut,2006,Governor,1123412,General,
Connecticut,2006,Overall,1162391,General,
Connecticut,2006,Overall,542271,Primary,
Connecticut,2006,Senate,1134697,General,
Connecticut,2006,Secretary of State,1044871,General,
Connecticut,2008,Overall,1646797,General,
Connecticut,2008,Overall,507166,Primary,Presidential Primary
Connecticut,2008,President,1646797,General,
Connecticut,2010,Attorney General,1101794,General,
Connecticut,2010,Governor,1145781,General,
Connecticut,2010,Overall,1163320,General,
Connecticut,2010,Overall,307729,Primary,
Connecticut,2010,Senate,1152391,General,
Connecticut,2010,Secretary of State,1105203,General,
Connecticut,2012,Overall,1560640,General,
Connecticut,2012,Overall,253673,Primary,Statewide Primary
Connecticut,2012,President,1558042,General,
Connecticut,2012,Senate,1504895,General,
Connecticut,2014,Attorney General,1040455,General,
Connecticut,2014,Governor,1092065,General,
Connecticut,2014,Overall,1096556,General,
Connecticut,2014,Overall,79426,Primary,
Connecticut,2014,Secretary of State,1047096,General,
Connecticut,2016,Overall,1675955,General,
Connecticut,2016,Overall,542271,Primary,Presidential Primary
Connecticut,2016,President,1642304,General,
Connecticut,2016,Senate,1596238,General,
Connecticut,2018,Attorney General,1363058,General,
Connecticut,2018,Governor,1406803,General,
Connecticut,2018,Overall,1422836,General,
Connecticut,2018,Overall,365922,Primary,
Connecticut,2018,Senate,1386840,General,
Connecticut,2018,Secretary of State,1367676,General,
Connecticut,2020,Overall,1861086,General,
Connecticut,2020,Overall,1231447,Primary,
Connecticut,2020,President,1823910,General,
Connecticut,2022,Attorney General,1250913,General,
Connecticut,2022,Governor,1268893,General,
Connecticut,2022,Overall,1297811,General,
Connecticut,2022,Overall,207924,Primary,
Connecticut,2022,Senate,1259887,General,
Connecticut,2022,Secretary of State,1245420,General,
Delaware,2000,Governor,323569,General,
Delaware,2000,Overall,333053,General,
Delaware,2000,President,327529,General,
Delaware,2000,Senate,326993,General,
Delaware,2002,Attorney General,228557,General,
Delaware,2002,Overall,232497,General,
Delaware,2002,Senate,232314,General,
Delaware,2004,Governor,364759,General,
Delaware,2004,Overall,377383,General,
Delaware,2004,President,374836,General,
Delaware,2006,Attorney General,253214,General,
Delaware,2006,Overall,258053,General,
Delaware,2006,Senate,242972,General,
Delaware,2008,Governor,395204,General,
Delaware,2008,Overall,413562,General,
Delaware,2008,President,412412,General,
Delaware,2008,Senate,398134,General,
Delaware,2010,Attorney General,258434,General,
Delaware,2010,Overall,310946,General,
Delaware,2010,Senate,307367,General,Special Election
Delaware,2012,Governor,398029,General,
Delaware,2012,Overall,417631,General,
Delaware,2012,President,413890,General,
Delaware,2012,Senate,399606,General,
Delaware,2014,Attorney General,230129,General,
Delaware,2014,Overall,236923,General,
Delaware,2014,Senate,234038,General,
Delaware,2016,Governor,425784,General,
Delaware,2016,Overall,445228,General,
Delaware,2016,President,441590,General,
Delaware,2018,Attorney General,356081,General,
Delaware,2018,Overall,365467,General,
Delaware,2018,Senate,362592,General,
Delaware,2020,Governor,492635,General,
Delaware,2020,Overall,509241,General,
Delaware,2020,Overall,177547,Primary,Statewide Primary
Delaware,2020,President,504010,General,
Delaware,2020,Senate,490935,General,
Delaware,2022,Attorney General,319206,General,
Delaware,2022,Overall,325632,General,
Delaware,2022,Overall,75040,Primary,
Florida,2000,Overall,6138765,General,
Florida,2000,Overall,2070501,Primary,Statewide Primary
Florida,2000,President,5964913,General,
Florida,2000,Senate,5856731,General,
Florida,2002,Attorney General,4935765,General,
Florida,2002,Governor,5100581,General,
Florida,2002,Overall,5143674,General,
Florida,2002,Overall,2626780,Primary,
Florida,2004,Overall,7640319,General,
Florida,2004,Overall,2569919,Primary,Statewide Primary
Florida,2004,President,7609810,General,
Florida,2004,Senate,7429894,General,
Florida,2006,Attorney General,4645967,General,
Florida,2006,Governor,4829270,General,
Florida,2006,Overall,4884544,General,
Florida,2006,Overall,2042591,Primary,
Florida,2006,Senate,4793534,General,
Florida,2008,Overall,8456329,General,
Florida,2008,Overall,4268602,Primary,Presidential Primary
Florida,2008,President,8390744,General,
Florida,2010,Attorney General,5263392,General,
Florida,2010,Governor,5359735,General,
Florida,2010,Overall,5460573,General,
Florida,2010,Overall,2449807,Primary,
Florida,2010,Senate,5411088,General,
Florida,2012,Overall,8538264,General,
Florida,2012,Overall,2342798,Primary,Statewide Primary
Florida,2012,President,8474179,General,
Florida,2012,Senate,8189940,General,
Florida,2014,Attorney General,5849235,General,
Florida,2014,Governor,5951561,General,
Florida,2014,Overall,6027674,General,
Florida,2014,Overall,2079354,Primary,
Florida,2016,Overall,9580489,General,
Florida,2016,Overall,4089516,Primary,Presidential Primary
Florida,2016,President,9420039,General,
Florida,2016,Senate,9301820,General,
Florida,2018,Attorney General,8122740,General,
Florida,2018,Governor,8220561,General,
Florida,2018,Overall,8305929,General,
Florida,2018,Overall,3574032,Primary,
Florida,2018,Senate,8190005,General,
Florida,2020,Overall,11144855,General,
Florida,2020,Overall,3896493,Primary,Statewide Primary
Florida,2020,President,11067456,General,
Florida,2022,Attorney General,7677222,General,
Florida,2022,Governor,7771399,General,
Florida,2022,Overall,7796916,General,
Florida,2022,Overall,3701549,Primary,
Florida,2022,Senate,7757954,General,
Georgia,2000,Overall,2655325,General,
Georgia,2000,Overall,927619,Primary,Presidential Primary
Georgia,2000,President,2583208,General,
Georgia,2000,Senate,2428242,General,Special Election
Georgia,2002,Attorney General,1968730,General,
Georgia,2002,Governor,2025861,General,
Georgia,2002,Overall,1102611,Primary,
Georgia,2002,Senate,2029991,General,
Georgia,2002,Secretary of State,2004840,General,
Georgia,2004,Overall,3317336,General,
Georgia,2004,Overall,790398,Primary,Statewide Primary
Georgia,2004,President,3298798,General,
Georgia,2004,Senate,3220951,General,
Georgia,2006,Attorney General,2073654,General,
Georgia,2006,Governor,2122185,General,
Georgia,2006,Overall,2134908,General,
Georgia,2006,Overall,912358,Primary,
Georgia,2006,Secretary of State,2063298,General,
Georgia,2008,Overall,3934388,General,
Georgia,2008,Overall,2024392,Primary,Presidential Primary
Georgia,2008,President,3924486,General,
Georgia,2008,Senate,3752485,General,
Georgia,2010,Attorney General,2551722,General,
Georgia,2010,Governor,2576161,General,
Georgia,2010,Overall,2662527,General,
Georgia,2010,Overall,1075966,Primary,
Georgia,2010,Senate,2555258,General,
Georgia,2010,Secretary of State,2552722,General,
Georgia,2012,Overall,3908500,General,
Georgia,2012,Overall,1645653,Primary,Statewide Primary
Georgia,2012,President,3897839,General,
Georgia,2014,Attorney General,2524255,General,
Georgia,2014,Governor,2529062,General,
Georgia,2014,Overall,2596947,General,
Georgia,2014,Overall,987618,Primary,
Georgia,2014,Senate,2567761,General,
Georgia,2014,Secretary of State,2527655,General,
Georgia,2016,Overall,4165405,General,
Georgia,2016,Overall,2061330,Primary,Presidential Primary
Georgia,2016,President,4092373,General,
Georgia,2016,Senate,3897792,General,
Georgia,2018,Attorney General,3862370,General,
Georgia,2018,Governor,3939328,General,
Georgia,2018,Overall,3949905,General,
Georgia,2018,Overall,1162530,Primary,
Georgia,2018,Secretary of State,3883594,General,
Georgia,2018,Secretary of State,1473904,General,Runoff
Georgia,2020,Overall,5023159,General,
Georgia,2020,Overall,2034081,Primary,
Georgia,2020,President,4998482,General,
Georgia,2020,Senate,4952175,General,
Georgia,2020,Senate,4914361,General,Special Election
Georgia,2020,Senate,4484902,General,Runoff
Georgia,2020,Senate,4484954,General,Runoff
Georgia,2022,Attorney General,3919044,General,
Georgia,2022,Governor,3953408,General,
Georgia,2022,Overall,3964926,General,
Georgia,2022,Overall,1931910,Primary,
Georgia,2022,Senate,3935924,General,
Georgia,2022,Senate,3541877,General,Special Election
Georgia,2022,Secretary of State,3910047,General,
Hawaii,2000,Overall,371033,General,
Hawaii,2000,Overall,250848,Primary,Statewide Primary
Hawaii,2000,President,367951,General,
Hawaii,2000,Senate,345623,General,
Hawaii,2002,Governor,382110,General,
Hawaii,2002,Overall,385462,General,
Hawaii,2002,Overall,274517,Primary,
Hawaii,2004,Overall,431662,General,
Hawaii,2004,Overall,248731,Primary,Statewide Primary
Hawaii,2004,President,429013,General,
Hawaii,2004,Senate,415347,General,
Hawaii,2006,Governor,344315,General,
Hawaii,2006,Overall,348988,General,
Hawaii,2006,Overall,276693,Primary,
Hawaii,2006,Senate,342842,General,
Hawaii,2008,Overall,456064,General,
Hawaii,2008,Overall,246299,Primary,Statewide Primary
Hawaii,2008,President,453568,General,
Hawaii,2010,Governor,382562,General,
Hawaii,2010,Overall,385464,General,
Hawaii,2010,Overall,293016,Primary,
Hawaii,2010,Senate,370583,General,
Hawaii,2012,Overall,436683,General,
Hawaii,2012,Overall,290766,Primary,Statewide Primary
Hawaii,2012,President,434697,General,
Hawaii,2012,Senate,430483,General,
Hawaii,2014,Governor,366210,General,
Hawaii,2014,Overall,369642,General,
Hawaii,2014,Overall,289398,Primary,
Hawaii,2014,Senate,353774,General,Special Election
Hawaii,2016,Overall,437664,General,
Hawaii,2016,Overall,252725,Primary,Statewide Primary
Hawaii,2016,President,428937,General,
Hawaii,2016,Senate,416562,General,
Hawaii,2018,Governor,390843,General,
Hawaii,2018,Overall,398657,General,
Hawaii,2018,Overall,286180,Primary,
Hawaii,2018,Senate,388351,General,
Hawaii,2020,Overall,579784,General,
Hawaii,2020,Overall,407190,Primary,Statewide Primary
Hawaii,2020,President,574469,General,
Hawaii,2022,Governor,413262,General,
Hawaii,2022,Overall,419365,General,
Hawaii,2022,Overall,340159,Primary,
Hawaii,2022,Senate,408517,General,
Idaho,2000,Overall,516647,General,
Idaho,2000,Overall,210562,Primary,
Idaho,2000,President,501614,General,
Idaho,2002,Attorney General,399204,General,
Idaho,2002,Governor,411477,General,
Idaho,2002,Overall,416533,General,
Idaho,2002,Overall,202270,Primary,
Idaho,2002,Senate,408544,General,
Idaho,2002,Secretary of State,383626,General,
Idaho,2004,Overall,612786,General,
Idaho,2004,Overall,172006,Primary,
Idaho,2004,President,598447,General,
Idaho,2004,Senate,503932,General,
Idaho,2006,Attorney General,433557,General,
Idaho,2006,Governor,450832,General,
Idaho,2006,Overall,458927,General,
Idaho,2006,Overall,184456,Primary,
Idaho,2006,Secretary of State,364871,General,
Idaho,2008,Overall,667499,General,
Idaho,2008,Overall,182627,Primary,
Idaho,2008,President,655116,General,
Idaho,2008,Senate,644777,General,
Idaho,2010,Attorney General,367737,General,
Idaho,2010,Governor,452535,General,
Idaho,2010,Overall,457748,General,
Idaho,2010,Overall,203015,Primary,
Idaho,2010,Senate,449530,General,
Idaho,2010,Secretary of State,439617,General,
Idaho,2012,Overall,666290,General,
Idaho,2012,Overall,186531,Primary,Statewide Primary
Idaho,2012,President,652346,General,
Idaho,2014,Attorney General,425753,General,
Idaho,2014,Governor,439311,General,
Idaho,2014,Overall,445307,General,
Idaho,2014,Overall,196982,Primary,
Idaho,2014,Senate,437170,General,
Idaho,2014,Secretary of State,430204,General,
Idaho,2016,Overall,710545,General,
Idaho,2016,Overall,227196,Primary,Presidential Primary
Idaho,2016,President,690433,General,
Idaho,2016,Senate,678943,General,
Idaho,2018,Attorney General,588074,General,
Idaho,2018,Governor,605131,General,
Idaho,2018,Overall,612536,General,
Idaho,2018,Overall,269467,Primary,
Idaho,2018,Secretary of State,592691,General,
Idaho,2020,Overall,878527,General,
Idaho,2020,Overall,330118,Primary,Statewide Primary
Idaho,2020,President,867281,General,
Idaho,2020,Senate,859827,General,
Idaho,2022,Attorney General,586984,General,
Idaho,2022,Governor,592624,General,
Idaho,2022,Overall,599496,General,
Idaho,2022,Overall,328244,Primary,
Idaho,2022,Senate,590890,General,
Idaho,2022,Secretary of State,580912,General,
Illinois,2000,Overall,4932192,General,
Illinois,2000,Overall,1748279,Primary,
Illinois,2000,President,4742123,General,
Illinois,2002,Attorney General,3498901,General,
Illinois,2002,Governor,3538891,General,
Illinois,2002,Overall,3653060,General,
Illinois,2002,Overall,2321875,Primary,
Illinois,2002,Senate,3486851,General,
Illinois,2002,Secretary of State,3520683,General,
Illinois,2004,Overall,5350493,General,
Illinois,2004,Overall,2067824,Primary,
Illinois,2004,President,5274322,General,
Illinois,2004,Senate,5141520,General,
Illinois,2006,Attorney General,3479812,General,
Illinois,2006,Governor,3487989,General,
Illinois,2006,Overall,3587676,General,
Illinois,2006,Overall,1804624,Primary,
Illinois,2006,Secretary of State,3509849,General,
Illinois,2008,Overall,5577509,General,
Illinois,2008,Overall,2986982,Primary,
Illinois,2008,President,5522371,General,
Illinois,2008,Senate,5329884,General,
Illinois,2010,Attorney General,3704686,General,
Illinois,2010,Governor,3729989,General,
Illinois,2010,Overall,3792770,General,
Illinois,2010,Overall,1758489,Primary,
Illinois,2010,Senate,3704473,General,
Illinois,2010,Secretary of State,3707224,General,
Illinois,2012,Overall,5279752,General,
Illinois,2012,Overall,1694317,Primary,
Illinois,2012,President,5242014,General,
Illinois,2014,Attorney General,3603224,General,
Illinois,2014,Governor,3627690,General,
Illinois,2014,Overall,3680417,General,
Illinois,2014,Overall,1357807,Primary,
Illinois,2014,Senate,3603519,General,
Illinois,2014,Secretary of State,3614608,General,
Illinois,2016,Overall,5666118,General,
Illinois,2016,Overall,3569960,Primary,
Illinois,2016,President,5536424,General,
Illinois,2016,Senate,5491878,General,
Illinois,2018,Attorney General,4548409,General,
Illinois,2018,Governor,4547657,General,
Illinois,2018,Overall,4635541,General,
Illinois,2018,Overall,2103634,Primary,
Illinois,2018,Secretary of State,4570842,General,
Illinois,2020,Overall,6098729,General,
Illinois,2020,Overall,2279439,Primary,
Illinois,2020,President,6033744,General,
Illinois,2020,Senate,5968901,General,
Illinois,2022,Attorney General,4083552,General,
Illinois,2022,Governor,4104636,General,
Illinois,2022,Overall,4144125,General,
Illinois,2022,Overall,1757872,Primary,
Illinois,2022,Senate,4098896,General,
Illinois,2022,Secretary of State,4090948,General,
Indiana,2000,Attorney General,2101935,General,
Indiana,2000,Governor,2179268,General,
Indiana,2000,Overall,2199302,General,
Indiana,2000,President,2199302,General,
Indiana,2000,Senate,2145209,General,
Indiana,2000,Secretary of State,1532322,General,
Indiana,2002,Overall,1557903,General,
Indiana,2002,Overall,861560,Primary,
Indiana,2002,Secretary of State,1477614,General,
Indiana,2004,Attorney General,2388352,General,
Indiana,2004,Governor,2448498,General,
Indiana,2004,Overall,2512142,General,
Indiana,2004,Overall,887592,Primary,
Indiana,2004,President,2468002,General,
Indiana,2004,Senate,2428233,General,
Indiana,2006,Overall,1734428,General,
Indiana,2006,Overall,850734,Primary,
Indiana,2006,Senate,1341111,General,
Indiana,2006,Secretary of State,1637098,General,
Indiana,2008,Attorney General,2598431,General,
Indiana,2008,Governor,2703752,General,
Indiana,2008,Overall,2805986,General,
Indiana,2008,Overall,1725951,Primary,
Indiana,2008,President,2751054,General,
Indiana,2010,Overall,1786213,General,
Indiana,2010,Overall,892403,Primary,
Indiana,2010,Senate,1744481,General,
Indiana,2010,Secretary of State,1744481,General,
Indiana,2012,Attorney General,2504838,General,
Indiana,2012,Governor,2577329,General,
Indiana,2012,Overall,2663368,General,
Indiana,2012,Overall,957510,Primary,
Indiana,2012,President,2624534,General,
Indiana,2012,Senate,2560102,General,
Indiana,2014,Overall,1388965,General,
Indiana,2014,Overall,617156,Primary,
Indiana,2014,Secretary of State,1334995,General,
Indiana,2016,Attorney General,2637774,General,
Indiana,2016,Governor,2716968,General,
Indiana,2016,Overall,2807676,General,
Indiana,2016,Overall,1771753,Primary,
Indiana,2016,President,2734966,General,
Indiana,2016,Senate,2732546,General,
Indiana,2018,Overall,2299619,General,
Indiana,2018,Overall,867030,Primary,
Indiana,2018,Senate,2287947,General,
Indiana,2018,Secretary of State,2252129,General,
Indiana,2020,Attorney General,2951624,General,
Indiana,2020,Governor,3020388,General,
Indiana,2020,Overall,3068542,General,
Indiana,2020,Overall,1084429,Primary,
Indiana,2020,President,3033210,General,
Indiana,2022,Overall,1881560,General,
Indiana,2022,Overall,664633,Primary,
Indiana,2022,Senate,1860154,General,
Indiana,2022,Secretary of State,1846879,General,
Iowa,2000,Overall,202215,Primary,Statewide Primary
Iowa,2000,President,1315563,General,
Iowa,2002,Attorney General,993663,General,
Iowa,2002,Governor,1025802,General,
Iowa,2002,Overall,1040201,General,
Iowa,2002,Overall,303656,Primary,
Iowa,2002,Senate,1023075,General,
Iowa,2002,Secretary of State,985041,General,
Iowa,2004,Overall,1521966,General,
Iowa,2004,Overall,164404,Primary,Statewide Primary
Iowa,2004,President,1506908,General,
Iowa,2004,Senate,1479228,General,
Iowa,2006,Attorney General,753844,General,
Iowa,2006,Governor,1053255,General,
Iowa,2006,Overall,237727,Primary,
Iowa,2006,Secretary of State,1009952,General,
Iowa,2008,Overall,1546453,General,
Iowa,2008,Overall,191681,Primary,Statewide Primary
Iowa,2008,President,1542195,General,
Iowa,2008,Senate,1534762,General,
Iowa,2010,Attorney General,1094633,General,
Iowa,2010,Governor,1122013,General,
Iowa,2010,Overall,1133434,General,
Iowa,2010,Overall,302950,Primary,
Iowa,2010,Senate,1116063,General,
Iowa,2010,Secretary of State,1080281,General,
Iowa,2012,Overall,1589951,General,
Iowa,2012,Overall,191749,Primary,Statewide Primary
Iowa,2012,President,1582180,General,
Iowa,2014,Attorney General,1099006,General,
Iowa,2014,Governor,1129057,General,
Iowa,2014,Overall,1135138,General,
Iowa,2014,Overall,233090,Primary,
Iowa,2014,Senate,1129700,General,
Iowa,2014,Secretary of State,1092080,General,
Iowa,2016,Overall,1572633,General,
Iowa,2016,Overall,206739,Primary,Statewide Primary
Iowa,2016,President,1566031,General,
Iowa,2016,Senate,1541036,General,
Iowa,2018,Attorney General,1150899,General,
Iowa,2018,Governor,1327638,General,
Iowa,2018,Overall,1329930,General,
Iowa,2018,Overall,288749,Primary,
Iowa,2018,Secretary of State,1300917,General,
Iowa,2020,Overall,1692415,General,
Iowa,2020,Overall,529586,Primary,Statewide Primary
Iowa,2020,President,1690871,General,
Iowa,2020,Senate,1671828,General,
Iowa,2022,Attorney General,1203123,General,
Iowa,2022,Governor,1221864,General,
Iowa,2022,Overall,1230416,General,
Iowa,2022,Overall,357603,Primary,
Iowa,2022,Senate,1216646,General,
Iowa,2022,Secretary of State,1204432,General,
Kansas,2000,Overall,1072216,General,
Kansas,2000,President,1072216,General,
Kansas,2002,Attorney General,821107,General,
Kansas,2002,Governor,835692,General,
Kansas,2002,Overall,851966,General,
Kansas,2002,Senate,776850,General,
Kansas,2002,Secretary of State,807697,General,
Kansas,2004,Overall,1199590,General,
Kansas,2004,President,1187756,General,
Kansas,2004,Senate,1129022,General,
Kansas,2006,Attorney General,839931,General,
Kansas,2006,Governor,849700,General,
Kansas,2006,Overall,867320,General,
Kansas,2006,Secretary of State,826675,General,
Kansas,2008,Overall,1263202,General,
Kansas,2008,President,1235872,General,
Kansas,2008,Senate,1180690,General,
Kansas,2010,Attorney General,834704,General,
Kansas,2010,Governor,838790,General,
Kansas,2010,Overall,857631,General,
Kansas,2010,Overall,429344,Primary,
Kansas,2010,Senate,837692,General,
Kansas,2010,Secretary of State,829513,General,
Kansas,2012,Overall,1182771,General,
Kansas,2012,Overall,398367,Primary,Statewide Primary
Kansas,2012,President,1141560,General,
Kansas,2014,Attorney General,845871,General,
Kansas,2014,Governor,869502,General,
Kansas,2014,Overall,887023,General,
Kansas,2014,Overall,350699,Primary,
Kansas,2014,Senate,866191,General,
Kansas,2014,Secretary of State,859618,General,
Kansas,2016,Overall,1225667,General,
Kansas,2016,Overall,386527,Primary,Statewide Primary
Kansas,2016,President,1184402,General,
Kansas,2016,Senate,1177922,General,
Kansas,2018,Attorney General,1040813,General,
Kansas,2018,Governor,1054622,General,
Kansas,2018,Overall,1070221,General,
Kansas,2018,Overall,457598,Primary,
Kansas,2018,Secretary of State,1043526,General,
Kansas,2020,Overall,1375125,General,
Kansas,2020,Overall,636032,Primary,Statewide Primary
Kansas,2020,President,1372303,General,
Kansas,2020,Senate,1367755,General,
Kansas,2022,Attorney General,997742,General,
Kansas,2022,Governor,1008998,General,
Kansas,2022,Overall,1008998,General,
Kansas,2022,Overall,752192,Primary,
Kansas,2022,Senate,1004956,General,
Kansas,2022,Secretary of State,995413,General,
Kentucky,2000,Overall,1568058,General,
Kentucky,2000,Overall,356348,Primary,
Kentucky,2000,President,1544187,General,
Kentucky,2002,Overall,1259089,General,
Kentucky,2002,Overall,849298,Primary,
Kentucky,2002,Senate,1131313,General,
Kentucky,2003,Attorney General,1032191,General,
Kentucky,2003,Governor,1083443,General,
Kentucky,2003,Overall,1088192,General,
Kentucky,2003,Overall,458341,Primary,
Kentucky,2003,Secretary of State,1006429,General,
Kentucky,2004,Overall,1809102,General,
Kentucky,2004,Overall,381334,Primary,
Kentucky,2004,President,1795860,General,
Kentucky,2004,Senate,1724362,General,
Kentucky,2006,Overall,1370462,General,
Kentucky,2006,Overall,852148,Primary,
Kentucky,2007,Attorney General,1012292,General,
Kentucky,2007,Governor,1055325,General,
Kentucky,2007,Overall,1076442,General,
Kentucky,2007,Overall,565395,Primary,
Kentucky,2007,Secretary of State,1011150,General,
Kentucky,2008,Overall,1861577,General,
Kentucky,2008,Overall,922456,Primary,
Kentucky,2008,President,1826508,General,
Kentucky,2008,Senate,1800821,General,
Kentucky,2010,Overall,1417995,General,
Kentucky,2010,Overall,920226,Primary,
Kentucky,2010,Senate,1356096,General,
Kentucky,2011,Attorney General,817299,General,
Kentucky,2011,Governor,833139,General,
Kentucky,2011,Overall,842528,General,
Kentucky,2011,Overall,304923,Primary,
Kentucky,2011,Secretary of State,815433,General,
Kentucky,2012,Overall,1815896,General,
Kentucky,2012,Overall,415337,Primary,
Kentucky,2012,President,1790875,General,
Kentucky,2014,Overall,1451311,General,
Kentucky,2014,Overall,842285,Primary,
Kentucky,2014,Senate,1435868,General,
Kentucky,2015,Attorney General,956933,General,
Kentucky,2015,Governor,973692,General,
Kentucky,2015,Overall,978767,General,
Kentucky,2015,Overall,397778,Primary,
Kentucky,2015,Secretary of State,964098,General,
Kentucky,2016,Overall,1949254,General,
Kentucky,2016,Overall,669678,Primary,Statewide Primary
Kentucky,2016,President,1924149,General,
Kentucky,2016,Senate,1903465,General,
Kentucky,2018,Overall,1619587,General,
Kentucky,2018,Overall,806351,Primary,
Kentucky,2019,Attorney General,1425618,General,
Kentucky,2019,Governor,1443123,General,
Kentucky,2019,Overall,1452544,General,
Kentucky,2019,Overall,664738,Primary,
Kentucky,2019,Secretary of State,1428725,General,
Kentucky,2020,Overall,2149444,General,
Kentucky,2020,Overall,1031720,Primary,
Kentucky,2020,President,2136768,General,
Kentucky,2020,Senate,2135057,General,
Kentucky,2022,Overall,1502626,General,
Kentucky,2022,Overall,726599,Primary,
Kentucky,2022,Senate,1477830,General,
Louisiana,2000,Overall,1765656,General,
Louisiana,2000,Overall,443202,Primary,Presidential Primary
Louisiana,2000,President,1765656,General,
Louisiana,2002,Overall,1267225,General,
Louisiana,2002,Overall,879940,Primary,
Louisiana,2002,Senate,1246333,General,
Louisiana,2002,Senate,1235296,General,Runoff
Louisiana,2003,Attorney General,1287096,General,
Louisiana,2003,Governor,1362524,General,
Louisiana,2003,Governor,1407842,General,Runoff
Louisiana,2003,Overall,1407842,General,
Louisiana,2003,Secretary of State,1267329,General,
Louisiana,2004,Overall,1956590,General,
Louisiana,2004,Overall,850513,Primary,Presidential Primary
Louisiana,2004,President,1943106,General,
Louisiana,2004,Senate,1848056,General,
Louisiana,2006,Overall,952985,General,
Louisiana,2006,Overall,708478,Primary,
Louisiana,2007,Attorney General,1219305,General,
Louisiana,2007,Attorney General,717059,General,Runoff
Louisiana,2007,Governor,1279840,General,
Louisiana,2007,Overall,1279840,General,
Louisiana,2007,Secretary of State,1196743,General,
Louisiana,2008,Overall,1980814,General,
Louisiana,2008,Overall,787336,Primary,Presidential Primary
Louisiana,2008,President,1960761,General,
Louisiana,2008,Senate,1896574,General,
Louisiana,2010,Overall,1298649,General,
Louisiana,2010,Overall,688953,Primary,
Louisiana,2010,Senate,1264994,General,
Louisiana,2011,Governor,1023163,General,
Louisiana,2011,Overall,1023163,General,
Louisiana,2011,Secretary of State,890786,General,
Louisiana,2012,Overall,2014511,General,
Louisiana,2012,Overall,337011,Primary,Presidential Primary
Louisiana,2012,President,1994065,General,
Louisiana,2014,Overall,1512572,General,
Louisiana,2014,Senate,1472044,General,
Louisiana,2014,Senate,1273589,General,Runoff
Louisiana,2015,Attorney General,1064605,General,
Louisiana,2015,Attorney General,1084374,General,Runoff
Louisiana,2015,Governor,1114336,General,
Louisiana,2015,Governor,1152864,General,Runoff
Louisiana,2015,Overall,1114336,General,
Louisiana,2015,Secretary of State,1044127,General,
Louisiana,2016,Overall,2049802,General,
Louisiana,2016,Overall,613017,Primary,Presidential Primary
Louisiana,2016,President,2029032,General,
Louisiana,2016,Senate,1933635,General,
Louisiana,2016,Senate,884007,General,Runoff
Louisiana,2018,Overall,1519552,General,
Louisiana,2018,Secretary of State,1456917,General,
Louisiana,2018,Secretary of State,516653,General,Runoff
Louisiana,2019,Governor,1508784,General,
Louisiana,2019,Governor,1508784,General,Runoff
Louisiana,2019,Overall,1508784,General,
Louisiana,2019,Secretary of State,1468733,General,
Louisiana,2019,Secretary of State,1468733,General,Runoff
Louisiana,2020,Overall,2169354,General,
Louisiana,2020,Overall,471581,Primary,Presidential Primary
Louisiana,2020,President,2148062,General,
Louisiana,2020,Senate,2061543,General,
Louisiana,2022,Overall,1410476,General,
Louisiana,2022,Senate,1383290,General,
Maine,2000,Overall,651817,General,
Maine,2000,President,651817,General,
Maine,2000,Senate,634872,General,
Maine,2002,Governor,505190,General,
Maine,2002,Overall,505190,General,
Maine,2002,Senate,504899,General,
Maine,2004,Overall,754777,General,
Maine,2004,President,740752,General,
Maine,2006,Governor,550870,General,
Maine,2006,Overall,653580,General,
Maine,2006,Senate,521528,General,
Maine,2008,Overall,744456,General,
Maine,2008,Overall,138050,Primary,Statewide Primary
Maine,2008,President,731163,General,
Maine,2008,Senate,724430,General,
Maine,2010,Governor,580538,General,
Maine,2010,Overall,580584,General,
Maine,2010,Overall,230546,Primary,
Maine,2012,Overall,724758,General,
Maine,2012,Overall,135933,Primary,Statewide Primary
Maine,2012,President,713180,General,
Maine,2012,Senate,724720,General,
Maine,2014,Governor,616967,General,
Maine,2014,Overall,616996,General,
Maine,2014,Overall,130067,Primary,
Maine,2014,Senate,616967,General,
Maine,2016,Overall,771892,General,
Maine,2016,President,747927,General,
Maine,2018,Governor,630667,General,
Maine,2018,Overall,646083,General,
Maine,2018,Overall,234380,Primary,
Maine,2018,Senate,634409,General,
Maine,2020,Overall,822534,General,
Maine,2020,Overall,319665,Primary,Presidential Primary
Maine,2020,President,757207,General,
Maine,2020,Senate,819183,General,
Maine,2022,Governor,676819,General,
Maine,2022,Overall,680909,General,
Maine,2022,Overall,139995,Primary,
Maryland,2000,Overall,2036455,General,
Maryland,2000,Overall,894433,Primary,
Maryland,2000,President,2025480,General,
Maryland,2000,Senate,1946898,General,
Maryland,2002,Attorney General,1632839,General,
Maryland,2002,Governor,1706179,General,
Maryland,2002,Overall,1717068,General,
Maryland,2002,Overall,820032,Primary,
Maryland,2004,Overall,2395791,General,
Maryland,2004,Overall,667457,Primary,
Maryland,2004,President,2384238,General,
Maryland,2004,Senate,2321931,General,
Maryland,2006,Attorney General,1710839,General,
Maryland,2006,Governor,1788316,General,
Maryland,2006,Overall,1809237,General,
Maryland,2006,Overall,855465,Primary,
Maryland,2006,Senate,1781139,General,
Maryland,2008,Overall,2661905,General,
Maryland,2008,Overall,1224318,Primary,
Maryland,2008,President,2631596,General,
Maryland,2010,Attorney General,1374995,General,
Maryland,2010,Governor,1857880,General,
Maryland,2010,Overall,1873541,General,
Maryland,2010,Overall,802981,Primary,
Maryland,2010,Senate,1833858,General,
Maryland,2012,Overall,2734062,General,
Maryland,2012,Overall,596706,Primary,
Maryland,2012,President,2707327,General,
Maryland,2012,Senate,2633234,General,
Maryland,2014,Attorney General,1677269,General,
Maryland,2014,Governor,1733177,General,
Maryland,2014,Overall,1745104,General,
Maryland,2014,Overall,739678,Primary,
Maryland,2016,Overall,2807322,General,
Maryland,2016,Overall,1431751,Primary,
Maryland,2016,President,2781446,General,
Maryland,2016,Senate,2726170,General,
Maryland,2018,Attorney General,2275788,General,
Maryland,2018,Governor,2304512,General,
Maryland,2018,Overall,2335128,General,
Maryland,2018,Overall,872207,Primary,
Maryland,2018,Senate,2299889,General,
Maryland,2020,Overall,3059603,General,
Maryland,2020,Overall,1393063,Primary,
Maryland,2020,President,3037030,General,
Maryland,2022,Attorney General,1982290,General,
Maryland,2022,Governor,2005223,General,
Maryland,2022,Overall,2031635,General,
Maryland,2022,Overall,1003903,Primary,
Maryland,2022,Senate,2002336,General,
Massachusetts,2000,Overall,2734006,General,
Massachusetts,2000,Overall,360064,Primary,Presidential Primary
Massachusetts,2000,President,2702984,General,
Massachusetts,2000,Senate,2599420,General,
Massachusetts,2002,Attorney General,1615143,General,
Massachusetts,2002,Governor,2194179,General,
Massachusetts,2002,Overall,2220301,General,
Massachusetts,2002,Overall,1024908,Primary,
Massachusetts,2002,Senate,2006758,General,
Massachusetts,2002,Secretary of State,1990654,General,
Massachusetts,2004,Overall,2924141,General,
Massachusetts,2004,Overall,696636,Primary,Presidential Primary
Massachusetts,2004,President,2912378,General,
Massachusetts,2006,Attorney General,2122810,General,
Massachusetts,2006,Governor,2219779,General,
Massachusetts,2006,Overall,2243835,General,
Massachusetts,2006,Overall,1953330,Primary,
Massachusetts,2006,Senate,2165490,General,
Massachusetts,2006,Secretary of State,1997860,General,
Massachusetts,2008,Overall,3102995,General,
Massachusetts,2008,Overall,1883846,Primary,Presidential Primary
Massachusetts,2008,President,3080985,General,
Massachusetts,2008,Senate,2994247,General,
Massachusetts,2010,Attorney General,2258793,General,
Massachusetts,2010,Governor,2297039,General,
Massachusetts,2010,Overall,2319963,General,
Massachusetts,2010,Overall,1992339,Primary,
Massachusetts,2010,Senate,2252582,General,Special Election
Massachusetts,2010,Secretary of State,2204684,General,
Massachusetts,2012,Overall,3184196,General,
Massachusetts,2012,Overall,529542,Primary,Presidential Primary
Massachusetts,2012,President,3167767,General,
Massachusetts,2012,Senate,3156553,General,
Massachusetts,2013,Overall,1177790,General,
Massachusetts,2013,Senate,1177790,General,
Massachusetts,2014,Attorney General,2076434,General,
Massachusetts,2014,Governor,2158326,General,
Massachusetts,2014,Overall,2186789,General,
Massachusetts,2014,Overall,1975756,Primary,
Massachusetts,2014,Senate,2084972,General,
Massachusetts,2014,Secretary of State,2069317,General,
Massachusetts,2016,Overall,3378801,General,
Massachusetts,2016,Overall,1863339,Primary,Presidential Primary
Massachusetts,2016,President,3325046,General,
Massachusetts,2018,Attorney General,2680899,General,
Massachusetts,2018,Governor,2674615,General,
Massachusetts,2018,Overall,2752665,General,
Massachusetts,2018,Overall,1958351,Primary,
Massachusetts,2018,Senate,2707090,General,
Massachusetts,2018,Secretary of State,2650524,General,
Massachusetts,2020,Overall,3657972,General,
Massachusetts,2020,Overall,1706992,Primary,Statewide Primary
Massachusetts,2020,President,3631402,General,
Massachusetts,2020,Senate,3564136,General,
Massachusetts,2022,Attorney General,2449782,General,
Massachusetts,2022,Governor,2485796,General,
Massachusetts,2022,Overall,2511461,General,
Massachusetts,2022,Overall,1052414,Primary,
Massachusetts,2022,Secretary of State,2460942,General,
Michigan,2000,Overall,4279299,General,
Michigan,2000,Overall,1392023,Primary,Presidential Primary
Michigan,2000,President,4232501,General,
Michigan,2000,Senate,4167685,General,
Michigan,2002,Attorney General,3068012,General,
Michigan,2002,Governor,3177565,General,
Michigan,2002,Overall,3219864,General,
Michigan,2002,Overall,1722869,Primary,
Michigan,2002,Senate,3129287,General,
Michigan,2002,Secretary of State,3099208,General,
Michigan,2004,Overall,4875692,General,
Michigan,2004,Overall,1384243,Primary,Statewide Primary
Michigan,2004,President,4839252,General,
Michigan,2006,Attorney General,3690415,General,
Michigan,2006,Governor,3801256,General,
Michigan,2006,Overall,3852008,General,
Michigan,2006,Overall,1282203,Primary,
Michigan,2006,Senate,3780142,General,
Michigan,2006,Secretary of State,3721910,General,
Michigan,2008,Overall,5039080,General,
Michigan,2008,Overall,1491261,Primary,Presidential Primary
Michigan,2008,President,5001766,General,
Michigan,2008,Senate,4848620,General,
Michigan,2010,Attorney General,3136224,General,
Michigan,2010,Governor,3226088,General,
Michigan,2010,Overall,3258467,General,
Michigan,2010,Overall,1668805,Primary,
Michigan,2010,Secretary of State,3173248,General,
Michigan,2012,Overall,4780701,General,
Michigan,2012,Overall,1503662,Primary,Statewide Primary
Michigan,2012,President,4730961,General,
Michigan,2012,Senate,4652918,General,
Michigan,2014,Attorney General,3077164,General,
Michigan,2014,Governor,3156531,General,
Michigan,2014,Overall,3188956,General,
Michigan,2014,Overall,1339681,Primary,
Michigan,2014,Senate,3121775,General,
Michigan,2014,Secretary of State,3080795,General,
Michigan,2016,Overall,4874619,General,
Michigan,2016,Overall,1390192,Primary,Statewide Primary
Michigan,2016,President,4799284,General,
Michigan,2018,Attorney General,4142044,General,
Michigan,2018,Governor,4250585,General,
Michigan,2018,Overall,4341340,General,
Michigan,2018,Overall,2206977,Primary,
Michigan,2018,Senate,4237271,General,
Michigan,2018,Secretary of State,4184026,General,
Michigan,2020,Overall,5579317,General,
Michigan,2020,Overall,2520850,Primary,Statewide Primary
Michigan,2020,President,5539302,General,
Michigan,2020,Senate,5479720,General,
Michigan,2022,Attorney General,4381880,General,
Michigan,2022,Governor,4461972,General,
Michigan,2022,Overall,4500400,General,
Michigan,2022,Overall,2167798,Primary,
Michigan,2022,Secretary of State,4417903,General,
Minnesota,2000,Overall,2458303,General,
Minnesota,2000,Overall,602690,Primary,Statewide Primary
Minnesota,2000,President,2441957,General,
Minnesota,2000,Senate,2419520,General,
Minnesota,2002,Attorney General,2188833,General,
Minnesota,2002,Governor,2252473,General,
Minnesota,2002,Overall,2282860,General,
Minnesota,2002,Overall,535972,Primary,
Minnesota,2002,Senate,2254639,General,
Minnesota,2002,Secretary of State,2188240,General,
Minnesota,2004,Overall,2842912,General,
Minnesota,2004,Overall,279132,Primary,Statewide Primary
Minnesota,2004,President,2828387,General,
Minnesota,2006,Attorney General,2125209,General,
Minnesota,2006,Governor,2202937,General,
Minnesota,2006,Overall,2217818,General,
Minnesota,2006,Overall,514373,Primary,
Minnesota,2006,Senate,2202772,General,
Minnesota,2006,Secretary of State,2137643,General,
Minnesota,2008,Overall,2921498,General,
Minnesota,2008,Overall,419474,Primary,Statewide Primary
Minnesota,2008,President,2910369,General,
Minnesota,2008,Senate,2887646,General,
Minnesota,2010,Attorney General,2033087,General,
Minnesota,2010,Governor,2107021,General,
Minnesota,2010,Overall,2123369,General,
Minnesota,2010,Overall,606394,Primary,
Minnesota,2010,Secretary of State,2035365,General,
Minnesota,2012,Overall,2950780,General,
Minnesota,2012,Overall,359682,Primary,Statewide Primary
Minnesota,2012,President,2936561,General,
Minnesota,2012,Senate,2843207,General,
Minnesota,2014,Attorney General,1928980,General,
Minnesota,2014,Governor,1975406,General,
Minnesota,2014,Overall,1992566,General,
Minnesota,2014,Overall,401878,Primary,
Minnesota,2014,Senate,1981528,General,
Minnesota,2014,Secretary of State,1916400,General,
Minnesota,2016,Overall,2968281,General,
Minnesota,2016,Overall,294797,Primary,Statewide Primary
Minnesota,2016,President,2944813,General,
Minnesota,2018,Attorney General,2551772,General,
Minnesota,2018,Governor,2587287,General,
Minnesota,2018,Overall,2611365,General,
Minnesota,2018,Overall,925554,Primary,
Minnesota,2018,Senate,2596879,General,
Minnesota,2018,Senate,2587356,General,Special Election
Minnesota,2018,Secretary of State,2542522,General,
Minnesota,2020,Overall,3292997,General,
Minnesota,2020,Overall,916230,Primary,Statewide Primary
Minnesota,2020,President,3277171,General,
Minnesota,2020,Senate,3214256,General,
Minnesota,2022,Attorney General,2490301,General,
Minnesota,2022,Governor,2510661,General,
Minnesota,2022,Overall,2510661,General,
Minnesota,2022,Overall,759456,Primary,
Minnesota,2022,Secretary of State,2467729,General,
Mississippi,2000,Overall,994184,General,
Mississippi,2000,President,994184,General,
Mississippi,2000,Senate,994184,General,
Mississippi,2002,Overall,630495,General,
Mississippi,2002,Senate,630495,General,
Mississippi,2003,Attorney General,873988,General,
Mississippi,2003,Governor,894487,General,
Mississippi,2003,Secretary of State,859522,General,
Mississippi,2004,Overall,1163460,General,
Mississippi,2004,President,1139824,General,
Mississippi,2006,Senate,610921,General,
Mississippi,2007,Attorney General,735533,General,
Mississippi,2007,Governor,744039,General,
Mississippi,2007,Secretary of State,730146,General,
Mississippi,2008,Overall,1289465,General,
Mississippi,2008,President,1289465,General,
Mississippi,2008,Senate,1247026,General,
Mississippi,2008,Senate,1243473,General,Special Election
Mississippi,2010,Overall,735583,General,
Mississippi,2011,Attorney General,878913,General,
Mississippi,2011,Governor,893468,General,
Mississippi,2011,Overall,893468,General,
Mississippi,2011,Secretary of State,719734,General,
Mississippi,2012,President,1285584,General,
Mississippi,2012,Senate,1241568,General,
Mississippi,2014,Overall,631858,General,
Mississippi,2014,Senate,631858,General,
Mississippi,2015,Attorney General,716161,General,
Mississippi,2015,Governor,718185,General,
Mississippi,2015,Overall,718185,General,
Mississippi,2015,Secretary of State,716785,General,
Mississippi,2016,Overall,1209357,General,
Mississippi,2016,President,1209357,General,
Mississippi,2018,Overall,961025,General,
Mississippi,2018,Senate,936215,General,
Mississippi,2019,Attorney General,877536,General,
Mississippi,2019,Governor,884911,General,
Mississippi,2019,Overall,884911,General,
Mississippi,2019,Secretary of State,869055,General,
Mississippi,2020,Overall,1334155,General,
Mississippi,2020,President,1313759,General,
Mississippi,2020,Senate,1311354,General,
Mississippi,2022,Overall,709100,General,
Missouri,2000,Attorney General,2287473,General,
Missouri,2000,Governor,2346830,General,
Missouri,2000,Overall,2361586,General,
Missouri,2000,President,2359892,General,
Missouri,2000,Senate,2361586,General,
Missouri,2000,Secretary of State,2297158,General,
Missouri,2002,Overall,1877620,General,
Missouri,2002,Senate,1877620,General,Special Election
Missouri,2004,Attorney General,2656685,General,
Missouri,2004,Governor,2719599,General,
Missouri,2004,Overall,2731364,General,
Missouri,2004,Overall,1456320,Primary,Statewide Primary
Missouri,2004,President,2731364,General,
Missouri,2004,Senate,2706402,General,
Missouri,2004,Secretary of State,2678326,General,
Missouri,2006,Overall,2128459,General,
Missouri,2006,Overall,677415,Primary,
Missouri,2006,Senate,2128459,General,
Missouri,2008,Attorney General,2784366,General,
Missouri,2008,Governor,2877778,General,
Missouri,2008,Overall,2992023,General,
Missouri,2008,Overall,1415951,Primary,Presidential Primary
Missouri,2008,President,2925205,General,
Missouri,2008,Secretary of State,2829810,General,
Missouri,2010,Overall,1943898,General,
Missouri,2010,Senate,1943899,General,
Missouri,2012,Attorney General,2668064,General,
Missouri,2012,Governor,2727883,General,
Missouri,2012,Overall,2757323,General,
Missouri,2012,Overall,895211,Primary,Statewide Primary
Missouri,2012,President,2757323,General,
Missouri,2012,Senate,2725793,General,
Missouri,2012,Secretary of State,2665483,General,
Missouri,2014,Overall,1509025,General,
Missouri,2016,Attorney General,2747802,General,
Missouri,2016,Governor,2803046,General,
Missouri,2016,Overall,2811549,General,
Missouri,2016,Overall,1572299,Primary,Presidential Primary
Missouri,2016,President,2808605,General,
Missouri,2016,Senate,2802641,General,
Missouri,2016,Secretary of State,2761442,General,
Missouri,2018,Overall,2442306,General,
Missouri,2018,Overall,1279417,Primary,
Missouri,2018,Senate,2442289,General,
Missouri,2020,Attorney General,2951605,General,
Missouri,2020,Governor,3012287,General,
Missouri,2020,Overall,3026028,General,
Missouri,2020,Overall,1225716,Primary,Statewide Primary
Missouri,2020,President,3025962,General,
Missouri,2020,Secretary of State,2972483,General,
Missouri,2022,Overall,2069481,General,
Missouri,2022,Overall,1027695,Primary,
Missouri,2022,Senate,2069130,General,
Montana,2000,Attorney General,398025,General,
Montana,2000,Governor,410192,General,
Montana,2000,Overall,417916,General,
Montana,2000,Overall,223419,Primary,
Montana,2000,President,410986,General,
Montana,2000,Senate,411601,General,
Montana,2000,Secretary of State,396489,General,
Montana,2002,Overall,340272,General,
Montana,2002,Overall,174730,Primary,
Montana,2002,Senate,326537,General,
Montana,2004,Attorney General,344548,General,
Montana,2004,Governor,446146,General,
Montana,2004,Overall,456096,General,
Montana,2004,Overall,220210,Primary,
Montana,2004,President,450434,General,
Montana,2004,Secretary of State,430793,General,
Montana,2006,Overall,411061,General,
Montana,2006,Overall,214840,Primary,
Montana,2006,Senate,406505,General,
Montana,2008,Attorney General,466661,General,
Montana,2008,Governor,486734,General,
Montana,2008,Overall,497599,General,
Montana,2008,Overall,285215,Primary,
Montana,2008,President,490109,General,
Montana,2008,Senate,477658,General,
Montana,2008,Secretary of State,473851,General,
Montana,2010,Overall,367096,General,
Montana,2010,Overall,206791,Primary,
Montana,2012,Attorney General,471144,General,
Montana,2012,Governor,483489,General,
Montana,2012,Overall,491966,General,
Montana,2012,Overall,238771,Primary,
Montana,2012,President,483932,General,
Montana,2012,Senate,486066,General,
Montana,2012,Secretary of State,476622,General,
Montana,2014,Overall,373831,General,
Montana,2014,Overall,218882,Primary,
Montana,2014,Senate,369826,General,
Montana,2016,Attorney General,491736,General,
Montana,2016,Governor,509360,General,
Montana,2016,Overall,516901,General,
Montana,2016,Overall,293548,Primary,
Montana,2016,President,494526,General,
Montana,2016,Secretary of State,500021,General,
Montana,2018,Overall,509213,General,
Montana,2018,Overall,282704,Primary,
Montana,2018,Senate,504384,General,
Montana,2020,Attorney General,595347,General,
Montana,2020,Governor,603587,General,
Montana,2020,Overall,612075,General,
Montana,2020,Overall,382072,Primary,
Montana,2020,President,603640,General,
Montana,2020,Senate,605637,General,
Montana,2020,Secretary of State,592556,General,
Montana,2022,Overall,468326,General,
Montana,2022,Overall,293049,Primary,
Nebraska,2000,Overall,707223,General,
Nebraska,2000,Overall,344093,Primary,
Nebraska,2000,President,697019,General,
Nebraska,2000,Senate,692350,General,
Nebraska,2002,Attorney General,443499,General,
Nebraska,2002,Governor,480991,General,
Nebraska,2002,Overall,490914,General,
Nebraska,2002,Overall,243010,Primary,
Nebraska,2002,Senate,480217,General,
Nebraska,2002,Secretary of State,441934,General,
Nebraska,2004,Overall,792906,General,
Nebraska,2004,Overall,228412,Primary,
Nebraska,2004,President,778186,General,
Nebraska,2006,Attorney General,477691,General,
Nebraska,2006,Governor,593357,General,
Nebraska,2006,Overall,610499,General,
Nebraska,2006,Overall,400678,Primary,
Nebraska,2006,Senate,592316,General,
Nebraska,2006,Secretary of State,549860,General,
Nebraska,2008,Overall,811923,General,
Nebraska,2008,Overall,260150,Primary,
Nebraska,2008,President,801281,General,
Nebraska,2008,Senate,792511,General,
Nebraska,2010,Attorney General,467995,General,
Nebraska,2010,Governor,487988,General,
Nebraska,2010,Overall,497248,General,
Nebraska,2010,Overall,278238,Primary,
Nebraska,2010,Secretary of State,393124,General,
Nebraska,2012,Overall,804245,General,
Nebraska,2012,Overall,297557,Primary,
Nebraska,2012,President,794379,General,
Nebraska,2012,Senate,788572,General,
Nebraska,2014,Attorney General,514460,General,
Nebraska,2014,Governor,540202,General,
Nebraska,2014,Overall,552115,General,
Nebraska,2014,Overall,324227,Primary,
Nebraska,2014,Senate,540337,General,
Nebraska,2014,Secretary of State,489605,General,
Nebraska,2016,Overall,860573,General,
Nebraska,2016,Overall,313468,Primary,
Nebraska,2016,President,844230,General,
Nebraska,2018,Attorney General,516777,General,
Nebraska,2018,Governor,697981,General,
Nebraska,2018,Overall,706652,General,
Nebraska,2018,Overall,296000,Primary,
Nebraska,2018,Senate,698883,General,
Nebraska,2018,Secretary of State,670614,General,
Nebraska,2020,Overall,966920,General,
Nebraska,2020,Overall,492580,Primary,
Nebraska,2020,President,956383,General,
Nebraska,2020,Senate,930012,General,
Nebraska,2022,Attorney General,623320,General,
Nebraska,2022,Governor,672593,General,
Nebraska,2022,Overall,682716,General,
Nebraska,2022,Overall,414869,Primary,
Nebraska,2022,Secretary of State,500342,General,
Nevada,2000,Overall,613360,General,
Nevada,2000,Overall,211430,Primary,Statewide Primary
Nevada,2000,President,608970,General,
Nevada,2000,Senate,600776,General,
Nevada,2002,Attorney General,498054,General,
Nevada,2002,Governor,504079,General,
Nevada,2002,Overall,512433,General,
Nevada,2002,Overall,229694,Primary,
Nevada,2002,Secretary of State,492482,General,
Nevada,2004,Overall,831833,General,
Nevada,2004,Overall,275913,Primary,Statewide Primary
Nevada,2004,President,829587,General,
Nevada,2004,Senate,810068,General,
Nevada,2006,Attorney General,574975,General,
Nevada,2006,Governor,582158,General,
Nevada,2006,Overall,586274,General,
Nevada,2006,Overall,287994,Primary,
Nevada,2006,Senate,582572,General,
Nevada,2006,Secretary of State,573638,General,
Nevada,2008,Overall,970019,General,
Nevada,2008,Overall,188652,Primary,Statewide Primary
Nevada,2008,President,967848,General,
Nevada,2010,Attorney General,704332,General,
Nevada,2010,Governor,716529,General,
Nevada,2010,Overall,723515,General,
Nevada,2010,Overall,320648,Primary,
Nevada,2010,Senate,721404,General,
Nevada,2010,Secretary of State,703513,General,
Nevada,2012,Overall,1016664,General,
Nevada,2012,Overall,199797,Primary,Statewide Primary
Nevada,2012,President,1014918,General,
Nevada,2012,Senate,997805,General,
Nevada,2014,Attorney General,544150,General,
Nevada,2014,Governor,547349,General,
Nevada,2014,Overall,552326,General,
Nevada,2014,Overall,222240,Primary,
Nevada,2014,Secretary of State,543110,General,
Nevada,2016,Overall,1125429,General,
Nevada,2016,Overall,240181,Primary,Statewide Primary
Nevada,2016,President,1125385,General,
Nevada,2016,Senate,1108294,General,
Nevada,2018,Attorney General,965753,General,
Nevada,2018,Governor,971799,General,
Nevada,2018,Overall,975980,General,
Nevada,2018,Overall,329863,Primary,
Nevada,2018,Senate,972132,General,
Nevada,2018,Secretary of State,956631,General,
Nevada,2020,Overall,1407761,General,
Nevada,2020,Overall,481172,Primary,Statewide Primary
Nevada,2020,President,1405376,General,
Nevada,2022,Attorney General,978482,General,
Nevada,2022,Governor,1019071,General,
Nevada,2022,Overall,1023617,General,
Nevada,2022,Overall,467606,Primary,
Nevada,2022,Senate,1019850,General,
Nevada,2022,Secretary of State,1014473,General,
New Hampshire,2000,Governor,564340,General,
New Hampshire,2000,Overall,569081,General,
New Hampshire,2000,Overall,146163,Primary,Statewide Primary
New Hampshire,2000,President,569081,General,
New Hampshire,2002,Governor,442976,General,
New Hampshire,2002,Overall,683672,General,
New Hampshire,2002,Overall,225918,Primary,
New Hampshire,2002,Senate,447135,General,
New Hampshire,2004,Governor,683672,General,
New Hampshire,2004,Overall,686390,General,
New Hampshire,2004,Overall,130721,Primary,Statewide Primary
New Hampshire,2004,President,677662,General,
New Hampshire,2004,Senate,683672,General,
New Hampshire,2006,Governor,403679,General,
New Hampshire,2006,Overall,417436,General,
New Hampshire,2008,Governor,682584,General,
New Hampshire,2008,Overall,719403,General,
New Hampshire,2008,Overall,122243,Primary,Statewide Primary
New Hampshire,2008,President,707611,General,
New Hampshire,2008,Senate,694357,General,
New Hampshire,2010,Governor,456588,General,
New Hampshire,2010,Overall,461423,General,
New Hampshire,2010,Overall,202070,Primary,
New Hampshire,2010,Senate,455149,General,
New Hampshire,2012,Governor,693877,General,
New Hampshire,2012,Overall,718700,General,
New Hampshire,2012,Overall,198853,Primary,Statewide Primary
New Hampshire,2012,President,710972,General,
New Hampshire,2014,Governor,485162,General,
New Hampshire,2014,Overall,495453,General,
New Hampshire,2014,Overall,164813,Primary,
New Hampshire,2014,Senate,488159,General,
New Hampshire,2016,Governor,724863,General,
New Hampshire,2016,Overall,757669,General,
New Hampshire,2016,Overall,190749,Primary,Statewide Primary
New Hampshire,2016,President,732267,General,
New Hampshire,2016,Senate,739140,General,
New Hampshire,2018,Governor,573602,General,
New Hampshire,2018,Overall,581551,General,
New Hampshire,2020,Governor,793260,General,
New Hampshire,2020,Overall,814499,General,
New Hampshire,2020,Overall,444492,Primary,Statewide Primary
New Hampshire,2020,President,803833,General,
New Hampshire,2020,Senate,795914,General,
New Hampshire,2022,Governor,619135,General,
New Hampshire,2022,Overall,626931,General,
New Hampshire,2022,Overall,243776,Primary,
New Hampshire,2022,Senate,620975,General,
New Jersey,2000,Overall,3219650,General,
New Jersey,2000,Overall,773491,Primary,
New Jersey,2000,President,3187226,General,
New Jersey,2000,Senate,3015662,General,
New Jersey,2001,Governor,2227165,General,
New Jersey,2001,Overall,2275653,General,
New Jersey,2001,Overall,599034,Primary,
New Jersey,2002,Overall,2161105,General,
New Jersey,2002,Overall,497024,Primary,
New Jersey,2002,Senate,2112604,General,
New Jersey,2004,Overall,3639612,General,
New Jersey,2004,Overall,425678,Primary,
New Jersey,2004,President,3611691,General,
New Jersey,2005,Governor,2290099,General,
New Jersey,2005,Overall,2346059,General,
New Jersey,2005,Overall,578479,Primary,
New Jersey,2006,Overall,2315643,General,
New Jersey,2006,Overall,405883,Primary,
New Jersey,2006,Senate,2250067,General,
New Jersey,2008,Overall,3910220,General,
New Jersey,2008,Overall,1707400,Primary,Presidential Primary
New Jersey,2008,President,3868237,General,
New Jersey,2008,Senate,3482445,General,
New Jersey,2009,Governor,2423702,General,
New Jersey,2009,Overall,2451704,General,
New Jersey,2010,Overall,2194192,General,
New Jersey,2010,Overall,478513,Primary,
New Jersey,2012,Overall,3683638,General,
New Jersey,2012,Overall,589417,Primary,
New Jersey,2012,President,3640292,General,
New Jersey,2012,Senate,3407026,General,
New Jersey,2013,Governor,2120866,General,
New Jersey,2013,Overall,2177517,General,
New Jersey,2013,Overall,480517,Primary,
New Jersey,2013,Senate,1348659,General,
New Jersey,2014,Overall,1955042,General,
New Jersey,2014,Overall,416065,Primary,
New Jersey,2014,Senate,1869535,General,
New Jersey,2016,Overall,3957303,General,
New Jersey,2016,Overall,1388669,Primary,
New Jersey,2016,President,3874046,General,
New Jersey,2017,Governor,2147415,General,
New Jersey,2017,Overall,2198362,General,
New Jersey,2017,Overall,786212,Primary,
New Jersey,2018,Overall,3248642,General,
New Jersey,2018,Overall,705624,Primary,
New Jersey,2018,Senate,3169310,General,
New Jersey,2020,Overall,4635686,General,
New Jersey,2020,Overall,1467014,Primary,
New Jersey,2020,President,4549457,General,
New Jersey,2020,Senate,4440540,General,
New Jersey,2021,Governor,2614886,General,
New Jersey,2021,Overall,2648814,General,
New Jersey,2021,Overall,762153,Primary,
New Jersey,2022,Overall,2658149,General,
New Jersey,2022,Overall,766012,Primary,
New Mexico,2000,Overall,614928,General,
New Mexico,2000,President,598605,General,
New Mexico,2000,Senate,589529,General,
New Mexico,2002,Attorney General,468005,General,
New Mexico,2002,Governor,484233,General,
New Mexico,2002,Overall,503692,General,
New Mexico,2002,Overall,266816,Primary,
New Mexico,2002,Senate,483056,General,
New Mexico,2002,Secretary of State,478093,General,
New Mexico,2004,Overall,775301,General,
New Mexico,2004,Overall,187132,Primary,
New Mexico,2004,President,756304,General,
New Mexico,2006,Attorney General,559715,General,
New Mexico,2006,Governor,559170,General,
New Mexico,2006,Overall,568597,General,
New Mexico,2006,Overall,195716,Primary,
New Mexico,2006,Senate,558550,General,
New Mexico,2006,Secretary of State,556610,General,
New Mexico,2008,Overall,833365,General,
New Mexico,2008,Overall,274207,Primary,
New Mexico,2008,President,830158,General,
New Mexico,2008,Senate,823650,General,
New Mexico,2010,Attorney General,598686,General,
New Mexico,2010,Governor,602827,General,
New Mexico,2010,Overall,607700,General,
New Mexico,2010,Overall,258614,Primary,
New Mexico,2010,Secretary of State,595240,General,
New Mexico,2012,Overall,786522,General,
New Mexico,2012,Overall,239213,Primary,
New Mexico,2012,President,783757,General,
New Mexico,2012,Senate,775792,General,
New Mexico,2014,Attorney General,506311,General,
New Mexico,2014,Governor,512805,General,
New Mexico,2014,Overall,519436,General,
New Mexico,2014,Overall,202327,Primary,
New Mexico,2014,Senate,515506,General,
New Mexico,2014,Secretary of State,507625,General,
New Mexico,2016,Overall,804073,General,
New Mexico,2016,Overall,328793,Primary,
New Mexico,2016,President,798319,General,
New Mexico,2016,Secretary of State,767960,General,
New Mexico,2018,Attorney General,691810,General,
New Mexico,2018,Governor,696459,General,
New Mexico,2018,Overall,701654,General,
New Mexico,2018,Overall,262357,Primary,
New Mexico,2018,Senate,697012,General,
New Mexico,2018,Secretary of State,690967,General,
New Mexico,2020,Overall,928230,General,
New Mexico,2020,Overall,417538,Primary,
New Mexico,2020,President,923965,General,
New Mexico,2020,Senate,917237,General,
New Mexico,2022,Attorney General,702615,General,
New Mexico,2022,Governor,712256,General,
New Mexico,2022,Overall,714754,General,
New Mexico,2022,Overall,263337,Primary,
New Mexico,2022,Secretary of State,705339,General,
New York,2000,Overall,6960215,General,
New York,2000,President,6821977,General,
New York,2000,Senate,6959662,General,
New York,2002,Attorney General,4690536,General,
New York,2002,Governor,4690968,General,
New York,2002,Overall,4690968,General,
New York,2002,Overall,672648,Primary,
New York,2004,Overall,7448266,General,
New York,2004,Overall,720179,Primary,Presidential Primary
New York,2004,President,7448266,General,
New York,2004,Senate,7447818,General,
New York,2006,Attorney General,4697867,General,
New York,2006,Governor,4697867,General,
New York,2006,Overall,4974114,General,
New York,2006,Overall,954976,Primary,
New York,2006,Senate,4700632,General,
New York,2008,Overall,7722019,General,
New York,2008,Overall,2561221,Primary,Presidential Primary
New York,2008,President,7637318,General,
New York,2010,Attorney General,4441479,General,
New York,2010,Governor,4653119,General,
New York,2010,Overall,4763899,General,
New York,2010,Overall,1477017,Primary,
New York,2010,Senate,4594038,General,
New York,2010,Senate,4505415,General,Special Election
New York,2012,Overall,7072083,General,
New York,2012,President,7071734,General,
New York,2012,Senate,6677666,General,
New York,2014,Attorney General,3714505,General,
New York,2014,Governor,3812708,General,
New York,2014,Overall,3924990,General,
New York,2016,Overall,7793078,General,
New York,2016,Overall,2892671,Primary,Presidential Primary
New York,2016,President,7753119,General,
New York,2016,Senate,7392833,General,
New York,2018,Attorney General,5990559,General,
New York,2018,Governor,6097362,General,
New York,2018,Overall,6356896,General,
New York,2018,Senate,6055151,General,
New York,2020,Overall,8701749,General,
New York,2020,President,8616861,General,
New York,2022,Attorney General,5799557,General,
New York,2022,Governor,5962278,General,
New York,2022,Overall,5965684,General,
New York,2022,Senate,5852707,General,
North Carolina,2000,Attorney General,2825174,General,
North Carolina,2000,Governor,2933958,General,
North Carolina,2000,Overall,2914990,General,
North Carolina,2000,President,2914990,General,
North Carolina,2000,Secretary of State,2777730,General,
North Carolina,2002,Overall,2349966,General,
North Carolina,2002,Overall,1780993,Primary,
North Carolina,2002,Senate,2330454,General,
North Carolina,2004,Attorney General,3366218,General,
North Carolina,2004,Governor,3486688,General,
North Carolina,2004,Overall,3501007,General,
North Carolina,2004,Overall,1651437,Primary,Presidential Primary
North Carolina,2004,President,3501007,General,
North Carolina,2004,Senate,3472082,General,
North Carolina,2004,Secretary of State,3078828,General,
North Carolina,2006,Overall,4092652,General,
North Carolina,2006,Overall,1305700,Primary,
North Carolina,2008,Attorney General,4153940,General,
North Carolina,2008,Governor,4268941,General,
North Carolina,2008,Overall,4310789,General,
North Carolina,2008,Overall,3153408,Primary,
North Carolina,2008,President,4310789,General,
North Carolina,2008,Senate,4271970,General,
North Carolina,2008,Secretary of State,4079831,General,
North Carolina,2010,Overall,2700706,General,
North Carolina,2010,Overall,1885638,Primary,
North Carolina,2010,Senate,2660079,General,
North Carolina,2012,Attorney General,2828941,General,
North Carolina,2012,Governor,4468295,General,
North Carolina,2012,Overall,4539729,General,
North Carolina,2012,Overall,1457685,Primary,
North Carolina,2012,President,4505372,General,
North Carolina,2012,Secretary of State,4334199,General,
North Carolina,2014,Overall,3495866,General,
North Carolina,2014,Overall,1218474,Primary,
North Carolina,2014,Senate,2915281,General,
North Carolina,2016,Attorney General,4582625,General,
North Carolina,2016,Governor,4711014,General,
North Carolina,2016,Overall,4741564,General,
North Carolina,2016,Overall,3275902,Primary,Presidential Primary
North Carolina,2016,President,4741564,General,
North Carolina,2016,Senate,4691133,General,
North Carolina,2016,Secretary of State,4531276,General,
North Carolina,2018,Overall,5012555,General,
North Carolina,2018,Overall,1487124,Primary,
North Carolina,2020,Attorney General,5413178,General,
North Carolina,2020,Governor,5502778,General,
North Carolina,2020,Overall,5527804,General,
North Carolina,2020,Overall,2739007,Primary,
North Carolina,2020,President,5527804,General,
North Carolina,2020,Senate,5474952,General,
North Carolina,2020,Secretary of State,5386130,General,
North Carolina,2022,Overall,3790202,General,
North Carolina,2022,Overall,2583752,Primary,
North Carolina,2022,Senate,3773924,General,
North Dakota,2000,Attorney General,283452,General,
North Dakota,2000,Governor,289412,General,
North Dakota,2000,Overall,292249,General,
North Dakota,2000,Overall,94306,Primary,Statewide Primary
North Dakota,2000,President,288256,General,
North Dakota,2000,Senate,287539,General,
North Dakota,2000,Secretary of State,272974,General,
North Dakota,2002,Overall,237224,General,
North Dakota,2002,Overall,128519,Primary,
North Dakota,2004,Attorney General,301353,General,
North Dakota,2004,Governor,309822,General,
North Dakota,2004,Overall,316016,General,
North Dakota,2004,Overall,92213,Primary,Statewide Primary
North Dakota,2004,President,312785,General,
North Dakota,2004,Senate,310655,General,
North Dakota,2004,Secretary of State,296284,General,
North Dakota,2006,Attorney General,215226,General,
North Dakota,2006,Overall,220479,General,
North Dakota,2006,Overall,111325,Primary,
North Dakota,2006,Senate,218152,General,
North Dakota,2006,Secretary of State,213924,General,
North Dakota,2008,Governor,315692,General,
North Dakota,2008,Overall,321133,General,
North Dakota,2008,Overall,102886,Primary,Statewide Primary
North Dakota,2008,President,316621,General,
North Dakota,2010,Attorney General,235582,General,
North Dakota,2010,Overall,240876,General,
North Dakota,2010,Overall,102066,Primary,
North Dakota,2010,Senate,238812,General,
North Dakota,2010,Secretary of State,233623,General,
North Dakota,2012,Governor,317812,General,
North Dakota,2012,Overall,325564,General,
North Dakota,2012,Overall,175303,Primary,Statewide Primary
North Dakota,2012,President,322627,General,
North Dakota,2012,Senate,320851,General,
North Dakota,2014,Attorney General,245328,General,
North Dakota,2014,Overall,255128,General,
North Dakota,2014,Overall,93624,Primary,
North Dakota,2014,Secretary of State,243757,General,
North Dakota,2016,Governor,339601,General,
North Dakota,2016,Overall,349945,General,
North Dakota,2016,Overall,139957,Primary,Statewide Primary
North Dakota,2016,President,344360,General,
North Dakota,2016,Senate,342501,General,
North Dakota,2018,Attorney General,319217,General,
North Dakota,2018,Overall,330598,General,
North Dakota,2018,Overall,115641,Primary,
North Dakota,2018,Senate,326138,General,
North Dakota,2018,Secretary of State,307277,General,
North Dakota,2020,Governor,357659,General,
North Dakota,2020,Overall,364251,General,
North Dakota,2020,Overall,160114,Primary,Statewide Primary
North Dakota,2020,President,361819,General,
North Dakota,2022,Attorney General,234702,General,
North Dakota,2022,Overall,242526,General,
North Dakota,2022,Overall,106168,Primary,
North Dakota,2022,Senate,240140,General,
North Dakota,2022,Secretary of State,233828,General,
Ohio,2000,Overall,4795989,General,
Ohio,2000,Overall,2526590,Primary,
Ohio,2000,President,4731084,General,
Ohio,2000,Senate,4452136,General,
Ohio,2002,Attorney General,3130729,General,
Ohio,2002,Governor,3228962,General,
Ohio,2002,Overall,3356285,General,
Ohio,2002,Overall,1365753,Primary,
Ohio,2002,Secretary of State,3084423,General,
Ohio,2004,Overall,5722443,General,
Ohio,2004,Overall,2365969,Primary,
Ohio,2004,President,5627908,General,
Ohio,2004,Senate,5426196,General,
Ohio,2006,Attorney General,3869671,General,
Ohio,2006,Governor,4022928,General,
Ohio,2006,Overall,4185597,General,
Ohio,2006,Overall,1866091,Primary,
Ohio,2006,Senate,4019407,General,
Ohio,2006,Secretary of State,3823354,General,
Ohio,2008,Overall,5773777,General,
Ohio,2008,Overall,3603523,Primary,
Ohio,2008,President,5708350,General,
Ohio,2008,Secretary of State,5093207,General,Special Election
Ohio,2010,Attorney General,3831728,General,
Ohio,2010,Governor,3852469,General,
Ohio,2010,Overall,3956045,General,
Ohio,2010,Overall,1814194,Primary,
Ohio,2010,Senate,3815098,General,
Ohio,2010,Secretary of State,3752356,General,
Ohio,2012,Overall,5634017,General,
Ohio,2012,Overall,1970753,Primary,
Ohio,2012,President,5580835,General,
Ohio,2012,Senate,5449018,General,
Ohio,2014,Attorney General,3060474,General,
Ohio,2014,Governor,3055913,General,
Ohio,2014,Overall,3149876,General,
Ohio,2014,Overall,1307351,Primary,
Ohio,2014,Secretary of State,3026787,General,
Ohio,2016,Overall,5607641,General,
Ohio,2016,Overall,3302832,Primary,
Ohio,2016,President,5480173,General,
Ohio,2016,Senate,5374053,General,
Ohio,2018,Attorney General,4357033,General,
Ohio,2018,Governor,4429582,General,
Ohio,2018,Overall,4496834,General,
Ohio,2018,Overall,1673162,Primary,
Ohio,2018,Senate,4410898,General,
Ohio,2018,Secretary of State,4363771,General,
Ohio,2020,Overall,5974121,General,
Ohio,2020,Overall,1834465,Primary,
Ohio,2020,President,5922202,General,
Ohio,2022,Attorney General,4132397,General,
Ohio,2022,Governor,4134877,General,
Ohio,2022,Overall,4201368,General,
Ohio,2022,Overall,1659377,Primary,
Ohio,2022,Senate,4133342,General,
Ohio,2022,Secretary of State,4122959,General,
Oklahoma,2000,Overall,1234229,General,
Oklahoma,2000,President,1234229,General,
Oklahoma,2002,Attorney General,1024765,General,
Oklahoma,2002,Governor,1035620,General,
Oklahoma,2002,Overall,556265,Primary,
Oklahoma,2002,Senate,1018424,General,
Oklahoma,2004,Overall,1474304,General,
Oklahoma,2004,Overall,591187,Primary,Statewide Primary
Oklahoma,2004,President,1463758,General,
Oklahoma,2004,Senate,1446846,General,
Oklahoma,2006,Attorney General,920631,General,
Oklahoma,2006,Governor,926462,General,
Oklahoma,2006,Overall,934329,General,
Oklahoma,2006,Overall,758393,Primary,
Oklahoma,2008,Overall,1474694,General,
Oklahoma,2008,Overall,1079360,Primary,Statewide Primary
Oklahoma,2008,President,1462661,General,
Oklahoma,2008,Senate,1346819,General,
Oklahoma,2010,Attorney General,1023569,General,
Oklahoma,2010,Governor,1034767,General,
Oklahoma,2010,Overall,1043507,General,
Oklahoma,2010,Overall,512757,Primary,
Oklahoma,2010,Senate,1017151,General,
Oklahoma,2012,Overall,1343380,General,
Oklahoma,2012,Overall,286523,Primary,Presidential Primary
Oklahoma,2012,President,1334872,General,
Oklahoma,2014,Governor,824831,General,
Oklahoma,2014,Overall,824831,General,
Oklahoma,2014,Overall,422757,Primary,
Oklahoma,2014,Senate,820733,General,
Oklahoma,2014,Senate,820890,General,Special Election
Oklahoma,2016,Overall,1465505,General,
Oklahoma,2016,Overall,399294,Primary,Presidential Primary
Oklahoma,2016,President,1452992,General,
Oklahoma,2016,Senate,1448047,General,
Oklahoma,2018,Attorney General,1172468,General,
Oklahoma,2018,Governor,1186385,General,
Oklahoma,2018,Overall,1200164,General,
Oklahoma,2018,Overall,848100,Primary,
Oklahoma,2020,Overall,1564886,General,
Oklahoma,2020,Overall,646402,Primary,Statewide Primary
Oklahoma,2020,President,1560699,General,
Oklahoma,2020,Senate,1556361,General,
Oklahoma,2022,Attorney General,1074389,General,
Oklahoma,2022,Governor,1153284,General,
Oklahoma,2022,Overall,1153284,General,
Oklahoma,2022,Overall,708842,Primary,
Oklahoma,2022,Senate,1150732,General,
Oklahoma,2022,Senate,1150481,General,Special Election
Oregon,2000,Attorney General,1436481,General,
Oregon,2000,Overall,1559215,General,
Oregon,2000,Overall,927351,Primary,
Oregon,2000,President,1533968,General,
Oregon,2000,Secretary of State,1467835,General,
Oregon,2002,Governor,1260497,General,
Oregon,2002,Overall,1293756,General,
Oregon,2002,Overall,858524,Primary,
Oregon,2002,Senate,1267221,General,
Oregon,2004,Attorney General,1707998,General,
Oregon,2004,Overall,1851671,General,
Oregon,2004,Overall,864833,Primary,
Oregon,2004,President,1836782,General,
Oregon,2004,Senate,1780550,General,
Oregon,2004,Secretary of State,1752829,General,
Oregon,2006,Governor,1379475,General,
Oregon,2006,Overall,1399650,General,
Oregon,2006,Overall,758393,Primary,
Oregon,2008,Attorney General,1510931,General,
Oregon,2008,Overall,1845251,General,
Oregon,2008,Overall,1170526,Primary,
Oregon,2008,President,1827864,General,
Oregon,2008,Senate,1767504,General,
Oregon,2008,Secretary of State,1713719,General,
Oregon,2010,Governor,1453548,General,
Oregon,2010,Overall,1487210,General,
Oregon,2010,Overall,846515,Primary,
Oregon,2010,Senate,1442588,General,
Oregon,2012,Attorney General,1633603,General,
Oregon,2012,Overall,1820507,General,
Oregon,2012,Overall,787847,Primary,
Oregon,2012,President,1789270,General,
Oregon,2012,Secretary of State,1684115,General,
Oregon,2014,Governor,1469717,General,
Oregon,2014,Overall,1541782,General,
Oregon,2014,Overall,758604,Primary,
Oregon,2014,Senate,1461618,General,
Oregon,2016,Attorney General,1840630,General,
Oregon,2016,Governor,1943046,General,
Oregon,2016,Overall,2051452,General,
Oregon,2016,Overall,1231843,Primary,
Oregon,2016,President,2001336,General,
Oregon,2016,Senate,1952478,General,
Oregon,2016,Secretary of State,1884180,General,
Oregon,2018,Governor,1866997,General,
Oregon,2018,Overall,1873891,General,
Oregon,2018,Overall,903311,Primary,
Oregon,2020,Overall,2413890,General,
Oregon,2020,Overall,1310919,Primary,
Oregon,2020,President,2374321,General,
Oregon,2020,Senate,2321249,General,
Oregon,2020,Secretary of State,2278503,General,
Oregon,2022,Governor,1952883,General,
Oregon,2022,Overall,1997689,General,
Oregon,2022,Overall,1111233,Primary,
Oregon,2022,Senate,1927949,General,
Pennsylvania,2000,Attorney General,4619438,General,
Pennsylvania,2000,Overall,4912185,General,
Pennsylvania,2000,Overall,1347235,Primary,
Pennsylvania,2000,President,4912365,General,
Pennsylvania,2000,Senate,4735116,General,
Pennsylvania,2002,Governor,3581989,General,
Pennsylvania,2002,Overall,3581989,General,
Pennsylvania,2002,Overall,1780993,Primary,
Pennsylvania,2004,Attorney General,5423269,General,
Pennsylvania,2004,Overall,5765764,General,
Pennsylvania,2004,Overall,1651437,Primary,
Pennsylvania,2004,President,5765764,General,
Pennsylvania,2004,Senate,5558525,General,
Pennsylvania,2006,Governor,4092652,General,
Pennsylvania,2006,Overall,4092652,General,
Pennsylvania,2006,Overall,1305700,Primary,
Pennsylvania,2006,Senate,4077762,General,
Pennsylvania,2008,Attorney General,5732574,General,
Pennsylvania,2008,Overall,5995137,General,
Pennsylvania,2008,Overall,3153408,Primary,
Pennsylvania,2008,President,5932248,General,
Pennsylvania,2010,Governor,3987551,General,
Pennsylvania,2010,Overall,3987551,General,
Pennsylvania,2010,Overall,1885638,Primary,
Pennsylvania,2010,Senate,3977661,General,
Pennsylvania,2012,Attorney General,5567203,General,
Pennsylvania,2012,Overall,5742040,General,
Pennsylvania,2012,Overall,1457685,Primary,
Pennsylvania,2012,President,5742040,General,
Pennsylvania,2012,Senate,5621422,General,
Pennsylvania,2014,Governor,3495866,General,
Pennsylvania,2014,Overall,3495866,General,
Pennsylvania,2014,Overall,1218474,Primary,
Pennsylvania,2016,Attorney General,5948335,General,
Pennsylvania,2016,Overall,6115402,General,
Pennsylvania,2016,Overall,3275902,Primary,
Pennsylvania,2016,President,5897144,General,
Pennsylvania,2016,Senate,5816714,General,
Pennsylvania,2018,Governor,5012555,General,
Pennsylvania,2018,Overall,5012555,General,
Pennsylvania,2018,Overall,1487124,Primary,
Pennsylvania,2018,Senate,4927285,General,
Pennsylvania,2020,Attorney General,6806596,General,
Pennsylvania,2020,Overall,6915283,General,
Pennsylvania,2020,Overall,2739007,Primary,
Pennsylvania,2020,President,6915283,General,
Pennsylvania,2022,Governor,5366179,General,
Pennsylvania,2022,Overall,5368021,General,
Pennsylvania,2022,Overall,2583752,Primary,
Pennsylvania,2022,Senate,5368021,General,
Rhode Island,2000,Overall,408783,General,
Rhode Island,2000,President,408783,General,
Rhode Island,2000,Senate,391353,General,
Rhode Island,2002,Attorney General,315562,General,
Rhode Island,2002,Governor,332056,General,
Rhode Island,2002,Overall,337027,General,
Rhode Island,2002,Overall,149359,Primary,
Rhode Island,2002,Senate,323582,General,
Rhode Island,2002,Secretary of State,311205,General,
Rhode Island,2004,Overall,440743,General,
Rhode Island,2004,Overall,38428,Primary,Presidential Primary
Rhode Island,2004,President,437134,General,
Rhode Island,2006,Attorney General,379499,General,
Rhode Island,2006,Governor,387402,General,
Rhode Island,2006,Overall,388339,General,
Rhode Island,2006,Overall,84984,Primary,
Rhode Island,2006,Senate,384993,General,
Rhode Island,2006,Secretary of State,373548,General,
Rhode Island,2008,Overall,475428,General,
Rhode Island,2008,Overall,213435,Primary,Presidential Primary
Rhode Island,2008,President,469767,General,
Rhode Island,2008,Senate,436818,General,
Rhode Island,2010,Attorney General,329604,General,
Rhode Island,2010,Governor,342290,General,
Rhode Island,2010,Overall,346357,General,
Rhode Island,2010,Overall,127621,Primary,
Rhode Island,2010,Secretary of State,328423,General,
Rhode Island,2012,Overall,451593,General,
Rhode Island,2012,Overall,92249,Primary,Statewide Primary
Rhode Island,2012,President,446049,General,
Rhode Island,2012,Senate,418189,General,
Rhode Island,2014,Attorney General,313005,General,
Rhode Island,2014,Governor,324055,General,
Rhode Island,2014,Overall,329687,General,
Rhode Island,2014,Overall,165690,Primary,
Rhode Island,2014,Senate,316898,General,
Rhode Island,2014,Secretary of State,309135,General,
Rhode Island,2016,Overall,469547,General,
Rhode Island,2016,Overall,187291,Primary,Presidential Primary
Rhode Island,2016,President,464144,General,
Rhode Island,2018,Attorney General,343681,General,
Rhode Island,2018,Governor,376401,General,
Rhode Island,2018,Overall,389161,General,
Rhode Island,2018,Overall,154409,Primary,
Rhode Island,2018,Senate,376738,General,
Rhode Island,2018,Secretary of State,367109,General,
Rhode Island,2020,Overall,519412,General,
Rhode Island,2020,Overall,125992,Primary,Presidential Primary
Rhode Island,2020,President,517757,General,
Rhode Island,2020,Senate,494262,General,
Rhode Island,2022,Attorney General,352997,General,
Rhode Island,2022,Governor,357670,General,
Rhode Island,2022,Overall,361449,General,
Rhode Island,2022,Overall,134137,Primary,
Rhode Island,2022,Secretary of State,350965,General,
South Carolina,2000,Overall,1433533,General,
South Carolina,2000,Overall,392719,Primary,
South Carolina,2000,President,1383902,General,
South Carolina,2002,Attorney General,1084989,General,
South Carolina,2002,Governor,1107725,General,
South Carolina,2002,Overall,1116936,General,
South Carolina,2002,Overall,499290,Primary,
South Carolina,2002,Senate,1102912,General,
South Carolina,2002,Secretary of State,1067066,General,
South Carolina,2004,Overall,1631148,General,
South Carolina,2004,Overall,542119,Primary,
South Carolina,2004,President,1617730,General,
South Carolina,2004,Senate,1597221,General,
South Carolina,2006,Attorney General,785546,General,
South Carolina,2006,Governor,1091952,General,
South Carolina,2006,Overall,1104132,General,
South Carolina,2006,Overall,423065,Primary,
South Carolina,2006,Secretary of State,1072342,General,
South Carolina,2008,Overall,1941480,General,
South Carolina,2008,Overall,533612,Primary,Presidential Primary
South Carolina,2008,President,1920969,General,
South Carolina,2008,Senate,1871431,General,
South Carolina,2010,Attorney General,1332806,General,
South Carolina,2010,Governor,1344198,General,
South Carolina,2010,Overall,1365480,General,
South Carolina,2010,Overall,623418,Primary,
South Carolina,2010,Senate,1318794,General,
South Carolina,2010,Secretary of State,1322835,General,
South Carolina,2012,Overall,1981516,General,
South Carolina,2012,Overall,290422,Primary,Presidential Primary
South Carolina,2012,President,1964118,General,
South Carolina,2014,Attorney General,1225371,General,
South Carolina,2014,Governor,1246301,General,
South Carolina,2014,Overall,1261611,General,
South Carolina,2014,Overall,452990,Primary,
South Carolina,2014,Senate,1240075,General,
South Carolina,2014,Senate,1238982,General,Special Election
South Carolina,2014,Secretary of State,1227871,General,
South Carolina,2016,Overall,2123410,General,
South Carolina,2016,Overall,1118468,Primary,Presidential Primary
South Carolina,2016,President,2103027,General,
South Carolina,2016,Senate,2049893,General,
South Carolina,2018,Attorney General,1703834,General,
South Carolina,2018,Governor,1707569,General,
South Carolina,2018,Overall,1726527,General,
South Carolina,2018,Overall,621841,Primary,
South Carolina,2018,Secretary of State,1699496,General,
South Carolina,2020,Overall,2533010,General,
South Carolina,2020,Overall,767187,Primary,Statewide Primary
South Carolina,2020,President,2513329,General,
South Carolina,2020,Senate,2515104,General,
South Carolina,2022,Attorney General,1256789,General,
South Carolina,2022,Governor,1703192,General,
South Carolina,2022,Overall,1718626,General,
South Carolina,2022,Overall,565538,Primary,
South Carolina,2022,Senate,1695702,General,
South Carolina,2022,Secretary of State,1691901,General,
South Dakota,2000,Overall,322159,General,
South Dakota,2000,Overall,68154,Primary,
South Dakota,2000,President,316269,General,
South Dakota,2002,Attorney General,326095,General,
South Dakota,2002,Governor,334559,General,
South Dakota,2002,Overall,337508,General,
South Dakota,2002,Overall,189822,Primary,
South Dakota,2002,Senate,337508,General,
South Dakota,2002,Secretary of State,323335,General,
South Dakota,2004,Overall,394930,General,
South Dakota,2004,Overall,263506,Primary,
South Dakota,2004,President,388215,General,
South Dakota,2004,Senate,391188,General,
South Dakota,2006,Attorney General,320250,General,
South Dakota,2006,Governor,335508,General,
South Dakota,2006,Overall,341105,General,
South Dakota,2006,Overall,92763,Primary,
South Dakota,2006,Secretary of State,217518,General,
South Dakota,2008,Overall,387355,General,
South Dakota,2008,Overall,188032,Primary,
South Dakota,2008,President,381897,General,
South Dakota,2008,Senate,380673,General,
South Dakota,2010,Attorney General,302681,General,
South Dakota,2010,Governor,317083,General,
South Dakota,2010,Overall,323410,General,
South Dakota,2010,Overall,102647,Primary,
South Dakota,2010,Senate,227947,General,
South Dakota,2010,Secretary of State,302434,General,
South Dakota,2012,Overall,368816,General,
South Dakota,2012,Overall,91736,Primary,
South Dakota,2012,President,363815,General,
South Dakota,2014,Attorney General,254704,General,
South Dakota,2014,Governor,277403,General,
South Dakota,2014,Overall,282291,General,
South Dakota,2014,Overall,109004,Primary,
South Dakota,2014,Senate,279412,General,
South Dakota,2014,Secretary of State,258414,General,
South Dakota,2016,Overall,378995,General,
South Dakota,2016,Overall,126128,Primary,
South Dakota,2016,President,370093,General,
South Dakota,2016,Senate,369619,General,
South Dakota,2018,Attorney General,324160,General,
South Dakota,2018,Governor,338715,General,
South Dakota,2018,Overall,341048,General,
South Dakota,2018,Overall,141004,Primary,
South Dakota,2018,Secretary of State,323399,General,
South Dakota,2020,Overall,427529,General,
South Dakota,2020,Overall,154328,Primary,
South Dakota,2020,President,422567,General,
South Dakota,2020,Senate,420178,General,
South Dakota,2022,Attorney General,257419,General,
South Dakota,2022,Governor,350166,General,
South Dakota,2022,Overall,354670,General,
South Dakota,2022,Senate,348020,General,
South Dakota,2022,Secretary of State,332323,General,
Tennessee,2000,Overall,2100241,General,
Tennessee,2000,Overall,503166,Primary,Statewide Primary
Tennessee,2000,President,2076181,General,
Tennessee,2000,Senate,1928613,General,
Tennessee,2002,Governor,1653167,General,
Tennessee,2002,Overall,1687543,General,
Tennessee,2002,Overall,1196804,Primary,
Tennessee,2002,Senate,1642421,General,
Tennessee,2004,Overall,2456610,General,
Tennessee,2004,Overall,521295,Primary,Statewide Primary
Tennessee,2004,President,2437319,General,
Tennessee,2006,Governor,1818549,General,
Tennessee,2006,Overall,1868363,General,
Tennessee,2006,Overall,1064171,Primary,
Tennessee,2006,Senate,1833695,General,
Tennessee,2008,Overall,2618238,General,
Tennessee,2008,Overall,1094942,Primary,Presidential Primary
Tennessee,2008,President,2599749,General,
Tennessee,2008,Senate,2415415,General,
Tennessee,2010,Governor,1596821,General,
Tennessee,2010,Overall,1620542,General,
Tennessee,2010,Overall,1130071,Primary,
Tennessee,2012,Overall,2479733,General,
Tennessee,2012,Overall,727509,Primary,Statewide Primary
Tennessee,2012,President,2458577,General,
Tennessee,2012,Senate,2321625,General,
Tennessee,2014,Governor,1353728,General,
Tennessee,2014,Overall,1430117,General,
Tennessee,2014,Overall,1086057,Primary,
Tennessee,2014,Senate,1374065,General,
Tennessee,2016,Overall,2545271,General,
Tennessee,2016,Overall,1240178,Primary,Presidential Primary
Tennessee,2016,President,2508027,General,
Tennessee,2018,Governor,2243294,General,
Tennessee,2018,Overall,2267428,General,
Tennessee,2018,Overall,1227913,Primary,
Tennessee,2018,Senate,2243740,General,
Tennessee,2020,Overall,3074691,General,
Tennessee,2020,Overall,1032978,Primary,Statewide Primary
Tennessee,2020,President,3053851,General,
Tennessee,2020,Senate,2959761,General,
Tennessee,2022,Governor,1739882,General,
Tennessee,2022,Overall,1756397,General,
Tennessee,2022,Overall,891678,Primary,
Texas,2000,Overall,6407637,General,
Texas,2000,Overall,1913647,Primary,
Texas,2000,President,6407637,General,
Texas,2000,Senate,6276652,General,
Texas,2002,Attorney General,4481983,General,
Texas,2002,Governor,4553987,General,
Texas,2002,Overall,4553979,General,
Texas,2002,Overall,1625811,Primary,
Texas,2002,Senate,4514012,General,
Texas,2004,Overall,7410765,General,
Texas,2004,Overall,1526846,Primary,
Texas,2004,President,7410765,General,
Texas,2006,Attorney General,4294800,General,
Texas,2006,Governor,4399116,General,
Texas,2006,Overall,4399068,General,
Texas,2006,Overall,1164521,Primary,
Texas,2006,Senate,4314663,General,
Texas,2008,Overall,8077795,General,
Texas,2008,Overall,4237308,Primary,
Texas,2008,President,8077795,General,
Texas,2008,Senate,7912075,General,
Texas,2010,Attorney General,4919041,General,
Texas,2010,Governor,4979870,General,
Texas,2010,Overall,4979870,General,
Texas,2010,Overall,2165090,Primary,
Texas,2012,Overall,7993851,General,
Texas,2012,Overall,2039641,Primary,
Texas,2012,President,7993851,General,
Texas,2012,Senate,7864822,General,
Texas,2014,Attorney General,4664511,General,
Texas,2014,Governor,4718268,General,
Texas,2014,Overall,4727208,General,
Texas,2014,Overall,1918107,Primary,
Texas,2014,Senate,4648358,General,
Texas,2016,Overall,8969226,General,
Texas,2016,Overall,4272383,Primary,
Texas,2016,President,8969226,General,
Texas,2018,Attorney General,8292615,General,
Texas,2018,Governor,8343443,General,
Texas,2018,Overall,8371655,General,
Texas,2018,Overall,2618036,Primary,
Texas,2018,Senate,8371655,General,
Texas,2020,Overall,11315056,General,
Texas,2020,Overall,4111595,Primary,
Texas,2020,President,11315056,General,
Texas,2020,Senate,11144040,General,
Texas,2022,Attorney General,8010003,General,
Texas,2022,Governor,8102908,General,
Texas,2022,Overall,8102908,General,
Texas,2022,Overall,3029773,Primary,
Utah,2000,Attorney General,757944,General,
Utah,2000,Governor,761806,General,
Utah,2000,Overall,784582,General,
Utah,2000,Overall,213592,Primary,Statewide Primary
Utah,2000,President,770754,General,
Utah,2000,Senate,769704,General,
Utah,2002,Overall,568290,General,
Utah,2002,Overall,130948,Primary,
Utah,2004,Attorney General,899225,General,
Utah,2004,Governor,919960,General,
Utah,2004,Overall,942010,General,
Utah,2004,Overall,166053,Primary,Statewide Primary
Utah,2004,President,927844,General,
Utah,2004,Senate,911726,General,
Utah,2006,Overall,582561,General,
Utah,2006,Overall,172402,Primary,
Utah,2006,Senate,571252,General,
Utah,2008,Attorney General,937870,General,
Utah,2008,Governor,945525,General,
Utah,2008,Overall,971185,General,
Utah,2008,Overall,428459,Primary,Presidential Primary
Utah,2008,President,952370,General,
Utah,2010,Governor,643306,General,
Utah,2010,Overall,653274,General,
Utah,2010,Overall,240551,Primary,
Utah,2010,Senate,633801,General,
Utah,2012,Attorney General,986827,General,
Utah,2012,Governor,1006524,General,
Utah,2012,Overall,1028786,General,
Utah,2012,Overall,262425,Primary,
Utah,2012,President,1017440,General,
Utah,2012,Senate,1006901,General,
Utah,2014,Attorney General,563405,General,
Utah,2014,Overall,577973,General,
Utah,2014,Overall,148691,Primary,
Utah,2016,Attorney General,1099297,General,
Utah,2016,Governor,1125035,General,
Utah,2016,Overall,1152369,General,
Utah,2016,Overall,320156,Primary,
Utah,2016,President,1131430,General,
Utah,2016,Senate,1115608,General,
Utah,2018,Overall,1082972,General,
Utah,2018,Overall,336792,Primary,
Utah,2018,Senate,1062897,General,
Utah,2020,Attorney General,1450796,General,
Utah,2020,Governor,1458878,General,
Utah,2020,Overall,1515845,General,
Utah,2020,Overall,575038,Primary,Statewide Primary
Utah,2020,President,1488289,General,
Utah,2022,Overall,1076068,General,
Utah,2022,Overall,461463,Primary,
Utah,2022,Senate,1076068,General,
Vermont,2000,Attorney General,269960,General,
Vermont,2000,Governor,293473,General,
Vermont,2000,Overall,297146,General,
Vermont,2000,President,294308,General,
Vermont,2000,Senate,288500,General,
Vermont,2000,Secretary of State,278154,General,
Vermont,2002,Attorney General,221679,General,
Vermont,2002,Governor,230161,General,
Vermont,2002,Overall,232993,General,
Vermont,2002,Secretary of State,223621,General,
Vermont,2004,Attorney General,292699,General,
Vermont,2004,Governor,309285,General,
Vermont,2004,Overall,314220,General,
Vermont,2004,President,312309,General,
Vermont,2004,Senate,307208,General,
Vermont,2004,Secretary of State,272481,General,
Vermont,2006,Attorney General,247300,General,
Vermont,2006,Governor,262524,General,
Vermont,2006,Overall,262568,General,
Vermont,2006,Senate,262419,General,
Vermont,2006,Secretary of State,254393,General,
Vermont,2008,Attorney General,296027,General,
Vermont,2008,Governor,319085,General,
Vermont,2008,Overall,326822,General,
Vermont,2008,President,325046,General,
Vermont,2008,Secretary of State,302223,General,
Vermont,2010,Attorney General,230973,General,
Vermont,2010,Governor,241605,General,
Vermont,2010,Overall,243617,General,
Vermont,2010,Senate,235178,General,
Vermont,2010,Secretary of State,229280,General,
Vermont,2012,Attorney General,301138,General,
Vermont,2012,Governor,295412,General,
Vermont,2012,Overall,301793,General,
Vermont,2012,President,301185,General,
Vermont,2012,Senate,300780,General,
Vermont,2012,Secretary of State,301140,General,
Vermont,2014,Attorney General,186399,General,
Vermont,2014,Governor,193087,General,
Vermont,2014,Overall,196086,General,
Vermont,2014,Secretary of State,169135,General,
Vermont,2016,Attorney General,300498,General,
Vermont,2016,Governor,315295,General,
Vermont,2016,Overall,320467,General,
Vermont,2016,President,315067,General,
Vermont,2016,Senate,313809,General,
Vermont,2016,Secretary of State,285514,General,
Vermont,2018,Attorney General,267021,General,
Vermont,2018,Governor,274087,General,
Vermont,2018,Overall,278230,General,
Vermont,2018,Overall,107637,Primary,
Vermont,2018,Senate,272624,General,
Vermont,2018,Secretary of State,267712,General,
Vermont,2020,Attorney General,345530,General,
Vermont,2020,Governor,362711,General,
Vermont,2020,Overall,368075,General,
Vermont,2020,Overall,168932,Primary,Statewide Primary
Vermont,2020,President,367428,General,
Vermont,2020,Secretary of State,346920,General,
Vermont,2022,Attorney General,275226,General,
Vermont,2022,Governor,284801,General,
Vermont,2022,Overall,291955,General,
Vermont,2022,Overall,102408,Primary,
Vermont,2022,Senate,287100,General,
Vermont,2022,Secretary of State,275379,General,
Virginia,2000,Overall,2789808,General,
Virginia,2000,Overall,664093,Primary,Presidential Primary
Virginia,2000,President,2654780,General,
Virginia,2000,Senate,2718301,General,
Virginia,2001,Attorney General,1844781,General,
Virginia,2001,Governor,1886721,General,
Virginia,2001,Overall,1886721,General,
Virginia,2002,Overall,1489422,General,
Virginia,2002,Senate,1489422,General,
Virginia,2004,Overall,3223156,General,
Virginia,2004,Overall,396223,Primary,Presidential Primary
Virginia,2004,President,3198367,General,
Virginia,2005,Attorney General,1943250,General,
Virginia,2005,Governor,1983778,General,
Virginia,2005,Overall,2000052,General,
Virginia,2006,Overall,2399152,General,
Virginia,2006,Senate,2370445,General,
Virginia,2008,Overall,3750065,General,
Virginia,2008,Overall,1475455,Primary,Presidential Primary
Virginia,2008,President,3723260,General,
Virginia,2008,Senate,3643294,General,
Virginia,2009,Attorney General,1954596,General,
Virginia,2009,Governor,1985103,General,
Virginia,2009,Overall,2000812,General,
Virginia,2010,Overall,2214505,General,
Virginia,2012,Overall,3896846,General,
Virginia,2012,Overall,265580,Primary,Presidential Primary
Virginia,2012,President,3858043,General,
Virginia,2012,Senate,3805019,General,
Virginia,2013,Attorney General,2212851,General,
Virginia,2013,Governor,2241071,General,
Virginia,2013,Overall,2253418,General,
Virginia,2014,Overall,2194346,General,
Virginia,2014,Senate,2184520,General,
Virginia,2016,Overall,3996302,General,
Virginia,2016,Overall,1810807,Primary,Presidential Primary
Virginia,2016,President,3984631,General,
Virginia,2017,Attorney General,2597544,General,
Virginia,2017,Governor,2614065,General,
Virginia,2018,Overall,3374382,General,
Virginia,2018,Senate,3351757,General,
Virginia,2020,Overall,4487338,General,
Virginia,2020,Overall,1323693,Primary,Presidential Primary
Virginia,2020,President,4460524,General,
Virginia,2020,Senate,4405087,General,
Virginia,2021,Attorney General,3270647,General,
Virginia,2021,Governor,3288318,General,
Virginia,2022,Overall,3021956,General,
Washington,2000,Attorney General,2301993,General,
Washington,2000,Governor,2469852,General,
Washington,2000,Overall,2517028,General,
Washington,2000,Overall,1319775,Primary,Statewide Primary
Washington,2000,President,2487433,General,
Washington,2000,Senate,2461379,General,
Washington,2000,Secretary of State,2273743,General,
Washington,2002,Overall,1808720,General,
Washington,2002,Overall,1107861,Primary,
Washington,2004,Attorney General,2690144,General,
Washington,2004,Governor,2810058,General,
Washington,2004,Overall,2883655,General,
Washington,2004,Overall,1480247,Primary,Statewide Primary
Washington,2004,President,2858084,General,
Washington,2004,Senate,2818651,General,
Washington,2004,Secretary of State,2660817,General,
Washington,2006,Overall,2107370,General,
Washington,2006,Overall,1243992,Primary,
Washington,2006,Senate,2083734,General,
Washington,2008,Attorney General,2841938,General,
Washington,2008,Governor,2825667,General,
Washington,2008,Overall,3071587,General,
Washington,2008,Overall,1455756,Primary,Statewide Primary
Washington,2008,President,3036878,General,
Washington,2008,Secretary of State,2819673,General,
Washington,2010,Overall,2565589,General,
Washington,2010,Overall,1471791,Primary,
Washington,2010,Senate,2511094,General,
Washington,2012,Attorney General,2925453,General,
Washington,2012,Governor,3071047,General,
Washington,2012,Overall,3172939,General,
Washington,2012,Overall,1435928,Primary,Statewide Primary
Washington,2012,President,3125516,General,
Washington,2012,Senate,3069417,General,
Washington,2012,Secretary of State,2907609,General,
Washington,2014,Overall,2124330,General,
Washington,2014,Overall,1222710,Primary,
Washington,2016,Attorney General,2979909,General,
Washington,2016,Governor,3236866,General,
Washington,2016,Overall,3363440,General,
Washington,2016,Overall,1431058,Primary,Statewide Primary
Washington,2016,President,3209214,General,
Washington,2016,Senate,3243317,General,
Washington,2016,Secretary of State,3129303,General,
Washington,2018,Overall,3133462,General,
Washington,2018,Overall,1753545,Primary,
Washington,2018,Senate,3086168,General,
Washington,2020,Attorney General,3945313,General,
Washington,2020,Governor,4056454,General,
Washington,2020,Overall,4116894,General,
Washington,2020,Overall,2510881,Primary,Statewide Primary
Washington,2020,President,4087631,General,
Washington,2020,Secretary of State,3947517,General,
Washington,2022,Overall,3067686,General,
Washington,2022,Overall,1941933,Primary,
Washington,2022,Senate,3047900,General,
Washington,2022,Secretary of State,2950380,General,
West Virginia,2000,Attorney General,465047,General,
West Virginia,2000,Governor,648047,General,
West Virginia,2000,Overall,648124,General,
West Virginia,2000,President,648127,General,
West Virginia,2000,Senate,603477,General,
West Virginia,2000,Secretary of State,534966,General,
West Virginia,2002,Overall,436183,General,
West Virginia,2002,Senate,436183,General,
West Virginia,2004,Attorney General,713036,General,
West Virginia,2004,Governor,744433,General,
West Virginia,2004,Overall,769645,General,
West Virginia,2004,President,755887,General,
West Virginia,2004,Secretary of State,622804,General,
West Virginia,2006,Overall,462833,General,
West Virginia,2006,Senate,459884,General,
West Virginia,2008,Attorney General,678710,General,
West Virginia,2008,Governor,705795,General,
West Virginia,2008,Overall,736622,General,
West Virginia,2008,Overall,478944,Primary,
West Virginia,2008,President,713362,General,
West Virginia,2008,Senate,702189,General,
West Virginia,2008,Secretary of State,667713,General,
West Virginia,2010,Overall,536493,General,
West Virginia,2010,Senate,529948,General,Special Election
West Virginia,2011,Governor,301084,General,
West Virginia,2011,Overall,301084,General,
West Virginia,2011,Overall,188997,Primary,
West Virginia,2012,Attorney General,643684,General,
West Virginia,2012,Governor,664486,General,
West Virginia,2012,Overall,685099,General,
West Virginia,2012,Overall,179908,Primary,
West Virginia,2012,President,670438,General,
West Virginia,2012,Senate,660243,General,
West Virginia,2012,Secretary of State,638313,General,
West Virginia,2014,Overall,453659,General,
West Virginia,2014,Overall,219510,Primary,
West Virginia,2014,Senate,453659,General,
West Virginia,2016,Attorney General,694154,General,
West Virginia,2016,Governor,713858,General,
West Virginia,2016,Overall,732362,General,
West Virginia,2016,Overall,448640,Primary,
West Virginia,2016,President,713051,General,
West Virginia,2016,Secretary of State,691455,General,
West Virginia,2018,Overall,597149,General,
West Virginia,2018,Overall,320937,Primary,
West Virginia,2018,Senate,586034,General,
West Virginia,2020,Attorney General,764048,General,
West Virginia,2020,Governor,768804,General,
West Virginia,2020,Overall,802726,General,
West Virginia,2020,Overall,449077,Primary,
West Virginia,2020,President,794652,General,
West Virginia,2020,Senate,778918,General,
West Virginia,2020,Secretary of State,768187,General,
West Virginia,2022,Overall,494753,General,
West Virginia,2022,Overall,260274,Primary,
Wisconsin,2000,Overall,2598607,General,
Wisconsin,2000,Overall,866965,Primary,Presidential Primary
Wisconsin,2000,President,2598607,General,
Wisconsin,2000,Senate,2540083,General,
Wisconsin,2002,Attorney General,1711295,General,
Wisconsin,2002,Governor,1775349,General,
Wisconsin,2002,Overall,1775349,General,
Wisconsin,2002,Overall,913523,Primary,
Wisconsin,2002,Secretary of State,1680164,General,
Wisconsin,2004,Overall,3009491,General,
Wisconsin,2004,Overall,992242,Primary,Presidential Primary
Wisconsin,2004,President,2997007,General,
Wisconsin,2004,Senate,2949743,General,
Wisconsin,2006,Attorney General,2124467,General,
Wisconsin,2006,Governor,2161700,General,
Wisconsin,2006,Overall,2162438,General,
Wisconsin,2006,Overall,615944,Primary,
Wisconsin,2006,Senate,2138297,General,
Wisconsin,2006,Secretary of State,2075405,General,
Wisconsin,2008,Overall,2996869,General,
Wisconsin,2008,Overall,1511639,Primary,Presidential Primary
Wisconsin,2008,President,2983417,General,
Wisconsin,2010,Attorney General,2112485,General,
Wisconsin,2010,Governor,2160832,General,
Wisconsin,2010,Overall,2171331,General,
Wisconsin,2010,Overall,857027,Primary,
Wisconsin,2010,Senate,2171331,General,
Wisconsin,2010,Secretary of State,2081198,General,
Wisconsin,2012,Overall,3071434,General,
Wisconsin,2012,Overall,1144351,Primary,Presidential Primary
Wisconsin,2012,President,3071434,General,
Wisconsin,2012,Senate,3009411,General,
Wisconsin,2014,Attorney General,2350325,General,
Wisconsin,2014,Governor,2410314,General,
Wisconsin,2014,Overall,2422040,General,
Wisconsin,2014,Overall,638677,Primary,
Wisconsin,2014,Secretary of State,2322035,General,
Wisconsin,2016,Overall,3004051,General,
Wisconsin,2016,Overall,2113544,Primary,Presidential Primary
Wisconsin,2016,President,2976150,General,
Wisconsin,2016,Senate,2948741,General,
Wisconsin,2018,Attorney General,2642851,General,
Wisconsin,2018,Governor,2673308,General,
Wisconsin,2018,Overall,2673308,General,
Wisconsin,2018,Overall,997334,Primary,
Wisconsin,2018,Senate,2660763,General,
Wisconsin,2018,Secretary of State,2617948,General,
Wisconsin,2020,Overall,3297352,General,
Wisconsin,2020,Overall,1605912,Primary,Presidential Primary
Wisconsin,2020,President,3297352,General,
Wisconsin,2022,Attorney General,2633277,General,
Wisconsin,2022,Governor,2656490,General,
Wisconsin,2022,Overall,2668891,General,
Wisconsin,2022,Overall,1186436,Primary,
Wisconsin,2022,Senate,2652477,General,
Wisconsin,2022,Secretary of State,2626943,General,
Wyoming,2000,Overall,221685,General,
Wyoming,2000,Overall,108238,Primary,Statewide Primary
Wyoming,2000,President,213726,General,
Wyoming,2000,Senate,213659,General,
Wyoming,2002,Governor,185459,General,
Wyoming,2002,Overall,188028,General,
Wyoming,2002,Overall,135983,Primary,
Wyoming,2002,Senate,183280,General,
Wyoming,2002,Secretary of State,169472,General,
Wyoming,2004,Overall,245789,General,
Wyoming,2004,Overall,121688,Primary,Statewide Primary
Wyoming,2004,President,242948,General,
Wyoming,2006,Governor,193616,General,
Wyoming,2006,Overall,196217,General,
Wyoming,2006,Overall,119496,Primary,
Wyoming,2006,Senate,192845,General,
Wyoming,2006,Secretary of State,180761,General,
Wyoming,2008,Overall,256035,General,
Wyoming,2008,Overall,105169,Primary,Statewide Primary
Wyoming,2008,President,253137,General,
Wyoming,2008,Senate,249677,General,
Wyoming,2008,Senate,249265,General,Special Election
Wyoming,2010,Governor,172382,General,
Wyoming,2010,Overall,190822,General,
Wyoming,2010,Overall,134710,Primary,
Wyoming,2010,Secretary of State,184005,General,
Wyoming,2012,Overall,250701,General,
Wyoming,2012,Overall,108440,Primary,Statewide Primary
Wyoming,2012,President,249061,General,
Wyoming,2012,Senate,244862,General,
Wyoming,2014,Governor,167877,General,
Wyoming,2014,Overall,171153,General,
Wyoming,2014,Overall,120023,Primary,
Wyoming,2014,Senate,168390,General,
Wyoming,2014,Secretary of State,156407,General,
Wyoming,2016,Overall,258788,General,
Wyoming,2016,Overall,114437,Primary,Statewide Primary
Wyoming,2016,President,255849,General,
Wyoming,2018,Governor,203238,General,
Wyoming,2018,Overall,205275,General,
Wyoming,2018,Overall,139809,Primary,
Wyoming,2018,Senate,203420,General,
Wyoming,2018,Secretary of State,199098,General,
Wyoming,2020,Overall,278503,General,
Wyoming,2020,Overall,140042,Primary,Statewide Primary
Wyoming,2020,President,276765,General,
Wyoming,2020,Senate,273008,General,
Wyoming,2022,Governor,194000,General,
Wyoming,2022,Overall,198198,General,
Wyoming,2022,Overall,182232,Primary,
Wyoming,2022,Secretary of State,160975,General,