...1,precinct,gen_rep_TRUMP,gen_dem_CLINTON,gen_rep_JOHNSON,gen_dem_STEIN,pri_dem_CLINTON,pri_dem_LA.FUENTE,pri_dem_SANDERS,pri_rep_BUSH,pri_rep_CARSON,pri_rep_CHRISTIE,pri_rep_CRUZ,pri_rep_FIORINA,pri_rep_HUCKABEE,pri_rep_KASICH,pri_rep_RUBIO,pri_rep_SANTORUM,pri_rep_TRUMP,rep_primary_total,dem_primary_total,dem_general_total,rep_general_total
1,ADAMSAAA,532,96,12,4,27,1,26,1,2,1,55,0,2,108,7,0,152,328,54,0,0
2,ADAMSAAB,390,95,9,0,36,0,28,0,4,1,47,1,0,63,2,1,125,244,64,0,0
3,ADAMSAAD,408,94,5,4,39,0,34,0,1,1,33,1,0,73,2,1,162,274,73,0,0
4,ADAMSAAE,176,76,2,1,35,0,22,0,1,0,12,0,0,22,0,0,48,83,57,0,0
5,ADAMSAAG,258,73,8,2,22,1,21,3,3,0,17,1,1,46,0,0,93,164,44,0,0
6,ADAMSAAI,394,87,13,4,31,1,36,1,5,0,50,0,1,80,4,0,128,269,68,0,0
7,ADAMSAAK,414,194,18,2,81,7,44,1,3,1,26,0,1,82,5,1,156,276,132,0,0
8,ADAMSAAN,653,131,11,3,52,1,30,0,6,0,64,0,2,146,3,1,221,443,83,0,0
9,ADAMSAAP,250,80,1,1,30,0,26,2,1,0,17,0,1,40,6,0,75,142,56,0,0
10,ADAMSAAQ,243,86,8,3,28,0,15,1,1,0,13,0,1,26,2,0,72,116,43,0,0
11,ADAMSAAR,206,71,4,0,27,1,19,0,0,1,21,0,0,39,1,0,61,123,47,0,0
12,ADAMSAAS,340,78,9,1,23,1,27,1,2,0,47,0,0,76,1,0,94,221,51,0,0
13,ADAMSAAT,453,86,7,1,27,0,26,0,9,0,76,1,0,86,1,0,103,276,53,0,0
14,ADAMSAAU,291,66,4,2,24,1,23,0,0,0,27,0,1,81,0,0,82,191,48,0,0
15,ADAMSAAW,583,155,23,4,79,4,53,0,6,1,53,0,1,103,6,0,182,352,136,0,0
16,ADAMSAAY,399,111,14,3,39,0,28,2,5,0,45,0,3,92,7,0,120,274,67,0,0
17,ADAMSAAZ,386,106,8,4,51,2,28,2,7,0,33,0,0,83,6,0,135,266,81,0,0
18,ADAMSABA,350,164,19,4,83,1,33,1,2,1,24,0,2,83,13,0,95,221,117,0,0
19,ADAMSABC,344,150,13,0,48,1,31,0,6,2,26,0,3,91,4,0,83,215,80,0,0
20,ADAMSABE,490,75,14,0,28,1,29,2,2,0,42,0,1,84,3,1,150,285,58,0,0
21,ADAMSABG,464,99,14,1,34,0,27,3,5,1,51,0,1,90,2,0,134,287,61,0,0
22,ADAMSABH,345,72,3,1,13,3,20,3,2,0,43,1,0,69,1,0,94,213,36,0,0
23,ADAMSABI,290,81,7,2,29,2,20,1,4,0,38,0,0,81,2,0,70,196,51,0,0
24,ALLENAAA,385,124,17,1,31,1,31,0,1,1,45,0,0,111,3,0,93,254,63,0,0
25,ALLENAAC,351,105,9,3,35,0,23,0,3,0,32,0,0,121,8,0,61,225,58,0,0
26,ALLENAAE,350,119,18,6,25,2,33,1,2,1,24,0,1,94,1,0,82,206,60,0,0
27,ALLENAAG,167,38,11,4,16,1,11,0,0,0,15,0,1,39,1,1,36,93,28,0,0
28,ALLENAAH,294,260,33,2,87,0,44,0,3,1,26,1,0,63,7,0,65,166,131,0,0
29,ALLENAAJ,328,199,23,4,47,2,55,0,2,0,30,0,0,87,4,0,82,205,104,0,0
30,ALLENAAK,204,202,15,10,49,0,54,1,0,0,13,0,0,52,3,0,58,127,103,0,0
31,ALLENAAO,333,265,26,5,77,2,46,2,4,1,38,0,1,85,3,0,88,222,125,0,0
32,ALLENAAP,393,267,21,8,74,1,50,2,5,0,48,0,1,94,4,0,108,262,125,0,0
33,ALLENAAQ,385,247,20,5,60,1,52,0,1,0,42,0,0,107,8,0,78,236,113,0,0
34,ALLENAAW,163,269,14,9,61,0,57,1,1,0,24,0,0,28,6,0,28,88,118,0,0
35,ALLENAAX,111,199,7,4,62,0,24,0,2,0,4,0,0,18,0,0,23,47,86,0,0
36,ALLENAAY,245,195,13,4,53,1,22,0,2,1,31,0,0,35,1,0,57,127,76,0,0
37,ALLENABE,399,253,26,8,81,1,56,1,2,0,35,0,2,169,9,0,99,317,138,0,0
38,ALLENABF,177,261,13,2,69,1,48,0,2,0,24,1,0,56,1,0,34,118,118,0,0
39,ALLENABH,283,170,15,2,36,0,37,0,3,0,38,2,4,95,4,0,64,210,73,0,0
40,ALLENABI,351,294,28,10,79,2,92,0,3,1,53,0,0,117,3,0,77,254,173,0,0
41,ALLENABP,110,159,6,1,50,0,31,0,2,0,17,1,0,18,0,0,22,60,81,0,0
42,ALLENABQ,65,212,3,4,67,1,20,0,1,0,6,0,0,10,0,0,11,28,88,0,0
43,ALLENABR,51,316,3,3,117,1,33,0,0,0,3,0,0,8,0,1,10,22,151,0,0
44,ALLENABT,149,244,12,3,72,3,47,1,1,0,20,0,0,40,2,0,30,94,122,0,0
45,ALLENABW,192,300,16,2,95,0,55,0,1,0,28,0,0,51,1,1,49,131,150,0,0
46,ALLENABX,148,306,10,5,104,3,40,2,3,0,23,0,1,35,1,0,37,102,147,0,0
47,ALLENABZ,30,433,2,7,152,1,48,0,0,0,3,0,0,3,1,0,4,11,201,0,0
48,ALLENACD,361,318,18,5,100,0,49,1,6,0,38,1,1,112,10,0,86,255,149,0,0
49,ALLENACE,324,244,28,6,74,2,68,2,4,0,35,0,2,86,4,0,76,209,144,0,0
50,ALLENACG,397,254,20,10,69,1,55,1,2,0,28,2,1,125,5,0,93,257,125,0,0
51,ALLENACT,621,115,24,7,31,1,33,1,7,1,103,0,1,142,13,0,164,432,65,0,0
52,ALLENACU,329,56,16,1,16,0,12,1,2,0,61,0,0,81,3,0,85,233,28,0,0
53,ALLENACW,469,100,15,2,23,1,37,1,3,0,82,0,0,115,9,0,94,304,61,0,0
54,ALLENACX,328,149,24,2,42,1,36,1,2,0,52,0,1,89,7,0,90,242,79,0,0
55,ALLENACY,343,132,17,0,33,3,20,2,2,0,37,1,0,100,2,0,86,230,56,0,0
56,ALLENACZ,187,268,8,2,80,0,28,1,5,0,30,0,0,50,2,0,46,134,108,0,0
57,ALLENADA,260,155,10,4,35,0,37,0,0,0,24,0,0,74,1,1,73,173,72,0,0
58,ALLENADB,293,146,13,2,50,0,28,0,2,0,35,0,3,101,8,0,76,225,78,0,0
59,ALLENADC,487,126,19,2,37,0,31,1,2,0,68,1,1,148,6,0,123,350,68,0,0
60,ALLENADD,452,132,27,0,41,0,29,1,1,1,50,0,1,172,5,0,108,339,70,0,0
61,ALLENADE,416,100,19,1,35,0,16,1,2,0,53,0,0,139,9,0,116,320,51,0,0
62,ALLENADF,421,118,19,1,32,0,15,1,1,1,57,0,1,164,6,1,95,327,47,0,0
63,ALLENADG,313,149,17,6,43,3,37,0,1,0,44,0,1,103,6,0,50,205,83,0,0
64,ALLENADI,303,175,25,2,54,0,39,0,1,1,26,0,0,113,2,0,82,225,93,0,0
65,ALLENADQ,378,100,18,1,29,2,23,1,2,0,39,0,0,108,2,0,100,252,54,0,0
66,ALLENADR,428,104,12,4,32,1,20,0,3,0,59,0,1,154,9,1,104,331,53,0,0
67,ALLENADT,434,78,15,1,22,3,24,0,5,1,64,0,0,103,8,0,115,296,49,0,0
68,ALLENADU,162,22,4,1,3,1,7,0,1,0,16,0,1,32,3,0,56,109,11,0,0
69,ALLENADW,530,115,27,5,49,0,36,1,7,0,70,0,1,127,4,0,127,337,85,0,0
70,ALLENADY,389,92,17,1,40,2,29,1,4,0,38,0,0,93,11,0,114,261,71,0,0
71,ALLENADZ,477,90,15,4,24,0,24,0,2,0,51,0,0,122,4,0,125,304,48,0,0
72,ALLENAEA,366,66,21,3,22,1,15,1,2,0,56,1,1,106,1,1,84,253,38,0,0
73,ALLENAEB,396,81,15,2,23,5,16,1,1,0,52,0,0,121,6,0,93,274,44,0,0
74,ALLENAEC,218,115,14,5,24,0,21,0,1,0,7,0,1,27,0,0,58,94,45,0,0
75,ALLENAED,380,91,21,1,26,0,22,1,2,0,49,1,0,115,6,1,101,276,48,0,0
76,ALLENAEE,431,176,25,3,36,0,35,0,1,0,47,1,0,121,14,1,96,281,71,0,0
77,ALLENAEF,430,144,15,3,42,1,41,2,2,2,44,1,0,134,5,1,127,318,84,0,0
78,ALLENAEG,312,101,14,6,20,0,37,0,4,0,30,0,0,70,10,0,89,203,57,0,0
79,ALLENAEN,679,103,25,3,24,1,27,1,7,3,106,0,1,164,5,0,140,427,52,0,0
80,ALLENAEO,131,26,7,0,13,0,8,0,0,1,20,0,0,25,3,0,33,82,21,0,0
81,ALLENAEQ,639,90,18,6,27,1,24,1,1,0,82,0,4,145,11,0,145,389,52,0,0
82,ALLENAES,615,102,14,6,20,1,22,0,6,1,95,0,2,156,13,0,127,400,43,0,0
83,ALLENAET,580,116,15,9,28,2,24,0,3,1,55,0,2,188,11,0,133,393,54,0,0
84,ALLENAEW,181,57,5,3,15,3,14,1,2,1,16,0,1,52,2,0,46,121,32,0,0
85,ALLENAEX,416,45,9,1,5,0,16,0,3,0,72,0,1,123,5,1,79,284,21,0,0
86,ALLENAEY,356,47,11,0,14,1,16,0,0,0,56,0,0,65,5,0,93,219,31,0,0
87,ALLENAEZ,491,89,20,5,24,1,18,4,2,1,65,0,0,111,4,0,160,347,43,0,0
88,ALLENAFB,365,133,17,3,44,0,19,2,2,2,40,0,1,80,6,1,84,218,63,0,0
89,ALLENAFC,252,130,8,4,36,1,21,0,0,0,20,1,0,36,3,0,77,137,58,0,0
90,ALLENAFE,121,12,7,0,6,0,8,0,0,0,12,0,0,27,3,0,29,71,14,0,0
91,ALLENAFF,391,114,25,1,34,1,24,2,5,0,56,1,0,155,3,0,85,307,59,0,0
92,ALLENAFG,427,105,19,3,21,0,29,1,4,1,74,1,2,178,7,0,75,343,50,0,0
93,ALLENAFI,392,277,17,5,74,1,59,2,4,1,61,0,1,209,10,0,69,357,134,0,0
94,ALLENAFJ,319,244,22,6,50,0,97,1,3,1,71,0,0,123,4,0,59,262,147,0,0
95,ALLENAFK,381,172,29,4,29,2,51,2,1,0,66,1,1,161,7,0,87,326,82,0,0
96,ALLENAFN,418,130,20,3,29,2,26,0,1,0,39,0,0,157,4,0,98,299,57,0,0
97,ALLENAFO,367,149,16,5,42,0,40,2,2,0,25,0,0,143,6,0,100,278,82,0,0
98,ALLENAFP,322,99,19,5,30,3,31,1,3,0,28,1,1,84,4,1,66,189,64,0,0
99,ALLENAFQ,379,130,22,1,33,0,19,1,6,0,48,0,3,156,9,0,105,328,52,0,0
100,ALLENAFR,356,141,17,5,24,2,27,1,5,1,37,2,0,120,5,0,82,253,53,0,0
101,ALLENAFS,440,177,11,2,44,0,16,2,5,0,33,0,0,190,7,0,95,332,60,0,0
102,ALLENAFT,455,138,17,3,41,0,29,1,2,0,68,0,1,136,6,0,119,333,70,0,0
103,ALLENAFU,400,124,28,10,32,1,38,0,4,1,53,0,1,121,6,0,108,294,71,0,0
104,ALLENAFV,450,114,18,4,30,1,35,0,2,0,62,0,0,144,7,0,108,323,66,0,0
105,ALLENAGB,444,161,32,4,38,2,27,0,3,0,65,0,0,156,8,0,116,348,67,0,0
106,ALLENAGC,430,135,29,5,42,2,42,0,1,1,38,1,0,112,5,0,107,265,86,0,0
107,ALLENAGD,413,105,16,4,40,2,18,1,4,1,51,0,0,92,6,0,103,258,60,0,0
108,ALLENAGI,355,58,11,1,17,6,14,0,4,0,45,0,0,66,5,1,80,201,37,0,0
109,ALLENAGK,351,60,22,4,15,0,21,2,2,0,38,0,0,82,2,0,73,199,36,0,0
110,ALLENAGL,336,62,10,2,13,0,19,1,3,0,37,0,0,87,6,0,84,218,32,0,0
111,ALLENAGN,536,100,17,1,31,1,24,1,4,3,79,0,1,147,7,0,140,382,56,0,0
112,ASHLANDAAA,467,210,14,5,57,1,33,4,7,0,58,2,2,191,15,0,72,351,91,0,0
113,ASHLANDAAB,203,141,26,2,29,0,38,0,0,0,24,0,2,70,5,0,42,143,67,0,0
114,ASHLANDAAC,279,114,16,1,45,3,19,5,7,1,21,0,5,153,4,0,57,253,67,0,0
115,ASHLANDAAD,531,209,17,7,55,1,48,1,7,0,76,1,1,225,11,0,107,429,104,0,0
116,ASHLANDAAF,379,109,23,2,26,0,22,0,4,0,44,2,1,178,8,0,81,318,48,0,0
117,ASHLANDAAG,470,161,41,4,26,0,55,3,4,0,45,0,2,140,10,1,90,295,81,0,0
118,ASHLANDAAH,263,131,28,5,21,0,30,0,3,0,18,0,0,86,5,0,38,150,51,0,0
119,ASHLANDAAI,228,111,16,3,35,1,29,2,1,0,25,1,0,87,5,0,52,173,65,0,0
120,ASHLANDAAJ,462,195,35,2,51,0,48,3,3,2,69,1,0,174,13,0,96,361,99,0,0
121,ASHLANDAAQ,301,161,29,3,31,2,37,4,3,1,43,1,0,93,2,0,59,206,70,0,0
122,ASHLANDAAS,458,244,30,8,47,2,62,7,1,0,66,1,1,159,16,0,84,335,111,0,0
123,ASHLANDAAU,424,196,19,1,53,2,28,4,6,1,43,0,3,188,19,1,65,330,83,0,0
124,ASHLANDAAV,194,101,15,2,20,0,28,1,3,1,19,0,2,43,2,1,39,111,48,0,0
125,ASHLANDAAZ,317,128,20,9,45,1,48,0,0,1,28,4,3,77,4,0,51,168,94,0,0
126,ASHLANDABB,201,105,13,8,19,0,29,0,2,0,15,0,0,55,3,0,31,106,48,0,0
127,ASHLANDABC,219,95,11,3,17,1,28,0,1,0,24,0,0,48,7,0,46,126,46,0,0
128,ASHLANDABD,143,52,3,1,12,2,8,0,1,0,13,0,0,26,1,0,33,74,22,0,0
129,ASHLANDABG,319,68,15,5,17,0,23,0,1,0,39,0,1,65,2,0,68,176,40,0,0
130,ASHLANDABI,531,183,28,4,52,1,52,3,8,2,74,0,0,122,1,1,164,375,105,0,0
131,ASHLANDABJ,316,83,15,2,26,1,24,0,0,0,37,0,0,91,6,0,77,211,51,0,0
132,ASHLANDABN,314,117,25,5,27,0,51,0,1,0,33,0,0,91,1,0,88,214,78,0,0
133,ASHLANDABO,610,240,35,9,63,2,70,4,7,1,53,1,1,179,9,1,148,404,135,0,0
134,ASHLANDABP,231,98,14,1,29,2,22,0,1,0,11,1,0,79,3,0,56,151,53,0,0
135,ASHLANDABS,474,197,30,4,55,1,54,0,5,0,48,0,1,135,4,0,114,307,110,0,0
136,ASHLANDABT,704,181,27,6,51,2,36,0,4,0,44,1,1,154,13,0,186,403,89,0,0
137,ASHLANDABV,224,68,16,4,23,2,23,0,1,0,32,0,1,71,0,0,56,161,48,0,0
138,ASHLANDABZ,648,153,20,10,38,0,46,1,5,1,97,0,0,169,10,0,147,430,84,0,0
139,ASHLANDACA,321,65,6,0,16,0,29,1,5,0,49,0,0,77,6,1,82,221,45,0,0
140,ASHLANDACB,154,62,8,2,12,1,15,0,0,0,30,0,0,37,8,0,33,108,28,0,0
141,ASHLANDACC,587,146,36,3,40,1,39,1,5,1,82,0,0,165,8,1,145,408,80,0,0
142,ASHLANDACE,400,96,19,1,19,1,18,1,1,1,43,1,0,116,3,0,96,262,38,0,0
143,ASHLANDACF,486,126,29,3,37,2,28,2,5,0,56,0,1,157,10,1,85,317,67,0,0
144,ASHLANDACH,329,60,13,2,16,0,20,1,5,0,39,0,0,136,5,0,64,250,36,0,0
145,ASHLANDACI,585,167,22,5,37,2,28,0,6,3,72,0,6,178,8,0,110,383,67,0,0
146,ASHLANDACJ,349,81,20,3,17,1,26,1,3,0,37,0,1,91,3,0,74,210,44,0,0
147,ASHLANDACM,743,170,27,3,47,1,39,0,6,0,91,2,2,208,9,0,143,461,87,0,0
148,ASHLANDACN,342,93,13,5,26,0,31,0,1,2,54,0,4,67,7,0,82,217,57,0,0
149,ASHLANDACO,453,115,17,7,20,0,41,0,2,0,29,0,0,92,2,0,119,244,61,0,0
150,ASHLANDACP,331,120,14,6,24,2,40,0,4,1,34,0,1,63,1,0,78,182,66,0,0
151,ASHLANDACQ,443,110,30,3,50,0,31,0,3,1,51,0,1,80,5,0,114,255,81,0,0
152,ASHLANDACS,470,131,12,0,29,0,29,0,3,2,78,0,1,120,8,1,115,328,58,0,0
153,ASHLANDACT,306,71,11,6,23,2,19,1,2,0,28,0,0,115,5,0,81,232,44,0,0
154,ASHLANDACU,328,62,14,8,13,0,17,1,5,0,53,0,0,85,1,0,71,216,30,0,0
155,ASHLANDACV,527,131,19,6,47,2,37,0,7,0,56,0,1,138,9,0,119,330,86,0,0
156,ASHLANDACX,429,83,15,6,23,1,19,1,5,0,54,1,1,109,8,0,82,261,43,0,0
157,ASHTABULAAAA,244,296,20,7,130,4,71,1,4,0,12,0,0,64,3,0,80,164,205,0,0
158,ASHTABULAAAB,202,225,12,4,84,4,59,0,3,0,17,0,0,78,3,0,49,150,147,0,0
159,ASHTABULAAAC,145,238,16,4,95,4,56,0,1,0,10,0,0,35,1,0,34,81,155,0,0
160,ASHTABULAAAE,136,176,6,2,73,1,31,0,0,0,8,1,0,39,0,0,39,87,105,0,0
161,ASHTABULAAAH,188,255,15,8,74,0,83,0,0,0,10,1,0,47,1,0,46,105,157,0,0
162,ASHTABULAAAI,176,250,12,8,128,2,51,2,0,0,9,0,2,34,1,1,34,83,181,0,0
163,ASHTABULAAAJ,109,137,6,5,61,2,36,0,0,0,3,0,1,14,3,0,35,56,99,0,0
164,ASHTABULAAAM,67,128,7,3,33,1,43,0,0,1,5,0,0,16,1,0,15,38,77,0,0
165,ASHTABULAAAN,41,83,3,1,29,1,15,0,0,0,1,0,0,2,0,0,6,9,45,0,0
166,ASHTABULAAAO,76,127,6,5,37,1,25,0,0,0,3,0,0,9,0,0,25,37,63,0,0
167,ASHTABULAAAP,82,115,7,2,44,0,15,0,0,0,2,1,0,15,0,0,17,35,59,0,0
168,ASHTABULAAAQ,39,165,5,0,42,0,27,0,0,0,7,0,0,13,0,0,13,33,69,0,0
169,ASHTABULAAAR,68,105,6,2,31,2,22,0,0,1,4,0,0,9,0,0,22,36,55,0,0
170,ASHTABULAAAS,68,115,5,4,21,1,27,0,1,0,7,0,0,16,0,0,27,51,49,0,0
171,ASHTABULAAAT,117,109,5,7,45,3,23,0,2,0,19,0,0,25,2,1,27,76,71,0,0
172,ASHTABULAAAU,227,248,30,3,88,0,72,1,4,0,12,1,0,45,6,0,60,129,160,0,0
173,ASHTABULAAAW,74,79,0,3,16,0,29,0,1,0,13,0,0,18,3,0,11,46,45,0,0
174,ASHTABULAAAX,59,84,8,3,29,0,29,0,0,0,8,1,0,20,3,0,8,40,58,0,0
175,ASHTABULAAAY,177,196,13,3,70,1,26,0,0,0,17,0,0,44,3,0,51,115,97,0,0
176,ASHTABULAABA,102,152,3,7,62,1,30,0,1,0,4,0,0,24,1,0,29,59,93,0,0
177,ASHTABULAABB,125,111,3,2,29,1,30,0,0,0,9,0,0,21,2,1,25,58,60,0,0
178,ASHTABULAABC,142,74,1,2,37,1,18,0,0,0,14,0,0,30,0,0,29,73,56,0,0
179,ASHTABULAABD,228,164,25,10,55,3,67,2,0,0,13,0,0,33,3,0,56,107,125,0,0
180,ASHTABULAABF,205,228,14,7,88,4,66,2,3,1,12,0,0,47,7,1,55,128,158,0,0
181,ASHTABULAABG,260,265,15,6,113,0,64,0,1,0,29,0,2,62,7,1,54,156,177,0,0
182,ASHTABULAABI,258,170,16,3,54,1,46,0,1,1,27,0,0,65,3,0,85,182,101,0,0
183,ASHTABULAABJ,133,114,6,3,48,0,30,0,1,0,9,0,2,41,2,0,34,89,78,0,0
184,ASHTABULAABK,178,159,11,3,58,2,45,0,3,0,9,0,0,28,0,0,50,90,105,0,0
185,ASHTABULAABL,156,163,5,3,66,1,51,0,0,0,7,0,0,36,1,0,39,83,118,0,0
186,ASHTABULAABM,169,144,8,2,50,0,35,0,2,1,6,1,0,35,0,0,37,82,85,0,0
187,ASHTABULAABN,112,101,14,7,41,1,41,0,0,0,1,0,0,10,0,0,28,39,83,0,0
188,ASHTABULAABO,168,225,12,7,71,0,56,1,3,0,11,1,0,28,2,0,38,84,127,0,0
189,ASHTABULAABQ,91,92,5,1,28,0,18,1,1,0,9,0,1,9,0,0,16,37,46,0,0
190,ASHTABULAABR,184,137,7,4,36,0,38,0,0,1,9,0,1,49,5,0,44,109,74,0,0
191,ASHTABULAABS,298,255,34,15,70,2,92,0,1,0,31,0,2,73,5,0,61,173,164,0,0
192,ASHTABULAABT,144,125,13,3,50,0,35,0,2,0,15,1,0,30,1,0,38,87,85,0,0
193,ASHTABULAABV,162,91,13,2,25,1,31,0,2,0,13,0,0,31,1,0,34,81,57,0,0
194,ASHTABULAABW,123,102,11,2,39,1,39,0,0,0,17,1,3,18,1,0,28,68,79,0,0
195,ASHTABULAABX,189,163,13,0,54,0,36,0,1,0,12,0,0,49,2,0,47,111,90,0,0
196,ASHTABULAABY,189,160,15,5,59,2,40,1,3,0,10,1,0,68,9,0,50,142,101,0,0
197,ASHTABULAABZ,277,129,9,1,46,0,25,0,1,0,8,0,0,69,4,0,64,146,71,0,0
198,ASHTABULAACA,252,80,8,6,17,0,20,0,0,0,14,0,1,62,4,0,69,150,37,0,0
199,ASHTABULAACB,239,126,15,1,45,0,29,0,2,0,21,0,0,52,3,0,64,142,74,0,0
200,ASHTABULAACD,177,157,13,5,41,3,47,0,0,0,13,0,0,31,3,0,58,105,91,0,0
201,ASHTABULAACG,288,222,14,4,76,2,71,1,2,1,25,1,0,94,4,0,82,210,149,0,0
202,ASHTABULAACH,117,118,6,1,40,1,27,0,2,0,5,0,1,17,1,0,41,67,68,0,0
203,ASHTABULAACI,237,255,12,10,104,0,52,0,2,3,14,1,1,50,4,0,61,136,156,0,0
204,ASHTABULAACJ,200,170,10,8,56,0,39,1,0,0,15,0,1,51,4,0,50,122,95,0,0
205,ASHTABULAACM,213,129,6,3,51,1,43,1,1,1,11,0,1,34,6,0,61,116,95,0,0
206,ASHTABULAACO,410,173,12,4,40,0,60,2,1,0,26,0,3,114,4,0,94,244,100,0,0
207,ASHTABULAACP,370,225,16,5,64,1,71,0,1,0,30,0,0,92,9,0,91,223,136,0,0
208,ASHTABULAACQ,266,83,9,1,25,2,19,1,1,0,24,0,2,54,2,0,70,154,46,0,0
209,ASHTABULAACR,259,93,13,4,38,0,46,0,2,1,22,0,1,50,4,0,83,163,84,0,0
210,ASHTABULAACS,232,114,6,2,44,0,28,0,0,0,14,1,1,32,1,2,60,111,72,0,0
211,ASHTABULAACT,250,92,9,8,28,1,56,1,1,1,19,0,1,47,3,1,74,148,85,0,0
212,ASHTABULAACU,421,241,32,4,80,1,68,0,4,0,39,0,0,70,3,0,104,220,149,0,0
213,ASHTABULAACW,229,133,14,2,42,2,41,1,2,2,12,1,1,55,4,0,55,133,85,0,0
214,ASHTABULAACX,169,89,13,2,27,1,25,0,1,0,16,0,2,33,1,0,37,90,53,0,0
215,ASHTABULAACY,242,186,19,2,67,1,41,1,3,0,13,0,0,63,3,0,70,153,109,0,0
216,ASHTABULAADA,280,128,6,4,30,0,46,0,2,0,47,0,0,66,2,0,62,179,76,0,0
217,ASHTABULAADB,361,177,19,3,48,1,40,0,1,0,32,0,4,87,3,0,93,220,89,0,0
218,ASHTABULAADC,258,149,12,3,44,1,33,0,1,0,20,0,2,70,3,0,54,150,78,0,0
219,ASHTABULAADD,498,156,20,5,50,0,61,0,2,0,59,0,2,114,1,1,145,324,111,0,0
220,ASHTABULAADF,236,104,12,5,33,1,35,0,4,1,26,0,1,53,4,0,66,155,69,0,0
221,ASHTABULAADG,221,71,7,1,32,1,21,0,1,0,18,0,0,48,1,0,50,118,54,0,0
222,ASHTABULAADH,270,89,10,4,33,0,29,0,2,0,25,0,2,71,6,0,64,170,62,0,0
223,ASHTABULAADI,201,100,16,4,40,0,25,2,2,0,19,0,1,42,3,1,57,127,65,0,0
224,ASHTABULAADJ,375,241,27,8,79,1,67,2,1,0,39,1,2,79,10,1,103,238,147,0,0
225,ASHTABULAADL,257,153,9,2,43,0,45,0,1,0,12,0,0,83,5,0,90,191,88,0,0
226,ASHTABULAADM,262,152,12,2,57,1,56,1,3,4,29,1,0,55,8,0,63,164,114,0,0
227,ASHTABULAADN,256,151,9,2,51,0,43,0,3,0,22,1,0,58,5,0,71,160,94,0,0
228,ASHTABULAADO,258,74,8,6,24,1,41,1,2,0,22,0,0,50,3,0,76,154,66,0,0
229,ASHTABULAADP,214,98,14,4,33,0,31,0,0,0,15,0,0,54,2,0,69,140,64,0,0
230,ASHTABULAADQ,348,139,13,2,41,7,42,0,5,2,49,0,0,73,3,2,94,228,90,0,0
231,ASHTABULAADR,324,138,8,5,53,2,41,0,2,0,35,0,0,66,3,0,68,174,96,0,0
232,ASHTABULAADS,129,71,5,2,17,1,32,0,0,0,8,0,0,17,1,0,40,66,50,0,0
233,ASHTABULAADT,302,114,9,2,31,2,25,0,2,0,16,1,0,53,2,0,102,176,58,0,0
234,ASHTABULAADU,312,149,13,3,46,2,47,0,1,0,29,0,0,77,2,1,82,192,95,0,0
235,ASHTABULAADV,279,232,6,7,82,1,43,0,2,1,12,0,2,76,2,0,71,166,126,0,0
236,ASHTABULAADW,391,225,20,6,84,5,50,3,4,2,46,0,1,88,9,0,113,266,139,0,0
237,ASHTABULAADX,140,87,11,2,22,1,26,0,0,0,10,0,0,43,5,0,41,99,49,0,0
238,ASHTABULAADZ,327,129,19,7,52,1,45,0,2,0,35,0,1,70,6,0,103,217,98,0,0
239,ASHTABULAAEA,349,195,27,9,67,2,69,0,5,0,29,0,2,92,9,1,86,224,138,0,0
240,ASHTABULAAEB,341,126,14,3,45,1,52,2,7,2,26,1,1,86,2,0,105,232,98,0,0
241,ASHTABULAAEC,233,149,4,5,47,0,45,0,0,1,21,0,0,47,6,0,70,145,92,0,0
242,ASHTABULAAED,405,255,22,5,82,1,79,0,1,0,32,0,1,79,4,0,105,222,162,0,0
243,ASHTABULAAEF,253,92,14,4,31,3,30,1,0,0,24,0,0,45,3,0,68,141,64,0,0
244,ASHTABULAAEG,294,101,12,8,38,1,34,4,4,0,33,1,0,47,4,0,79,172,73,0,0
245,ASHTABULAAEH,203,94,14,2,40,0,37,1,7,0,7,0,1,60,2,0,65,143,77,0,0
246,ASHTABULAAEI,191,159,6,7,59,0,35,0,0,0,4,0,1,25,2,2,69,103,94,0,0
247,ASHTABULAAEJ,196,181,6,2,75,1,46,3,0,1,10,0,0,62,1,0,50,127,122,0,0
248,ASHTABULAAEK,224,165,10,3,64,0,39,0,2,1,18,1,0,69,4,0,53,148,103,0,0
249,ASHTABULAAEL,233,225,11,2,112,0,51,0,1,0,15,1,1,67,7,0,61,153,163,0,0
250,ASHTABULAAEM,266,275,15,5,101,1,56,0,2,0,19,0,0,106,3,1,70,201,158,0,0
251,ASHTABULAAEO,188,117,9,5,40,1,23,1,0,0,17,0,0,50,3,1,57,129,64,0,0
252,ASHTABULAAEP,166,117,8,0,45,1,40,0,1,1,12,1,0,39,2,0,49,105,86,0,0
253,ASHTABULAAEQ,211,102,14,0,38,2,37,0,0,0,17,0,0,45,0,1,66,129,77,0,0
254,ASHTABULAAER,294,113,11,4,43,1,30,0,2,0,27,0,0,53,5,0,75,162,74,0,0
255,ASHTABULAAES,520,180,12,8,55,1,64,1,6,0,30,1,1,102,5,0,169,315,120,0,0
256,ASHTABULAAEU,164,74,7,5,28,0,19,0,0,0,15,0,1,55,7,0,33,111,47,0,0
257,ASHTABULAAEV,197,64,4,2,17,1,22,0,1,1,11,1,0,42,2,0,52,110,40,0,0
258,ASHTABULAAEW,241,88,11,3,50,1,31,1,1,0,20,0,0,47,4,0,67,140,82,0,0
259,ASHTABULAAEX,402,180,15,10,42,1,81,0,2,0,37,0,1,82,4,0,115,241,124,0,0
260,ASHTABULAAEZ,489,257,20,5,65,2,56,1,2,0,37,0,0,135,4,0,134,313,123,0,0
261,ATHENSAAA,138,638,28,29,55,0,303,0,0,0,5,0,0,59,5,0,14,83,358,0,0
262,ATHENSAAB,48,340,15,27,78,0,168,0,3,0,8,0,1,17,1,0,12,42,246,0,0
263,ATHENSAAD,128,493,30,18,38,1,213,0,1,0,5,0,1,45,5,0,14,71,252,0,0
264,ATHENSAAE,329,439,38,17,21,2,168,0,3,0,1,0,0,45,7,0,19,75,191,0,0
265,ATHENSAAF,83,148,10,3,10,0,44,0,0,0,2,0,0,22,4,0,3,31,54,0,0
266,ATHENSAAG,314,535,47,15,11,0,153,0,0,0,6,0,0,45,7,0,17,75,164,0,0
267,ATHENSAAH,53,226,20,9,25,0,83,0,0,0,2,0,0,30,1,0,7,40,108,0,0
268,ATHENSAAI,113,330,9,7,100,1,104,0,0,0,11,0,0,73,5,0,26,115,205,0,0
269,ATHENSAAJ,138,471,18,10,143,0,144,0,1,0,16,0,0,76,4,0,25,122,287,0,0
270,ATHENSAAK,144,258,33,6,10,0,92,0,0,0,4,0,0,26,3,0,7,40,102,0,0
271,ATHENSAAL,160,300,24,7,8,1,77,0,0,0,3,0,0,45,6,0,13,67,86,0,0
272,ATHENSAAM,167,278,23,6,15,0,77,0,0,0,1,0,0,36,0,0,11,48,92,0,0
273,ATHENSAAN,117,433,20,10,60,0,192,0,0,0,7,0,0,24,1,0,12,44,252,0,0
274,ATHENSAAP,64,516,13,24,103,1,262,1,0,0,5,0,1,28,4,0,15,54,366,0,0
275,ATHENSAAQ,57,344,7,7,128,0,122,0,1,0,3,0,0,47,4,0,11,66,250,0,0
276,ATHENSAAS,114,397,15,8,124,1,142,0,1,0,9,0,2,85,4,0,40,141,267,0,0
277,ATHENSAAU,58,383,15,7,102,0,149,0,1,0,3,0,0,53,7,0,8,72,251,0,0
278,ATHENSAAV,82,312,13,11,44,0,140,0,1,0,2,0,0,27,1,0,11,42,184,0,0
279,ATHENSAAW,104,294,23,11,9,0,140,0,0,0,1,0,0,38,3,0,6,48,149,0,0
280,ATHENSAAX,182,165,11,5,52,0,71,0,0,0,16,0,0,31,3,0,62,112,123,0,0
281,ATHENSAAZ,127,123,10,10,35,0,48,0,1,1,9,0,0,26,3,0,34,74,83,0,0
282,ATHENSABB,165,162,15,15,48,2,66,0,0,0,5,0,0,21,1,0,41,68,116,0,0
283,ATHENSABD,192,193,23,4,47,1,75,1,0,1,9,0,0,30,6,0,58,105,123,0,0
284,ATHENSABF,489,333,25,7,90,0,113,2,2,0,50,0,3,92,13,0,138,300,203,0,0
285,ATHENSABG,225,261,25,6,67,6,92,0,3,0,28,0,1,67,7,0,74,180,165,0,0
286,ATHENSABH,212,304,24,24,68,1,154,0,2,0,17,0,0,53,1,0,76,149,223,0,0
287,ATHENSABI,29,47,7,3,8,0,34,0,1,0,3,0,0,12,0,0,9,25,42,0,0
288,ATHENSABJ,347,545,31,11,161,2,206,0,5,0,30,0,1,151,10,1,78,276,369,0,0
289,ATHENSABK,86,236,13,6,72,1,84,1,0,0,9,0,1,35,2,0,26,74,157,0,0
290,ATHENSABL,185,417,22,14,111,0,150,1,1,0,11,0,0,88,6,1,52,160,261,0,0
291,ATHENSABM,233,333,22,10,111,1,135,4,0,2,22,0,0,49,6,1,58,142,247,0,0
292,ATHENSABN,300,446,18,12,147,1,164,2,1,0,30,0,0,102,2,0,80,217,312,0,0
293,ATHENSABO,108,146,7,7,31,2,55,0,0,0,10,1,0,18,4,0,33,66,88,0,0
294,ATHENSABP,254,488,19,13,123,0,210,1,1,0,17,0,1,97,5,1,70,193,333,0,0
295,ATHENSABR,510,169,15,6,64,3,65,0,4,2,41,0,3,89,4,0,160,303,132,0,0
296,ATHENSABS,161,141,10,5,32,2,76,1,3,1,7,0,1,25,1,0,52,91,110,0,0
297,ATHENSABT,156,250,9,3,92,0,81,0,1,1,13,0,0,49,4,0,35,103,173,0,0
298,ATHENSABU,225,199,10,8,48,2,89,0,0,0,17,0,3,22,3,0,81,126,139,0,0
299,ATHENSABV,90,167,5,12,32,0,100,0,0,1,8,0,0,14,0,0,23,46,132,0,0
300,ATHENSABW,236,167,13,7,57,4,72,0,3,0,23,0,0,65,7,0,51,149,133,0,0
301,ATHENSABX,609,393,27,12,107,3,150,4,4,3,75,1,2,125,7,0,136,357,260,0,0
302,ATHENSABY,373,322,21,11,76,1,157,3,5,1,21,0,2,81,6,0,101,220,234,0,0
303,ATHENSABZ,316,251,16,5,70,3,109,1,3,0,18,0,1,64,7,0,96,190,182,0,0
304,ATHENSACB,88,117,3,0,67,2,20,0,0,1,1,0,0,15,1,0,25,43,89,0,0
305,ATHENSACC,388,292,20,9,143,5,76,0,2,0,16,1,0,29,3,0,106,157,224,0,0
306,ATHENSACD,64,48,8,3,22,0,18,0,0,0,1,0,0,7,1,0,12,21,40,0,0
307,ATHENSACE,283,282,14,8,109,0,89,1,2,0,9,0,0,29,3,1,70,115,198,0,0
308,ATHENSACI,137,49,1,4,20,1,23,1,1,0,10,0,0,22,1,0,49,84,44,0,0
309,ATHENSACJ,399,146,8,3,38,0,41,0,3,0,44,0,0,93,5,0,115,260,79,0,0
310,ATHENSACK,288,54,5,5,24,0,19,4,0,0,18,0,0,68,3,1,83,177,43,0,0
311,ATHENSACL,197,287,27,6,88,2,122,0,1,0,12,0,0,51,0,0,75,139,212,0,0
312,ATHENSACM,268,254,17,10,86,2,115,0,3,0,21,1,1,28,3,0,79,136,203,0,0
313,ATHENSACO,113,117,6,3,50,1,49,0,0,0,6,0,0,22,2,0,30,60,100,0,0
314,ATHENSACP,443,321,25,5,103,2,118,2,2,0,29,1,0,65,5,0,151,255,223,0,0
315,ATHENSACR,211,437,25,15,14,0,159,0,1,0,6,0,0,23,7,0,13,50,173,0,0
316,ATHENSACS,254,573,54,20,19,0,187,0,0,0,7,0,0,59,6,1,15,88,206,0,0
317,AUGLAIZEAAA,467,121,27,5,24,1,26,0,2,0,37,0,1,121,4,0,128,293,51,0,0
318,AUGLAIZEAAB,301,84,13,1,29,3,23,0,1,0,21,0,1,50,5,0,76,154,55,0,0
319,AUGLAIZEAAC,351,126,21,4,42,0,22,1,2,2,31,0,0,76,3,0,102,217,64,0,0
320,AUGLAIZEAAD,566,198,13,4,68,0,31,1,2,1,45,1,1,185,12,0,152,400,99,0,0
321,AUGLAIZEAAE,573,157,18,6,33,1,41,0,2,0,35,0,1,117,8,1,145,309,75,0,0
322,AUGLAIZEAAF,371,115,15,8,41,2,39,0,0,0,19,1,0,48,3,0,94,165,82,0,0
323,AUGLAIZEAAG,649,171,37,2,43,1,27,1,2,0,58,0,0,232,10,0,145,448,71,0,0
324,AUGLAIZEAAH,569,181,16,1,50,0,38,2,5,1,47,0,1,166,7,1,136,366,88,0,0
325,AUGLAIZEAAI,302,91,17,3,23,0,22,0,1,0,21,0,0,84,2,0,46,154,45,0,0
326,AUGLAIZEAAJ,422,120,22,2,24,1,38,1,3,1,46,1,0,122,3,1,82,260,63,0,0
327,AUGLAIZEAAK,267,77,17,3,24,1,20,0,1,1,26,0,0,35,1,0,65,129,45,0,0
328,AUGLAIZEAAL,323,83,18,2,21,0,26,1,2,0,38,0,1,68,3,0,80,193,47,0,0
329,AUGLAIZEAAM,241,73,11,5,22,0,22,0,3,0,30,0,1,52,0,0,59,145,44,0,0
330,AUGLAIZEAAN,544,122,18,5,32,4,27,3,0,0,60,0,5,105,3,0,125,301,63,0,0
331,AUGLAIZEAAO,370,55,12,1,17,0,15,0,1,0,52,0,1,73,1,0,113,241,32,0,0
332,AUGLAIZEAAP,718,119,30,4,31,1,22,1,2,1,55,0,0,166,7,0,141,373,54,0,0
333,AUGLAIZEAAR,532,143,24,2,28,1,41,0,1,0,53,3,0,176,7,0,120,360,70,0,0
334,AUGLAIZEAAS,257,78,10,2,15,2,18,2,2,0,26,0,1,54,2,1,75,163,35,0,0
335,AUGLAIZEAAU,427,54,8,1,16,1,11,0,1,0,46,0,0,142,6,0,75,270,28,0,0
336,AUGLAIZEAAV,827,171,30,1,50,1,20,0,2,0,78,2,0,317,15,0,141,555,71,0,0
337,AUGLAIZEAAW,522,106,32,5,25,2,35,0,1,0,43,0,0,186,4,0,86,320,62,0,0
338,AUGLAIZEAAX,222,34,13,1,7,0,17,0,0,0,37,0,3,47,3,0,59,149,24,0,0
339,AUGLAIZEAAY,467,47,13,2,3,0,5,0,3,0,61,0,0,148,9,1,68,290,8,0,0
340,AUGLAIZEAAZ,746,152,16,0,44,0,27,1,3,1,70,0,1,271,11,0,106,464,71,0,0
341,AUGLAIZEABA,688,108,28,4,24,2,18,2,4,0,64,1,1,247,5,1,128,453,44,0,0
342,AUGLAIZEABB,89,26,4,0,8,1,6,1,0,0,7,0,0,15,0,0,24,47,15,0,0
343,AUGLAIZEABC,466,61,9,0,17,2,14,1,5,0,71,0,2,109,2,0,135,325,33,0,0
344,AUGLAIZEABD,854,126,24,2,35,0,43,0,7,0,70,1,1,246,6,0,209,540,78,0,0
345,AUGLAIZEABF,616,93,9,1,22,1,32,1,0,0,55,1,0,120,5,0,165,347,55,0,0
346,AUGLAIZEABG,632,89,15,3,23,2,27,0,1,0,44,0,1,150,9,0,174,379,52,0,0
347,AUGLAIZEABH,679,134,24,4,23,1,45,1,1,1,63,0,0,225,8,1,139,439,69,0,0
348,AUGLAIZEABJ,638,195,22,7,65,1,31,1,0,0,37,2,2,130,8,0,155,335,97,0,0
349,AUGLAIZEABK,213,22,9,0,6,0,9,0,3,0,27,0,1,74,1,0,58,164,15,0,0
350,AUGLAIZEABL,825,143,32,6,31,1,49,1,2,0,119,1,1,180,11,1,238,554,81,0,0
351,AUGLAIZEABN,393,54,7,4,12,0,18,1,4,0,44,0,1,147,4,0,85,286,30,0,0
352,AUGLAIZEABO,535,53,16,4,5,1,18,0,2,0,49,0,0,157,6,0,127,341,24,0,0
353,AUGLAIZEABP,377,35,11,5,12,1,19,0,0,0,47,0,2,78,9,0,109,245,32,0,0
354,AUGLAIZEABQ,243,44,16,0,15,3,7,0,0,1,29,0,0,39,2,0,94,165,25,0,0
355,AUGLAIZEABR,376,119,24,2,40,0,27,1,1,1,36,0,1,125,7,0,89,261,67,0,0
356,BELMONTAAA,377,193,18,3,81,7,92,0,2,0,25,1,1,33,4,0,109,175,180,0,0
357,BELMONTAAB,231,171,9,6,58,1,46,0,1,0,12,0,0,19,3,0,49,84,105,0,0
358,BELMONTAAE,202,155,19,3,67,6,38,0,1,0,11,0,0,15,3,0,58,88,111,0,0
359,BELMONTAAF,433,268,19,10,119,6,88,1,1,0,34,2,1,59,8,0,86,192,213,0,0
360,BELMONTAAH,398,265,12,5,117,5,87,0,1,0,39,0,0,46,10,0,80,176,209,0,0
361,BELMONTAAJ,99,71,8,2,18,1,25,0,0,0,8,0,0,17,1,0,21,47,44,0,0
362,BELMONTAAK,214,115,8,2,46,4,29,0,2,0,15,0,0,29,2,0,57,105,79,0,0
363,BELMONTAAL,278,226,18,0,81,6,57,0,0,1,14,0,0,30,6,1,53,105,144,0,0
364,BELMONTAAN,355,150,9,1,86,5,37,1,3,0,30,0,0,84,7,0,109,234,128,0,0
365,BELMONTAAO,223,129,10,2,53,6,39,0,3,0,21,0,0,35,5,0,52,116,98,0,0
366,BELMONTAAP,398,164,17,2,75,4,46,0,2,1,62,0,0,88,9,1,104,267,125,0,0
367,BELMONTAAQ,210,116,8,3,56,5,29,0,3,0,19,1,0,43,4,0,55,125,90,0,0
368,BELMONTAAR,259,132,12,2,65,2,22,0,1,0,22,0,2,67,6,0,53,151,89,0,0
369,BELMONTAAS,199,102,12,3,55,2,40,0,0,0,20,0,0,49,2,0,48,119,97,0,0
370,BELMONTAAT,218,112,7,3,49,2,35,1,3,0,15,0,1,43,4,0,61,128,86,0,0
371,BELMONTAAU,175,51,4,3,31,4,20,0,0,0,16,1,0,22,1,0,51,91,55,0,0
372,BELMONTAAV,165,48,3,0,27,0,18,0,1,0,21,0,2,33,4,0,41,102,45,0,0
373,BELMONTAAW,471,161,8,6,89,3,72,0,1,0,44,0,0,68,8,0,102,223,164,0,0
374,BELMONTAAX,263,115,1,0,82,3,46,0,0,0,24,0,0,29,3,0,51,107,131,0,0
375,BELMONTAAY,263,97,6,0,56,3,38,0,0,0,24,0,0,17,4,0,91,136,97,0,0
376,BELMONTAAZ,201,86,7,3,47,4,36,0,0,1,7,0,0,18,1,0,58,85,87,0,0
377,BELMONTABA,262,112,11,3,49,6,40,0,0,0,29,0,0,38,4,0,75,146,95,0,0
378,BELMONTABB,85,38,4,0,15,2,20,1,0,0,3,0,0,7,2,0,17,30,37,0,0
379,BELMONTABC,194,63,3,0,25,2,15,0,0,0,27,0,0,22,0,0,37,86,42,0,0
380,BELMONTABD,148,61,3,4,24,1,22,0,0,0,9,0,0,24,3,0,31,67,47,0,0
381,BELMONTABE,386,122,20,4,42,5,59,1,3,0,26,1,1,70,4,0,98,204,106,0,0
382,BELMONTABF,564,112,14,1,48,4,48,3,3,0,82,1,2,88,6,0,122,307,100,0,0
383,BELMONTABG,128,32,3,0,10,1,6,0,0,0,11,0,0,15,0,0,36,62,17,0,0
384,BELMONTABH,346,195,18,3,92,7,72,1,0,0,25,0,0,39,9,0,87,161,171,0,0
385,BELMONTABI,442,238,18,4,116,4,89,1,3,0,42,1,0,61,15,0,133,256,209,0,0
386,BELMONTABL,330,184,11,3,87,2,79,2,1,0,30,1,0,27,6,0,70,137,168,0,0
387,BELMONTABN,487,184,21,2,92,10,104,0,1,0,68,0,0,46,6,0,118,239,206,0,0
388,BELMONTABP,274,114,6,2,51,1,50,0,0,0,26,1,0,27,4,0,74,132,102,0,0
389,BELMONTABQ,222,123,10,5,51,3,39,0,1,0,15,0,0,30,2,0,57,105,93,0,0
390,BELMONTABS,209,104,13,3,46,4,43,5,1,0,23,0,0,18,2,0,50,99,93,0,0
391,BELMONTABU,169,90,14,1,47,4,31,0,1,0,16,0,0,26,6,0,44,93,82,0,0
392,BELMONTABV,363,218,33,9,113,9,74,0,1,0,33,1,2,36,2,0,100,175,196,0,0
393,BELMONTABW,320,174,14,4,79,5,52,1,1,0,25,0,0,44,3,0,72,146,136,0,0
394,BELMONTABX,153,57,3,1,20,1,12,0,0,0,9,0,0,30,0,0,47,86,33,0,0
395,BELMONTABY,113,66,5,1,34,2,26,0,0,0,6,0,0,10,0,0,36,52,62,0,0
396,BELMONTABZ,286,110,13,1,54,3,42,0,4,0,27,0,0,26,9,0,67,133,99,0,0
397,BELMONTACD,139,53,0,0,19,1,22,0,0,0,17,0,0,16,1,0,32,66,42,0,0
398,BELMONTACE,465,243,15,9,138,10,102,0,2,0,39,0,0,38,5,0,108,192,250,0,0
399,BELMONTACF,413,172,10,6,92,6,89,2,1,0,31,0,2,54,8,1,130,229,187,0,0
400,BELMONTACH,411,178,17,3,87,8,88,0,1,0,31,0,1,35,5,0,111,184,183,0,0
401,BELMONTACJ,357,110,10,2,48,6,27,2,1,0,42,0,1,67,8,0,107,228,81,0,0
402,BELMONTACK,445,155,12,1,56,3,59,0,1,0,53,0,0,99,16,0,119,288,118,0,0
403,BELMONTACL,298,144,8,4,50,3,49,0,1,0,27,0,0,39,13,0,80,160,102,0,0
404,BELMONTACM,470,111,11,1,41,3,51,1,1,0,57,0,0,108,4,0,118,289,95,0,0
405,BELMONTACN,465,150,6,3,75,2,58,0,3,0,83,0,0,103,7,0,113,309,135,0,0
406,BELMONTACO,507,186,20,5,81,3,68,1,3,0,66,0,0,102,12,0,160,344,152,0,0
407,BELMONTACP,277,90,10,3,42,4,45,0,0,0,19,0,0,18,5,0,86,128,91,0,0
408,BELMONTACQ,599,131,13,3,52,5,65,0,3,0,70,1,0,77,5,0,156,312,122,0,0
409,BELMONTACS,264,65,12,1,27,5,30,0,1,0,20,0,0,36,2,0,65,124,62,0,0
410,BELMONTACT,130,33,5,0,16,0,9,0,0,0,14,0,0,19,1,0,36,70,25,0,0
411,BELMONTACU,86,27,4,1,13,0,11,0,0,0,4,0,1,18,1,0,14,38,24,0,0
412,BELMONTACV,208,75,13,0,44,2,46,0,1,0,15,0,0,26,2,0,61,105,92,0,0
413,BELMONTACW,631,149,13,3,53,7,57,0,6,0,74,0,0,104,7,0,162,353,117,0,0
414,BELMONTACX,570,239,17,5,86,9,69,0,2,2,44,0,3,103,5,0,137,296,164,0,0
415,BELMONTACZ,339,139,16,6,56,3,46,0,3,0,31,0,2,46,8,0,77,167,105,0,0
416,BELMONTADB,647,227,23,6,74,4,84,2,4,0,61,0,1,146,16,0,158,388,162,0,0
417,BELMONTADD,205,64,6,1,25,1,25,1,0,0,26,0,0,11,0,0,52,90,51,0,0
418,BELMONTADE,281,65,10,7,25,0,44,0,1,0,17,0,0,35,9,0,69,131,69,0,0
419,BELMONTADF,302,100,12,4,64,2,43,0,0,0,25,0,1,30,9,1,86,152,109,0,0
420,BELMONTADH,323,75,12,1,34,2,23,0,0,0,32,0,0,46,3,0,84,165,59,0,0
421,BELMONTADI,413,207,20,5,129,8,113,2,1,0,19,0,0,43,4,0,102,171,250,0,0
422,BELMONTADK,349,96,11,0,51,5,51,0,1,0,17,0,0,33,8,0,92,151,107,0,0
423,BELMONTADL,42,11,1,0,4,1,5,0,1,0,5,0,0,10,3,0,12,31,10,0,0
424,BELMONTADW,82,69,0,0,47,1,22,0,0,0,6,0,0,2,1,0,23,32,70,0,0
425,BELMONTADX,277,97,18,5,42,0,44,3,1,0,24,0,0,41,3,0,73,145,86,0,0
426,BROWNAAA,262,75,10,2,36,1,18,3,2,0,18,1,0,55,6,0,99,184,55,0,0
427,BROWNAAF,626,163,15,7,50,4,43,2,2,0,71,1,3,161,13,0,197,450,97,0,0
428,BROWNAAG,257,69,4,0,25,1,23,2,1,0,29,1,0,50,2,0,89,174,49,0,0
429,BROWNAAH,373,83,5,0,23,0,23,1,6,1,33,0,1,67,6,0,116,231,46,0,0
430,BROWNAAJ,702,206,8,3,67,0,33,1,2,0,43,0,1,81,9,0,124,261,100,0,0
431,BROWNAAK,452,138,9,4,62,1,23,0,1,1,20,0,0,76,7,0,137,242,86,0,0
432,BROWNAAM,324,66,10,2,24,0,19,0,2,0,27,0,0,61,0,0,101,191,43,0,0
433,BROWNAAV,468,143,19,4,45,0,52,3,3,1,57,0,1,111,5,0,162,343,97,0,0
434,BROWNAAW,433,98,9,2,38,3,33,2,1,0,53,0,2,77,1,1,188,325,74,0,0
435,BROWNAAY,484,107,13,2,33,3,30,2,1,0,76,0,1,76,10,0,151,317,66,0,0
436,BROWNABI,317,122,18,3,40,2,26,1,4,0,27,2,0,93,9,0,113,249,68,0,0
437,BROWNABP,218,86,9,5,26,1,18,2,3,0,16,0,2,38,5,1,54,121,45,0,0
438,BROWNACD,468,110,8,6,37,1,28,0,3,0,42,1,1,77,4,0,136,264,66,0,0
439,BROWNACE,477,122,10,1,41,1,27,1,0,1,48,0,0,54,3,0,156,263,69,0,0
440,BROWNACF,454,103,18,6,42,1,30,1,2,0,61,0,0,76,6,0,129,275,73,0,0
441,BROWNACG,511,157,18,3,67,0,50,2,4,0,86,0,1,132,7,0,192,424,117,0,0
442,BROWNACH,635,195,22,2,49,0,49,4,4,0,70,0,3,163,3,0,188,435,98,0,0
443,BROWNACI,467,162,18,7,71,3,34,4,1,0,60,0,0,153,0,1,122,341,108,0,0
444,BROWNACJ,594,181,20,3,71,3,47,4,2,0,52,0,3,76,6,0,199,342,121,0,0
445,BROWNACK,267,73,7,0,23,1,15,1,1,0,27,0,1,50,1,0,97,178,39,0,0
446,BROWNACL,439,133,21,1,58,0,42,1,2,0,58,0,2,103,6,0,155,327,100,0,0
447,BROWNACM,455,140,13,4,52,0,33,2,8,0,35,0,2,96,1,0,152,296,85,0,0
448,BROWNACN,431,113,9,3,29,0,30,0,2,0,43,1,0,58,0,0,147,251,59,0,0
449,BROWNACO,423,174,16,7,71,3,41,2,5,0,34,1,0,87,2,0,103,234,115,0,0
450,BROWNACP,459,157,17,5,67,4,42,1,3,1,34,0,1,99,2,2,147,290,113,0,0
451,BROWNACQ,516,162,18,4,85,4,41,2,3,0,36,1,1,117,13,0,170,343,130,0,0
452,BROWNACR,493,126,7,3,38,1,27,1,2,1,52,0,1,95,10,0,160,322,66,0,0
453,BROWNACS,712,160,14,3,41,3,53,2,1,0,73,2,0,101,3,0,231,413,97,0,0
454,BROWNACT,507,146,14,5,48,0,42,0,3,1,63,0,4,71,10,0,168,320,90,0,0
455,BROWNACU,436,228,18,3,80,4,35,0,8,0,30,0,1,129,10,2,152,332,119,0,0
456,BROWNACV,390,178,11,2,59,0,34,0,5,0,43,1,4,111,8,0,138,310,93,0,0
457,BROWNACW,523,177,23,1,72,5,45,0,7,1,42,0,1,108,5,1,160,325,122,0,0
458,BUTLERAAB,366,354,20,6,78,0,53,0,1,0,37,0,2,87,5,0,93,225,131,0,0
459,BUTLERAAC,411,196,22,1,35,0,43,0,0,0,40,0,2,181,9,0,115,347,78,0,0
460,BUTLERAAD,215,231,12,4,54,0,50,2,0,0,14,1,1,67,5,0,51,141,104,0,0
461,BUTLERAAE,176,191,13,7,39,0,33,0,0,0,19,1,0,45,3,0,48,116,72,0,0
462,BUTLERAAF,160,370,34,4,75,0,52,0,1,0,15,0,0,38,1,0,28,83,127,0,0
463,BUTLERAAG,278,212,14,3,47,0,39,1,1,0,14,0,0,98,3,0,78,195,86,0,0
464,BUTLERAAH,149,247,10,7,66,1,45,0,1,0,10,0,0,44,5,0,22,82,112,0,0
465,BUTLERAAI,220,158,26,7,48,1,20,0,1,0,24,0,1,81,6,0,63,176,69,0,0
466,BUTLERAAK,241,312,29,6,75,1,59,1,3,0,25,0,0,56,4,0,45,134,135,0,0
467,BUTLERAAL,388,170,13,2,36,0,39,1,5,2,40,1,1,78,4,0,92,224,75,0,0
468,BUTLERAAM,365,148,21,5,28,0,44,1,5,1,21,0,0,88,8,1,98,223,72,0,0
469,BUTLERAAN,287,217,13,2,44,1,35,0,4,0,27,0,1,60,5,1,73,171,80,0,0
470,BUTLERAAO,169,253,20,2,69,1,47,3,4,0,9,0,2,33,2,1,41,95,117,0,0
471,BUTLERAAP,313,179,20,5,43,1,59,2,2,0,22,0,0,69,3,1,90,189,103,0,0
472,BUTLERAAQ,335,179,23,7,29,2,30,1,2,1,29,0,1,67,2,0,81,184,61,0,0
473,BUTLERAAR,213,336,26,8,61,1,66,1,0,0,23,0,0,61,3,0,53,141,128,0,0
474,BUTLERAAS,108,159,19,4,30,1,36,0,1,0,10,0,0,16,1,0,21,49,67,0,0
475,BUTLERAAT,306,162,24,3,45,0,32,1,4,0,37,1,0,100,7,0,91,241,77,0,0
476,BUTLERAAU,283,248,27,5,52,1,53,0,2,0,26,0,0,60,4,1,58,151,106,0,0
477,BUTLERAAV,326,137,22,9,30,0,30,0,1,0,24,1,2,169,4,0,101,302,60,0,0
478,BUTLERAAW,320,166,22,5,44,1,29,1,2,0,30,0,0,135,8,0,81,257,74,0,0
479,BUTLERAAX,359,214,30,5,55,3,50,1,2,0,33,0,0,111,6,0,68,221,108,0,0
480,BUTLERAAY,296,211,19,3,63,1,46,0,2,0,30,0,0,82,7,1,74,196,110,0,0
481,BUTLERAAZ,358,204,19,10,51,0,47,1,3,0,33,0,2,127,6,0,86,258,98,0,0
482,BUTLERABA,260,164,23,8,31,0,40,1,4,0,21,0,3,66,2,0,85,182,71,0,0
483,BUTLERABC,287,191,21,6,40,1,51,1,1,0,33,0,3,76,2,0,78,194,92,0,0
484,BUTLERABD,428,166,20,3,39,1,17,0,2,1,47,0,1,168,5,0,90,314,57,0,0
485,BUTLERABH,459,236,21,2,54,0,43,1,3,2,35,1,1,130,4,0,148,325,97,0,0
486,BUTLERABI,429,158,23,3,40,0,39,0,2,1,38,1,2,119,8,0,114,285,79,0,0
487,BUTLERABJ,385,303,17,8,77,0,65,0,2,1,34,0,1,121,4,0,93,256,142,0,0
488,BUTLERABK,426,149,34,5,41,1,39,0,0,0,50,0,1,111,10,0,104,276,81,0,0
489,BUTLERABL,463,182,19,3,60,0,23,0,1,0,62,0,3,130,6,0,94,296,83,0,0
490,BUTLERABM,386,121,18,4,28,0,35,1,1,0,28,0,1,57,6,0,113,207,63,0,0
491,BUTLERABN,386,186,18,4,35,0,59,0,3,0,36,0,1,140,9,0,103,292,94,0,0
492,BUTLERABO,405,137,22,5,29,0,24,0,1,0,43,1,2,111,12,0,94,264,53,0,0
493,BUTLERABQ,412,176,23,7,39,0,47,1,2,0,39,1,1,101,3,1,101,250,86,0,0
494,BUTLERABR,447,178,19,5,42,2,49,2,1,1,55,0,1,116,5,0,110,291,93,0,0
495,BUTLERABS,248,156,20,3,38,0,41,0,4,0,35,0,0,55,2,0,62,158,79,0,0
496,BUTLERABT,223,182,18,6,40,1,54,0,1,0,18,1,0,34,5,0,49,108,95,0,0
497,BUTLERABU,335,157,18,7,31,0,57,0,4,0,23,0,0,43,4,0,92,166,88,0,0
498,BUTLERABV,296,173,34,8,31,0,51,1,3,1,21,2,0,113,7,0,89,237,82,0,0
499,BUTLERABW,689,276,25,4,74,0,44,7,5,0,52,0,4,232,11,0,165,476,118,0,0
500,BUTLERABX,325,173,24,4,39,0,67,2,3,0,36,0,0,52,3,0,64,160,106,0,0
501,BUTLERABY,332,192,17,8,41,0,66,1,2,0,26,0,0,70,2,0,87,188,107,0,0
502,BUTLERABZ,327,184,22,1,32,0,46,3,2,2,37,0,3,88,3,0,85,223,78,0,0
503,BUTLERACA,391,177,15,4,50,0,51,0,0,0,40,1,0,60,4,0,97,202,101,0,0
504,BUTLERACB,392,166,18,4,32,0,41,4,1,0,29,3,3,61,3,0,115,219,73,0,0
505,BUTLERACC,240,144,12,4,30,0,31,1,1,0,21,0,1,57,0,0,51,132,61,0,0
506,BUTLERACD,264,116,9,1,30,2,30,1,4,0,20,1,3,67,4,1,56,157,62,0,0
507,BUTLERACE,493,257,14,2,60,0,59,0,6,0,61,1,2,172,13,0,127,382,119,0,0
508,BUTLERACF,100,36,4,1,12,0,3,0,0,0,11,0,0,24,5,0,29,69,15,0,0
509,BUTLERACG,436,188,17,3,34,1,38,0,3,0,29,0,0,64,5,2,117,220,73,0,0
510,BUTLERACH,748,287,23,4,89,0,40,3,1,1,56,2,1,247,25,2,246,584,129,0,0
511,BUTLERACI,268,143,12,3,32,1,26,0,2,0,23,1,1,22,2,0,74,125,59,0,0
512,BUTLERACJ,456,223,14,2,48,1,35,1,4,0,43,0,0,121,9,1,137,316,84,0,0
513,BUTLERACK,357,218,8,3,44,1,38,0,2,0,28,1,0,77,8,0,108,224,83,0,0
514,BUTLERACL,467,171,22,3,45,0,29,0,1,0,54,0,1,110,8,1,127,302,74,0,0
515,BUTLERACM,288,107,9,2,33,1,18,1,1,0,25,0,0,96,5,0,73,201,52,0,0
516,BUTLERACN,44,272,8,6,69,0,41,0,0,0,3,0,0,8,0,0,4,15,110,0,0
517,BUTLERACO,40,380,6,4,119,0,35,0,1,0,1,0,0,5,1,0,8,16,154,0,0
518,BUTLERACQ,472,295,35,4,64,2,71,0,3,0,35,1,0,69,2,0,103,213,137,0,0
519,BUTLERACR,186,145,10,2,43,1,22,0,0,0,9,0,0,20,2,0,33,64,66,0,0
520,BUTLERACT,179,361,13,6,82,0,48,1,0,0,14,0,0,28,3,0,38,84,130,0,0
521,BUTLERACU,388,190,32,8,53,0,43,0,1,0,33,1,2,38,4,1,87,167,96,0,0
522,BUTLERACX,227,163,12,6,25,1,31,0,2,0,9,0,0,18,2,0,59,90,57,0,0
523,BUTLERACY,271,135,14,3,32,0,26,0,1,0,19,0,1,37,4,0,63,125,58,0,0
524,BUTLERACZ,297,409,12,8,62,1,62,0,0,0,36,0,0,67,8,0,74,185,125,0,0
525,BUTLERADA,234,170,8,3,42,0,26,0,0,0,12,0,0,26,1,0,68,107,68,0,0
526,BUTLERADB,357,178,10,2,37,0,39,0,0,0,31,0,0,51,4,0,81,167,76,0,0
527,BUTLERADC,239,147,18,6,14,0,50,1,0,0,21,0,1,46,2,0,60,131,64,0,0
528,BUTLERADD,397,179,29,2,51,1,53,1,7,1,29,0,1,59,7,0,115,220,105,0,0
529,BUTLERADE,296,186,16,2,39,1,46,0,1,0,25,0,1,49,4,0,78,158,86,0,0
530,BUTLERADF,95,62,3,0,7,0,13,0,0,0,3,0,0,10,0,0,17,30,20,0,0
531,BUTLERADG,359,130,16,0,33,1,27,1,2,1,31,0,1,79,7,0,99,221,61,0,0
532,BUTLERADH,258,135,11,5,20,0,41,1,1,1,20,2,0,33,3,0,57,118,61,0,0
533,BUTLERADI,314,157,16,3,60,0,24,1,2,0,19,1,4,67,4,0,77,175,84,0,0
534,BUTLERADJ,315,172,24,5,48,0,24,3,1,0,32,0,0,139,2,1,95,273,72,0,0
535,BUTLERADK,362,175,14,3,52,0,34,0,0,1,31,0,2,116,7,0,117,274,86,0,0
536,BUTLERADL,519,210,22,6,52,1,56,2,1,3,42,0,9,123,11,0,155,346,109,0,0
537,BUTLERADM,173,81,3,6,19,1,16,1,1,0,7,0,0,19,0,0,49,77,36,0,0
538,BUTLERADN,309,201,21,8,60,2,44,0,1,0,9,0,0,51,5,0,100,166,106,0,0
539,BUTLERADO,283,117,13,3,33,1,33,1,3,0,23,0,2,50,5,0,85,169,67,0,0
540,BUTLERADP,135,211,7,4,46,0,37,2,1,0,12,0,0,24,1,0,34,74,83,0,0
541,BUTLERADR,89,369,17,4,131,0,53,1,1,0,7,0,0,26,2,0,21,58,184,0,0
542,BUTLERADS,18,344,7,8,123,0,34,0,3,0,3,0,0,6,1,0,5,18,157,0,0
543,BUTLERADT,196,101,5,7,29,0,27,0,0,1,5,1,0,12,0,0,52,71,56,0,0
544,BUTLERADU,190,150,4,2,39,0,35,0,0,0,4,0,0,20,0,0,48,72,74,0,0
545,BUTLERADV,64,321,7,7,107,0,41,0,1,0,3,0,0,8,0,0,20,32,148,0,0
546,BUTLERADW,61,184,4,3,59,2,22,0,0,0,3,0,0,6,0,0,17,26,83,0,0
547,BUTLERADX,218,119,7,3,30,1,26,1,1,0,11,0,0,13,2,0,58,86,57,0,0
548,BUTLERADY,360,145,12,1,53,0,14,1,1,2,46,2,0,134,7,2,103,298,67,0,0
549,BUTLERADZ,276,156,13,6,36,0,46,2,5,0,27,0,1,83,5,0,86,209,82,0,0
550,BUTLERAEA,249,176,18,8,44,0,43,0,0,0,22,0,1,79,4,0,65,171,87,0,0
551,BUTLERAEB,208,141,15,3,32,0,41,0,2,0,15,1,0,69,2,1,59,149,73,0,0
552,BUTLERAEC,356,188,18,8,53,1,53,2,2,1,21,0,2,128,5,1,104,266,107,0,0
553,BUTLERAED,455,243,11,6,65,0,39,0,3,0,37,0,1,164,6,0,144,355,104,0,0
554,BUTLERAEE,419,174,25,1,54,1,48,0,3,0,41,0,1,109,8,0,124,286,103,0,0
555,BUTLERAEF,279,186,21,5,49,0,56,1,2,0,25,2,0,50,10,0,69,159,105,0,0
556,BUTLERAEG,300,135,10,3,49,1,25,0,1,1,21,0,2,93,5,0,74,197,75,0,0
557,BUTLERAEH,291,171,22,1,38,0,38,0,0,0,22,0,0,61,4,1,61,149,76,0,0
558,BUTLERAEI,389,198,17,3,60,1,40,2,3,0,34,0,1,106,5,0,111,262,101,0,0
559,BUTLERAEK,270,227,15,5,52,4,44,0,1,0,24,0,0,35,2,0,75,137,100,0,0
560,BUTLERAEL,292,175,14,2,43,2,30,2,1,0,23,0,0,40,4,0,74,144,75,0,0
561,BUTLERAEM,298,178,17,2,41,0,42,1,3,1,20,0,0,61,3,0,92,181,83,0,0
562,BUTLERAEN,178,144,11,1,22,0,40,0,2,0,13,0,2,67,2,0,41,127,62,0,0
563,BUTLERAEO,255,166,12,3,43,0,21,0,0,0,19,2,0,30,5,0,60,116,64,0,0
564,BUTLERAEP,398,260,21,3,87,0,54,2,2,0,25,1,1,63,6,0,120,220,141,0,0
565,BUTLERAEQ,244,284,22,3,69,1,67,1,1,0,17,1,1,41,2,0,60,124,137,0,0
566,BUTLERAER,324,203,19,4,49,1,45,0,0,0,29,0,2,40,2,0,86,159,95,0,0
567,BUTLERAET,198,357,21,6,58,0,79,0,1,0,4,0,0,80,2,0,18,105,137,0,0
568,BUTLERAEU,112,327,19,4,30,0,91,0,1,0,4,0,0,64,10,0,21,100,121,0,0
569,BUTLERAEV,222,540,33,3,191,0,125,0,4,0,20,0,1,201,13,0,41,280,316,0,0
570,BUTLERAEW,141,393,25,8,55,0,113,0,1,0,18,0,1,64,2,0,23,109,168,0,0
571,BUTLERAEX,144,278,17,10,63,0,95,2,0,0,12,2,1,73,3,0,29,122,158,0,0
572,BUTLERAEY,144,267,19,1,12,0,59,0,0,0,3,0,0,32,5,0,4,44,71,0,0
573,BUTLERAEZ,155,217,17,5,12,1,39,0,1,0,4,0,0,39,1,0,9,54,52,0,0
574,BUTLERAFA,149,349,26,12,33,0,107,0,0,1,10,0,0,39,8,0,18,76,140,0,0
575,BUTLERAFB,210,367,24,10,66,1,113,1,0,0,15,1,0,84,4,0,40,145,180,0,0
576,BUTLERAFC,209,370,20,1,133,0,78,3,4,0,24,0,1,168,5,0,48,253,211,0,0
577,BUTLERAFD,300,626,43,10,31,0,186,1,3,0,18,1,0,113,18,0,25,179,217,0,0
578,BUTLERAFE,218,267,25,7,3,0,33,0,0,0,3,0,0,26,5,0,11,45,36,0,0
579,BUTLERAFF,193,351,17,7,99,0,104,1,3,0,19,1,3,106,3,0,30,166,203,0,0
580,BUTLERAFH,118,25,3,1,6,0,8,0,0,0,12,0,1,7,0,0,35,55,14,0,0
581,BUTLERAFI,624,170,28,2,49,3,34,3,4,0,65,1,2,110,12,2,199,398,86,0,0
582,BUTLERAFJ,600,145,21,2,50,1,35,0,3,0,52,0,1,121,9,1,172,359,86,0,0
583,BUTLERAFK,605,142,32,3,50,2,32,0,7,0,38,1,1,80,11,1,200,339,84,0,0
584,BUTLERAFL,240,76,3,0,26,0,12,1,0,0,16,0,1,20,0,0,64,102,38,0,0
585,BUTLERAFM,537,149,23,4,45,2,50,2,5,0,48,0,0,52,11,1,144,263,97,0,0
586,BUTLERAFN,627,165,25,5,40,1,54,0,6,0,58,0,0,74,7,0,176,321,95,0,0
587,BUTLERAFO,417,90,19,0,27,0,18,0,3,0,47,0,3,114,5,1,90,263,45,0,0
588,BUTLERAFP,260,84,9,5,17,0,20,0,0,0,25,0,4,26,2,0,67,124,37,0,0
589,BUTLERAFQ,312,169,21,1,41,2,33,1,0,0,17,0,3,67,2,0,88,178,76,0,0
590,BUTLERAFR,479,222,18,4,59,2,49,0,3,0,61,0,1,104,8,0,121,298,110,0,0
591,BUTLERAFS,191,209,14,1,53,0,28,0,0,0,24,0,1,60,6,0,58,149,81,0,0
592,BUTLERAFT,536,278,24,4,95,1,48,0,0,0,66,0,1,159,8,0,139,373,144,0,0
593,BUTLERAFU,501,173,17,3,49,0,25,1,0,0,53,0,0,157,8,0,121,340,74,0,0
594,BUTLERAFV,410,164,27,3,35,2,34,3,3,0,49,0,0,113,8,1,117,294,71,0,0
595,BUTLERAFW,438,169,21,2,45,0,36,0,5,0,42,1,1,123,6,0,115,293,81,0,0
596,BUTLERAFX,419,157,28,3,34,0,34,0,1,0,40,0,0,130,1,1,112,285,68,0,0
597,BUTLERAFY,618,259,25,9,66,1,46,0,4,0,56,0,2,175,11,1,161,410,113,0,0
598,BUTLERAFZ,542,364,18,5,94,1,52,1,6,0,58,1,1,180,6,0,142,395,147,0,0
599,BUTLERAGA,268,104,6,1,25,0,22,0,0,0,40,0,0,50,5,0,75,170,47,0,0
600,BUTLERAGB,151,23,7,1,5,0,6,1,1,0,7,0,0,32,1,0,41,83,11,0,0
601,BUTLERAGC,474,125,9,3,42,2,25,4,3,3,44,0,0,102,2,0,138,296,69,0,0
602,BUTLERAGD,364,96,13,1,27,1,22,2,3,0,33,0,2,78,5,1,96,220,50,0,0
603,BUTLERAGE,503,141,6,8,36,0,28,1,1,0,76,2,1,118,4,0,132,335,64,0,0
604,BUTLERAGF,535,169,19,3,37,0,50,2,4,1,45,0,3,133,6,0,161,355,87,0,0
605,BUTLERAGG,57,20,3,0,7,0,5,0,0,0,1,0,0,6,0,0,13,20,12,0,0
606,BUTLERAGH,532,172,18,1,38,2,36,1,4,0,55,0,0,104,4,0,144,312,76,0,0
607,BUTLERAGJ,141,72,5,1,14,0,11,1,0,0,3,0,2,17,0,0,31,54,25,0,0
608,BUTLERAGK,217,108,9,6,23,0,20,2,1,3,9,0,2,29,3,0,46,95,43,0,0
609,BUTLERAGL,521,355,28,8,61,3,55,1,3,0,42,1,1,117,9,1,133,308,119,0,0
610,BUTLERAGM,571,341,30,13,80,0,51,0,4,1,81,0,1,160,10,0,137,394,131,0,0
611,BUTLERAGN,858,343,40,5,50,0,54,2,4,1,97,0,1,238,19,0,187,549,104,0,0
612,BUTLERAGO,652,304,40,4,59,1,48,0,3,0,67,0,0,207,12,0,160,449,108,0,0
613,BUTLERAGP,389,317,25,7,51,2,60,0,1,0,41,0,1,105,13,0,82,243,113,0,0
614,BUTLERAGQ,580,263,19,3,39,0,37,0,4,0,58,1,1,129,5,0,145,343,76,0,0
615,BUTLERAGR,638,281,39,6,51,1,40,0,2,0,103,0,1,199,18,0,143,466,92,0,0
616,BUTLERAGS,436,242,29,3,47,0,45,1,0,1,43,0,0,148,10,0,120,323,92,0,0
617,BUTLERAGT,545,233,21,5,44,1,29,1,3,2,36,0,0,164,8,0,149,363,74,0,0
618,BUTLERAGU,371,173,20,2,31,0,43,1,1,1,39,0,1,99,5,0,89,236,74,0,0
619,BUTLERAGV,721,347,46,3,72,0,49,0,3,0,58,1,0,266,11,0,166,505,121,0,0
620,BUTLERAGW,684,274,30,8,59,0,57,1,1,0,88,1,2,210,9,0,183,495,116,0,0
621,BUTLERAGX,543,287,41,1,54,0,34,0,1,1,66,0,5,158,8,0,131,370,88,0,0
622,BUTLERAGY,779,187,28,4,67,0,56,3,4,0,71,2,3,116,6,1,266,472,123,0,0
623,BUTLERAGZ,756,199,29,8,52,0,58,0,0,0,49,2,3,128,5,0,243,430,110,0,0
624,BUTLERAHA,770,201,17,2,50,2,27,1,6,0,60,0,3,118,3,0,254,445,79,0,0
625,BUTLERAHB,862,209,29,0,58,2,46,2,4,0,71,0,5,154,8,0,287,531,106,0,0
626,BUTLERAHC,158,30,6,0,8,0,7,0,2,0,12,0,0,27,1,0,32,74,15,0,0
627,BUTLERAHF,615,174,20,4,38,1,40,1,3,0,54,0,1,106,6,0,160,331,79,0,0
628,BUTLERAHG,NA,NA,NA,NA,5,0,4,0,0,0,7,0,0,8,1,0,23,39,9,0,0
629,BUTLERAHH,772,267,34,7,67,0,88,1,5,2,55,2,4,203,7,0,247,526,155,0,0
630,BUTLERAHJ,336,91,19,2,15,0,16,0,1,0,38,0,0,102,5,0,77,223,31,0,0
631,BUTLERAHK,486,64,14,0,12,0,20,1,0,0,48,0,2,88,0,0,145,284,32,0,0
632,BUTLERAHL,635,133,18,8,35,0,16,0,0,0,62,0,4,126,3,0,208,403,51,0,0
633,BUTLERAHM,585,105,13,4,25,0,20,1,0,0,57,0,3,109,10,0,175,355,45,0,0
634,BUTLERAHN,515,89,17,3,17,0,18,0,2,0,48,0,0,91,2,1,145,289,35,0,0
635,BUTLERAHO,376,232,13,4,60,0,65,0,3,0,31,0,1,120,11,1,107,274,125,0,0
636,BUTLERAHP,35,24,4,1,6,0,8,0,0,0,3,0,1,10,2,0,3,19,14,0,0
637,BUTLERAHQ,313,384,18,7,144,1,98,1,3,0,24,0,2,155,6,0,93,284,243,0,0
638,BUTLERAHS,500,139,26,6,35,0,42,0,0,0,48,0,2,120,3,0,139,312,77,0,0
639,BUTLERAHT,622,211,22,5,44,1,58,1,3,0,56,1,2,143,12,0,175,393,103,0,0
640,BUTLERAHU,440,99,9,0,20,0,20,1,1,0,40,0,0,79,6,0,124,251,40,0,0
641,BUTLERAHV,693,144,21,4,42,1,22,0,3,0,68,0,2,149,13,0,212,447,65,0,0
642,BUTLERAHW,825,187,24,3,30,1,51,1,0,0,81,0,0,139,8,0,197,426,82,0,0
643,BUTLERAHX,646,122,23,0,22,0,22,0,0,0,82,1,1,142,4,0,186,416,44,0,0
644,BUTLERAHY,189,41,8,1,6,0,4,0,1,0,23,0,1,36,1,0,43,105,10,0,0
645,BUTLERAHZ,436,104,11,1,21,0,36,0,0,0,26,0,2,56,2,0,122,208,57,0,0
646,BUTLERAIA,422,112,9,5,28,1,28,0,0,0,40,1,1,105,7,0,107,261,57,0,0
647,BUTLERAIB,656,146,21,3,30,3,30,0,4,1,59,1,2,109,9,0,227,412,63,0,0
648,BUTLERAIC,181,56,9,5,14,0,8,0,0,0,18,0,3,35,0,0,49,105,22,0,0
649,BUTLERAID,493,139,14,2,30,0,35,1,1,0,24,0,0,47,0,0,178,251,65,0,0
650,BUTLERAIE,515,150,11,4,29,1,47,3,1,0,32,0,2,33,3,1,158,233,77,0,0
651,BUTLERAIF,222,92,13,6,29,1,30,2,1,0,11,0,2,35,5,0,67,123,60,0,0
652,BUTLERAIJ,573,376,25,2,103,0,25,0,0,0,55,0,0,248,10,1,127,441,128,0,0
653,BUTLERAIK,469,265,24,2,51,0,37,0,1,1,67,0,1,196,9,3,99,377,88,0,0
654,BUTLERAIL,419,304,37,4,59,1,61,1,0,1,35,0,1,213,6,0,103,360,121,0,0
655,BUTLERAIM,455,337,34,5,56,1,64,1,1,2,45,0,1,194,13,0,92,349,121,0,0
656,BUTLERAIN,378,225,23,4,42,1,35,0,1,0,58,0,1,139,6,0,82,287,78,0,0
657,BUTLERAIO,384,228,36,7,52,0,33,1,0,0,54,4,1,147,8,0,72,287,85,0,0
658,BUTLERAIP,447,302,29,7,67,0,56,2,0,0,65,0,1,179,9,1,140,397,123,0,0
659,BUTLERAIQ,352,230,31,2,63,1,45,1,2,0,33,0,0,137,6,0,83,262,109,0,0
660,BUTLERAIS,520,215,24,3,46,0,13,1,0,0,40,0,0,183,9,0,170,403,59,0,0
661,BUTLERAIT,604,348,28,5,67,1,54,2,2,2,59,0,0,191,9,0,140,405,122,0,0
662,BUTLERAIU,360,264,7,2,88,0,31,2,1,0,39,1,0,118,10,0,72,243,119,0,0
663,BUTLERAIV,384,287,24,4,73,1,41,0,2,1,39,1,0,133,8,0,83,267,115,0,0
664,BUTLERAIW,513,322,34,5,56,0,53,0,2,1,51,0,0,228,19,0,118,419,109,0,0
665,BUTLERAIX,415,305,32,4,59,0,50,0,3,0,52,1,0,186,11,0,96,349,109,0,0
666,BUTLERAIY,344,281,23,4,37,0,57,1,1,0,32,0,2,104,5,0,95,240,94,0,0
667,BUTLERAIZ,376,234,24,5,44,0,53,0,0,2,40,0,1,141,9,0,100,293,97,0,0
668,BUTLERAJA,395,163,16,2,45,1,24,0,4,1,44,0,0,147,5,1,105,307,70,0,0
669,BUTLERAJB,549,267,30,2,47,0,52,2,2,0,58,1,0,182,10,0,130,385,99,0,0
670,BUTLERAJC,587,321,36,7,49,0,64,2,4,0,79,0,0,242,5,1,147,480,113,0,0
671,BUTLERAJD,375,426,24,8,122,0,45,2,0,0,32,2,0,176,15,1,94,322,167,0,0
672,BUTLERAJE,235,368,22,2,82,0,49,1,1,0,23,2,2,75,7,0,60,171,131,0,0
673,BUTLERAJF,324,256,25,1,43,0,36,1,1,0,42,0,0,98,10,0,79,231,79,0,0
674,BUTLERAJG,356,329,31,3,68,0,54,1,4,0,34,1,0,148,11,1,90,290,122,0,0
675,BUTLERAJH,417,311,27,5,74,0,49,0,1,1,60,0,0,214,4,0,117,397,123,0,0
676,BUTLERAJI,466,311,32,5,70,0,33,1,1,0,62,2,3,202,5,0,128,404,103,0,0
677,BUTLERAJJ,230,274,38,9,39,0,64,0,0,0,8,0,1,66,6,0,44,125,103,0,0
678,BUTLERAJK,416,240,30,8,57,3,36,1,2,0,32,0,0,91,4,0,121,251,96,0,0
679,BUTLERAJL,427,303,23,0,38,0,46,0,1,0,44,0,1,174,17,0,104,341,84,0,0
680,BUTLERAJM,468,376,40,11,83,0,58,0,1,0,45,0,1,210,12,0,104,373,141,0,0
681,BUTLERAJN,472,188,33,3,33,2,44,0,1,0,57,0,0,173,6,0,123,360,79,0,0
682,BUTLERAJO,536,229,33,8,49,1,47,0,5,0,56,0,0,203,8,0,127,399,97,0,0
683,BUTLERAJP,432,216,26,5,43,0,48,0,5,0,52,0,1,164,12,1,101,336,91,0,0
684,BUTLERAJQ,412,227,34,5,31,1,68,1,3,0,42,0,1,135,10,0,125,317,100,0,0
685,BUTLERAJR,561,368,38,3,53,0,52,0,2,1,79,2,3,205,12,0,143,447,105,0,0
686,BUTLERAJS,534,232,33,10,55,1,43,1,4,0,63,1,4,174,9,0,127,383,99,0,0
687,BUTLERAJT,209,97,8,2,19,0,21,0,0,0,20,0,2,86,1,0,63,172,40,0,0
688,BUTLERAJU,300,133,15,3,17,0,20,1,1,0,32,1,0,110,4,0,69,218,37,0,0
689,BUTLERAJV,83,358,6,3,71,0,53,0,0,0,10,0,0,23,1,0,15,49,124,0,0
690,BUTLERAJW,474,305,33,8,77,0,47,0,1,0,59,0,0,232,11,2,94,399,124,0,0
691,BUTLERAJX,490,272,35,8,52,0,72,0,0,0,51,0,1,204,5,0,121,382,124,0,0
692,BUTLERAJY,435,221,26,4,44,0,50,1,4,0,54,1,1,179,5,1,109,355,94,0,0
693,BUTLERAJZ,455,246,31,3,63,0,34,0,4,0,46,0,1,176,6,0,113,346,97,0,0
694,BUTLERAKA,468,250,33,3,48,0,50,0,3,0,57,2,1,201,9,0,83,356,98,0,0
695,BUTLERAKC,272,43,14,2,11,0,13,0,1,1,35,1,1,49,0,0,89,177,24,0,0
696,BUTLERAKD,485,111,25,2,23,1,34,0,3,0,32,0,7,79,6,0,157,284,58,0,0
697,BUTLERAKE,317,54,4,0,11,0,11,1,0,1,28,0,4,49,0,0,94,177,22,0,0
698,BUTLERAKF,521,117,8,1,37,0,32,0,1,0,50,0,4,116,8,0,140,319,69,0,0
699,BUTLERAKG,357,77,11,2,22,1,17,0,1,1,32,0,0,65,4,0,81,184,40,0,0
700,BUTLERAKI,288,203,15,5,48,0,40,1,1,0,17,0,0,79,6,0,58,162,88,0,0
701,BUTLERAKJ,307,152,18,0,38,0,17,1,2,0,27,0,0,130,6,0,83,249,55,0,0
702,BUTLERAKK,829,396,49,10,90,2,72,3,4,1,81,0,2,166,12,1,182,452,164,0,0
703,BUTLERAKL,411,135,23,7,40,0,15,0,3,0,34,0,0,88,4,0,92,221,55,0,0
704,BUTLERAKM,566,258,35,8,43,0,61,1,3,0,58,0,3,104,11,0,132,312,104,0,0
705,BUTLERAKN,614,267,39,10,59,0,38,0,8,0,47,0,3,149,8,0,137,352,97,0,0
706,BUTLERAKO,520,162,23,6,33,0,32,1,5,0,56,1,0,123,12,0,150,348,65,0,0
707,BUTLERAKP,255,123,25,0,24,1,33,1,1,2,25,0,1,60,9,1,68,168,58,0,0
708,BUTLERAKQ,584,220,29,2,62,0,48,0,2,0,54,0,0,114,12,0,180,362,110,0,0
709,BUTLERAKT,367,162,11,7,41,0,40,2,2,0,25,0,0,57,4,0,97,187,81,0,0
710,BUTLERAKU,201,168,12,6,27,0,35,1,0,0,8,0,0,23,1,0,55,88,62,0,0
711,BUTLERAKW,44,10,3,0,2,0,3,0,0,0,4,0,0,16,0,0,17,37,5,0,0
712,BUTLERAKX,492,231,29,7,44,0,43,1,2,1,82,0,0,169,6,0,111,372,87,0,0
713,BUTLERAKY,468,230,34,4,45,0,35,0,1,0,56,0,0,159,14,0,120,350,80,0,0
714,BUTLERAKZ,440,215,29,3,31,0,38,1,0,1,58,0,1,153,14,0,113,341,69,0,0
715,BUTLERALA,516,199,44,2,45,2,31,1,3,0,48,1,1,198,15,0,118,385,78,0,0
716,BUTLERALB,567,261,21,4,70,1,40,0,1,0,57,0,1,209,3,0,156,427,111,0,0
717,BUTLERALC,543,325,31,4,71,0,45,2,0,1,62,0,1,203,13,0,132,414,116,0,0
718,BUTLERALD,207,99,10,1,26,1,18,2,2,1,22,0,0,54,1,0,48,130,45,0,0
719,BUTLERALE,263,279,23,8,54,0,54,0,3,0,24,0,1,69,6,0,57,160,108,0,0
720,BUTLERALF,283,155,14,3,29,0,26,0,1,0,21,0,1,97,5,0,72,197,55,0,0
721,BUTLERALG,593,213,23,3,49,0,34,0,3,0,83,0,1,190,20,0,145,442,83,0,0
722,BUTLERALH,380,213,17,2,48,0,43,2,0,0,30,0,1,100,10,1,94,238,91,0,0
723,BUTLERALI,370,163,8,2,40,0,18,0,0,0,28,3,0,141,4,0,108,284,58,0,0
724,BUTLERALJ,590,299,41,7,47,0,47,1,5,0,61,0,0,193,15,0,115,390,94,0,0
725,BUTLERALK,323,191,24,2,39,0,35,1,1,0,41,0,1,144,7,0,87,282,74,0,0
726,BUTLERALM,327,109,6,1,31,0,25,1,4,0,34,0,1,85,5,0,85,215,56,0,0
727,BUTLERALN,192,75,5,1,14,0,23,0,0,0,14,0,0,74,4,1,43,136,37,0,0
728,BUTLERALO,304,48,8,1,15,0,9,0,1,0,33,1,0,42,6,0,98,181,24,0,0
729,BUTLERALP,557,342,37,6,104,2,55,1,3,0,58,0,0,137,8,0,134,341,161,0,0
730,BUTLERALS,312,291,26,5,48,0,61,0,0,0,41,0,0,112,7,0,73,233,109,0,0
731,BUTLERALT,597,290,41,6,57,0,60,2,1,0,70,1,2,219,12,0,139,446,117,0,0
732,BUTLERALU,445,191,20,2,54,0,34,1,3,0,30,0,2,168,7,0,104,315,88,0,0
733,BUTLERALV,277,108,8,4,26,1,22,1,2,0,34,0,0,66,2,0,74,179,49,0,0
734,BUTLERALW,479,204,27,0,40,1,33,1,3,0,47,0,0,102,7,0,113,273,74,0,0
735,BUTLERALX,468,198,25,4,53,1,42,6,8,4,60,2,5,172,11,0,112,380,96,0,0
736,BUTLERALY,626,208,34,9,41,1,57,0,1,1,40,0,7,86,9,0,188,332,99,0,0
737,BUTLERAMA,661,307,39,2,49,1,28,1,1,0,53,0,0,234,11,0,134,434,78,0,0
738,BUTLERAMB,310,120,26,1,23,0,25,0,4,1,44,0,0,91,12,0,84,236,48,0,0
739,BUTLERAME,442,190,13,5,44,0,41,2,3,0,40,2,3,125,15,1,125,316,85,0,0
740,BUTLERAMF,538,254,37,10,53,1,68,3,7,1,53,0,2,98,6,1,153,324,122,0,0
741,CARROLLAAA,509,149,27,3,46,1,57,1,3,1,61,0,1,113,3,1,136,320,104,0,0
742,CARROLLAAC,583,239,26,6,53,1,58,1,3,0,38,0,0,173,6,0,182,403,112,0,0
743,CARROLLAAE,323,114,10,4,43,3,46,1,1,0,18,0,0,66,1,0,101,188,92,0,0
744,CARROLLAAF,332,106,19,2,44,3,30,1,1,0,25,0,2,63,3,2,102,199,77,0,0
745,CARROLLAAG,340,116,19,3,45,4,28,0,0,0,23,0,3,68,5,0,91,190,77,0,0
746,CARROLLAAJ,279,171,17,7,74,2,44,1,2,1,14,0,0,54,0,0,87,159,120,0,0
747,CARROLLAAL,415,226,35,8,84,4,67,2,1,1,29,0,0,113,5,0,101,252,155,0,0
748,CARROLLAAO,450,134,18,3,42,2,39,2,0,0,43,0,1,115,4,0,124,289,83,0,0
749,CARROLLAAQ,415,194,16,2,62,2,49,0,1,0,37,0,0,105,4,1,113,261,113,0,0
750,CARROLLAAR,519,175,21,7,57,4,64,1,4,0,50,0,0,125,7,0,133,320,125,0,0
751,CARROLLAAV,313,59,11,2,26,1,16,1,2,1,24,0,1,74,2,0,120,225,43,0,0
752,CARROLLAAW,341,87,13,3,15,1,31,1,0,0,28,0,0,68,3,0,123,223,47,0,0
753,CARROLLAAX,582,168,21,2,57,2,31,0,5,0,61,1,1,123,8,0,173,372,90,0,0
754,CARROLLAAY,383,111,18,8,45,3,35,1,0,1,42,0,0,75,5,1,118,243,83,0,0
755,CARROLLAAZ,365,86,11,1,38,2,28,0,2,1,48,0,0,47,10,2,119,229,68,0,0
756,CARROLLABB,342,84,18,3,26,2,39,0,1,0,29,0,1,38,0,0,120,189,67,0,0
757,CARROLLABD,313,82,17,4,31,2,31,0,1,0,31,2,0,71,2,0,89,196,64,0,0
758,CARROLLABE,406,185,28,4,50,2,69,0,1,0,41,0,0,84,1,0,101,228,121,0,0
759,CARROLLABG,387,171,20,6,58,0,51,1,3,0,41,0,1,68,8,1,101,224,109,0,0
760,CARROLLABH,354,106,14,3,46,2,43,1,0,1,37,1,0,49,2,0,114,205,91,0,0
761,CARROLLABJ,550,169,31,7,56,4,63,1,4,0,45,0,1,130,2,0,162,345,123,0,0
762,CARROLLABK,384,118,22,2,59,1,46,0,6,0,47,0,1,87,6,0,111,258,106,0,0
763,CARROLLABL,369,104,18,1,41,4,33,1,0,0,35,0,0,82,1,0,142,261,78,0,0
764,CHAMPAIGNAAA,234,124,17,4,27,0,34,1,1,0,21,0,0,48,2,0,53,126,61,0,0
765,CHAMPAIGNAAB,274,185,20,6,49,0,58,0,3,0,18,0,2,79,3,0,60,165,107,0,0
766,CHAMPAIGNAAE,385,282,32,10,77,1,53,0,3,0,32,0,3,134,5,0,94,271,131,0,0
767,CHAMPAIGNAAH,490,235,19,5,67,0,51,6,3,1,52,0,2,228,10,0,138,440,118,0,0
768,CHAMPAIGNAAK,400,241,25,7,64,2,49,1,4,1,48,0,5,142,9,0,83,293,115,0,0
769,CHAMPAIGNAAN,370,239,18,9,51,3,58,2,3,1,36,0,1,154,6,1,96,300,112,0,0
770,CHAMPAIGNAAP,308,147,18,10,26,0,43,0,2,0,27,1,0,83,1,0,95,209,69,0,0
771,CHAMPAIGNAAR,286,160,27,4,40,3,29,1,1,0,24,0,1,58,3,0,83,171,72,0,0
772,CHAMPAIGNAAT,409,69,17,3,23,1,31,2,5,0,72,0,0,114,4,0,115,312,55,0,0
773,CHAMPAIGNAAW,668,200,32,3,45,4,42,0,1,0,64,0,2,169,8,0,182,426,91,0,0
774,CHAMPAIGNAAY,395,204,22,5,61,0,48,0,1,2,29,0,2,79,3,0,89,205,109,0,0
775,CHAMPAIGNABA,335,71,14,2,15,1,32,0,3,0,50,0,0,72,2,0,77,204,48,0,0
776,CHAMPAIGNABB,464,128,12,2,42,1,33,0,2,0,44,2,0,135,4,2,152,341,76,0,0
777,CHAMPAIGNABD,503,95,16,2,30,0,21,1,2,0,57,0,0,118,2,0,140,320,51,0,0
778,CHAMPAIGNABF,607,161,24,9,47,2,45,3,5,0,56,0,2,156,12,0,173,407,94,0,0
779,CHAMPAIGNABH,548,212,39,5,57,1,47,1,4,0,66,1,1,131,7,1,167,379,105,0,0
780,CHAMPAIGNABK,623,203,34,10,63,2,54,0,1,0,75,0,0,172,7,2,195,452,119,0,0
781,CHAMPAIGNABM,353,96,18,6,25,1,41,2,1,0,27,0,0,74,1,0,108,213,67,0,0
782,CHAMPAIGNABO,439,153,17,9,31,2,40,0,0,0,34,0,2,122,6,0,108,272,73,0,0
783,CHAMPAIGNABQ,493,112,13,3,31,2,25,3,4,1,72,2,0,155,4,0,120,361,58,0,0
784,CHAMPAIGNABR,427,136,17,6,41,0,35,0,6,3,34,0,4,130,6,1,111,295,76,0,0
785,CHAMPAIGNABS,446,140,18,1,47,0,25,0,5,1,38,0,3,157,4,0,115,323,72,0,0
786,CHAMPAIGNABT,365,116,9,2,43,0,30,1,2,0,37,0,1,104,4,0,99,248,73,0,0
787,CHAMPAIGNABU,478,160,17,6,44,2,32,1,4,0,33,0,1,170,4,0,141,354,78,0,0
788,CHAMPAIGNABV,547,246,22,8,62,2,59,2,3,0,44,1,3,178,17,1,141,390,123,0,0
789,CHAMPAIGNABW,696,174,24,4,48,3,38,3,1,0,68,0,1,203,6,0,163,445,89,0,0
790,CHAMPAIGNABY,573,163,18,2,46,1,48,1,3,0,55,1,0,143,6,1,188,398,95,0,0
791,CHAMPAIGNACA,515,142,23,4,45,2,29,0,0,0,44,0,0,126,4,0,138,312,76,0,0
792,CLARKAAA,442,246,25,7,46,0,76,2,1,3,35,0,3,103,11,0,132,290,122,0,0
793,CLARKAAB,462,247,24,3,62,2,46,2,2,0,30,0,3,151,9,0,123,320,110,0,0
794,CLARKAAE,500,195,26,4,62,0,43,0,2,0,32,2,0,79,11,0,148,274,105,0,0
795,CLARKAAG,214,287,22,10,95,1,54,0,4,0,5,0,0,41,1,0,57,108,150,0,0
796,CLARKAAH,155,165,9,4,45,0,38,1,0,0,11,0,1,36,4,0,37,90,83,0,0
797,CLARKAAI,174,214,13,4,64,2,49,1,1,0,11,0,0,61,3,0,42,119,115,0,0
798,CLARKAAJ,248,183,14,7,47,1,45,1,4,0,8,0,0,63,4,0,66,146,93,0,0
799,CLARKAAK,274,179,16,10,57,2,43,0,1,0,13,0,0,58,4,0,66,142,102,0,0
800,CLARKAAL,204,141,16,3,55,1,35,0,2,0,13,0,0,34,3,0,67,119,91,0,0
801,CLARKAAO,198,276,13,6,83,1,53,1,1,1,17,0,0,30,1,0,52,103,137,0,0
802,CLARKAAP,305,378,24,10,119,3,79,0,2,0,25,0,0,86,2,0,72,187,201,0,0
803,CLARKAAQ,162,357,21,3,100,1,60,0,0,0,10,1,2,23,5,1,21,63,161,0,0
804,CLARKAAR,235,248,16,5,72,4,57,0,3,0,14,0,0,60,2,0,66,145,133,0,0
805,CLARKAAS,293,233,17,7,77,2,50,0,3,0,10,0,0,83,3,0,79,178,129,0,0
806,CLARKAAT,373,325,21,9,93,1,72,2,4,2,27,0,2,82,6,0,96,221,166,0,0
807,CLARKABC,374,329,18,3,96,1,82,0,1,0,45,0,0,191,12,0,106,355,179,0,0
808,CLARKABD,103,310,20,11,39,1,51,0,2,0,5,0,0,27,2,0,27,63,91,0,0
809,CLARKABE,155,313,14,13,94,1,68,1,1,0,9,0,1,37,0,0,34,83,163,0,0
810,CLARKABF,243,326,34,13,117,0,91,1,1,0,15,0,0,73,2,0,57,149,208,0,0
811,CLARKABG,261,248,16,3,58,0,65,0,4,1,26,0,2,115,7,0,65,220,123,0,0
812,CLARKABH,232,301,21,5,94,2,68,1,3,0,14,1,1,118,4,0,53,195,164,0,0
813,CLARKABI,363,381,32,4,109,0,90,0,2,1,31,0,0,234,7,0,80,355,199,0,0
814,CLARKABJ,307,320,17,5,110,2,63,0,3,1,22,0,0,115,2,0,78,221,175,0,0
815,CLARKABK,299,327,16,3,92,0,65,2,1,1,22,0,0,165,6,1,59,257,157,0,0
816,CLARKABX,268,214,16,8,73,0,43,0,2,0,22,0,0,111,2,0,86,223,116,0,0
817,CLARKABZ,376,310,16,2,111,0,56,4,4,0,29,0,1,151,8,0,89,286,167,0,0
818,CLARKACA,241,282,19,5,83,0,67,3,3,0,21,0,0,87,4,0,52,170,150,0,0
819,CLARKACB,256,272,14,7,85,1,45,0,4,0,15,1,2,78,2,1,56,159,131,0,0
820,CLARKACC,482,278,28,5,93,1,55,1,3,0,34,0,0,150,12,0,145,345,149,0,0
821,CLARKACG,128,475,14,11,143,0,77,1,2,0,11,0,1,52,1,0,31,99,220,0,0
822,CLARKACH,110,600,15,5,231,1,99,1,2,0,5,2,1,26,0,0,30,67,331,0,0
823,CLARKACI,85,480,10,3,163,1,66,1,1,0,7,1,1,29,0,0,20,60,230,0,0
824,CLARKACM,134,204,14,4,59,0,38,0,0,0,6,0,0,25,2,0,42,75,97,0,0
825,CLARKACN,215,275,12,6,83,1,46,0,6,1,5,0,2,53,0,0,52,119,130,0,0
826,CLARKACO,273,217,22,4,69,0,46,1,3,0,29,1,0,71,5,0,72,182,115,0,0
827,CLARKACR,115,70,6,0,16,0,6,1,0,0,7,0,0,52,0,0,23,83,22,0,0
828,CLARKACT,91,470,7,5,193,0,69,0,2,0,1,0,0,21,0,0,23,47,262,0,0
829,CLARKACU,60,635,10,5,244,1,105,0,2,0,0,0,0,23,2,2,12,41,350,0,0
830,CLARKACV,72,475,8,2,202,1,67,0,2,1,4,1,0,23,1,0,11,43,270,0,0
831,CLARKADA,423,125,11,7,34,3,42,0,2,2,43,1,0,123,8,0,142,321,79,0,0
832,CLARKADB,522,223,27,6,72,1,60,0,3,0,41,0,0,87,1,0,169,301,133,0,0
833,CLARKADD,490,205,25,9,53,2,50,1,0,1,34,1,0,87,2,0,133,259,105,0,0
834,CLARKADF,355,150,18,4,39,0,37,1,0,0,24,0,0,94,4,0,144,267,76,0,0
835,CLARKADG,452,205,22,6,59,0,53,0,0,1,37,0,0,90,6,0,129,263,112,0,0
836,CLARKADH,418,181,16,8,46,2,37,1,2,0,33,0,1,107,7,1,148,300,85,0,0
837,CLARKADI,461,185,17,5,54,0,28,2,2,1,38,0,0,107,7,0,180,337,82,0,0
838,CLARKADJ,498,172,28,2,61,5,28,2,7,0,38,0,0,127,5,1,151,331,94,0,0
839,CLARKADK,418,146,30,10,45,2,34,0,1,0,57,0,1,125,2,1,132,319,81,0,0
840,CLARKADM,509,199,14,1,74,1,32,1,3,0,45,1,4,174,6,0,158,392,107,0,0
841,CLARKADN,636,325,27,5,107,1,74,3,4,0,55,0,1,236,12,1,173,485,182,0,0
842,CLARKADP,459,242,23,7,85,3,48,1,3,1,51,0,1,180,8,0,115,360,136,0,0
843,CLARKADQ,703,233,30,6,65,2,60,0,3,0,55,0,1,185,14,0,234,492,127,0,0
844,CLARKADS,336,150,19,1,54,1,41,0,2,2,30,0,0,88,9,1,124,256,96,0,0
845,CLARKADV,413,203,23,5,50,2,59,2,3,0,35,0,0,144,7,0,111,302,111,0,0
846,CLARKADW,644,287,23,12,93,0,77,0,1,0,45,0,3,190,10,0,201,450,170,0,0
847,CLARKADZ,691,305,27,5,95,3,66,2,5,0,55,0,2,175,13,0,206,458,164,0,0
848,CLARKAEB,563,193,27,7,57,1,53,2,3,3,55,1,1,157,5,0,152,379,111,0,0
849,CLARKAED,511,210,21,5,47,0,67,2,4,1,55,0,2,137,5,0,141,347,114,0,0
850,CLARKAEF,379,85,8,6,30,1,19,2,0,0,34,0,1,94,3,0,109,243,50,0,0
851,CLARKAEG,434,213,32,5,45,1,62,1,5,0,46,0,2,191,3,0,128,376,108,0,0
852,CLARKAEI,538,224,30,7,54,1,68,5,4,1,61,1,0,154,4,0,143,373,123,0,0
853,CLARKAEK,526,211,39,9,63,0,63,0,2,0,39,0,2,126,7,1,150,327,126,0,0
854,CLARKAEM,666,270,44,10,62,1,87,2,1,1,75,0,1,196,19,0,177,472,150,0,0
855,CLARKAEN,324,142,18,3,36,0,41,1,0,0,31,0,1,93,4,0,89,219,77,0,0
856,CLARKAEP,346,127,14,4,41,1,30,1,1,0,19,0,1,95,4,0,127,248,72,0,0
857,CLARKAEQ,606,316,29,17,97,1,97,1,3,0,68,0,3,205,7,0,191,478,195,0,0
858,CLARKAER,639,231,25,5,56,4,74,1,6,0,46,1,0,161,8,1,201,425,134,0,0
859,CLARKAEU,461,148,16,2,46,0,36,0,2,0,32,1,0,137,6,0,140,318,82,0,0
860,CLARKAEV,211,113,8,0,32,1,21,0,0,0,14,0,0,91,4,0,76,185,54,0,0
861,CLARKAEW,675,384,44,7,120,1,75,1,2,0,47,0,2,207,17,1,196,473,196,0,0
862,CLARKAEY,319,202,23,3,81,2,50,0,2,0,40,0,1,92,4,0,88,227,133,0,0
863,CLARKAFA,730,351,22,4,136,4,62,2,5,1,74,1,2,275,15,0,194,569,202,0,0
864,CLARKAFB,488,280,34,8,107,0,31,2,1,0,35,1,4,169,5,0,150,367,138,0,0
865,CLARKAFD,502,187,26,4,64,0,40,0,1,0,30,1,0,158,5,0,149,344,104,0,0
866,CLARKAFE,441,257,22,3,73,0,58,0,2,0,26,1,0,202,3,1,136,371,131,0,0
867,CLARKAFF,348,153,9,3,43,1,41,0,3,0,28,0,2,90,7,0,79,209,85,0,0
868,CLARKAFG,362,228,27,3,67,1,40,1,4,0,23,0,0,110,9,1,100,248,108,0,0
869,CLARKAFH,707,193,28,2,57,0,50,2,4,0,69,0,2,139,4,0,220,440,107,0,0
870,CLARKAFL,589,195,26,5,48,2,66,0,4,1,43,2,4,152,10,0,211,427,116,0,0
871,CLARKAFM,533,194,27,4,50,1,54,2,3,0,47,0,2,159,5,0,163,381,105,0,0
872,CLARKAFO,466,192,15,6,59,2,47,1,7,0,46,1,5,148,6,0,139,353,108,0,0
873,CLARKAFP,538,414,25,15,108,1,100,2,2,1,33,0,2,162,4,1,157,364,209,0,0
874,CLARKAFQ,462,252,25,5,69,0,60,0,5,0,46,0,1,173,11,0,125,361,129,0,0
875,CLARKAFW,407,222,18,2,61,2,37,0,3,0,33,0,0,167,6,0,142,351,100,0,0
876,CLARKAFX,629,318,28,12,102,3,88,0,4,0,56,0,1,207,17,0,147,432,193,0,0
877,CLARKAGA,305,154,7,3,49,0,28,3,1,0,24,0,1,96,6,0,87,218,77,0,0
878,CLARKAGB,710,332,36,2,136,1,67,1,2,0,67,1,1,207,5,0,231,515,204,0,0
879,CLARKAGD,540,299,32,9,95,2,72,0,2,0,48,0,6,177,3,0,151,387,169,0,0
880,CLARKAGE,630,481,25,4,175,1,61,3,3,1,40,0,0,300,11,0,134,492,237,0,0
881,CLARKUAF,710,235,29,4,63,3,66,1,3,0,74,0,3,232,9,0,216,538,132,0,0
882,CLERMONTAAA,251,133,24,5,21,1,39,0,1,0,26,0,1,75,4,0,40,147,61,0,0
883,CLERMONTAAB,611,342,49,3,71,0,65,2,2,0,45,0,1,232,16,0,140,438,136,0,0
884,CLERMONTAAC,585,214,27,2,51,1,39,2,1,0,55,2,1,155,13,0,131,360,91,0,0
885,CLERMONTAAD,426,159,22,6,32,1,44,0,3,0,35,0,0,114,4,0,126,282,77,0,0
886,CLERMONTAAE,511,182,22,6,32,0,40,0,5,0,45,2,0,88,5,0,150,295,72,0,0
887,CLERMONTAAF,598,201,31,11,41,0,43,0,1,1,50,0,0,138,9,0,141,340,84,0,0
888,CLERMONTAAG,510,236,33,10,51,1,43,0,3,0,56,0,0,98,11,0,108,276,95,0,0
889,CLERMONTAAH,542,172,15,3,33,2,41,1,0,2,51,0,0,89,5,0,151,299,76,0,0
890,CLERMONTAAI,463,158,30,2,37,0,44,2,2,1,58,0,0,101,6,0,120,290,81,0,0
891,CLERMONTAAJ,409,120,16,2,27,0,19,0,0,0,49,0,0,104,3,0,105,261,46,0,0
892,CLERMONTAAK,419,190,19,7,34,0,41,1,1,0,43,2,0,91,9,0,106,253,75,0,0
893,CLERMONTAAL,601,154,21,4,34,0,34,1,1,0,51,1,1,120,13,0,148,336,68,0,0
894,CLERMONTAAM,281,129,6,7,11,0,30,0,3,0,23,0,0,65,8,0,67,166,41,0,0
895,CLERMONTAAN,344,141,17,4,19,1,28,0,0,0,35,0,0,75,2,0,87,199,48,0,0
896,CLERMONTAAO,398,193,33,8,40,1,55,2,3,1,39,0,1,60,8,0,75,189,96,0,0
897,CLERMONTAAP,457,223,26,9,54,1,65,1,5,1,50,1,1,102,7,0,126,294,120,0,0
898,CLERMONTAAS,492,109,11,2,35,1,25,0,0,1,42,0,0,74,10,0,158,285,61,0,0
899,CLERMONTAAT,240,54,3,1,22,2,16,0,2,0,15,0,0,21,4,0,95,137,40,0,0
900,CLERMONTAAV,401,89,7,3,33,0,19,1,1,0,21,1,0,48,9,0,128,209,52,0,0
901,CLERMONTAAZ,481,119,15,2,31,1,25,2,4,0,37,0,1,70,4,0,145,263,57,0,0
902,CLERMONTABA,593,116,18,5,32,0,41,2,3,0,59,1,1,73,9,0,169,317,73,0,0
903,CLERMONTABC,440,101,12,7,27,0,18,1,2,2,60,1,1,63,2,0,135,267,45,0,0
904,CLERMONTABD,538,159,25,4,39,0,29,0,3,0,50,0,0,90,6,0,119,268,68,0,0
905,CLERMONTABE,235,59,9,3,10,0,11,0,2,0,21,0,0,25,3,0,67,118,21,0,0
906,CLERMONTABF,370,90,17,5,22,1,25,0,1,1,43,0,0,41,4,0,81,171,48,0,0
907,CLERMONTABH,342,105,13,6,11,1,35,0,0,0,22,0,0,51,1,0,80,154,47,0,0
908,CLERMONTABI,377,75,4,1,26,1,19,2,1,0,36,0,0,41,4,0,108,192,46,0,0
909,CLERMONTABJ,372,91,17,1,22,0,26,3,1,0,31,0,0,56,2,0,106,199,48,0,0
910,CLERMONTABK,515,144,27,3,36,0,26,1,0,1,60,0,0,100,10,2,138,312,62,0,0
911,CLERMONTABL,364,122,23,9,30,0,33,0,2,0,27,0,0,58,5,0,71,163,63,0,0
912,CLERMONTABM,624,258,28,2,41,0,48,0,3,0,53,0,0,195,12,0,129,392,89,0,0
913,CLERMONTABN,425,67,14,4,12,1,21,0,3,0,41,1,1,73,3,0,145,267,34,0,0
914,CLERMONTABO,274,59,7,3,22,0,12,0,1,1,25,0,0,50,4,0,90,171,34,0,0
915,CLERMONTABP,532,106,18,3,37,1,29,0,0,0,57,0,0,87,3,2,172,321,67,0,0
916,CLERMONTABQ,418,289,37,1,42,0,82,0,1,0,40,1,0,154,8,0,101,305,124,0,0
917,CLERMONTABR,300,136,24,2,35,0,31,1,0,1,45,0,0,89,6,0,77,219,66,0,0
918,CLERMONTABT,425,171,13,1,32,0,27,0,0,0,41,1,1,137,10,0,124,314,59,0,0
919,CLERMONTABU,389,210,30,2,40,0,38,0,0,0,45,0,0,197,8,0,98,348,78,0,0
920,CLERMONTABV,325,185,19,5,52,0,50,0,2,0,34,0,1,97,8,0,88,230,102,0,0
921,CLERMONTABW,323,122,20,2,22,0,30,1,1,0,29,0,0,78,4,0,70,183,52,0,0
922,CLERMONTABX,386,162,29,6,26,1,38,2,2,0,45,1,0,119,7,0,90,266,65,0,0
923,CLERMONTABY,223,142,26,2,35,1,32,2,0,1,28,0,1,107,3,0,52,194,68,0,0
924,CLERMONTACA,548,325,27,7,85,1,50,0,3,1,54,2,4,189,16,0,155,424,136,0,0
925,CLERMONTACB,426,227,33,5,51,1,49,2,1,2,53,0,0,170,8,0,109,345,101,0,0
926,CLERMONTACC,303,110,18,2,31,0,24,0,2,0,29,2,2,92,2,0,67,196,55,0,0
927,CLERMONTACD,379,195,37,3,43,0,36,0,2,0,48,0,0,176,6,0,91,323,79,0,0
928,CLERMONTACE,425,200,15,6,51,1,33,0,3,0,40,0,0,101,3,0,121,268,85,0,0
929,CLERMONTACF,436,192,36,6,38,0,56,0,4,0,57,0,0,152,6,0,110,329,94,0,0
930,CLERMONTACG,504,234,22,7,54,1,42,3,4,1,64,0,0,152,14,0,142,380,97,0,0
931,CLERMONTACI,218,84,6,3,17,0,12,0,1,0,24,0,2,76,1,0,51,155,29,0,0
932,CLERMONTACK,494,278,30,9,80,1,70,0,2,0,68,1,0,204,8,0,134,417,151,0,0
933,CLERMONTACL,399,173,23,1,36,0,21,0,1,0,53,0,2,185,6,0,74,321,57,0,0
934,CLERMONTACM,349,145,21,3,30,1,46,0,0,0,44,0,0,116,3,0,103,266,77,0,0
935,CLERMONTACN,397,194,23,8,39,0,40,2,2,1,52,1,0,163,6,0,101,328,79,0,0
936,CLERMONTACO,384,152,25,7,25,0,46,0,3,1,38,0,0,101,8,1,92,244,71,0,0
937,CLERMONTACQ,225,88,18,3,27,1,26,1,1,0,32,0,0,59,6,0,61,160,54,0,0
938,CLERMONTACR,360,141,16,4,37,0,39,1,2,0,45,0,0,122,6,0,106,282,76,0,0
939,CLERMONTACS,454,152,26,8,36,1,34,2,1,0,37,0,1,112,4,0,118,275,71,0,0
940,CLERMONTACT,272,87,11,2,21,0,34,2,0,0,28,0,2,44,4,0,68,148,55,0,0
941,CLERMONTACU,423,198,27,10,30,0,83,1,3,0,35,0,0,84,7,0,100,230,113,0,0
942,CLERMONTACV,338,140,20,4,32,0,30,0,1,0,31,0,0,120,4,0,89,245,62,0,0
943,CLERMONTACW,328,111,18,7,25,0,40,2,0,0,18,0,0,68,6,1,90,185,65,0,0
944,CLERMONTACY,574,275,37,1,63,0,38,1,2,1,73,1,1,241,12,0,115,447,101,0,0
945,CLERMONTACZ,517,293,43,2,49,0,53,0,3,0,66,0,0,245,14,0,92,420,102,0,0
946,CLERMONTADA,602,312,52,3,50,0,52,1,1,0,44,0,0,328,15,0,137,526,102,0,0
947,CLERMONTADB,300,74,14,4,14,2,17,0,0,0,27,0,0,25,2,0,82,136,33,0,0
948,CLERMONTADC,451,130,9,2,42,0,35,0,3,0,46,0,0,60,4,0,131,244,77,0,0
949,CLERMONTADD,515,148,18,4,39,0,36,0,2,0,53,0,0,89,8,0,185,337,75,0,0
950,CLERMONTADE,439,103,14,3,28,1,19,1,1,0,40,0,1,64,3,0,146,256,48,0,0
951,CLERMONTADF,511,181,28,3,42,1,36,0,1,0,38,0,2,116,6,0,163,326,79,0,0
952,CLERMONTADJ,160,70,7,3,13,0,16,0,0,2,4,0,0,26,1,0,39,72,29,0,0
953,CLERMONTADL,305,87,15,3,27,0,21,0,5,0,39,0,0,63,3,0,99,209,48,0,0
954,CLERMONTADM,229,64,8,2,11,1,17,1,2,0,19,1,1,50,1,0,77,152,29,0,0
955,CLERMONTADN,289,90,18,1,26,0,20,1,1,0,30,0,0,71,7,0,100,210,46,0,0
956,CLERMONTADO,294,142,23,6,26,0,38,0,0,0,27,0,0,67,6,0,73,173,64,0,0
957,CLERMONTADP,488,188,24,11,48,1,56,4,5,0,38,0,2,70,4,0,119,242,105,0,0
958,CLERMONTADR,460,183,24,3,34,1,38,2,2,1,48,0,1,150,4,0,126,334,73,0,0
959,CLERMONTADS,229,166,18,3,37,0,32,2,0,0,21,0,0,93,3,0,64,183,69,0,0
960,CLERMONTADT,330,112,14,3,35,0,19,0,1,0,25,1,0,89,1,1,66,184,54,0,0
961,CLERMONTADU,452,139,27,6,26,0,46,1,4,0,30,0,0,80,1,1,105,222,72,0,0
962,CLERMONTADV,529,194,23,5,44,0,25,1,1,0,41,1,2,175,9,0,156,386,69,0,0
963,CLERMONTADX,474,180,15,7,34,0,45,0,1,0,42,0,0,146,5,0,134,328,79,0,0
964,CLERMONTADZ,566,171,35,6,42,1,26,0,1,0,67,0,1,169,11,0,136,385,69,0,0
965,CLERMONTAEA,361,155,21,2,25,1,36,0,0,0,49,0,1,97,4,0,89,240,62,0,0
966,CLERMONTAEB,553,201,22,8,47,0,42,1,2,0,56,0,0,155,5,0,114,333,89,0,0
967,CLERMONTAED,481,184,30,10,28,0,58,0,3,0,39,0,0,80,6,1,106,235,86,0,0
968,CLERMONTAEE,233,79,12,2,26,0,20,1,1,0,22,0,0,44,1,0,70,139,46,0,0
969,CLERMONTAEF,547,155,23,5,33,0,26,0,1,0,71,0,0,115,5,0,176,368,59,0,0
970,CLERMONTAEG,335,94,14,0,29,1,26,0,0,0,46,0,0,67,3,0,123,239,56,0,0
971,CLERMONTAEH,363,117,18,5,41,0,19,0,2,0,48,1,0,79,7,0,102,239,60,0,0
972,CLERMONTAEI,436,115,15,3,25,1,26,1,1,0,60,0,0,82,3,0,117,264,52,0,0
973,CLERMONTAEJ,416,94,19,4,30,0,28,2,1,0,48,0,0,95,4,0,131,281,58,0,0
974,CLERMONTAEM,560,106,19,4,32,3,44,2,4,0,54,2,2,78,8,1,130,281,79,0,0
975,CLERMONTAEN,457,128,11,4,23,0,42,2,1,0,24,0,1,50,4,0,154,236,65,0,0
976,CLERMONTAEP,628,147,11,1,46,0,21,0,3,0,77,1,5,122,5,1,168,382,67,0,0
977,CLERMONTAER,510,126,13,4,29,1,31,1,5,0,67,2,1,80,8,1,155,320,61,0,0
978,CLERMONTAET,493,100,16,6,17,0,22,1,1,0,35,0,1,85,5,1,154,283,39,0,0
979,CLERMONTAEV,358,89,17,2,19,1,17,2,1,1,34,0,1,77,7,0,99,222,37,0,0
980,CLERMONTAEW,411,138,19,6,33,0,44,0,0,0,38,1,1,83,8,0,98,229,77,0,0
981,CLERMONTAEY,525,219,33,5,46,0,45,0,1,1,72,1,0,205,13,0,113,406,91,0,0
982,CLERMONTAFA,435,266,25,1,64,1,58,2,3,0,44,0,0,110,7,0,100,266,123,0,0
983,CLERMONTAFB,489,196,35,3,43,0,44,0,3,0,41,1,0,109,5,0,135,294,87,0,0
984,CLERMONTAFC,382,162,23,5,37,0,38,2,1,0,40,1,1,81,6,0,93,225,75,0,0
985,CLERMONTAFD,437,166,27,10,37,0,44,0,0,0,49,0,0,123,7,0,140,319,81,0,0
986,CLERMONTAFE,439,187,28,4,28,0,47,0,0,0,61,0,0,106,9,0,125,301,75,0,0
987,CLERMONTAFF,345,150,25,3,23,1,31,2,2,0,31,0,0,80,8,0,97,220,55,0,0
988,CLERMONTAFG,596,251,26,6,39,1,42,1,2,0,42,0,0,202,11,0,146,404,82,0,0
989,CLERMONTAFH,598,222,32,6,49,1,45,2,5,0,52,1,0,182,6,0,136,384,95,0,0
990,CLERMONTAFI,498,243,34,4,40,1,51,0,1,0,39,0,1,156,4,0,110,311,92,0,0
991,CLERMONTAFJ,623,286,40,6,53,0,64,0,0,0,68,2,0,249,10,0,137,466,117,0,0
992,CLERMONTAFK,302,130,15,7,39,0,23,1,1,0,38,0,0,88,3,0,75,206,62,0,0
993,CLERMONTAFM,422,260,21,11,30,2,79,0,0,0,40,0,1,90,9,0,97,237,111,0,0
994,CLERMONTAFO,363,186,26,4,32,0,35,0,2,0,30,0,0,91,7,0,78,208,67,0,0
995,CLERMONTAFQ,384,159,26,7,36,0,28,0,0,0,53,0,0,82,6,0,82,223,64,0,0
996,CLERMONTAFR,248,98,18,6,31,0,33,0,0,0,29,0,0,52,0,0,65,146,64,0,0
997,CLERMONTAFS,379,260,21,4,38,0,71,0,0,0,25,0,0,71,5,1,87,189,109,0,0
998,CLERMONTAFT,363,140,31,4,29,1,28,1,0,1,34,1,1,76,10,1,86,211,58,0,0
999,CLERMONTAFU,378,225,20,4,40,0,71,0,2,0,29,0,0,79,4,0,86,200,111,0,0
1000,CLERMONTAFV,521,229,23,6,51,0,56,1,4,0,62,1,0,108,4,0,128,308,107,0,0
1001,CLERMONTAFW,284,113,11,2,28,0,24,0,1,0,22,0,0,66,6,0,83,178,52,0,0
1002,CLERMONTAFX,304,143,17,12,16,0,42,0,2,0,26,0,0,46,5,0,70,149,58,0,0
1003,CLERMONTAFY,184,88,7,1,19,0,21,1,1,0,10,0,0,54,2,0,49,117,40,0,0
1004,CLERMONTAGA,498,217,30,7,29,0,61,1,4,0,67,0,0,120,9,0,126,327,90,0,0
1005,CLERMONTAGC,346,195,31,6,25,1,53,0,0,1,42,0,0,65,2,0,81,191,79,0,0
1006,CLERMONTAGD,430,215,27,3,50,1,43,0,0,0,53,1,0,142,6,0,97,299,94,0,0
1007,CLERMONTAGE,351,142,14,2,26,0,27,1,0,0,30,0,0,118,7,0,81,237,53,0,0
1008,CLERMONTAGG,402,158,17,6,37,1,34,0,0,0,47,0,0,95,4,0,96,242,72,0,0
1009,CLERMONTAGI,546,209,28,2,53,1,40,1,1,1,49,0,2,143,10,0,129,336,94,0,0
1010,CLERMONTAGJ,436,244,28,3,94,0,63,1,2,0,67,0,1,226,12,0,185,494,157,0,0
1011,CLERMONTAGL,338,183,19,6,39,0,46,1,1,0,32,0,0,104,0,0,89,227,85,0,0
1012,CLERMONTAGM,291,125,20,5,29,0,24,1,0,0,39,0,0,69,1,0,57,167,53,0,0
1013,CLERMONTAGN,256,128,23,5,25,1,23,0,2,0,27,0,1,68,6,0,55,159,49,0,0
1014,CLERMONTAGO,306,106,14,7,30,1,25,0,1,0,37,0,0,96,3,0,83,220,56,0,0
1015,CLERMONTAGQ,299,64,8,2,20,0,14,1,0,0,25,0,0,39,7,0,102,174,34,0,0
1016,CLERMONTAGR,264,103,12,4,32,0,18,1,1,0,43,0,0,41,0,0,87,173,50,0,0
1017,CLERMONTAGS,197,67,7,1,22,0,14,1,0,0,23,0,1,29,3,0,69,126,36,0,0
1018,CLERMONTAGT,103,16,2,0,8,2,5,0,0,0,17,0,0,14,1,0,28,60,15,0,0
1019,CLERMONTAGU,551,136,10,5,35,0,34,0,3,1,52,0,3,81,1,0,171,312,69,0,0
1020,CLERMONTAGV,451,85,11,1,24,1,28,1,0,0,46,1,1,66,5,0,157,277,53,0,0
1021,CLERMONTAGW,595,162,21,1,38,1,34,0,3,0,62,0,1,105,5,0,175,351,73,0,0
1022,CLERMONTAGZ,394,97,14,2,19,0,21,0,1,0,51,1,0,92,6,1,129,281,40,0,0
1023,CLERMONTAHA,532,152,17,3,40,1,26,0,6,1,77,0,1,114,2,1,180,382,67,0,0
1024,CLERMONTAHB,291,108,11,3,35,0,27,1,4,0,24,1,0,57,2,0,84,173,62,0,0
1025,CLERMONTAHD,389,120,11,5,36,0,26,1,1,0,47,0,2,68,4,0,123,246,62,0,0
1026,CLERMONTAHF,314,108,17,5,28,1,22,0,1,0,51,2,0,69,5,0,65,193,51,0,0
1027,CLERMONTAHG,195,133,26,3,24,0,41,0,1,0,27,0,1,60,3,0,63,155,65,0,0
1028,CLERMONTAHH,367,246,27,9,54,0,73,0,2,0,36,0,2,102,7,0,92,241,127,0,0
1029,CLERMONTAHJ,124,102,3,2,42,2,14,2,2,1,7,0,1,59,7,0,26,105,58,0,0
1030,CLERMONTAHK,229,172,16,6,32,0,50,2,3,0,32,0,0,92,7,0,63,199,82,0,0
1031,CLERMONTAHL,246,122,18,6,31,0,29,0,0,0,24,0,0,44,4,0,57,129,60,0,0
1032,CLERMONTAHM,266,259,23,6,54,1,60,0,0,0,21,1,0,104,11,0,67,204,115,0,0
1033,CLERMONTAHN,435,257,29,6,50,0,51,0,1,1,53,0,1,195,3,0,120,374,101,0,0
1034,CLERMONTAHO,157,53,2,2,18,0,12,0,0,0,10,0,0,24,0,0,42,76,30,0,0
1035,CLERMONTAHP,405,206,14,4,57,1,28,3,3,0,43,0,0,100,13,1,106,269,86,0,0
1036,CLERMONTAHQ,489,192,26,2,45,0,34,0,3,0,48,0,0,78,10,0,111,250,79,0,0
1037,CLERMONTAHR,572,207,20,6,47,0,37,3,1,1,62,2,1,144,11,0,147,372,84,0,0
1038,CLERMONTAHS,376,267,32,2,44,0,40,0,0,0,28,0,0,270,8,0,54,360,84,0,0
1039,CLERMONTAHT,330,251,31,7,41,2,49,0,0,0,31,0,0,173,8,0,70,282,92,0,0
1040,CLERMONTAHU,620,275,34,5,46,0,49,1,1,1,54,0,0,297,17,0,142,513,95,0,0
1041,CLERMONTAHV,504,201,36,5,27,1,39,0,2,1,53,0,0,167,13,0,102,338,67,0,0
1042,CLERMONTAHW,419,224,40,5,37,0,47,0,1,0,39,0,0,166,11,0,99,316,84,0,0
1043,CLERMONTAHX,482,213,21,4,30,1,24,0,4,0,46,0,0,228,6,0,86,370,55,0,0
1044,CLERMONTAHY,351,164,24,2,23,0,30,0,0,0,22,0,0,106,6,0,97,231,53,0,0
1045,CLERMONTAHZ,374,146,27,4,28,0,37,0,1,0,41,0,1,102,8,0,96,249,65,0,0
1046,CLERMONTAIA,471,175,17,3,40,0,20,1,1,0,36,1,0,210,9,0,150,408,60,0,0
1047,CLERMONTAIB,395,160,16,5,25,0,35,0,0,0,23,0,0,96,6,0,98,223,60,0,0
1048,CLERMONTAIC,304,128,11,3,NA,NA,NA,NA,NA,NA,NA,NA,NA,NA,NA,NA,NA,0,0,0,0
1049,CLINTONAAA,255,140,29,10,16,1,56,1,4,0,29,0,0,80,6,0,94,214,73,0,0
1050,CLINTONAAB,400,180,19,9,32,0,39,1,3,1,29,0,0,180,16,1,105,336,71,0,0
1051,CLINTONAAE,213,145,14,5,38,1,20,0,2,0,15,2,1,75,3,0,48,146,59,0,0
1052,CLINTONAAF,230,177,20,6,27,2,43,2,2,0,15,0,1,58,3,0,63,144,72,0,0
1053,CLINTONAAI,250,145,15,4,29,0,32,0,2,0,21,3,1,96,8,0,59,190,61,0,0
1054,CLINTONAAJ,520,224,26,5,50,0,51,1,7,1,31,0,4,149,11,0,140,344,101,0,0
1055,CLINTONAAM,243,142,18,4,31,2,39,0,4,1,23,0,1,71,7,0,45,152,72,0,0
1056,CLINTONAAN,422,180,23,11,43,1,41,1,5,1,32,1,3,113,15,0,118,289,85,0,0
1057,CLINTONAAQ,403,89,10,2,28,0,22,3,1,0,69,0,1,117,5,0,127,323,50,0,0
1058,CLINTONAAS,529,154,22,3,34,0,22,1,3,0,44,0,3,123,8,1,193,376,56,0,0
1059,CLINTONAAU,725,137,22,0,38,1,33,0,6,0,74,0,0,142,9,0,217,448,72,0,0
1060,CLINTONAAY,303,78,8,2,22,1,21,1,0,0,19,0,0,69,9,0,74,172,44,0,0
1061,CLINTONABA,491,72,14,7,14,0,22,0,4,0,51,0,2,94,5,0,136,292,36,0,0
1062,CLINTONABC,443,107,17,4,27,0,33,1,3,0,48,1,0,119,9,1,133,315,60,0,0
1063,CLINTONABE,526,92,9,3,16,2,23,1,1,0,48,1,2,109,6,0,156,324,41,0,0
1064,CLINTONABG,437,121,24,5,20,2,18,0,3,0,34,0,0,75,5,2,120,239,40,0,0
1065,CLINTONABI,267,55,5,0,15,1,12,1,0,0,24,0,1,56,2,0,79,163,28,0,0
1066,CLINTONABJ,618,155,18,2,47,0,24,1,5,2,68,0,2,106,12,1,177,374,71,0,0
1067,CLINTONABK,381,75,10,2,15,0,22,0,1,0,30,0,1,99,2,0,120,253,37,0,0
1068,CLINTONABM,404,122,14,9,31,2,39,3,2,2,24,0,2,87,7,0,99,226,72,0,0
1069,CLINTONABN,246,100,13,5,26,3,30,1,1,2,15,0,1,59,1,0,77,157,59,0,0
1070,CLINTONABQ,359,112,17,2,21,0,22,0,4,0,33,1,2,146,5,0,91,282,43,0,0
1071,CLINTONABR,255,65,11,1,10,0,17,1,0,0,17,0,2,83,7,0,59,169,27,0,0
1072,CLINTONABT,574,120,16,0,24,0,27,2,7,0,68,1,1,121,6,0,168,374,51,0,0
1073,CLINTONABU,373,94,7,0,25,0,29,1,4,1,32,0,3,102,5,0,111,259,54,0,0
1074,CLINTONABW,276,53,4,6,13,1,17,0,1,1,19,0,2,79,5,0,90,197,31,0,0
1075,CLINTONABX,205,44,4,1,5,1,13,2,4,1,13,0,0,52,3,1,73,149,19,0,0
1076,CLINTONABY,540,107,12,4,38,0,34,0,8,1,35,0,4,127,10,0,189,374,72,0,0
1077,CLINTONABZ,584,83,8,2,23,0,32,3,2,0,45,0,2,94,8,0,178,332,55,0,0
1078,CLINTONACA,302,147,16,2,39,0,21,1,1,0,31,0,4,125,12,1,72,247,60,0,0
1079,CLINTONACB,395,107,11,2,31,0,22,0,9,0,30,0,0,92,6,0,120,257,53,0,0
1080,CLINTONACC,439,112,15,4,36,0,29,3,2,0,51,1,0,95,3,0,136,291,65,0,0
1081,CLINTONACD,498,115,22,5,26,1,36,2,3,0,50,0,0,112,10,0,149,326,63,0,0
1082,CLINTONACE,335,129,9,0,19,0,27,1,3,0,40,0,0,137,4,0,102,287,46,0,0
1083,CLINTONACF,397,88,12,0,19,0,16,1,1,0,40,1,0,123,5,0,116,287,35,0,0
1084,COLUMBIANAAAA,227,137,14,3,45,2,43,0,2,0,13,0,0,23,3,2,46,89,90,0,0
1085,COLUMBIANAAAB,230,196,13,4,72,1,65,1,0,1,14,0,1,34,0,0,51,102,138,0,0
1086,COLUMBIANAAAF,217,156,12,5,44,4,50,1,1,0,12,0,0,36,0,0,54,104,98,0,0
1087,COLUMBIANAAAH,205,149,11,3,62,2,52,0,0,0,11,0,0,29,3,0,64,107,116,0,0
1088,COLUMBIANAAAK,302,140,7,3,53,2,49,0,4,0,23,0,1,69,3,0,88,188,104,0,0
1089,COLUMBIANAAAL,269,175,12,6,56,3,65,0,0,0,20,1,0,36,8,0,72,137,124,0,0
1090,COLUMBIANAAAP,106,64,3,2,26,2,28,0,1,0,4,0,0,9,0,0,30,44,56,0,0
1091,COLUMBIANAAAQ,330,157,16,6,62,0,62,0,2,0,18,0,0,45,10,1,82,158,124,0,0
1092,COLUMBIANAAAS,325,127,21,2,39,0,47,0,2,0,15,0,0,62,5,0,98,182,86,0,0
1093,COLUMBIANAAAU,260,119,11,1,35,1,31,0,3,0,16,1,0,48,1,0,79,148,67,0,0
1094,COLUMBIANAAAW,309,147,8,2,40,2,21,0,0,0,16,0,0,85,2,0,82,185,63,0,0
1095,COLUMBIANAAAX,419,216,10,3,55,1,55,0,1,1,15,1,0,118,3,0,122,261,111,0,0
1096,COLUMBIANAABA,173,113,14,3,38,0,44,0,0,0,14,0,0,34,1,1,53,103,82,0,0
1097,COLUMBIANAABB,407,203,28,9,52,1,51,0,4,1,22,2,1,118,2,0,120,270,104,0,0
1098,COLUMBIANAABC,373,157,17,4,55,0,33,1,2,1,28,0,2,107,2,0,96,239,88,0,0
1099,COLUMBIANAABE,415,235,29,8,54,1,65,0,2,0,32,3,2,92,3,1,98,233,120,0,0
1100,COLUMBIANAABF,228,153,8,5,31,0,43,2,0,0,26,0,1,62,1,0,75,167,74,0,0
1101,COLUMBIANAABI,172,89,13,3,25,1,35,0,0,0,9,0,0,30,3,0,38,80,61,0,0
1102,COLUMBIANAABJ,410,195,20,9,55,0,50,1,4,0,29,0,1,143,2,0,109,289,105,0,0
1103,COLUMBIANAABL,273,113,8,5,35,0,22,1,3,0,15,0,0,81,6,0,74,180,57,0,0
1104,COLUMBIANAABM,278,109,17,1,38,0,24,1,1,0,29,1,0,90,4,0,72,198,62,0,0
1105,COLUMBIANAABN,473,307,24,12,81,3,81,0,2,1,33,0,1,124,4,1,117,283,165,0,0
1106,COLUMBIANAABQ,89,93,9,2,37,3,23,0,0,0,1,0,0,8,0,0,16,25,63,0,0
1107,COLUMBIANAABR,252,201,16,3,81,2,55,0,1,1,12,0,2,29,4,0,61,110,138,0,0
1108,COLUMBIANAABV,237,194,20,0,72,3,49,0,0,1,9,1,0,18,6,0,53,88,124,0,0
1109,COLUMBIANAABX,429,95,16,4,31,1,29,1,2,1,59,0,1,127,6,0,108,305,61,0,0
1110,COLUMBIANAABY,540,177,24,4,52,1,36,0,5,0,42,0,0,171,8,0,119,345,89,0,0
1111,COLUMBIANAABZ,473,105,15,4,29,2,31,1,4,0,32,0,2,139,3,1,132,314,62,0,0
1112,COLUMBIANAACB,341,111,13,5,44,0,37,0,2,1,38,1,0,83,2,0,100,227,81,0,0
1113,COLUMBIANAACC,341,111,19,1,43,0,28,0,0,0,17,0,1,58,4,0,116,196,71,0,0
1114,COLUMBIANAACD,402,95,27,3,34,0,36,0,1,0,55,1,0,49,6,0,124,236,70,0,0
1115,COLUMBIANAACE,329,174,22,2,67,1,39,3,1,0,22,1,0,83,8,0,91,209,107,0,0
1116,COLUMBIANAACH,371,168,25,8,71,2,55,0,1,1,22,0,0,87,7,0,103,221,128,0,0
1117,COLUMBIANAACJ,341,114,11,3,44,3,35,3,1,0,24,0,0,82,6,1,103,220,82,0,0
1118,COLUMBIANAACK,361,104,24,5,44,3,32,0,0,0,35,1,0,86,2,1,111,236,79,0,0
1119,COLUMBIANAACM,336,111,16,1,28,1,29,2,2,0,22,0,1,87,3,1,99,217,58,0,0
1120,COLUMBIANAACN,441,104,13,7,21,1,29,0,1,1,27,0,1,120,6,1,109,266,51,0,0
1121,COLUMBIANAACP,317,101,16,3,28,0,31,0,4,0,33,0,0,83,6,0,70,196,59,0,0
1122,COLUMBIANAACQ,426,108,15,2,31,1,40,0,5,0,42,0,2,96,4,0,138,287,72,0,0
1123,COLUMBIANAACR,342,141,17,3,30,4,31,1,6,0,29,0,0,129,7,0,81,253,65,0,0
1124,COLUMBIANAACS,431,214,24,4,80,1,57,1,7,0,33,0,0,104,2,0,88,235,138,0,0
1125,COLUMBIANAACT,304,118,12,0,29,1,27,1,2,1,29,0,0,79,4,0,72,188,57,0,0
1126,COLUMBIANAACU,601,210,14,2,70,2,42,1,4,0,35,0,1,206,10,1,163,421,114,0,0
1127,COLUMBIANAACV,359,177,17,5,78,1,29,0,1,1,25,0,1,101,5,0,123,257,108,0,0
1128,COLUMBIANAACZ,302,58,7,1,27,1,15,1,1,0,32,0,1,54,6,1,84,180,43,0,0
1129,COLUMBIANAADB,449,117,20,3,34,1,34,0,4,2,29,1,1,130,3,0,136,306,69,0,0
1130,COLUMBIANAADC,489,187,28,7,67,2,66,1,5,0,31,0,4,126,1,0,160,328,135,0,0
1131,COLUMBIANAADD,356,62,15,1,10,0,27,0,2,0,31,1,0,76,5,0,103,218,37,0,0
1132,COLUMBIANAADF,401,112,10,1,32,2,29,0,3,0,35,0,0,104,8,0,105,255,63,0,0
1133,COLUMBIANAADG,485,126,15,1,32,0,46,2,5,1,18,0,3,120,13,1,133,296,78,0,0
1134,COLUMBIANAADH,306,75,11,3,19,2,21,0,2,0,21,0,0,74,8,0,99,204,42,0,0
1135,COLUMBIANAADI,478,107,13,3,34,0,36,1,3,0,37,0,1,124,6,0,147,319,70,0,0
1136,COLUMBIANAADJ,254,121,15,2,50,0,31,0,1,0,20,3,0,65,7,0,69,165,81,0,0
1137,COLUMBIANAADL,413,187,9,3,63,2,39,0,2,0,32,0,0,75,6,0,110,225,104,0,0
1138,COLUMBIANAADM,323,129,20,2,53,0,30,1,0,1,21,0,2,59,4,0,93,181,83,0,0
1139,COLUMBIANAADN,302,145,15,3,61,3,47,0,0,0,18,0,1,35,7,0,103,164,111,0,0
1140,COLUMBIANAADO,344,103,9,3,45,0,31,0,4,1,25,0,1,48,2,0,116,197,76,0,0
1141,COLUMBIANAADP,363,93,10,3,40,1,45,3,3,1,24,0,1,49,5,0,128,214,86,0,0
1142,COLUMBIANAADQ,414,140,12,4,61,1,50,0,0,1,31,0,1,42,2,1,141,219,112,0,0
1143,COLUMBIANAADR,401,114,12,4,29,3,40,1,0,0,35,0,1,77,8,0,128,250,72,0,0
1144,COLUMBIANAADS,321,89,19,1,22,5,19,0,0,0,18,0,0,68,1,0,107,194,46,0,0
1145,COLUMBIANAADU,450,135,13,4,30,3,38,0,8,1,42,0,0,78,5,0,139,273,71,0,0
1146,COLUMBIANAADW,672,284,23,2,82,3,63,1,5,0,49,1,1,221,5,0,190,473,148,0,0
1147,COLUMBIANAADY,601,281,25,8,92,3,95,0,2,0,44,0,3,156,5,0,143,353,190,0,0
1148,COLUMBIANAADZ,254,151,12,4,56,2,25,0,0,0,17,0,0,87,4,0,70,178,83,0,0
1149,COLUMBIANAAED,361,118,14,4,42,1,34,1,6,0,28,0,0,74,7,0,99,215,77,0,0
1150,COLUMBIANAAEF,449,160,14,2,71,2,40,1,1,1,38,1,0,83,8,0,131,264,113,0,0
1151,COLUMBIANAAEG,208,70,11,0,29,0,37,0,0,0,10,0,1,39,8,0,53,111,66,0,0
1152,COLUMBIANAAEH,318,120,15,3,43,0,45,0,1,0,26,0,0,53,8,0,90,178,88,0,0
1153,COLUMBIANAAEI,274,146,5,4,61,1,41,0,3,0,30,0,0,60,2,0,61,156,103,0,0
1154,COLUMBIANAAEJ,184,99,10,1,29,4,33,0,0,1,15,0,0,37,1,0,55,109,66,0,0
1155,COLUMBIANAAEK,529,198,17,3,55,1,43,1,3,0,38,0,2,100,3,0,172,319,99,0,0
1156,COLUMBIANAAEL,296,130,24,4,59,0,49,1,1,0,21,0,0,68,6,0,77,174,108,0,0
1157,COLUMBIANAAEM,490,122,18,3,31,0,35,0,4,1,39,0,1,109,3,0,131,288,66,0,0
1158,COLUMBIANAAEN,438,151,14,4,38,0,45,0,2,0,40,0,0,81,5,0,115,243,83,0,0
1159,COLUMBIANAAEO,424,100,11,5,27,0,38,2,6,0,37,0,1,76,1,0,140,263,65,0,0
1160,COLUMBIANAAEQ,537,248,29,10,113,8,83,0,3,0,27,0,2,124,3,0,142,301,204,0,0
1161,COLUMBIANAAET,369,136,17,3,40,0,45,0,2,0,18,0,0,93,3,0,83,199,85,0,0
1162,COLUMBIANAAEU,462,167,26,5,44,1,34,0,2,0,28,0,0,105,4,0,125,264,79,0,0
1163,COLUMBIANAAEV,462,143,23,1,39,2,44,0,1,0,36,0,0,92,4,0,147,280,85,0,0
1164,COLUMBIANAAEW,422,123,27,2,36,0,30,3,3,0,29,0,0,89,7,0,139,270,66,0,0
1165,COLUMBIANAAEY,295,100,16,2,39,4,33,1,1,0,22,0,0,46,3,0,93,166,76,0,0
1166,COLUMBIANAAEZ,275,123,14,11,46,0,34,1,0,0,14,0,0,39,2,0,86,142,80,0,0
1167,COLUMBIANAAFB,334,84,12,6,39,1,42,0,0,0,20,0,2,50,6,0,94,172,82,0,0
1168,COLUMBIANAAFC,316,101,12,1,33,0,29,0,1,0,32,1,0,71,2,0,97,204,62,0,0
1169,COLUMBIANAAFD,412,127,19,1,43,2,43,0,3,0,35,0,2,69,0,0,122,231,88,0,0
1170,COLUMBIANAAFE,309,74,13,3,24,1,16,1,3,1,17,0,0,81,6,0,82,191,41,0,0
1171,COLUMBIANAAFF,435,197,16,5,77,2,53,0,0,1,17,0,2,84,5,1,129,239,132,0,0
1172,COLUMBIANAAFH,235,96,10,4,40,0,46,1,3,0,7,0,0,37,2,0,63,113,86,0,0
1173,COSHOCTONAAA,207,121,9,2,27,0,40,0,4,0,10,0,0,64,4,0,51,133,67,0,0
1174,COSHOCTONAAB,305,193,34,13,59,4,74,2,1,0,23,0,0,65,6,0,60,157,137,0,0
1175,COSHOCTONAAD,267,174,22,3,70,1,36,2,6,2,17,1,1,77,4,1,58,169,107,0,0
1176,COSHOCTONAAE,270,160,17,5,49,3,58,0,0,0,15,0,0,48,2,0,54,119,110,0,0
1177,COSHOCTONAAG,386,230,29,2,67,0,61,0,1,0,23,1,0,105,9,0,103,242,128,0,0
1178,COSHOCTONAAI,300,156,15,3,58,1,41,0,2,0,17,0,2,114,5,0,84,224,100,0,0
1179,COSHOCTONAAJ,229,109,10,0,53,3,19,2,1,0,10,0,1,72,4,0,81,171,75,0,0
1180,COSHOCTONAAK,201,129,15,2,34,1,32,2,2,0,11,0,0,42,3,0,56,116,67,0,0
1181,COSHOCTONAAL,372,185,18,7,75,3,53,2,4,1,30,0,0,103,3,0,111,254,131,0,0
1182,COSHOCTONAAN,311,118,16,5,37,1,34,0,3,1,25,0,0,143,9,1,96,278,72,0,0
1183,COSHOCTONAAP,456,108,13,9,32,1,38,1,0,0,40,0,0,92,8,0,120,261,71,0,0
1184,COSHOCTONAAQ,433,138,14,4,48,1,34,0,0,0,35,0,0,120,13,0,138,306,83,0,0
1185,COSHOCTONAAR,467,100,10,4,33,2,34,0,4,0,46,0,3,83,1,1,137,275,69,0,0
1186,COSHOCTONAAS,181,37,3,0,14,0,7,2,2,0,15,0,0,44,0,0,38,101,21,0,0
1187,COSHOCTONAAT,643,151,19,3,47,0,61,1,2,0,56,2,0,118,4,0,175,358,108,0,0
1188,COSHOCTONAAU,715,209,27,5,51,3,50,1,7,1,59,3,0,179,9,0,197,456,104,0,0
1189,COSHOCTONAAW,671,226,25,5,79,1,74,1,2,1,86,1,4,175,12,1,136,419,154,0,0
1190,COSHOCTONAAY,799,237,29,4,79,2,53,4,4,0,61,0,2,240,18,0,220,549,134,0,0
1191,COSHOCTONABA,612,254,24,7,101,3,81,0,2,0,58,0,1,137,6,0,172,376,185,0,0
1192,COSHOCTONABE,234,89,12,2,34,0,31,0,0,0,11,0,0,47,4,0,50,112,65,0,0
1193,COSHOCTONABF,581,162,29,3,65,4,55,2,3,1,45,0,0,132,12,2,153,350,124,0,0
1194,COSHOCTONABG,444,104,8,4,38,3,25,0,4,0,68,0,0,94,6,0,118,290,66,0,0
1195,COSHOCTONABH,407,166,19,3,57,3,50,1,2,0,15,0,0,69,0,1,109,197,110,0,0
1196,COSHOCTONABI,594,268,25,15,86,4,77,1,4,0,33,0,2,130,6,1,135,312,167,0,0
1197,COSHOCTONABQ,700,189,26,8,84,5,37,1,7,0,84,0,1,185,4,0,154,436,126,0,0
1198,CRAWFORDAAA,298,107,15,7,23,2,41,0,0,0,35,0,0,44,0,0,49,128,66,0,0
1199,CRAWFORDAAB,255,112,31,3,32,0,32,0,0,0,27,0,0,59,0,0,65,151,64,0,0
1200,CRAWFORDAAE,418,192,37,4,51,1,56,2,0,1,55,0,2,78,11,0,101,250,108,0,0
1201,CRAWFORDAAF,434,167,18,7,51,2,32,3,4,0,57,1,2,136,11,0,90,304,85,0,0
1202,CRAWFORDAAJ,296,149,25,2,38,0,37,0,0,0,51,0,2,109,7,1,47,217,75,0,0
1203,CRAWFORDAAK,331,142,24,2,31,1,47,3,5,0,39,0,1,85,4,0,75,212,79,0,0
1204,CRAWFORDAAN,421,174,19,1,48,0,38,1,3,0,50,1,2,176,6,0,84,323,86,0,0
1205,CRAWFORDAAP,363,126,30,2,38,3,28,1,1,0,47,0,2,79,4,0,91,225,69,0,0
1206,CRAWFORDAAQ,370,149,26,9,32,0,55,2,1,0,47,1,1,77,3,0,77,209,87,0,0
1207,CRAWFORDAAT,359,195,22,6,74,1,48,0,3,0,32,1,1,83,4,0,98,222,123,0,0
1208,CRAWFORDAAV,315,122,11,6,36,1,23,0,2,0,29,0,0,58,2,0,57,148,60,0,0
1209,CRAWFORDAAW,253,131,14,2,39,1,28,0,3,0,19,0,0,38,1,0,60,121,68,0,0
1210,CRAWFORDAAY,277,152,16,5,52,1,31,0,0,0,27,1,1,53,5,0,62,149,84,0,0
1211,CRAWFORDABB,365,132,23,2,42,0,36,0,0,0,62,3,1,95,9,0,92,262,78,0,0
1212,CRAWFORDABC,319,162,23,4,37,0,47,1,5,0,43,0,0,80,7,0,70,206,84,0,0
1213,CRAWFORDABF,257,107,21,1,28,0,36,2,1,1,36,0,0,40,0,0,57,137,64,0,0
1214,CRAWFORDABG,299,135,16,1,53,0,28,1,1,2,38,1,2,97,0,0,66,208,81,0,0
1215,CRAWFORDABI,267,115,20,3,43,0,25,0,0,0,25,0,0,34,1,0,66,126,68,0,0
1216,CRAWFORDABK,292,167,17,8,47,1,39,0,1,0,29,0,0,47,1,0,57,135,87,0,0
1217,CRAWFORDABM,265,112,20,2,23,0,34,1,2,0,28,0,0,57,2,0,47,137,57,0,0
1218,CRAWFORDABO,312,119,11,3,38,0,23,1,2,0,43,0,0,53,5,0,60,164,61,0,0
1219,CRAWFORDABP,316,178,16,0,61,1,41,1,2,0,39,0,0,98,6,0,81,227,103,0,0
1220,CRAWFORDABR,277,44,11,1,15,0,11,0,0,0,44,0,0,61,1,0,52,158,26,0,0
1221,CRAWFORDABS,397,85,20,2,16,0,16,1,3,0,45,0,2,123,4,0,87,265,32,0,0
1222,CRAWFORDABT,289,48,14,1,13,1,9,0,1,0,40,0,0,80,3,0,58,182,23,0,0
1223,CRAWFORDABU,604,141,17,3,36,1,29,1,2,0,64,0,2,162,8,1,120,360,66,0,0
1224,CRAWFORDABX,207,41,7,1,11,0,8,0,3,0,40,0,0,43,1,0,54,141,19,0,0
1225,CRAWFORDABY,537,115,31,1,29,0,34,0,5,1,79,0,3,127,9,2,126,352,63,0,0
1226,CRAWFORDACC,637,178,27,6,50,2,55,4,4,0,100,0,1,167,7,0,145,428,107,0,0
1227,CRAWFORDACD,639,131,14,2,36,3,37,0,5,0,91,0,2,153,16,0,175,442,76,0,0
1228,CRAWFORDACF,579,74,26,2,30,1,25,1,8,1,89,0,0,132,8,0,129,368,56,0,0
1229,CRAWFORDACJ,782,258,26,11,76,5,56,1,3,2,87,0,3,194,8,0,210,508,137,0,0
1230,CRAWFORDACK,214,40,11,1,16,0,20,1,2,0,32,0,0,52,5,0,52,144,36,0,0
1231,CRAWFORDACL,146,32,13,1,8,2,13,0,0,0,7,0,1,33,1,0,53,95,23,0,0
1232,CRAWFORDACN,346,64,14,0,25,0,27,1,2,0,48,0,0,103,3,0,73,230,52,0,0
1233,CRAWFORDACO,503,149,15,5,51,0,27,0,1,0,71,0,3,121,4,0,134,334,78,0,0
1234,CRAWFORDACR,372,80,13,2,30,1,20,0,3,0,55,0,0,124,4,0,101,287,51,0,0
1235,CUYAHOGAAAA,327,445,25,8,111,1,114,1,0,0,21,0,0,189,4,1,92,308,226,0,0
1236,CUYAHOGAAAB,297,377,18,5,99,0,116,3,2,0,19,1,0,158,4,0,59,246,215,0,0
1237,CUYAHOGAAAD,344,477,29,11,120,0,109,0,0,0,32,1,0,212,13,1,87,346,229,0,0
1238,CUYAHOGAAAH,309,448,14,5,126,0,93,0,0,0,29,1,0,212,11,0,86,339,219,0,0
1239,CUYAHOGAAAI,282,387,18,3,100,0,100,0,0,0,25,0,1,161,2,0,85,274,200,0,0
1240,CUYAHOGAAAL,328,438,26,5,129,0,116,0,2,0,29,0,0,187,11,0,69,298,245,0,0
1241,CUYAHOGAAAQ,309,390,30,3,89,1,64,0,0,0,14,0,0,274,11,1,83,383,154,0,0
1242,CUYAHOGAAAR,303,353,17,5,99,0,63,1,2,0,27,0,0,223,14,0,84,351,162,0,0
1243,CUYAHOGAAAS,367,400,36,3,105,0,87,1,1,0,31,0,0,286,7,1,70,397,192,0,0
1244,CUYAHOGAAAV,397,441,26,4,103,1,103,4,1,1,30,0,0,309,15,1,87,448,207,0,0
1245,CUYAHOGAAAZ,404,408,25,6,118,0,63,0,1,0,27,0,0,333,14,1,76,452,181,0,0
1246,CUYAHOGAABA,377,473,23,7,126,3,98,1,0,0,28,1,0,292,11,0,108,441,227,0,0
1247,CUYAHOGAABD,294,470,14,5,148,1,96,1,0,0,12,0,0,177,23,0,55,268,245,0,0
1248,CUYAHOGAABE,289,419,15,4,126,1,94,0,1,0,9,0,0,204,12,0,37,263,221,0,0
1249,CUYAHOGAABF,171,754,7,7,301,0,73,0,1,0,4,1,0,165,10,0,46,227,374,0,0
1250,CUYAHOGAABG,164,710,9,2,286,1,113,0,0,1,10,2,0,158,7,0,35,213,400,0,0
1251,CUYAHOGAABH,119,825,11,6,318,2,113,0,1,0,8,0,1,98,3,0,25,136,433,0,0
1252,CUYAHOGAABK,191,762,20,5,287,0,110,1,1,0,13,0,0,203,15,1,44,278,397,0,0
1253,CUYAHOGAABN,74,492,1,1,261,3,47,1,2,1,6,0,0,46,3,0,11,70,311,0,0
1254,CUYAHOGAABP,132,451,4,0,141,0,47,2,1,0,7,0,0,70,5,0,29,114,188,0,0
1255,CUYAHOGAABQ,226,539,15,5,196,1,90,1,2,1,16,0,0,175,11,0,40,246,287,0,0
1256,CUYAHOGAABU,114,444,9,4,174,2,88,1,2,0,15,1,1,42,0,0,28,90,264,0,0
1257,CUYAHOGAABV,76,392,7,3,143,0,65,0,1,0,0,0,0,17,3,0,22,43,208,0,0
1258,CUYAHOGAABX,101,386,8,3,162,0,51,1,1,0,11,0,0,32,2,0,23,70,213,0,0
1259,CUYAHOGAABY,147,322,9,2,124,0,56,0,0,0,13,0,1,48,4,0,28,94,180,0,0
1260,CUYAHOGAACA,109,355,7,8,105,1,66,0,1,1,11,0,0,42,2,0,30,87,172,0,0
1261,CUYAHOGAACB,181,346,15,4,124,2,66,0,1,0,11,0,0,53,0,0,46,111,192,0,0
1262,CUYAHOGAACE,69,510,8,6,174,0,88,0,0,0,10,0,0,23,2,0,15,50,262,0,0
1263,CUYAHOGAACF,158,546,9,7,222,0,97,0,0,0,9,0,1,59,1,0,36,106,319,0,0
1264,CUYAHOGAACJ,281,546,16,9,175,3,119,1,3,0,26,0,0,88,8,0,76,202,297,0,0
1265,CUYAHOGAACM,274,652,27,12,202,0,164,0,4,0,32,0,0,109,7,0,61,213,366,0,0
1266,CUYAHOGAACP,89,364,7,4,149,0,61,0,0,0,7,0,0,21,0,0,17,45,210,0,0
1267,CUYAHOGAACQ,57,516,1,2,251,1,85,0,1,0,4,0,0,16,3,0,18,42,337,0,0
1268,CUYAHOGAACR,21,597,2,7,185,1,69,0,2,1,0,0,0,6,0,0,3,12,255,0,0
1269,CUYAHOGAACV,56,567,5,3,200,1,77,0,0,0,4,0,0,7,0,0,21,32,278,0,0
1270,CUYAHOGAACW,26,552,2,4,205,0,56,0,0,0,0,0,0,9,1,0,3,13,261,0,0
1271,CUYAHOGAACY,22,658,8,6,242,1,92,1,0,1,3,0,0,11,0,0,2,18,335,0,0
1272,CUYAHOGAACZ,67,837,5,5,410,1,124,1,0,0,9,0,0,27,1,0,20,58,535,0,0
1273,CUYAHOGAADE,44,632,1,2,291,3,84,0,0,0,5,0,0,16,0,0,11,32,378,0,0
1274,CUYAHOGAADF,63,346,1,4,172,0,63,1,1,0,3,0,0,20,0,0,11,36,235,0,0
1275,CUYAHOGAADI,211,448,28,15,63,0,131,0,1,0,17,0,0,99,8,0,45,170,194,0,0
1276,CUYAHOGAADJ,259,499,28,12,154,3,121,0,1,0,23,0,0,71,0,0,60,155,278,0,0
1277,CUYAHOGAADN,350,420,21,9,100,3,100,1,0,0,37,1,1,139,11,0,81,271,203,0,0
1278,CUYAHOGAADO,349,469,32,5,122,0,99,0,5,0,31,0,0,110,9,0,93,248,221,0,0
1279,CUYAHOGAADP,311,485,26,12,145,1,129,1,2,0,20,0,0,116,13,0,82,234,275,0,0
1280,CUYAHOGAADU,292,428,17,8,107,1,129,1,3,0,38,0,0,125,6,0,70,243,237,0,0
1281,CUYAHOGAADV,271,362,42,9,94,1,109,0,1,0,28,1,0,145,9,0,62,246,204,0,0
1282,CUYAHOGAADW,218,227,13,5,80,1,50,1,1,0,16,0,1,97,6,0,64,186,131,0,0
1283,CUYAHOGAAEB,233,544,35,9,125,2,106,1,3,0,14,2,1,89,6,0,60,176,233,0,0
1284,CUYAHOGAAED,321,475,39,9,134,2,149,1,2,0,35,0,0,112,10,0,75,235,285,0,0
1285,CUYAHOGAAEI,294,353,21,4,83,1,97,0,0,0,26,1,0,103,8,0,69,207,181,0,0
1286,CUYAHOGAAEJ,289,289,19,6,106,0,70,0,0,0,17,0,0,110,5,0,75,207,176,0,0
1287,CUYAHOGAAEK,188,233,15,7,90,0,69,0,4,0,15,0,0,67,3,0,39,128,159,0,0
1288,CUYAHOGAAEP,470,393,23,0,121,3,74,0,2,0,28,0,1,244,6,1,132,414,198,0,0
1289,CUYAHOGAAEQ,476,310,30,2,80,0,61,0,0,0,30,0,0,230,16,0,133,409,141,0,0
1290,CUYAHOGAAES,422,324,18,7,95,3,65,0,1,0,31,0,0,199,13,1,123,368,163,0,0
1291,CUYAHOGAAET,458,281,25,11,79,1,66,0,0,0,28,0,0,210,8,1,134,381,146,0,0
1292,CUYAHOGAAEU,422,376,24,9,89,0,92,0,2,0,31,2,0,227,16,0,110,388,181,0,0
1293,CUYAHOGAAEV,446,415,29,11,102,0,108,0,2,0,29,0,0,243,5,1,123,403,210,0,0
1294,CUYAHOGAAEX,326,283,20,3,76,0,62,0,2,0,15,0,0,134,10,0,90,251,138,0,0
1295,CUYAHOGAAEY,457,293,25,2,71,0,50,4,1,0,29,0,1,223,18,0,112,388,121,0,0
1296,CUYAHOGAAEZ,433,450,34,13,104,2,88,2,2,0,40,1,0,259,12,0,105,421,194,0,0
1297,CUYAHOGAAFB,504,342,31,4,88,2,56,1,0,0,38,0,1,252,15,0,136,443,146,0,0
1298,CUYAHOGAAFG,394,269,14,2,61,0,37,0,1,0,10,0,0,162,17,0,97,287,98,0,0
1299,CUYAHOGAAFH,468,368,31,5,97,1,68,1,4,0,19,0,0,202,13,2,111,352,166,0,0
1300,CUYAHOGAAFI,478,343,27,9,112,2,93,1,2,1,38,0,0,181,11,2,119,355,207,0,0
1301,CUYAHOGAAFK,589,373,34,13,122,2,99,0,2,0,51,0,1,224,18,0,144,440,223,0,0
1302,CUYAHOGAAFL,490,377,31,10,90,0,81,0,3,0,35,2,2,240,7,0,123,412,171,0,0
1303,CUYAHOGAAFM,549,439,21,6,107,2,104,0,0,0,32,0,2,262,26,0,132,454,213,0,0
1304,CUYAHOGAAFP,380,244,13,5,62,1,42,0,0,0,15,0,0,149,12,0,109,285,105,0,0
1305,CUYAHOGAAFQ,285,209,18,3,54,0,33,1,1,0,15,0,0,107,12,0,70,206,87,0,0
1306,CUYAHOGAAFR,429,270,14,7,86,0,51,0,0,0,29,0,0,157,7,0,115,308,137,0,0
1307,CUYAHOGAAFU,439,351,18,2,90,3,62,0,0,2,28,0,0,209,18,0,107,364,155,0,0
1308,CUYAHOGAAFV,88,129,12,5,20,0,45,0,0,0,7,0,0,23,1,0,18,49,65,0,0
1309,CUYAHOGAAFW,403,282,21,2,89,2,58,2,1,1,23,0,0,126,8,0,117,278,149,0,0
1310,CUYAHOGAAFZ,135,309,9,3,95,1,58,0,0,0,8,1,2,32,6,0,29,78,154,0,0
1311,CUYAHOGAAGA,363,326,22,7,130,2,111,0,0,0,15,0,0,88,5,1,89,198,243,0,0
1312,CUYAHOGAAGB,295,346,8,4,130,6,95,0,0,0,20,0,0,77,5,0,80,182,231,0,0
1313,CUYAHOGAAGD,229,317,20,5,91,1,82,1,0,0,24,0,0,44,2,1,65,137,174,0,0
1314,CUYAHOGAAGF,306,403,20,2,145,3,84,0,0,0,27,0,0,69,10,0,80,186,232,0,0
1315,CUYAHOGAAGG,276,310,15,5,129,1,88,0,2,0,18,0,0,53,5,0,71,149,218,0,0
1316,CUYAHOGAAGH,246,369,20,6,128,1,73,0,0,0,26,0,1,55,11,0,77,170,202,0,0
1317,CUYAHOGAAGJ,289,301,15,8,115,2,74,0,1,0,11,0,0,65,1,0,76,154,191,0,0
1318,CUYAHOGAAGO,285,325,20,9,114,1,104,0,0,0,15,0,0,67,2,0,72,156,219,0,0
1319,CUYAHOGAAGQ,364,342,33,16,116,6,103,2,3,0,29,1,3,103,4,0,86,231,225,0,0
1320,CUYAHOGAAGS,312,292,20,6,121,8,83,0,2,0,16,0,0,72,4,0,75,169,212,0,0
1321,CUYAHOGAAGW,348,364,26,4,136,3,95,0,1,1,21,0,0,83,4,0,94,204,234,0,0
1322,CUYAHOGAAGX,332,305,10,7,136,1,93,0,0,0,12,0,0,89,6,0,75,182,230,0,0
1323,CUYAHOGAAHA,336,365,13,12,105,6,109,0,0,0,16,0,0,63,6,0,95,180,220,0,0
1324,CUYAHOGAAHF,375,360,23,9,123,1,101,0,1,0,19,0,0,76,9,0,110,215,225,0,0
1325,CUYAHOGAAHG,304,342,21,10,135,3,89,0,0,0,15,0,1,85,1,1,87,190,227,0,0
1326,CUYAHOGAAHI,335,370,30,11,161,3,107,0,3,0,22,0,1,84,6,0,78,194,271,0,0
1327,CUYAHOGAAHL,395,345,26,3,146,5,92,0,2,0,29,0,1,100,5,0,115,252,243,0,0
1328,CUYAHOGAAHN,349,378,20,7,109,1,106,0,0,0,16,0,0,56,9,0,100,181,216,0,0
1329,CUYAHOGAAHO,390,353,17,11,166,4,96,0,1,1,19,0,0,83,0,0,101,205,266,0,0
1330,CUYAHOGAAHU,6,521,1,2,184,0,58,0,0,0,0,0,0,2,1,0,2,5,242,0,0
1331,CUYAHOGAAHW,9,436,2,2,181,1,52,0,0,0,1,0,0,2,0,1,1,5,234,0,0
1332,CUYAHOGAAIA,8,605,3,4,270,0,90,0,0,0,1,1,0,2,0,0,1,5,360,0,0
1333,CUYAHOGAAIC,6,595,4,2,254,0,70,0,0,0,0,0,0,2,0,0,0,2,324,0,0
1334,CUYAHOGAAIG,14,592,3,4,279,0,60,0,0,1,0,0,0,4,0,0,5,10,339,0,0
1335,CUYAHOGAAII,8,550,4,2,230,0,35,0,0,0,1,0,0,1,0,0,1,3,265,0,0
1336,CUYAHOGAAIK,15,666,1,1,316,1,64,0,0,0,0,0,0,6,0,1,4,11,381,0,0
1337,CUYAHOGAAIO,24,626,1,2,305,0,68,0,0,0,1,0,0,6,0,0,4,11,373,0,0
1338,CUYAHOGAAIQ,13,669,1,1,301,0,79,0,0,1,2,0,1,5,0,0,3,12,380,0,0
1339,CUYAHOGAAIS,18,663,3,3,311,0,85,0,0,0,1,0,0,3,3,0,1,8,396,0,0
1340,CUYAHOGAAIW,6,686,0,5,315,0,74,0,0,0,0,0,0,0,0,0,1,1,389,0,0
1341,CUYAHOGAAIX,22,662,1,4,304,1,80,0,0,0,1,0,0,3,0,0,5,9,385,0,0
1342,CUYAHOGAAIZ,5,585,4,2,269,0,46,0,0,0,1,0,0,7,0,0,0,8,315,0,0
1343,CUYAHOGAAJA,14,537,1,4,216,0,58,0,1,0,3,0,0,4,0,0,4,12,274,0,0
1344,CUYAHOGAAJC,9,562,3,3,244,0,61,0,0,0,1,0,0,3,1,0,2,7,305,0,0
1345,CUYAHOGAAJD,10,518,1,2,256,0,51,0,1,0,1,0,0,2,0,0,1,5,307,0,0
1346,CUYAHOGAAJH,3,344,0,2,120,0,47,0,0,0,0,0,0,3,1,0,1,5,167,0,0
1347,CUYAHOGAAJJ,59,382,5,1,107,0,42,0,1,0,4,0,0,11,0,0,18,34,149,0,0
1348,CUYAHOGAAJL,6,430,1,3,176,1,55,0,0,0,0,0,0,4,0,0,1,5,232,0,0
1349,CUYAHOGAAJN,18,234,5,1,58,0,30,0,0,0,2,0,0,7,0,0,8,17,88,0,0
1350,CUYAHOGAAJP,0,419,2,1,182,0,38,0,0,0,0,0,0,2,0,0,0,2,220,0,0
1351,CUYAHOGAAJT,3,210,0,0,85,0,20,0,0,0,0,0,0,2,0,0,0,2,105,0,0
1352,CUYAHOGAAJV,118,572,5,5,250,0,100,1,0,0,14,1,0,36,1,0,37,90,350,0,0
1353,CUYAHOGAAJX,3,360,0,2,147,0,44,0,0,0,0,0,0,1,0,0,1,2,191,0,0
1354,CUYAHOGAAJY,1,266,0,0,102,1,22,0,0,0,0,0,1,1,0,0,0,2,125,0,0
1355,CUYAHOGAAKA,4,309,1,0,134,1,30,0,0,0,1,0,0,0,0,0,2,3,165,0,0
1356,CUYAHOGAAKB,7,492,0,4,187,1,46,0,0,0,0,0,0,1,0,0,1,2,234,0,0
1357,CUYAHOGAAKC,34,235,0,1,59,0,33,0,0,0,0,0,0,9,0,0,7,16,92,0,0
1358,CUYAHOGAAKD,4,419,1,4,139,0,45,0,0,0,0,0,0,1,0,0,1,2,184,0,0
1359,CUYAHOGAAKE,6,453,0,1,190,0,42,0,0,0,0,0,0,1,1,0,0,2,232,0,0
1360,CUYAHOGAAKF,8,444,1,1,163,0,39,0,0,0,1,0,2,4,0,1,0,8,202,0,0
1361,CUYAHOGAAKH,4,449,0,1,166,0,63,0,0,0,1,0,0,6,0,0,0,7,229,0,0
1362,CUYAHOGAAKI,12,412,2,2,157,0,36,0,0,0,2,0,0,1,0,0,4,7,193,0,0
1363,CUYAHOGAAKP,2,316,0,2,119,1,34,0,0,1,0,0,0,2,0,0,1,4,154,0,0
1364,CUYAHOGAAKT,3,384,2,2,178,2,45,0,1,0,0,0,0,1,0,0,0,2,225,0,0
1365,CUYAHOGAAKV,4,370,2,0,136,0,35,0,0,0,0,0,0,0,0,0,0,0,171,0,0
1366,CUYAHOGAAKX,5,350,0,1,155,0,41,0,0,0,0,0,0,1,0,0,1,2,196,0,0
1367,CUYAHOGAAKZ,20,439,2,2,145,0,31,0,1,0,3,0,0,3,0,0,1,8,176,0,0
1368,CUYAHOGAALB,7,471,2,2,203,0,61,0,0,0,0,0,0,2,0,0,3,5,264,0,0
1369,CUYAHOGAALD,2,341,1,1,127,1,32,0,0,0,0,0,0,1,0,0,0,1,160,0,0
1370,CUYAHOGAALJ,1,416,0,1,150,0,37,0,0,0,0,0,0,0,0,0,1,1,187,0,0
1371,CUYAHOGAALP,7,417,0,2,180,1,32,0,0,0,0,0,0,3,1,0,2,6,213,0,0
1372,CUYAHOGAALQ,9,416,1,2,157,0,42,0,0,0,0,0,0,1,1,0,3,5,199,0,0
1373,CUYAHOGAALR,2,347,0,2,134,0,48,0,0,0,0,0,0,1,0,0,0,1,182,0,0
1374,CUYAHOGAALS,5,297,1,2,97,0,20,0,0,0,1,0,0,2,0,0,0,3,117,0,0
1375,CUYAHOGAALT,7,378,2,4,152,1,28,0,0,0,0,0,0,1,0,0,1,2,181,0,0
1376,CUYAHOGAALU,16,500,4,0,214,0,48,0,0,0,2,0,0,6,0,0,0,8,262,0,0
1377,CUYAHOGAALV,3,352,5,1,142,1,48,0,0,1,0,0,0,2,0,0,0,3,191,0,0
1378,CUYAHOGAALW,6,483,1,5,184,0,66,0,0,0,1,0,0,3,0,0,3,7,250,0,0
1379,CUYAHOGAAMC,19,311,2,3,105,1,26,0,0,1,2,0,0,5,3,0,2,13,132,0,0
1380,CUYAHOGAAME,15,316,2,1,155,1,29,0,1,0,0,0,0,7,0,0,3,11,185,0,0
1381,CUYAHOGAAMI,9,628,2,2,235,1,73,0,0,0,0,0,0,3,1,0,4,8,309,0,0
1382,CUYAHOGAAMM,4,314,0,1,101,0,32,0,0,0,0,0,0,1,0,0,0,1,133,0,0
1383,CUYAHOGAAMQ,3,435,1,5,136,1,39,0,0,0,0,0,0,1,0,0,0,1,176,0,0
1384,CUYAHOGAAMS,6,394,2,2,140,0,41,0,0,0,2,0,0,2,0,0,0,4,181,0,0
1385,CUYAHOGAAMU,3,371,0,0,154,0,40,0,0,0,0,0,0,1,0,0,1,2,194,0,0
1386,CUYAHOGAAMX,3,390,0,4,148,0,34,0,0,0,1,0,0,2,0,0,0,3,182,0,0
1387,CUYAHOGAAMZ,4,453,2,2,204,0,44,0,1,0,0,0,0,1,0,0,0,2,248,0,0
1388,CUYAHOGAANA,7,383,0,0,158,1,42,0,0,0,1,0,0,3,1,0,2,7,201,0,0
1389,CUYAHOGAANB,3,331,0,1,119,0,31,0,0,0,1,0,0,0,0,0,0,1,150,0,0
1390,CUYAHOGAANC,69,780,8,5,322,0,164,0,0,0,3,0,0,92,4,0,19,118,486,0,0
1391,CUYAHOGAAND,5,429,0,2,169,0,32,0,2,0,0,0,0,1,0,0,0,3,201,0,0
1392,CUYAHOGAANE,5,347,0,1,124,0,36,0,1,0,0,0,0,0,0,0,1,2,160,0,0
1393,CUYAHOGAANF,30,534,8,8,178,0,128,0,0,0,3,0,0,11,0,1,6,21,306,0,0
1394,CUYAHOGAANN,14,369,1,6,50,1,46,0,1,0,2,0,0,1,0,0,1,5,97,0,0
1395,CUYAHOGAANR,29,196,2,2,35,0,20,0,0,0,0,0,1,11,1,0,1,14,55,0,0
1396,CUYAHOGAANT,6,403,1,0,72,0,30,0,0,0,0,0,0,0,0,0,2,2,102,0,0
1397,CUYAHOGAANV,5,317,0,0,62,0,31,0,0,0,0,0,0,0,0,0,0,0,93,0,0
1398,CUYAHOGAANX,3,408,1,1,92,0,48,0,0,0,1,0,0,1,0,0,0,2,140,0,0
1399,CUYAHOGAANZ,12,220,0,2,105,0,19,0,2,0,1,0,0,7,0,0,4,14,124,0,0
1400,CUYAHOGAAOB,10,426,0,2,152,0,51,1,1,1,0,0,0,4,1,1,3,12,203,0,0
1401,CUYAHOGAAOD,60,329,13,2,104,2,48,1,2,0,2,0,0,40,0,0,9,54,154,0,0
1402,CUYAHOGAAOF,59,268,2,3,83,1,38,0,0,0,1,0,0,13,1,0,18,33,122,0,0
1403,CUYAHOGAAOH,1,270,0,1,69,0,19,0,0,0,0,0,0,2,0,0,0,2,88,0,0
1404,CUYAHOGAAOJ,9,379,0,2,148,1,24,1,0,0,0,0,0,3,0,0,0,4,173,0,0
1405,CUYAHOGAAOL,3,324,0,6,121,0,27,0,1,0,0,0,0,0,0,0,0,1,148,0,0
1406,CUYAHOGAAON,4,364,1,0,133,0,24,0,0,0,0,0,0,1,0,0,0,1,157,0,0
1407,CUYAHOGAAOQ,29,237,0,2,53,0,33,0,0,0,2,0,0,7,0,0,8,17,86,0,0
1408,CUYAHOGAAOR,9,307,1,2,113,1,23,0,0,0,1,0,0,3,0,0,2,6,137,0,0
1409,CUYAHOGAAOS,3,445,2,0,178,1,54,0,0,0,0,0,0,1,0,0,2,3,233,0,0
1410,CUYAHOGAAOT,8,514,3,7,187,0,87,0,1,0,0,0,0,6,0,0,3,10,274,0,0
1411,CUYAHOGAAOU,1,305,2,0,69,1,30,0,0,0,0,0,0,0,0,0,0,0,100,0,0
1412,CUYAHOGAAPB,25,494,1,1,190,0,51,0,0,1,3,0,0,15,0,0,5,24,241,0,0
1413,CUYAHOGAAPD,28,429,7,9,152,0,63,0,0,0,3,0,0,25,2,0,5,35,215,0,0
1414,CUYAHOGAAPL,69,322,15,6,55,0,62,0,1,0,2,0,0,39,1,0,18,61,117,0,0
1415,CUYAHOGAAPN,7,376,1,0,132,0,36,0,0,0,1,0,0,2,0,0,1,4,168,0,0
1416,CUYAHOGAAPP,7,302,2,2,118,0,30,0,0,0,3,0,0,1,0,0,2,6,148,0,0
1417,CUYAHOGAAPR,8,395,2,3,140,1,36,0,0,0,0,0,0,1,0,0,3,4,177,0,0
1418,CUYAHOGAAPT,4,276,1,2,110,1,42,0,1,0,0,0,0,3,0,0,0,4,153,0,0
1419,CUYAHOGAAPV,36,276,1,2,166,3,40,0,0,0,2,0,1,20,3,0,7,33,209,0,0
1420,CUYAHOGAAPX,3,384,0,2,134,0,69,1,0,0,1,0,0,3,0,0,0,5,203,0,0
1421,CUYAHOGAAPY,4,316,2,1,46,0,25,0,0,0,0,0,0,2,0,0,0,2,71,0,0
1422,CUYAHOGAAPZ,16,314,1,4,97,0,34,0,0,0,0,0,0,15,0,0,1,16,131,0,0
1423,CUYAHOGAAQB,5,522,1,3,169,1,52,0,0,0,0,0,0,5,0,0,5,10,222,0,0
1424,CUYAHOGAAQC,21,558,0,0,176,0,71,0,0,0,3,0,0,6,0,0,4,13,247,0,0
1425,CUYAHOGAAQD,55,603,14,10,204,0,154,0,1,0,5,0,0,32,4,0,13,55,358,0,0
1426,CUYAHOGAAQE,13,457,3,4,174,0,64,0,0,0,1,0,0,4,2,0,3,10,238,0,0
1427,CUYAHOGAAQF,89,372,22,9,66,1,120,0,0,0,5,0,0,47,4,0,18,74,187,0,0
1428,CUYAHOGAAQH,11,534,5,8,155,0,69,0,0,0,1,0,0,4,0,0,4,9,224,0,0
1429,CUYAHOGAAQM,1,425,1,0,209,0,35,0,1,0,0,0,0,3,0,0,0,4,244,0,0
1430,CUYAHOGAAQO,11,418,1,0,150,0,46,0,0,0,0,0,0,5,1,0,0,6,196,0,0
1431,CUYAHOGAAQQ,6,280,0,3,81,1,38,0,0,0,0,0,0,0,0,0,1,1,120,0,0
1432,CUYAHOGAAQU,5,420,1,3,162,1,33,0,0,0,0,0,0,3,0,0,0,3,196,0,0
1433,CUYAHOGAAQW,7,310,4,1,99,0,22,0,0,0,0,0,0,1,1,0,2,4,121,0,0
1434,CUYAHOGAARA,4,322,0,0,102,0,31,0,0,0,0,0,0,1,1,0,1,3,133,0,0
1435,CUYAHOGAARC,9,368,0,0,100,1,35,0,1,0,0,0,0,4,3,0,0,8,136,0,0
1436,CUYAHOGAARE,6,345,0,0,85,0,23,0,0,0,0,0,0,2,1,0,0,3,108,0,0
1437,CUYAHOGAARF,38,225,5,4,44,1,31,0,0,0,1,0,0,11,0,0,12,24,76,0,0
1438,CUYAHOGAARH,4,363,3,2,123,0,36,0,0,0,1,0,0,2,1,0,0,4,159,0,0
1439,CUYAHOGAARI,7,395,1,3,134,0,68,0,0,0,0,0,0,2,0,0,2,4,202,0,0
1440,CUYAHOGAARJ,14,289,2,1,151,2,34,1,1,0,0,0,0,4,0,0,4,10,187,0,0
1441,CUYAHOGAARK,6,389,0,8,152,0,55,0,0,0,0,0,0,4,0,0,0,4,207,0,0
1442,CUYAHOGAARM,31,328,2,3,97,1,35,0,0,0,1,0,0,5,0,0,11,17,133,0,0
1443,CUYAHOGAARN,4,260,2,3,99,0,29,0,0,0,0,0,0,1,0,0,1,2,128,0,0
1444,CUYAHOGAARO,7,316,3,1,136,0,26,0,0,0,1,1,0,1,0,0,1,4,162,0,0
1445,CUYAHOGAARP,8,306,0,6,132,1,33,0,0,0,1,0,0,1,0,0,1,3,166,0,0
1446,CUYAHOGAARV,8,392,0,3,151,0,44,0,0,0,0,0,0,2,0,0,2,4,195,0,0
1447,CUYAHOGAARX,6,368,1,1,127,0,43,0,0,0,0,0,0,3,0,0,3,6,170,0,0
1448,CUYAHOGAARZ,11,439,0,2,160,0,56,0,0,0,0,0,0,0,0,0,1,1,216,0,0
1449,CUYAHOGAASB,5,290,0,1,92,0,34,0,0,0,0,0,0,4,0,0,2,6,126,0,0
1450,CUYAHOGAASD,3,392,2,1,114,1,37,0,0,0,0,0,0,5,1,0,0,6,152,0,0
1451,CUYAHOGAASH,7,330,0,2,127,0,32,1,0,0,0,0,0,2,0,0,1,4,159,0,0
1452,CUYAHOGAASL,5,386,2,1,129,0,47,0,0,0,0,0,0,1,0,0,1,2,176,0,0
1453,CUYAHOGAASN,11,172,1,2,36,1,21,0,0,0,1,0,0,1,0,0,2,4,58,0,0
1454,CUYAHOGAASR,3,317,1,3,107,0,44,0,0,0,1,0,0,2,1,0,1,5,151,0,0
1455,CUYAHOGAASS,4,412,1,3,166,0,51,0,0,0,0,0,0,7,0,0,0,7,217,0,0
1456,CUYAHOGAAST,3,300,0,3,90,0,41,0,1,0,0,0,0,4,0,0,0,5,131,0,0
1457,CUYAHOGAASU,11,437,2,4,156,1,56,0,0,0,0,0,0,5,1,0,1,7,213,0,0
1458,CUYAHOGAASV,8,468,0,3,192,1,62,0,2,0,0,0,0,3,1,1,0,7,255,0,0
1459,CUYAHOGAASW,8,395,0,2,143,0,36,0,1,0,0,0,0,0,0,0,0,1,179,0,0
1460,CUYAHOGAASX,11,367,1,2,176,0,65,1,0,1,1,0,0,8,2,0,0,13,241,0,0
1461,CUYAHOGAATJ,10,468,1,1,187,0,46,0,1,0,2,0,0,2,0,0,2,7,233,0,0
1462,CUYAHOGAATL,9,432,3,2,169,0,48,0,0,0,0,0,0,3,0,0,0,3,217,0,0
1463,CUYAHOGAATN,9,393,1,3,157,0,35,0,0,0,1,0,0,1,0,0,1,3,192,0,0
1464,CUYAHOGAATP,5,330,1,2,121,0,39,0,1,0,0,0,0,1,0,0,0,2,160,0,0
1465,CUYAHOGAATR,3,306,1,2,120,0,36,0,0,0,0,1,0,1,0,0,0,2,156,0,0
1466,CUYAHOGAATT,12,327,1,1,140,0,32,0,0,0,0,0,0,3,0,0,0,3,172,0,0
1467,CUYAHOGAATV,6,266,2,2,98,0,23,0,0,0,1,0,0,0,0,0,0,1,121,0,0
1468,CUYAHOGAATZ,9,409,1,3,137,0,39,0,1,0,0,0,0,4,0,0,0,5,176,0,0
1469,CUYAHOGAAUB,7,371,1,1,151,0,29,0,0,0,0,0,0,2,0,0,2,4,180,0,0
1470,CUYAHOGAAUD,2,306,0,0,98,0,34,0,0,1,1,0,0,2,0,0,2,6,132,0,0
1471,CUYAHOGAAUE,6,340,0,0,127,0,30,0,0,1,0,0,0,1,1,0,0,3,157,0,0
1472,CUYAHOGAAUF,45,563,6,1,119,0,73,0,0,0,1,0,0,16,0,0,6,23,192,0,0
1473,CUYAHOGAAUG,101,683,21,11,36,0,163,0,1,0,5,0,1,34,4,0,4,49,199,0,0
1474,CUYAHOGAAUH,8,340,2,1,112,0,47,0,0,0,1,0,0,1,0,0,0,2,159,0,0
1475,CUYAHOGAAUI,20,463,1,4,196,0,76,0,0,0,0,0,0,9,3,0,5,17,272,0,0
1476,CUYAHOGAAUJ,25,362,11,5,94,0,67,0,1,0,0,1,0,18,3,0,3,26,161,0,0
1477,CUYAHOGAAUT,5,328,2,0,134,0,26,0,0,0,0,0,0,0,2,0,1,3,160,0,0
1478,CUYAHOGAAUV,2,292,0,1,92,0,26,0,0,0,1,0,0,1,0,0,0,2,118,0,0
1479,CUYAHOGAAUX,10,583,5,1,253,0,50,0,0,0,0,0,0,5,0,0,2,7,303,0,0
1480,CUYAHOGAAUZ,12,301,3,1,108,0,43,0,0,0,0,1,0,3,0,0,5,9,151,0,0
1481,CUYAHOGAAVB,7,260,3,5,87,0,41,0,0,0,1,0,0,2,1,0,1,5,128,0,0
1482,CUYAHOGAAVD,12,437,0,4,166,0,45,0,0,0,1,0,0,5,0,0,3,9,211,0,0
1483,CUYAHOGAAVG,9,472,2,3,155,0,43,0,1,0,0,0,0,9,0,1,0,11,198,0,0
1484,CUYAHOGAAVI,4,337,0,0,111,1,25,0,0,0,0,0,0,1,0,0,0,1,137,0,0
1485,CUYAHOGAAVJ,7,363,4,1,141,0,31,0,0,0,0,0,0,2,0,0,2,4,172,0,0
1486,CUYAHOGAAVK,5,539,2,5,212,0,52,0,0,0,2,0,0,7,0,0,0,9,264,0,0
1487,CUYAHOGAAVL,13,359,3,1,119,0,35,0,0,0,0,0,0,5,0,0,1,6,154,0,0
1488,CUYAHOGAAVM,6,308,0,3,120,0,32,0,0,0,0,0,0,2,1,0,0,3,152,0,0
1489,CUYAHOGAAVP,12,471,1,7,192,0,56,0,0,0,0,0,0,0,0,0,3,3,248,0,0
1490,CUYAHOGAAVQ,18,434,4,3,178,0,69,0,0,0,2,0,0,7,2,0,2,13,247,0,0
1491,CUYAHOGAAWA,25,400,3,3,191,2,44,0,2,0,2,0,0,12,0,0,8,24,237,0,0
1492,CUYAHOGAAWE,103,450,8,5,156,2,71,0,2,0,9,0,0,22,1,0,25,59,229,0,0
1493,CUYAHOGAAWI,21,414,0,3,151,0,52,0,0,0,1,0,0,6,1,0,5,13,203,0,0
1494,CUYAHOGAAWM,29,384,3,1,121,1,46,0,0,0,1,0,0,6,0,0,14,21,168,0,0
1495,CUYAHOGAAWN,140,544,21,11,193,1,134,1,0,0,13,0,0,62,2,0,35,113,328,0,0
1496,CUYAHOGAAWO,114,532,7,6,179,5,106,0,2,1,7,1,0,40,3,0,23,77,290,0,0
1497,CUYAHOGAAWQ,81,508,4,5,185,1,90,0,1,1,3,0,0,36,2,0,21,64,276,0,0
1498,CUYAHOGAAWR,27,445,1,0,139,0,53,0,0,0,0,0,0,7,0,0,9,16,192,0,0
1499,CUYAHOGAAWS,59,579,4,8,184,1,133,0,0,0,4,0,0,29,1,0,25,59,318,0,0
1500,CUYAHOGAAWT,27,384,3,3,99,0,46,0,0,0,0,0,0,11,0,0,10,21,145,0,0
1501,CUYAHOGAAWU,158,511,11,7,167,3,102,1,3,2,11,0,0,57,2,0,38,114,272,0,0
1502,CUYAHOGAAWV,41,458,0,3,180,1,60,0,3,0,3,0,0,14,1,0,8,29,241,0,0
1503,CUYAHOGAAWW,50,532,5,2,188,1,69,0,0,0,1,0,0,9,0,0,13,23,258,0,0
1504,CUYAHOGAAWX,30,445,3,7,148,1,58,0,1,0,6,0,0,1,0,0,11,19,207,0,0
1505,CUYAHOGAAWY,32,405,5,4,141,0,61,0,1,0,2,0,0,2,0,0,10,15,202,0,0
1506,CUYAHOGAAWZ,28,346,0,1,146,1,32,0,1,0,1,1,0,4,0,0,4,11,179,0,0
1507,CUYAHOGAAXF,67,248,2,4,82,0,33,0,0,0,6,1,0,15,0,0,16,38,115,0,0
1508,CUYAHOGAAXH,16,218,2,1,51,2,35,0,0,0,1,0,0,5,0,0,2,8,88,0,0
1509,CUYAHOGAAXL,68,272,5,2,73,0,38,0,0,0,5,0,0,7,0,0,22,34,111,0,0
1510,CUYAHOGAAXP,49,231,5,0,49,0,34,1,1,0,5,0,1,10,2,0,13,33,83,0,0
1511,CUYAHOGAAXQ,36,223,2,5,58,0,29,0,0,0,2,0,0,12,2,0,7,23,87,0,0
1512,CUYAHOGAAXS,44,274,4,1,85,2,31,0,1,0,0,0,0,10,0,0,13,24,118,0,0
1513,CUYAHOGAAXT,43,224,4,1,64,0,22,0,0,0,2,0,0,13,0,0,9,24,86,0,0
1514,CUYAHOGAAXU,29,200,2,1,50,0,20,0,0,0,3,0,0,3,0,0,8,14,70,0,0
1515,CUYAHOGAAXV,71,253,3,3,75,0,43,0,0,0,7,0,0,21,0,0,19,47,118,0,0
1516,CUYAHOGAAXX,235,335,13,2,139,0,76,0,0,0,12,0,0,81,2,0,68,163,215,0,0
1517,CUYAHOGAAXY,86,304,11,8,93,2,57,0,0,0,5,0,0,19,1,0,24,49,152,0,0
1518,CUYAHOGAAYJ,32,274,6,4,71,0,43,0,1,1,0,0,0,3,0,0,7,12,114,0,0
1519,CUYAHOGAAYL,45,282,4,8,92,2,54,0,1,0,2,0,0,14,0,0,14,31,148,0,0
1520,CUYAHOGAAYN,57,322,4,6,104,0,46,2,2,0,5,1,0,15,4,0,13,42,150,0,0
1521,CUYAHOGAAYP,26,140,0,6,14,0,21,0,0,0,2,0,0,1,0,0,2,5,35,0,0
1522,CUYAHOGAAYR,56,230,11,13,16,0,35,0,0,0,0,0,0,8,2,0,4,14,51,0,0
1523,CUYAHOGAAYT,21,224,1,3,68,0,32,0,1,0,2,0,0,11,0,0,3,17,100,0,0
1524,CUYAHOGAAYV,193,457,45,4,69,0,61,0,0,0,6,0,0,132,2,0,30,170,130,0,0
1525,CUYAHOGAAYX,125,295,14,3,59,0,48,0,0,0,5,0,0,81,1,0,30,117,107,0,0
1526,CUYAHOGAAYZ,216,666,44,6,100,1,99,0,0,0,9,0,0,179,3,0,30,221,200,0,0
1527,CUYAHOGAAZB,22,163,4,2,27,1,29,0,0,0,0,0,0,11,0,0,2,13,57,0,0
1528,CUYAHOGAAZC,24,224,5,3,41,0,21,0,0,0,0,0,0,17,2,0,3,22,62,0,0
1529,CUYAHOGAAZE,107,546,17,10,124,0,157,0,0,0,5,0,0,67,0,0,22,94,281,0,0
1530,CUYAHOGAAZF,107,547,29,9,117,0,145,0,1,0,11,0,1,82,5,0,30,130,262,0,0
1531,CUYAHOGAAZG,37,165,4,4,39,0,50,0,0,0,2,0,0,17,0,0,5,24,89,0,0
1532,CUYAHOGAAZH,43,220,6,5,70,1,36,1,2,0,3,0,0,7,3,0,5,21,107,0,0
1533,CUYAHOGAAZI,122,451,29,5,97,0,94,0,1,0,8,1,0,80,3,0,21,114,191,0,0
1534,CUYAHOGAAZJ,122,312,9,5,75,1,63,0,0,0,7,0,0,23,2,0,29,61,139,0,0
1535,CUYAHOGAAZK,70,394,20,4,85,1,124,0,0,0,2,1,0,36,1,0,17,57,210,0,0
1536,CUYAHOGAAZL,100,606,17,14,159,1,170,0,1,0,7,0,0,97,3,0,22,130,330,0,0
1537,CUYAHOGAAZM,60,509,18,7,115,1,163,0,0,0,4,0,0,51,3,0,11,69,279,0,0
1538,CUYAHOGAAZU,69,284,2,3,46,0,37,0,0,0,5,0,0,16,3,0,15,39,83,0,0
1539,CUYAHOGAAZW,45,416,5,6,186,2,55,0,1,0,2,0,0,19,1,0,10,33,243,0,0
1540,CUYAHOGABAA,83,350,10,12,86,3,92,0,0,0,10,0,0,20,1,0,17,48,181,0,0
1541,CUYAHOGABAC,44,179,2,8,33,0,61,0,0,0,2,0,0,14,1,0,13,30,94,0,0
1542,CUYAHOGABAE,44,301,5,2,63,1,45,0,0,0,0,1,0,9,0,0,12,22,109,0,0
1543,CUYAHOGABAG,53,342,5,10,72,0,48,0,0,0,4,1,0,30,4,0,14,53,120,0,0
1544,CUYAHOGABAI,68,265,2,5,60,1,35,0,0,0,4,0,0,10,3,0,17,34,96,0,0
1545,CUYAHOGABAJ,111,381,5,5,81,0,75,0,0,0,9,0,0,26,0,0,18,53,156,0,0
1546,CUYAHOGABAL,69,391,16,2,99,2,54,0,1,0,5,0,0,16,5,0,13,40,155,0,0
1547,CUYAHOGABAM,222,328,15,5,113,5,83,0,0,0,18,0,0,59,4,0,51,132,201,0,0
1548,CUYAHOGABAN,86,314,3,4,63,1,36,0,1,0,6,0,0,14,3,0,28,52,100,0,0
1549,CUYAHOGABAO,52,254,4,7,70,0,32,0,1,0,3,0,0,11,1,0,10,26,102,0,0
1550,CUYAHOGABAQ,69,207,0,2,62,1,30,0,0,0,4,0,0,3,1,0,11,19,93,0,0
1551,CUYAHOGABAR,52,272,2,7,58,0,84,0,0,0,8,0,0,20,0,0,12,40,142,0,0
1552,CUYAHOGABAT,41,277,4,3,46,1,33,0,1,0,2,0,0,12,3,0,3,21,80,0,0
1553,CUYAHOGABBB,90,307,8,3,70,1,38,0,0,1,9,0,0,17,1,0,26,54,109,0,0
1554,CUYAHOGABBH,95,286,4,4,70,2,59,0,0,0,5,0,1,23,3,0,22,54,131,0,0
1555,CUYAHOGABBJ,94,312,8,7,66,3,51,1,0,1,5,0,0,22,0,0,24,53,120,0,0
1556,CUYAHOGABBN,212,268,14,2,93,0,45,0,1,0,18,2,0,55,2,0,61,139,138,0,0
1557,CUYAHOGABBP,95,223,4,8,57,0,45,0,0,0,8,0,0,22,2,0,32,64,102,0,0
1558,CUYAHOGABBQ,85,311,16,10,76,1,49,1,0,0,7,0,0,14,1,0,17,40,126,0,0
1559,CUYAHOGABBR,150,485,14,4,133,0,83,1,2,0,15,0,0,32,1,0,42,93,216,0,0
1560,CUYAHOGABBT,215,344,10,6,100,3,59,1,2,1,21,1,2,63,1,0,47,139,162,0,0
1561,CUYAHOGABBU,243,312,13,7,103,1,81,0,0,0,20,0,0,114,2,1,70,207,185,0,0
1562,CUYAHOGABBW,167,300,11,6,81,1,76,0,0,0,13,0,0,45,3,0,39,100,158,0,0
1563,CUYAHOGABBX,103,290,8,3,75,1,66,0,1,0,17,0,1,34,3,0,25,81,142,0,0
1564,CUYAHOGABBZ,173,364,16,8,92,2,97,0,2,0,16,0,0,47,3,0,39,107,191,0,0
1565,CUYAHOGABCI,91,292,6,5,71,2,65,0,1,0,4,0,0,14,1,0,18,38,138,0,0
1566,CUYAHOGABCO,230,252,16,7,98,4,79,0,0,0,16,0,0,80,10,0,62,168,181,0,0
1567,CUYAHOGABCS,212,317,10,5,104,2,73,0,0,0,16,0,0,44,2,0,76,138,179,0,0
1568,CUYAHOGABCU,208,310,12,5,95,3,69,1,1,0,25,0,0,47,3,0,59,136,167,0,0
1569,CUYAHOGABCW,166,289,13,11,63,0,76,1,1,0,15,0,0,52,1,0,51,121,139,0,0
1570,CUYAHOGABCY,126,209,6,4,43,0,45,0,0,0,8,0,0,39,5,0,33,85,88,0,0
1571,CUYAHOGABCZ,116,277,9,7,67,0,57,0,1,0,11,0,0,21,3,0,31,67,124,0,0
1572,CUYAHOGABDA,142,295,13,5,97,0,69,1,1,0,11,0,2,40,2,0,43,100,166,0,0
1573,CUYAHOGABDB,220,316,20,5,99,2,91,0,0,0,15,0,0,77,2,0,50,144,192,0,0
1574,CUYAHOGABDC,278,401,16,7,123,0,114,0,0,1,24,0,1,87,5,0,68,186,237,0,0
1575,CUYAHOGABDE,258,328,26,12,118,1,81,0,1,0,33,1,0,65,7,0,70,177,200,0,0
1576,CUYAHOGABDF,232,309,13,6,88,0,75,0,1,1,23,0,1,51,3,0,72,152,163,0,0
1577,CUYAHOGABDG,178,274,6,4,93,2,54,1,0,0,16,0,0,42,2,0,50,111,149,0,0
1578,CUYAHOGABDH,226,305,15,10,96,1,72,0,2,0,16,0,0,44,3,1,74,140,169,0,0
1579,CUYAHOGABDI,216,326,14,6,91,1,83,0,0,0,18,0,0,46,6,0,52,122,175,0,0
1580,CUYAHOGABDQ,55,250,4,1,48,1,37,0,0,0,3,0,0,11,0,0,15,29,86,0,0
1581,CUYAHOGABDS,48,141,4,2,35,0,38,0,0,0,2,0,0,6,0,0,13,21,73,0,0
1582,CUYAHOGABDV,58,198,3,2,50,0,33,0,1,0,1,0,0,9,0,0,16,27,83,0,0
1583,CUYAHOGABDW,56,252,3,6,67,3,39,0,0,0,2,0,0,9,3,0,15,29,109,0,0
1584,CUYAHOGABDX,69,402,10,5,94,1,93,2,0,0,6,0,0,32,3,0,10,53,188,0,0
1585,CUYAHOGABDY,66,369,12,6,81,1,106,0,0,0,5,0,0,33,2,0,15,55,188,0,0
1586,CUYAHOGABDZ,74,371,16,2,102,1,113,0,0,0,4,0,0,28,1,0,19,52,216,0,0
1587,CUYAHOGABEA,68,406,12,3,116,0,123,0,0,0,9,0,0,16,1,0,17,43,239,0,0
1588,CUYAHOGABEB,140,475,18,4,129,0,108,0,1,0,7,0,0,70,2,0,31,111,237,0,0
1589,CUYAHOGABEC,63,315,6,6,77,0,59,0,0,0,3,0,0,23,2,1,14,43,136,0,0
1590,CUYAHOGABED,57,427,12,4,131,4,116,3,0,2,4,1,1,27,2,0,8,48,251,0,0
1591,CUYAHOGABEF,44,317,12,3,70,1,69,0,0,0,8,0,0,26,0,0,7,41,140,0,0
1592,CUYAHOGABEG,60,260,3,4,60,0,45,0,0,0,4,0,0,11,0,0,15,30,105,0,0
1593,CUYAHOGABEH,58,217,4,3,41,0,38,0,0,0,4,0,0,11,0,0,18,33,79,0,0
1594,CUYAHOGABES,122,464,18,11,140,2,116,0,0,0,6,0,0,55,6,0,37,104,258,0,0
1595,CUYAHOGABEV,148,475,27,12,122,1,149,2,0,0,9,1,0,63,0,0,42,117,272,0,0
1596,CUYAHOGABEW,72,318,3,3,97,0,37,1,0,0,5,0,0,10,1,0,19,36,134,0,0
1597,CUYAHOGABEY,83,461,8,9,128,0,110,0,0,1,6,0,0,31,2,0,24,64,238,0,0
1598,CUYAHOGABEZ,129,576,20,19,178,1,199,0,0,0,4,0,0,60,3,0,42,109,378,0,0
1599,CUYAHOGABFA,83,258,3,6,72,2,45,0,0,0,6,0,0,12,2,0,28,48,119,0,0
1600,CUYAHOGABFB,96,375,6,4,87,1,84,0,0,0,8,0,0,24,3,0,29,64,172,0,0
1601,CUYAHOGABFC,48,277,2,1,61,1,59,0,0,0,2,0,1,12,1,0,19,35,121,0,0
1602,CUYAHOGABFD,69,435,6,10,77,0,81,0,1,0,6,0,2,17,4,0,13,43,158,0,0
1603,CUYAHOGABFF,164,491,22,8,132,1,100,2,0,0,14,0,0,47,2,0,45,110,233,0,0
1604,CUYAHOGABFH,106,453,6,9,115,2,71,0,3,0,7,1,0,33,2,0,23,69,188,0,0
1605,CUYAHOGABFI,89,340,9,6,72,1,60,0,2,0,10,0,0,21,4,1,13,51,133,0,0
1606,CUYAHOGABFJ,21,169,0,0,54,0,29,1,0,1,2,0,0,5,0,0,8,17,83,0,0
1607,CUYAHOGABFK,79,318,9,4,60,1,46,0,1,0,6,0,0,21,2,0,11,41,107,0,0
1608,CUYAHOGABFL,62,254,11,4,58,0,37,0,0,0,7,0,0,24,0,0,12,43,95,0,0
1609,CUYAHOGABFX,35,363,2,9,106,0,38,1,0,0,2,0,0,5,1,0,9,18,144,0,0
1610,CUYAHOGABFZ,45,479,2,2,197,4,55,0,1,0,7,0,0,7,0,0,5,20,256,0,0
1611,CUYAHOGABGD,142,348,7,7,108,0,76,0,0,0,10,0,0,31,2,0,42,85,184,0,0
1612,CUYAHOGABGE,114,346,15,8,93,0,64,0,1,0,9,0,0,37,1,0,31,79,157,0,0
1613,CUYAHOGABGG,136,397,12,2,124,5,73,0,0,0,11,0,0,37,6,0,36,90,202,0,0
1614,CUYAHOGABGH,114,378,8,7,108,0,74,0,0,0,5,0,0,24,0,0,29,58,182,0,0
1615,CUYAHOGABGI,157,426,6,6,127,1,82,1,2,0,13,0,0,38,4,1,37,96,210,0,0
1616,CUYAHOGABGK,110,384,7,4,118,2,76,1,0,0,5,0,0,25,2,0,33,66,196,0,0
1617,CUYAHOGABGL,108,332,6,4,85,0,64,1,1,0,3,0,0,21,0,0,39,65,149,0,0
1618,CUYAHOGABGM,37,196,2,2,52,5,36,2,0,1,1,0,0,11,0,0,6,21,93,0,0
1619,CUYAHOGABGN,58,333,12,7,85,0,64,1,1,0,4,0,0,12,3,0,21,42,149,0,0
1620,CUYAHOGABGO,96,325,4,5,84,0,45,0,0,0,9,0,1,23,4,0,25,62,129,0,0
1621,CUYAHOGABGP,134,347,16,10,82,1,63,1,1,0,7,0,0,45,3,0,38,95,146,0,0
1622,CUYAHOGABGQ,142,334,10,6,81,2,89,0,1,0,10,0,2,33,4,0,32,82,172,0,0
1623,CUYAHOGABGY,103,291,11,1,83,0,66,0,1,0,14,0,0,23,0,0,31,69,149,0,0
1624,CUYAHOGABHA,152,330,17,8,101,1,72,1,0,0,11,0,0,49,4,0,41,106,174,0,0
1625,CUYAHOGABHC,205,458,24,5,154,2,127,1,0,1,11,0,0,82,2,0,57,154,283,0,0
1626,CUYAHOGABHE,144,323,17,8,105,1,91,0,0,0,16,0,0,26,5,0,41,88,197,0,0
1627,CUYAHOGABHG,137,276,12,7,95,1,74,0,0,0,2,0,0,35,0,1,44,82,170,0,0
1628,CUYAHOGABHK,181,404,17,6,133,2,80,0,0,0,16,0,0,56,5,1,40,118,215,0,0
1629,CUYAHOGABHM,119,387,4,4,123,1,76,0,0,0,11,0,0,31,1,0,43,86,200,0,0
1630,CUYAHOGABHO,111,384,12,1,125,1,62,0,1,0,12,0,0,22,0,0,31,66,188,0,0
1631,CUYAHOGABHP,186,342,7,7,121,2,82,0,1,1,3,1,0,33,2,0,67,108,205,0,0
1632,CUYAHOGABHQ,173,367,7,5,115,0,76,0,2,0,16,1,0,45,8,0,47,119,191,0,0
1633,CUYAHOGABHS,181,336,18,3,114,2,53,0,0,0,11,0,0,56,3,0,51,121,169,0,0
1634,CUYAHOGABHT,175,309,11,6,84,2,67,0,0,2,12,0,0,46,4,0,48,112,153,0,0
1635,CUYAHOGABHU,193,287,10,6,104,0,70,2,1,0,8,0,0,44,3,1,58,117,174,0,0
1636,CUYAHOGABHV,169,404,16,9,136,5,98,1,1,0,11,0,1,48,8,0,52,122,239,0,0
1637,CUYAHOGABHY,22,331,3,1,53,0,39,0,0,1,3,0,0,4,0,0,5,13,92,0,0
1638,CUYAHOGABHZ,113,234,4,7,78,0,66,0,2,1,5,0,0,16,0,0,22,46,144,0,0
1639,CUYAHOGABIG,288,413,20,4,119,2,122,0,5,0,24,0,0,133,12,0,71,245,243,0,0
1640,CUYAHOGABII,254,384,29,10,136,3,105,0,1,0,17,2,0,121,6,0,49,196,244,0,0
1641,CUYAHOGABIM,141,400,22,8,122,1,105,0,1,0,10,0,0,55,4,0,32,102,228,0,0
1642,CUYAHOGABIO,200,354,12,6,100,3,104,0,1,0,9,2,1,75,3,0,48,139,207,0,0
1643,CUYAHOGABIU,154,281,15,3,69,1,64,3,0,1,8,0,0,48,2,0,41,103,134,0,0
1644,CUYAHOGABIW,215,329,22,7,112,2,101,0,1,0,20,0,0,68,6,0,46,141,215,0,0
1645,CUYAHOGABIY,239,391,19,6,120,2,121,0,1,0,27,0,0,96,5,0,72,201,243,0,0
1646,CUYAHOGABJA,253,445,16,2,155,2,115,0,0,0,13,0,0,145,8,0,65,231,272,0,0
1647,CUYAHOGABJC,295,416,24,8,131,3,132,0,0,0,20,0,0,130,5,0,80,235,266,0,0
1648,CUYAHOGABJF,250,407,22,12,128,2,115,0,0,0,18,0,0,85,4,1,60,168,245,0,0
1649,CUYAHOGABJG,289,428,15,5,146,1,120,0,1,3,17,0,0,97,5,0,73,196,267,0,0
1650,CUYAHOGABJI,188,376,20,2,137,1,98,0,1,0,14,0,0,68,3,0,45,131,236,0,0
1651,CUYAHOGABJJ,151,234,11,5,69,3,84,1,1,0,9,0,0,44,2,0,36,93,156,0,0
1652,CUYAHOGABJK,163,260,11,5,87,1,73,0,1,0,8,0,0,52,3,0,61,125,161,0,0
1653,CUYAHOGABJM,258,373,19,5,131,4,99,0,1,0,9,1,0,60,9,0,79,159,234,0,0
1654,CUYAHOGABJN,226,320,21,4,103,0,70,0,0,1,16,0,0,59,4,0,71,151,173,0,0
1655,CUYAHOGABJO,202,355,19,12,116,1,100,0,1,0,11,1,0,65,4,0,64,146,217,0,0
1656,CUYAHOGABJS,65,606,7,14,117,0,121,0,0,0,5,0,1,91,1,0,13,111,238,0,0
1657,CUYAHOGABJT,67,550,19,8,147,0,202,0,0,0,5,0,0,48,4,0,18,75,349,0,0
1658,CUYAHOGABJV,57,575,20,5,132,0,123,0,0,0,4,0,0,68,3,0,11,86,255,0,0
1659,CUYAHOGABJW,53,499,14,4,112,0,154,0,0,0,3,0,0,53,5,0,6,67,266,0,0
1660,CUYAHOGABJX,145,756,10,9,234,0,170,0,0,0,9,0,0,144,8,0,29,190,404,0,0
1661,CUYAHOGABJY,113,670,22,4,238,0,165,0,0,0,11,0,0,124,6,0,21,162,403,0,0
1662,CUYAHOGABKG,47,711,18,9,235,1,156,0,1,0,8,0,0,38,3,0,11,61,392,0,0
1663,CUYAHOGABKH,131,763,11,13,284,1,199,0,0,0,23,0,1,147,7,0,28,206,484,0,0
1664,CUYAHOGABKI,141,726,14,11,292,2,164,1,0,0,7,1,0,134,5,0,42,190,458,0,0
1665,CUYAHOGABKM,101,652,14,7,222,0,197,0,0,0,5,0,0,106,6,0,17,134,419,0,0
1666,CUYAHOGABKO,92,685,24,12,213,0,194,0,1,0,9,0,0,68,3,0,17,98,407,0,0
1667,CUYAHOGABKQ,126,721,20,8,251,1,183,0,3,0,14,0,0,128,6,0,20,171,435,0,0
1668,CUYAHOGABKW,30,563,7,11,199,0,137,1,0,0,0,0,0,14,0,0,11,26,336,0,0
1669,CUYAHOGABKX,53,610,12,16,227,0,176,0,0,0,4,0,1,58,4,0,10,77,403,0,0
1670,CUYAHOGABKY,29,425,6,16,97,0,108,0,0,0,0,0,0,10,0,0,6,16,205,0,0
1671,CUYAHOGABKZ,49,515,9,6,177,0,139,0,0,0,6,0,0,48,5,0,13,72,316,0,0
1672,CUYAHOGABLB,75,517,20,7,144,1,145,0,1,0,7,0,0,60,3,0,15,86,290,0,0
1673,CUYAHOGABLC,29,488,10,8,168,1,109,0,0,0,2,0,0,31,1,0,4,38,278,0,0
1674,CUYAHOGABLG,108,676,11,3,266,1,153,0,1,0,12,0,0,60,3,0,13,89,420,0,0
1675,CUYAHOGABLH,285,421,9,2,155,0,94,0,1,0,18,0,0,99,7,0,12,137,249,0,0
1676,CUYAHOGABLK,133,493,12,10,169,0,82,0,1,0,9,0,1,70,1,0,12,94,251,0,0
1677,CUYAHOGABLM,45,693,9,12,253,0,166,0,1,0,2,0,0,35,2,0,10,50,419,0,0
1678,CUYAHOGABLO,136,588,12,6,235,1,148,0,0,0,7,0,0,65,3,0,21,96,384,0,0
1679,CUYAHOGABLQ,245,546,5,2,225,1,99,0,0,0,14,0,0,95,3,0,30,142,325,0,0
1680,CUYAHOGABLR,108,808,13,10,289,2,148,0,0,0,10,0,0,96,1,0,29,136,439,0,0
1681,CUYAHOGABLS,67,659,6,3,295,1,138,0,0,0,1,0,0,53,2,0,17,73,434,0,0
1682,CUYAHOGABLT,67,587,4,4,177,0,136,0,0,0,9,0,2,36,3,0,14,64,313,0,0
1683,CUYAHOGABLZ,72,813,21,11,273,1,164,1,0,0,7,0,0,52,7,0,23,90,438,0,0
1684,CUYAHOGABMA,55,784,3,8,296,1,117,0,0,0,6,0,0,45,1,0,9,61,414,0,0
1685,CUYAHOGABMD,21,829,2,8,368,0,115,0,2,0,3,0,0,9,0,0,3,17,483,0,0
1686,CUYAHOGABMF,58,797,12,5,312,1,148,0,0,0,7,0,0,31,3,0,11,52,461,0,0
1687,CUYAHOGABMH,49,773,5,12,287,1,151,0,1,0,6,0,0,50,2,0,15,74,439,0,0
1688,CUYAHOGABMI,44,860,1,8,408,0,112,0,0,0,2,1,1,22,2,0,7,35,520,0,0
1689,CUYAHOGABMQ,9,573,1,3,221,0,54,0,0,0,0,0,0,1,0,0,5,6,275,0,0
1690,CUYAHOGABMR,8,499,0,5,190,0,60,0,0,0,0,0,0,3,1,0,1,5,250,0,0
1691,CUYAHOGABMS,14,428,2,3,122,0,53,0,0,0,0,0,0,6,2,0,3,11,175,0,0
1692,CUYAHOGABMW,7,372,0,2,107,0,42,0,0,0,0,0,0,2,0,0,0,2,149,0,0
1693,CUYAHOGABNF,10,445,2,1,155,0,30,0,1,0,1,0,0,5,0,0,5,12,185,0,0
1694,CUYAHOGABNG,6,422,1,1,181,0,49,0,0,0,0,0,0,2,0,0,0,2,230,0,0
1695,CUYAHOGABNJ,10,394,0,5,159,0,53,0,1,0,0,0,0,0,0,0,0,1,212,0,0
1696,CUYAHOGABNM,13,360,1,5,183,0,50,0,1,0,0,0,0,10,0,0,2,13,233,0,0
1697,CUYAHOGABNN,6,451,3,4,180,0,47,0,1,0,1,0,0,2,0,0,0,4,227,0,0
1698,CUYAHOGABNV,4,316,2,5,97,0,27,1,0,0,0,0,0,2,0,0,1,4,124,0,0
1699,CUYAHOGABNW,8,463,3,3,176,1,54,0,0,0,0,0,0,2,0,0,3,5,231,0,0
1700,CUYAHOGABNY,44,522,5,1,252,1,57,0,0,0,3,0,0,13,1,0,5,22,310,0,0
1701,CUYAHOGABNZ,8,446,1,4,164,0,42,0,0,0,0,0,0,1,0,0,2,3,206,0,0
1702,CUYAHOGABOA,6,453,0,2,168,2,28,0,0,0,0,0,0,1,0,0,2,3,198,0,0
1703,CUYAHOGABOB,5,416,3,5,145,0,45,0,0,0,0,0,0,3,0,0,0,3,190,0,0
1704,CUYAHOGABOK,171,302,16,9,93,1,81,0,0,0,16,0,0,81,2,0,57,156,175,0,0
1705,CUYAHOGABOM,100,425,7,4,132,0,87,0,0,1,11,0,0,31,1,0,23,67,219,0,0
1706,CUYAHOGABON,103,489,12,3,154,3,62,0,1,0,11,0,0,29,0,0,30,71,219,0,0
1707,CUYAHOGABOO,143,452,19,4,137,4,75,1,2,0,16,0,0,59,1,0,33,112,216,0,0
1708,CUYAHOGABOP,84,487,3,10,137,1,77,1,1,0,7,0,0,21,3,0,12,45,215,0,0
1709,CUYAHOGABOR,106,315,7,2,111,0,46,0,0,0,3,0,0,41,1,0,30,75,157,0,0
1710,CUYAHOGABOS,202,416,21,5,143,0,106,0,0,0,19,0,0,109,6,0,47,181,249,0,0
1711,CUYAHOGABOT,215,539,18,8,176,1,149,0,0,1,9,0,0,81,3,0,68,162,326,0,0
1712,CUYAHOGABOU,100,533,8,6,162,1,104,0,0,0,4,2,0,48,1,0,29,84,267,0,0
1713,CUYAHOGABOW,94,436,4,7,139,0,54,0,1,0,8,0,0,24,0,0,25,58,193,0,0
1714,CUYAHOGABPD,117,451,9,2,139,0,93,0,2,0,9,0,0,51,2,0,31,95,232,0,0
1715,CUYAHOGABPE,67,368,3,7,104,0,48,0,0,0,5,0,0,18,6,0,17,46,152,0,0
1716,CUYAHOGABPF,29,644,4,4,210,0,110,0,1,0,1,0,0,12,0,0,10,24,320,0,0
1717,CUYAHOGABPH,112,378,6,3,115,0,70,0,0,0,11,0,1,34,1,0,39,86,185,0,0
1718,CUYAHOGABPJ,77,339,5,6,115,0,59,0,1,0,7,0,0,22,0,0,15,45,174,0,0
1719,CUYAHOGABPK,22,495,2,9,194,1,95,0,0,0,3,0,0,21,3,0,4,31,290,0,0
1720,CUYAHOGABPL,217,319,18,4,89,1,58,0,2,0,14,0,0,99,4,0,53,172,148,0,0
1721,CUYAHOGABPM,193,343,14,4,117,3,56,0,0,0,20,0,0,64,6,0,57,147,176,0,0
1722,CUYAHOGABPN,167,387,14,6,107,0,88,0,1,0,10,0,0,58,2,0,42,113,195,0,0
1723,CUYAHOGABPZ,45,270,1,0,170,0,30,0,0,0,3,0,0,5,1,0,8,17,200,0,0
1724,CUYAHOGABQA,144,475,9,5,160,1,89,0,0,0,17,0,0,41,2,0,38,98,250,0,0
1725,CUYAHOGABQC,60,517,5,4,152,1,71,1,0,0,9,0,0,13,2,0,13,38,224,0,0
1726,CUYAHOGABQD,110,391,5,3,128,0,70,1,0,1,10,0,0,36,1,0,36,85,198,0,0
1727,CUYAHOGABQE,5,420,5,3,124,0,50,0,1,0,0,0,0,1,0,0,2,4,174,0,0
1728,CUYAHOGABQF,91,422,2,1,135,2,69,0,1,0,7,1,0,20,2,0,20,51,206,0,0
1729,CUYAHOGABQH,130,418,10,3,131,1,76,0,0,0,5,0,0,24,5,0,32,66,208,0,0
1730,CUYAHOGABQI,165,530,14,5,165,2,98,0,0,0,13,0,0,50,2,0,38,103,265,0,0
1731,CUYAHOGABQJ,180,449,13,8,150,0,82,1,1,0,9,0,0,49,6,0,48,114,232,0,0
1732,CUYAHOGABQK,184,456,7,6,181,1,66,1,3,2,15,1,0,62,7,0,46,137,248,0,0
1733,CUYAHOGABQT,62,520,5,3,235,1,76,0,0,0,4,0,0,26,1,0,22,53,312,0,0
1734,CUYAHOGABQU,75,505,2,6,179,0,83,0,0,1,3,0,0,40,1,0,26,71,262,0,0
1735,CUYAHOGABQV,39,511,6,6,190,0,69,0,0,0,4,0,1,29,4,0,10,48,259,0,0
1736,CUYAHOGABQW,17,928,0,3,373,1,46,0,0,0,3,0,0,8,1,0,1,13,420,0,0
1737,CUYAHOGABQX,33,490,2,0,129,1,63,1,1,0,2,0,0,9,2,0,5,20,193,0,0
1738,CUYAHOGABQY,159,513,8,5,137,0,85,0,2,1,19,0,0,77,4,1,38,142,222,0,0
1739,CUYAHOGABQZ,89,499,9,8,145,1,69,1,0,0,8,0,0,37,1,0,22,69,215,0,0
1740,CUYAHOGABRC,111,631,12,5,211,1,76,1,3,0,7,0,2,54,2,0,26,95,288,0,0
1741,CUYAHOGABRD,162,684,7,4,232,0,124,0,1,0,11,0,0,83,2,1,39,137,356,0,0
1742,CUYAHOGABRE,25,539,1,4,142,0,61,0,0,0,3,0,0,8,1,1,1,14,203,0,0
1743,CUYAHOGABRM,336,382,16,5,105,1,61,2,1,0,20,1,0,236,8,0,76,344,167,0,0
1744,CUYAHOGABRN,246,332,23,11,89,0,88,0,1,0,19,1,1,141,11,0,50,224,177,0,0
1745,CUYAHOGABRP,200,332,17,9,106,1,90,1,3,0,16,1,1,94,5,1,52,174,197,0,0
1746,CUYAHOGABRS,65,93,6,3,24,1,23,0,0,0,6,0,0,23,1,0,17,47,48,0,0
1747,CUYAHOGABRU,284,381,30,6,106,2,109,0,0,0,21,1,0,132,7,0,70,231,217,0,0
1748,CUYAHOGABRV,310,449,22,9,128,3,113,0,5,1,21,0,0,150,12,0,74,263,244,0,0
1749,CUYAHOGABRX,312,368,18,3,110,1,104,0,1,0,22,0,2,128,9,0,61,223,215,0,0
1750,CUYAHOGABRZ,323,410,20,7,125,0,96,0,0,1,14,0,1,184,7,0,92,299,221,0,0
1751,CUYAHOGABSA,261,385,25,9,135,0,75,0,0,0,21,1,1,127,10,0,61,221,210,0,0
1752,CUYAHOGABSE,401,454,26,9,133,1,115,1,0,0,24,0,1,156,9,0,86,277,249,0,0
1753,CUYAHOGABSG,311,489,32,10,126,2,135,2,2,0,22,1,1,163,5,0,72,268,263,0,0
1754,CUYAHOGABSJ,427,401,30,2,130,2,107,0,8,0,25,0,1,163,12,1,120,330,239,0,0
1755,CUYAHOGABSM,401,438,27,9,146,1,118,0,1,0,33,0,0,178,8,0,110,330,265,0,0
1756,CUYAHOGABSP,50,673,6,6,292,1,80,0,0,1,5,0,0,16,4,0,11,37,373,0,0
1757,CUYAHOGABSQ,9,645,0,2,251,2,52,0,0,0,0,0,1,5,1,0,3,10,305,0,0
1758,CUYAHOGABSR,9,528,1,2,217,0,42,0,0,0,1,0,0,2,0,0,0,3,259,0,0
1759,CUYAHOGABSX,126,362,13,10,104,1,66,1,4,0,6,0,0,35,1,0,37,84,171,0,0
1760,CUYAHOGABSY,179,406,12,6,139,5,66,0,2,0,9,0,0,59,1,0,40,111,210,0,0
1761,CUYAHOGABTA,135,337,10,6,92,1,62,0,0,0,8,0,0,29,2,0,39,78,155,0,0
1762,CUYAHOGABTG,173,526,16,17,172,0,97,0,1,0,15,0,0,41,6,0,54,117,269,0,0
1763,CUYAHOGABTI,189,545,11,7,173,3,115,2,1,1,13,0,1,49,5,0,48,120,291,0,0
1764,CUYAHOGABTM,136,345,9,4,106,2,73,0,1,0,7,0,0,37,1,0,35,81,181,0,0
1765,CUYAHOGABTN,214,399,11,8,117,2,95,0,2,0,12,0,0,52,3,0,53,122,214,0,0
1766,CUYAHOGABTO,180,431,15,10,121,0,76,0,0,0,12,0,0,67,2,0,72,153,197,0,0
1767,CUYAHOGABTT,253,476,20,6,167,1,106,1,0,0,18,0,0,70,2,0,81,172,274,0,0
1768,CUYAHOGABTU,261,533,19,6,230,4,95,0,1,0,17,1,0,84,8,0,68,179,329,0,0
1769,CUYAHOGABUA,220,448,15,4,161,1,97,1,1,0,17,0,0,77,3,0,80,179,259,0,0
1770,CUYAHOGABUB,207,413,9,6,153,1,78,0,1,0,13,1,0,55,1,1,53,125,232,0,0
1771,CUYAHOGABUD,219,390,16,5,119,1,83,0,1,0,18,0,0,62,4,0,60,145,203,0,0
1772,CUYAHOGABUJ,276,529,9,6,193,2,115,1,2,1,19,0,1,79,9,0,90,202,310,0,0
1773,CUYAHOGABUK,181,430,15,8,135,3,97,0,2,0,9,1,0,51,6,1,56,126,235,0,0
1774,CUYAHOGABUL,201,416,11,3,164,2,92,1,2,0,10,0,0,62,4,0,59,138,258,0,0
1775,CUYAHOGABUP,352,313,12,2,112,0,40,0,0,0,12,0,0,167,14,0,80,273,152,0,0
1776,CUYAHOGABUQ,331,281,17,2,76,0,59,0,0,0,20,0,0,155,11,0,94,280,135,0,0
1777,CUYAHOGABUS,377,339,12,8,88,1,42,0,0,0,25,0,0,216,24,0,99,364,131,0,0
1778,CUYAHOGABUT,273,295,16,4,73,0,27,0,1,0,6,0,0,147,11,0,76,241,100,0,0
1779,CUYAHOGABUW,322,269,19,2,68,0,22,1,0,0,17,0,0,184,12,0,82,296,90,0,0
1780,CUYAHOGABUX,349,257,20,3,86,0,47,0,0,0,23,0,0,131,7,0,109,270,133,0,0
1781,CUYAHOGABUZ,319,254,21,4,74,3,61,2,2,1,24,0,0,136,4,0,78,247,138,0,0
1782,CUYAHOGABVA,344,293,15,5,87,5,67,1,1,1,20,0,0,129,8,0,93,253,159,0,0
1783,CUYAHOGABVD,588,379,16,7,106,3,78,1,1,0,36,0,0,233,11,1,143,426,187,0,0
1784,CUYAHOGABVF,483,287,28,8,87,0,54,0,1,0,28,0,1,166,12,0,142,350,141,0,0
1785,CUYAHOGABVH,558,280,33,5,71,1,46,1,2,0,22,0,0,227,13,0,153,418,118,0,0
1786,CUYAHOGABVI,589,329,19,7,79,0,74,0,3,0,27,0,0,241,12,0,167,450,153,0,0
1787,CUYAHOGABVJ,528,315,33,6,80,1,78,0,0,1,38,0,1,187,14,0,132,373,159,0,0
1788,CUYAHOGABVM,326,569,26,8,175,1,119,0,0,0,18,1,0,287,16,0,70,392,295,0,0
1789,CUYAHOGABVO,179,456,28,14,114,0,149,0,0,0,14,0,0,135,4,0,31,184,263,0,0
1790,CUYAHOGABVP,193,481,27,15,114,1,163,0,2,0,20,0,0,84,6,0,30,142,278,0,0
1791,CUYAHOGABVQ,198,439,21,16,116,1,168,1,0,0,9,0,0,92,6,0,51,159,285,0,0
1792,CUYAHOGABVR,199,464,26,6,134,0,146,1,0,0,12,0,0,117,6,0,48,184,280,0,0
1793,CUYAHOGABVU,142,426,24,11,100,0,141,1,0,0,8,0,0,80,1,0,43,133,241,0,0
1794,CUYAHOGABVW,194,527,33,8,124,0,206,1,0,0,8,0,1,88,2,1,45,146,330,0,0
1795,CUYAHOGABVX,187,437,26,11,104,0,147,1,0,0,23,0,0,115,5,1,38,183,251,0,0
1796,CUYAHOGABWA,158,586,26,15,117,1,205,1,1,0,11,0,0,83,4,0,34,134,323,0,0
1797,CUYAHOGABWG,160,578,29,3,146,1,153,1,0,0,10,0,0,159,4,0,32,206,300,0,0
1798,CUYAHOGABWH,160,469,20,5,119,1,162,0,0,0,8,1,0,71,2,0,47,129,282,0,0
1799,CUYAHOGABWI,204,520,42,10,126,0,186,0,0,0,22,0,0,132,10,0,44,208,312,0,0
1800,CUYAHOGABWK,137,560,32,15,149,0,218,2,1,0,10,0,0,94,6,0,36,149,367,0,0
1801,CUYAHOGABWL,201,473,41,8,128,2,176,0,1,1,12,0,0,124,7,0,60,205,306,0,0
1802,CUYAHOGABWP,140,443,36,12,93,1,159,1,3,1,7,0,0,84,3,0,22,121,253,0,0
1803,CUYAHOGABWQ,191,564,28,10,141,2,170,0,3,0,15,0,0,111,7,0,32,168,313,0,0
1804,CUYAHOGABWR,230,608,33,4,160,1,196,0,0,0,8,0,1,109,5,1,53,177,357,0,0
1805,CUYAHOGABWU,168,409,18,7,88,1,161,0,0,0,8,0,0,74,6,1,38,127,250,0,0
1806,CUYAHOGABXC,287,482,24,5,157,1,127,2,0,0,9,0,0,193,5,0,74,283,285,0,0
1807,CUYAHOGABXF,146,371,17,5,100,0,120,0,0,0,14,1,1,91,3,0,46,156,220,0,0
1808,CUYAHOGABXI,181,522,20,10,125,3,163,0,1,0,20,0,2,110,4,0,35,172,291,0,0
1809,CUYAHOGABXK,184,505,20,4,149,0,122,2,0,1,12,0,0,109,13,0,43,180,271,0,0
1810,CUYAHOGABXL,137,351,7,12,113,1,103,0,1,0,9,0,0,62,4,2,30,108,217,0,0
1811,CUYAHOGABXM,199,542,33,7,132,0,176,0,0,0,14,0,0,93,5,0,50,162,308,0,0
1812,CUYAHOGABXN,182,577,28,11,137,1,213,1,1,0,8,1,0,114,3,0,49,177,351,0,0
1813,CUYAHOGABXO,189,423,26,12,79,1,133,1,0,0,13,0,0,104,7,0,46,171,213,0,0
1814,CUYAHOGABXP,170,537,26,9,115,2,167,0,0,0,12,0,0,91,5,0,39,147,284,0,0
1815,CUYAHOGABXV,205,410,17,6,141,1,79,0,0,0,9,0,0,116,7,0,57,189,221,0,0
1816,CUYAHOGABXW,233,571,20,12,198,0,160,2,0,0,16,0,1,96,3,0,72,190,358,0,0
1817,CUYAHOGABXX,130,462,30,12,116,2,179,0,1,0,7,1,0,72,0,0,31,112,297,0,0
1818,CUYAHOGABXZ,55,369,20,9,71,0,123,0,0,0,5,0,0,23,2,0,20,50,194,0,0
1819,CUYAHOGABYC,184,619,38,9,172,0,170,0,0,0,5,0,0,96,6,0,47,154,342,0,0
1820,CUYAHOGABYD,147,503,16,15,104,2,146,0,0,0,16,0,0,60,5,0,45,126,252,0,0
1821,CUYAHOGABYF,92,358,16,7,95,1,96,0,0,1,4,0,0,24,5,1,22,57,192,0,0
1822,CUYAHOGABYG,158,456,18,8,100,1,147,0,1,0,14,0,0,54,3,0,39,111,248,0,0
1823,CUYAHOGABYH,95,376,10,11,85,1,114,0,0,0,8,1,0,39,4,1,25,78,200,0,0
1824,CUYAHOGABYK,106,340,10,4,75,0,95,0,0,0,6,0,1,35,1,0,30,73,170,0,0
1825,CUYAHOGABYQ,227,425,20,6,145,1,95,0,0,0,17,0,0,117,9,0,53,196,241,0,0
1826,CUYAHOGABYR,309,454,19,7,125,1,94,0,1,0,28,0,1,158,5,0,60,253,220,0,0
1827,CUYAHOGABYS,219,382,7,2,113,3,85,0,1,1,17,0,0,121,5,0,40,185,201,0,0
1828,CUYAHOGABYW,335,495,29,13,152,0,104,0,1,1,21,1,0,137,8,1,108,278,256,0,0
1829,CUYAHOGABYX,397,472,24,8,158,0,101,1,0,0,32,2,0,169,8,0,100,312,259,0,0
1830,CUYAHOGABZB,219,566,5,4,258,0,75,0,0,1,9,0,1,126,12,0,53,202,333,0,0
1831,CUYAHOGABZC,253,441,19,3,166,3,94,0,2,1,22,0,1,131,8,0,56,221,263,0,0
1832,CUYAHOGABZD,222,403,16,8,100,1,83,0,2,2,18,0,0,125,7,0,48,202,184,0,0
1833,CUYAHOGABZJ,214,378,19,9,115,1,84,0,0,0,22,0,0,134,5,0,53,214,200,0,0
1834,CUYAHOGABZL,269,450,22,10,120,3,112,1,0,0,17,0,0,132,10,0,84,244,235,0,0
1835,CUYAHOGABZM,229,452,18,4,123,1,81,0,0,0,21,0,0,151,10,1,43,226,205,0,0
1836,CUYAHOGABZR,233,597,6,8,263,1,65,1,1,1,10,1,0,52,3,0,66,135,329,0,0
1837,CUYAHOGABZS,134,609,6,5,231,0,86,0,0,0,9,0,0,36,3,0,37,85,317,0,0
1838,CUYAHOGABZW,125,673,6,6,246,0,107,1,0,0,5,0,1,29,5,0,23,64,353,0,0
1839,CUYAHOGABZX,98,665,6,9,268,0,106,1,0,0,12,0,0,33,2,0,28,76,374,0,0
1840,CUYAHOGACAC,158,580,14,5,198,3,94,0,0,0,9,0,0,31,0,0,45,85,295,0,0
1841,CUYAHOGACAE,109,536,7,2,175,2,78,0,1,0,4,0,0,20,0,0,38,63,255,0,0
1842,CUYAHOGACAG,60,498,4,2,175,0,70,0,2,0,8,0,0,17,3,0,13,43,245,0,0
1843,CUYAHOGACAH,44,479,1,2,175,2,62,0,1,0,3,0,0,9,2,0,11,26,239,0,0
1844,CUYAHOGACAJ,42,442,8,3,150,0,59,0,0,0,1,0,0,12,0,0,11,24,209,0,0
1845,CUYAHOGACAL,78,665,4,6,256,4,87,0,0,0,4,0,0,22,1,0,22,49,347,0,0
1846,CUYAHOGACAM,57,642,4,4,224,2,91,3,3,0,9,0,0,13,1,0,13,42,317,0,0
1847,CUYAHOGACAR,50,703,6,7,238,1,97,0,1,0,3,0,0,11,1,0,6,22,336,0,0
1848,CUYAHOGACAS,51,721,2,2,271,2,100,0,0,0,5,0,0,20,0,0,11,36,373,0,0
1849,CUYAHOGACAW,35,522,5,2,215,1,63,1,0,0,5,0,0,12,0,0,10,28,279,0,0
1850,CUYAHOGACAX,40,613,7,3,245,0,87,0,0,0,1,1,0,19,1,0,8,30,332,0,0
1851,CUYAHOGACAY,25,587,8,4,280,1,57,0,0,0,3,0,0,7,0,0,8,18,338,0,0
1852,CUYAHOGACBA,261,371,11,3,131,2,61,1,1,0,10,0,1,106,7,0,83,209,194,0,0
1853,CUYAHOGACBE,89,480,10,6,110,1,92,0,1,0,8,0,1,24,2,0,23,59,203,0,0
1854,CUYAHOGACBI,349,387,17,5,87,2,84,0,0,1,19,0,0,85,4,0,97,206,173,0,0
1855,CUYAHOGACBK,227,391,9,8,139,0,58,0,1,2,8,0,1,87,6,0,67,172,197,0,0
1856,CUYAHOGACBM,167,303,8,3,117,0,35,0,0,0,6,0,0,76,5,0,58,145,152,0,0
1857,CUYAHOGACBP,304,380,22,6,100,0,89,0,0,1,23,2,0,113,5,0,74,218,189,0,0
1858,CUYAHOGACBR,240,349,19,4,112,0,84,0,0,0,15,0,0,99,8,0,68,190,196,0,0
1859,CUYAHOGACBT,375,441,32,6,105,2,110,0,1,0,21,0,0,131,4,1,81,239,217,0,0
1860,CUYAHOGACBV,424,462,30,5,120,1,104,0,3,0,25,1,0,127,9,2,114,281,225,0,0
1861,CUYAHOGACBX,408,409,31,10,150,2,95,0,1,0,22,0,2,133,8,0,116,282,247,0,0
1862,CUYAHOGACBY,181,532,13,4,182,2,76,1,1,0,10,0,0,37,6,0,54,109,260,0,0
1863,CUYAHOGACCA,235,474,18,3,139,0,71,0,0,0,15,0,0,105,12,0,61,193,210,0,0
1864,CUYAHOGACCB,226,290,11,2,91,0,29,1,0,0,13,0,0,86,4,0,52,156,120,0,0
1865,CUYAHOGACCH,465,449,26,7,153,2,89,1,3,2,39,0,0,161,12,1,138,357,244,0,0
1866,CUYAHOGACCI,184,216,4,1,70,0,46,0,0,0,26,0,0,63,2,0,52,143,116,0,0
1867,CUYAHOGACCJ,384,431,19,11,136,0,103,0,0,1,33,0,1,121,15,0,105,276,239,0,0
1868,CUYAHOGACCN,372,327,24,12,97,0,72,3,2,0,31,0,0,112,14,0,94,256,169,0,0
1869,CUYAHOGACCO,329,267,31,11,76,1,97,1,0,0,23,0,0,131,9,1,92,257,174,0,0
1870,CUYAHOGACCQ,264,222,11,11,60,3,75,1,1,0,16,0,0,62,5,0,84,169,138,0,0
1871,CUYAHOGACCT,388,326,17,3,96,1,66,0,0,0,20,0,0,116,14,0,112,262,163,0,0
1872,CUYAHOGACCV,401,327,22,5,99,0,60,0,2,0,27,1,0,130,6,0,123,289,159,0,0
1873,CUYAHOGACCX,383,300,24,9,102,3,61,2,4,0,23,0,0,101,7,0,116,253,166,0,0
1874,CUYAHOGACDB,549,391,23,8,123,1,76,0,5,1,30,0,0,192,9,0,160,397,200,0,0
1875,CUYAHOGACDD,468,365,42,7,126,1,85,2,2,0,28,0,1,163,18,0,162,376,212,0,0
1876,CUYAHOGACDI,496,447,36,12,133,1,114,1,1,0,40,0,1,198,15,1,116,373,248,0,0
1877,CUYAHOGACDJ,433,466,34,5,132,1,100,3,0,2,36,0,0,206,6,0,125,378,233,0,0
1878,CUYAHOGACDL,459,492,25,5,153,1,115,1,1,0,40,0,1,233,12,0,127,415,269,0,0
1879,CUYAHOGACDN,321,396,31,11,109,2,105,0,3,0,24,0,0,132,6,0,85,250,216,0,0
1880,CUYAHOGACDT,436,466,24,13,116,1,102,0,2,0,37,0,1,185,8,0,107,340,219,0,0
1881,CUYAHOGACDU,336,425,25,5,121,2,106,0,1,0,19,0,1,136,12,0,99,268,229,0,0
1882,CUYAHOGACDV,316,323,20,9,98,2,98,0,0,0,39,0,1,106,6,0,80,232,198,0,0
1883,CUYAHOGACDZ,308,367,23,10,106,1,81,0,0,0,29,1,2,114,8,0,88,242,188,0,0
1884,CUYAHOGACEB,399,406,20,9,127,1,97,1,0,1,34,0,1,163,12,0,89,301,225,0,0
1885,CUYAHOGACEE,297,385,19,6,120,2,93,1,1,0,15,0,0,133,3,0,102,255,215,0,0
1886,CUYAHOGACEF,81,95,1,0,40,0,20,0,1,1,4,0,0,35,6,0,21,68,60,0,0
1887,CUYAHOGACEG,446,448,26,9,142,1,90,0,2,1,30,0,0,177,14,1,101,326,233,0,0
1888,CUYAHOGACEH,400,382,26,11,105,0,115,1,2,0,34,1,0,164,10,0,92,304,220,0,0
1889,CUYAHOGACEJ,396,443,24,7,137,1,106,0,2,1,32,0,0,159,9,0,97,300,244,0,0
1890,CUYAHOGACEL,506,441,38,9,102,2,121,1,1,0,37,0,1,175,12,0,137,364,225,0,0
1891,CUYAHOGACET,333,388,24,7,107,4,117,0,4,0,25,0,1,133,10,0,64,237,228,0,0
1892,CUYAHOGACEW,309,412,24,9,114,1,88,3,2,0,15,0,0,97,10,0,81,208,203,0,0
1893,CUYAHOGACEX,340,355,17,7,84,1,82,1,2,1,20,0,1,168,17,0,84,294,167,0,0
1894,CUYAHOGACEY,322,389,19,13,105,4,85,0,2,2,18,0,0,89,9,0,92,212,194,0,0
1895,CUYAHOGACEZ,231,337,11,6,106,2,63,0,0,0,14,0,1,66,6,0,66,153,171,0,0
1896,CUYAHOGACFD,469,289,30,12,76,2,102,1,5,2,32,0,0,140,5,1,128,314,180,0,0
1897,CUYAHOGACFE,478,294,22,8,103,0,74,1,2,1,45,1,0,172,11,0,125,358,177,0,0
1898,CUYAHOGACFG,482,326,19,3,107,4,62,0,0,0,24,0,1,185,12,1,132,355,173,0,0
1899,CUYAHOGACFI,521,288,19,9,65,1,75,2,2,0,41,0,0,175,11,0,166,397,141,0,0
1900,CUYAHOGACFJ,561,265,16,4,83,0,64,0,3,1,38,1,0,146,16,0,186,391,147,0,0
1901,CUYAHOGACFK,460,295,20,3,80,2,56,0,0,0,35,0,0,195,19,1,127,377,138,0,0
1902,CUYAHOGACFL,130,63,5,1,15,0,16,0,0,0,6,0,0,54,4,0,37,101,31,0,0
1903,CUYAHOGACFQ,433,216,18,5,69,2,47,0,0,0,22,0,0,179,7,0,90,298,118,0,0
1904,CUYAHOGACFR,533,391,17,7,119,0,89,0,1,0,27,0,3,152,10,2,157,352,208,0,0
1905,CUYAHOGACFS,430,280,21,5,89,3,54,0,2,0,24,0,0,194,4,0,111,335,146,0,0
1906,CUYAHOGACFT,199,194,17,5,35,2,51,0,0,0,19,1,0,62,4,0,46,132,88,0,0
1907,CUYAHOGACFW,492,322,20,4,100,2,79,0,2,1,55,0,0,174,10,1,123,366,181,0,0
1908,CUYAHOGACFZ,434,273,13,4,78,0,57,0,0,0,36,0,0,167,14,0,126,343,135,0,0
1909,CUYAHOGACGB,355,345,24,5,73,3,79,0,1,0,15,0,0,86,4,0,65,171,155,0,0
1910,CUYAHOGACGC,280,264,17,10,60,0,56,0,0,0,26,0,0,100,5,0,69,200,116,0,0
1911,CUYAHOGACGE,390,295,16,11,76,1,53,1,1,1,27,0,0,154,6,0,100,290,130,0,0
1912,CUYAHOGACGF,480,368,32,7,89,0,77,0,1,0,40,1,1,168,15,0,109,335,166,0,0
1913,CUYAHOGACGG,394,330,21,9,78,0,75,0,2,0,31,0,0,105,4,0,96,238,153,0,0
1914,CUYAHOGACGH,353,254,19,5,78,1,55,0,2,0,22,1,0,135,7,0,93,260,134,0,0
1915,CUYAHOGACGI,584,290,18,7,84,1,66,0,0,0,40,2,1,202,4,0,144,393,151,0,0
1916,CUYAHOGACGK,586,286,21,5,82,1,60,0,0,0,28,0,1,194,9,0,159,391,143,0,0
1917,CUYAHOGACGL,430,211,7,4,94,1,41,0,2,0,23,1,0,171,16,1,119,333,136,0,0
1918,CUYAHOGACGN,190,209,18,8,50,1,52,0,0,0,12,0,0,63,6,1,34,116,103,0,0
1919,CUYAHOGACGO,240,251,26,5,56,0,69,0,1,0,12,0,0,90,9,0,81,193,125,0,0
1920,CUYAHOGACGP,265,265,22,8,65,0,81,0,1,0,18,0,1,105,5,1,81,212,146,0,0
1921,CUYAHOGACGQ,344,337,21,5,99,2,73,2,0,0,38,0,0,153,10,0,73,276,174,0,0
1922,CUYAHOGACGS,431,428,23,5,117,0,73,0,2,1,28,1,2,227,10,0,94,365,190,0,0
1923,CUYAHOGACGT,164,193,15,2,47,2,53,0,0,0,7,0,0,75,4,0,47,133,102,0,0
1924,CUYAHOGACGV,262,265,17,5,90,0,46,0,1,0,23,0,0,82,6,0,74,186,136,0,0
1925,CUYAHOGACGW,292,285,24,8,86,2,62,0,0,0,26,1,0,100,5,0,68,200,150,0,0
1926,CUYAHOGACGX,185,245,21,3,69,3,46,0,1,0,10,0,0,51,5,0,64,131,118,0,0
1927,CUYAHOGACGY,275,284,15,15,116,2,68,0,1,0,36,0,0,61,4,0,65,167,186,0,0
1928,CUYAHOGACHA,402,356,36,8,106,1,107,0,1,0,27,1,1,167,7,1,109,314,214,0,0
1929,CUYAHOGACHC,205,338,14,8,89,1,76,0,1,0,18,0,1,48,4,0,56,128,166,0,0
1930,CUYAHOGACHE,312,321,30,12,101,3,93,1,1,0,26,0,0,87,3,0,72,190,197,0,0
1931,CUYAHOGACHG,270,335,15,6,81,1,67,1,1,0,14,0,2,77,3,0,78,176,149,0,0
1932,CUYAHOGACHL,316,325,26,8,97,3,112,0,2,1,15,1,0,80,4,0,70,173,212,0,0
1933,CUYAHOGACHM,386,361,25,5,94,1,133,3,0,0,24,0,0,114,1,0,97,239,228,0,0
1934,CUYAHOGACHS,367,375,25,3,115,3,96,0,2,0,29,0,1,80,6,0,99,217,214,0,0
1935,CUYAHOGACHU,418,408,38,8,151,6,129,1,2,0,27,1,0,129,10,0,107,277,286,0,0
1936,CUYAHOGACHV,337,335,27,10,85,2,137,0,0,0,27,0,1,91,7,0,70,196,224,0,0
1937,CUYAHOGACIC,351,305,26,13,101,1,97,0,1,0,22,0,0,97,7,0,76,203,199,0,0
1938,CUYAHOGACID,336,314,20,7,101,0,97,0,1,0,24,1,0,89,10,0,84,209,198,0,0
1939,CUYAHOGACIE,293,322,28,7,95,1,75,3,3,1,24,0,1,77,4,0,75,188,171,0,0
1940,CUYAHOGACIF,266,259,33,15,77,2,74,1,0,1,11,0,0,68,5,0,80,166,153,0,0
1941,CUYAHOGACII,281,224,21,2,76,2,86,1,1,0,14,0,0,47,9,0,72,144,164,0,0
1942,CUYAHOGACIJ,251,263,18,10,80,1,85,0,0,0,12,1,2,60,2,0,61,138,166,0,0
1943,CUYAHOGACIP,270,429,21,17,120,1,105,1,0,0,23,0,2,61,8,1,65,161,226,0,0
1944,CUYAHOGACIR,315,373,28,9,134,3,84,0,0,1,31,0,0,82,2,0,69,185,221,0,0
1945,CUYAHOGACIS,311,370,22,10,106,1,99,0,0,0,19,0,1,88,10,0,81,199,206,0,0
1946,CUYAHOGACIT,329,310,30,11,100,3,111,0,1,0,22,1,0,97,8,1,86,216,214,0,0
1947,CUYAHOGACIV,347,390,35,11,126,3,113,0,1,0,18,0,1,70,3,0,108,201,242,0,0
1948,CUYAHOGACJB,460,381,22,6,146,2,97,0,2,0,38,0,0,141,8,0,120,309,245,0,0
1949,CUYAHOGACJE,334,268,18,5,84,1,74,1,4,0,22,0,0,85,7,0,103,222,159,0,0
1950,CUYAHOGACJF,451,296,17,5,127,3,82,1,2,1,37,0,1,117,9,0,151,319,212,0,0
1951,CUYAHOGACJG,331,251,6,12,100,1,68,1,3,0,22,0,1,75,8,0,83,193,169,0,0
1952,CUYAHOGACJI,480,330,17,2,128,0,84,0,0,0,35,2,0,149,13,0,124,323,212,0,0
1953,CUYAHOGACJJ,421,285,13,5,104,2,78,1,0,0,40,0,0,136,8,1,127,313,184,0,0
1954,CUYAHOGACJP,386,323,22,4,126,4,102,2,3,0,30,0,0,106,9,1,89,240,232,0,0
1955,CUYAHOGACJQ,372,300,13,8,103,1,75,1,0,0,26,0,0,115,7,0,96,245,179,0,0
1956,CUYAHOGACJU,390,301,20,4,127,2,74,1,0,0,33,0,0,115,13,0,99,261,203,0,0
1957,CUYAHOGACJV,435,317,15,3,129,2,68,2,0,0,32,0,1,122,4,0,120,281,199,0,0
1958,CUYAHOGACJX,385,274,22,4,72,2,68,0,4,1,35,0,0,140,10,0,100,290,142,0,0
1959,CUYAHOGACJY,421,270,26,3,109,1,82,1,0,0,34,0,0,117,4,0,118,274,192,0,0
1960,CUYAHOGACKE,327,258,16,12,91,0,76,0,0,0,18,0,0,118,8,0,100,244,167,0,0
1961,CUYAHOGACKF,403,296,23,7,115,2,90,2,0,2,21,0,0,114,10,0,117,266,207,0,0
1962,CUYAHOGACKH,431,332,22,3,114,2,89,0,0,0,34,1,0,125,5,0,118,283,205,0,0
1963,CUYAHOGACKI,245,262,21,1,62,2,72,0,1,0,27,0,0,67,6,0,47,148,136,0,0
1964,CUYAHOGACKL,388,329,15,10,131,3,85,1,1,0,19,0,0,100,8,0,117,246,219,0,0
1965,CUYAHOGACKM,447,303,33,4,130,4,92,0,0,0,22,0,0,123,8,0,126,279,226,0,0
1966,CUYAHOGACKT,362,385,32,4,109,3,111,0,2,0,24,0,0,104,12,0,98,240,223,0,0
1967,CUYAHOGACKV,368,342,28,7,102,6,114,0,0,0,29,0,0,121,5,0,109,264,222,0,0
1968,CUYAHOGACKW,326,349,12,6,101,3,85,1,1,0,16,0,0,75,6,1,77,177,189,0,0
1969,CUYAHOGACKY,384,394,23,7,123,0,98,0,2,0,24,0,0,130,9,0,107,272,221,0,0
1970,CUYAHOGACLB,328,303,15,8,110,1,69,1,3,1,13,1,0,98,6,0,102,225,180,0,0
1971,CUYAHOGACLH,115,128,15,4,27,1,38,0,0,0,6,0,0,33,3,0,28,70,66,0,0
1972,CUYAHOGACLI,319,284,17,4,94,4,89,0,0,0,36,0,1,72,4,0,86,199,187,0,0
1973,CUYAHOGACLK,348,349,17,6,111,3,84,0,1,0,31,0,0,99,7,0,98,236,198,0,0
1974,CUYAHOGACLO,415,355,24,15,129,5,112,0,2,0,31,0,0,112,8,0,113,266,246,0,0
1975,CUYAHOGACLP,387,423,21,6,146,5,80,1,1,0,27,1,0,118,9,0,94,251,231,0,0
1976,CUYAHOGACLQ,367,338,23,9,120,5,107,2,3,2,16,0,0,86,7,1,91,208,232,0,0
1977,CUYAHOGACLZ,371,381,22,11,120,2,86,0,0,1,40,0,0,162,16,0,103,322,208,0,0
1978,CUYAHOGACMB,383,351,24,12,112,1,92,0,1,0,30,0,1,118,3,0,108,261,205,0,0
1979,CUYAHOGACMD,409,372,25,20,113,1,123,0,1,0,26,0,0,119,7,0,125,278,237,0,0
1980,CUYAHOGACME,315,365,23,7,115,3,93,1,1,0,31,0,1,89,4,0,80,207,211,0,0
1981,CUYAHOGACMG,407,393,12,5,117,3,100,0,5,0,14,0,1,117,8,0,96,241,220,0,0
1982,CUYAHOGACMJ,404,369,22,12,115,2,102,0,2,0,34,1,1,120,9,0,88,255,219,0,0
1983,CUYAHOGACMK,352,361,12,5,126,4,102,0,2,0,28,2,1,100,11,0,91,235,232,0,0
1984,CUYAHOGACMM,248,361,12,4,127,2,69,0,2,0,17,0,0,49,4,1,55,128,198,0,0
1985,CUYAHOGACMO,443,319,30,9,109,2,105,1,1,1,41,0,0,137,13,0,118,312,216,0,0
1986,CUYAHOGACMP,258,417,19,12,107,0,107,0,0,0,24,0,0,66,3,0,55,148,214,0,0
1987,CUYAHOGACMR,240,294,32,13,94,0,76,0,1,0,16,1,0,56,4,1,70,149,170,0,0
1988,CUYAHOGACMT,355,434,14,5,137,0,103,0,0,0,26,0,0,99,15,0,85,225,240,0,0
1989,CUYAHOGACMY,239,502,19,2,170,0,80,0,0,0,12,0,0,163,12,0,44,231,250,0,0
1990,CUYAHOGACMZ,247,455,20,10,147,0,51,0,0,0,14,0,1,220,8,0,56,299,198,0,0
1991,CUYAHOGACNA,290,567,15,3,191,1,79,0,0,0,10,0,0,208,5,0,72,295,271,0,0
1992,CUYAHOGACNB,309,547,18,5,153,1,57,0,0,0,12,0,0,296,5,0,72,385,211,0,0
1993,CUYAHOGACNE,254,496,12,8,167,0,64,1,0,0,11,0,0,186,6,0,64,268,231,0,0
1994,CUYAHOGACNI,234,549,12,5,188,2,78,0,4,0,20,0,0,84,7,0,62,177,268,0,0
1995,CUYAHOGACNJ,14,416,1,4,95,0,48,0,0,0,0,0,0,11,1,0,3,15,143,0,0
1996,CUYAHOGACNM,132,488,6,5,160,2,88,0,0,0,9,0,0,46,2,0,29,86,250,0,0
1997,CUYAHOGACNO,128,530,8,7,209,0,88,0,1,0,10,0,0,76,5,0,30,122,297,0,0
1998,CUYAHOGACNQ,141,418,8,5,183,0,65,0,0,0,8,0,0,76,3,0,28,115,248,0,0
1999,CUYAHOGACNR,125,440,7,1,176,0,54,0,0,0,5,1,0,66,4,0,39,115,230,0,0
2000,CUYAHOGACNS,109,269,2,7,108,0,39,0,1,0,6,0,0,48,0,0,25,80,147,0,0
2001,CUYAHOGACNV,219,668,13,3,272,2,102,1,1,0,16,0,1,71,6,0,66,162,376,0,0
2002,CUYAHOGACNX,167,488,12,2,200,1,91,0,1,0,6,0,0,80,3,0,48,138,292,0,0
2003,CUYAHOGACOA,377,442,24,6,117,0,59,1,0,0,19,0,0,320,10,0,77,427,176,0,0
2004,CUYAHOGACOC,309,307,13,4,99,2,56,1,0,1,23,2,0,173,5,0,64,269,157,0,0
2005,CUYAHOGACOD,350,440,28,8,109,1,102,1,1,1,27,0,1,245,17,0,86,379,212,0,0
2006,CUYAHOGACOF,385,365,29,5,114,1,54,0,0,0,21,0,0,319,6,0,83,429,169,0,0
2007,CUYAHOGACOK,340,434,21,3,126,0,68,1,1,0,19,0,0,229,12,0,78,340,194,0,0
2008,CUYAHOGACOM,367,418,13,2,128,1,66,0,0,0,26,0,1,208,10,0,78,323,195,0,0
2009,CUYAHOGACOO,331,365,15,8,110,3,59,0,2,0,19,0,1,191,7,0,82,302,172,0,0
2010,CUYAHOGACOP,370,400,11,10,136,0,86,2,1,0,27,0,0,180,9,0,93,312,222,0,0
2011,CUYAHOGACOU,386,490,38,9,125,0,72,0,1,0,18,0,0,301,13,0,80,413,197,0,0
2012,CUYAHOGACOV,276,409,28,9,122,0,100,0,0,0,14,0,0,192,8,0,65,279,222,0,0
2013,CUYAHOGACOW,313,447,24,3,107,2,101,0,0,0,20,0,1,219,6,1,66,313,210,0,0
2014,CUYAHOGACOX,236,436,22,7,110,0,105,2,1,0,31,0,0,134,3,0,66,237,215,0,0
2015,CUYAHOGACPD,216,347,22,12,88,0,86,0,0,0,18,1,0,128,4,0,60,211,174,0,0
2016,CUYAHOGACPE,296,382,27,8,102,0,84,0,4,0,24,0,0,162,9,0,74,273,186,0,0
2017,CUYAHOGACPH,288,390,27,12,113,0,77,0,2,0,28,0,0,198,8,0,55,291,190,0,0
2018,CUYAHOGACPI,389,513,33,6,165,0,84,0,3,0,17,0,0,211,15,0,90,336,249,0,0
2019,CUYAHOGACPM,445,335,17,8,122,3,91,2,3,0,23,1,1,157,14,0,123,324,216,0,0
2020,CUYAHOGACPO,445,395,28,7,153,2,99,2,0,0,40,1,1,150,13,0,116,323,254,0,0
2021,CUYAHOGACPS,477,372,30,5,140,0,83,1,1,0,26,1,0,169,12,0,152,362,223,0,0
2022,CUYAHOGACPT,451,336,32,9,132,2,95,1,1,1,42,0,1,162,10,0,129,347,229,0,0
2023,CUYAHOGACPX,481,403,23,4,140,2,107,1,0,0,29,0,1,177,12,1,149,370,249,0,0
2024,CUYAHOGACPY,528,324,19,7,134,2,82,1,3,1,38,0,0,176,15,0,160,394,218,0,0
2025,CUYAHOGACQB,501,363,19,5,132,3,73,0,2,0,37,0,0,207,12,0,151,409,208,0,0
2026,CUYAHOGACQC,423,322,24,3,118,3,85,1,0,1,26,1,1,138,7,0,134,309,206,0,0
2027,CUYAHOGACQJ,98,660,21,4,278,0,170,0,1,0,11,0,0,108,3,0,21,144,448,0,0
2028,CUYAHOGACQK,40,592,5,4,266,0,72,0,1,0,9,0,0,44,1,0,5,60,338,0,0
2029,CUYAHOGACQL,70,768,8,5,291,0,200,0,0,0,1,0,0,100,1,1,14,117,491,0,0
2030,CUYAHOGACQM,58,637,16,5,233,0,152,0,0,0,4,0,0,79,4,0,22,109,385,0,0
2031,CUYAHOGACQN,63,649,9,11,207,0,166,0,2,0,6,0,0,54,2,0,11,75,373,0,0
2032,CUYAHOGACQQ,83,803,12,12,351,1,148,0,0,0,3,0,0,147,3,0,18,171,500,0,0
2033,CUYAHOGACQR,54,625,12,11,197,0,143,1,0,0,7,0,0,49,1,0,10,68,340,0,0
2034,CUYAHOGACQU,101,772,12,8,291,1,160,0,0,0,5,0,0,80,1,0,30,116,452,0,0
2035,CUYAHOGACQV,28,532,4,4,206,0,100,0,0,0,1,0,0,20,2,0,5,28,306,0,0
2036,CUYAHOGACQW,31,845,7,3,341,0,145,0,0,0,4,0,1,23,1,0,4,33,486,0,0
2037,CUYAHOGACQZ,148,609,11,4,246,0,90,2,0,0,11,0,0,187,7,0,25,232,336,0,0
2038,CUYAHOGACRA,123,775,21,3,326,1,130,0,3,0,4,0,0,114,10,0,27,158,457,0,0
2039,CUYAHOGACRB,131,676,20,2,249,0,96,0,0,0,3,1,0,196,4,0,28,232,345,0,0
2040,CUYAHOGACRE,127,665,17,2,262,0,74,0,1,0,6,0,0,211,6,0,26,250,336,0,0
2041,CUYAHOGACRI,51,697,9,4,271,1,162,0,0,1,4,0,0,65,2,0,5,77,434,0,0
2042,CUYAHOGACRK,19,740,5,6,274,0,128,0,0,0,0,1,0,15,1,0,5,22,402,0,0
2043,CUYAHOGACRQ,105,773,9,6,279,0,158,1,0,2,12,0,0,119,5,0,21,160,437,0,0
2044,CUYAHOGACRS,108,769,24,2,295,1,131,1,0,0,6,0,0,174,6,0,21,208,427,0,0
2045,CUYAHOGACRW,229,703,32,6,264,0,73,2,1,0,6,0,0,254,11,0,46,320,337,0,0
2046,CUYAHOGACRY,124,667,14,3,277,1,116,1,0,0,9,0,1,151,7,0,25,194,394,0,0
2047,CUYAHOGACSA,178,497,13,4,175,1,57,1,0,0,14,0,1,207,6,0,39,268,233,0,0
2048,CUYAHOGACSD,314,570,27,2,183,1,109,0,2,0,24,0,0,228,8,0,79,341,293,0,0
2049,CUYAHOGACSF,350,536,19,6,113,0,74,0,0,0,26,0,0,215,9,0,69,319,187,0,0
2050,CUYAHOGACSH,275,421,14,2,139,0,66,0,1,0,19,0,2,182,8,0,66,278,205,0,0
2051,CUYAHOGACSI,212,590,16,2,192,1,103,0,1,0,11,0,0,109,7,0,47,175,296,0,0
2052,CUYAHOGACSJ,404,555,21,8,154,0,62,1,1,0,27,1,0,232,15,1,90,368,216,0,0
2053,CUYAHOGACSK,420,506,25,4,131,2,89,1,2,0,27,0,1,237,18,0,101,387,222,0,0
2054,CUYAHOGACSM,202,350,21,0,115,0,46,0,0,0,19,0,0,168,7,0,55,249,161,0,0
2055,CUYAHOGACSN,264,321,12,5,120,0,38,0,0,0,20,0,0,133,9,0,73,235,158,0,0
2056,CUYAHOGACSO,355,519,19,3,156,1,69,0,0,0,20,0,0,184,13,0,106,323,226,0,0
2057,CUYAHOGACSR,313,702,24,7,262,1,112,0,2,0,22,0,0,257,12,0,86,379,375,0,0
2058,CUYAHOGACST,356,661,24,15,221,3,114,1,1,1,17,1,0,175,11,0,102,309,338,0,0
2059,CUYAHOGACSV,296,621,19,4,186,2,113,0,0,0,22,0,0,161,8,0,65,256,301,0,0
2060,CUYAHOGACSX,342,674,20,8,212,0,97,0,1,0,25,0,0,207,13,0,101,347,309,0,0
2061,CUYAHOGACSZ,398,502,19,5,150,0,102,0,0,1,19,0,0,184,18,0,100,322,252,0,0
2062,CUYAHOGACTA,332,471,27,8,140,1,94,0,2,1,14,0,1,178,11,0,89,296,235,0,0
2063,CUYAHOGACTD,130,631,12,10,232,1,114,0,0,0,9,0,0,59,5,0,37,110,347,0,0
2064,CUYAHOGACTE,202,640,20,9,243,2,149,0,0,1,16,0,0,115,5,0,43,180,394,0,0
2065,CUYAHOGACTG,62,672,9,3,247,0,111,0,0,0,6,0,2,25,0,0,16,49,358,0,0
2066,CUYAHOGACTI,60,611,3,1,216,1,116,0,0,0,8,0,0,28,1,0,8,45,333,0,0
2067,CUYAHOGACTM,158,604,12,14,210,0,135,1,0,0,18,0,0,95,7,0,29,150,345,0,0
2068,CUYAHOGACTN,189,464,12,9,152,0,113,0,0,0,29,0,0,90,7,0,39,165,265,0,0
2069,CUYAHOGACTP,205,636,16,7,227,2,134,0,2,0,21,0,0,100,6,1,38,168,363,0,0
2070,CUYAHOGACTS,179,640,20,5,217,3,161,0,0,0,16,0,0,121,8,0,41,186,381,0,0
2071,CUYAHOGACTW,93,577,5,8,167,1,130,1,0,0,10,0,0,52,4,0,17,84,298,0,0
2072,CUYAHOGACTX,269,396,19,6,106,1,101,0,1,0,16,0,0,129,9,0,54,209,208,0,0
2073,CUYAHOGACTY,137,512,13,4,175,2,127,1,1,0,19,2,1,74,2,0,29,129,304,0,0
2074,CUYAHOGACTZ,68,524,10,6,161,0,119,0,0,0,7,0,0,23,7,0,18,55,280,0,0
2075,CUYAHOGACUF,190,520,12,7,157,1,107,2,1,0,10,0,2,109,4,0,41,169,265,0,0
2076,CUYAHOGACUG,58,449,6,8,150,1,112,0,0,0,5,0,0,19,2,0,12,38,263,0,0
2077,CUYAHOGACUI,72,747,5,6,266,0,144,0,0,0,7,0,0,26,1,0,16,50,410,0,0
2078,CUYAHOGACUJ,57,462,5,4,143,0,74,0,2,0,4,0,0,39,2,0,11,58,217,0,0
2079,CUYAHOGACUQ,489,361,24,8,115,2,97,0,2,0,30,0,0,163,19,0,163,377,214,0,0
2080,CUYAHOGACUR,417,383,25,4,120,1,55,0,0,0,24,1,0,191,14,0,98,328,176,0,0
2081,CUYAHOGACUS,526,422,16,1,140,2,74,1,4,0,39,0,0,237,22,0,134,437,216,0,0
2082,CUYAHOGACUT,603,372,24,4,108,1,67,0,0,1,37,0,0,170,24,0,155,387,176,0,0
2083,CUYAHOGACUU,293,356,14,4,92,0,69,1,1,1,23,0,0,125,14,0,75,240,161,0,0
2084,CUYAHOGACUV,407,330,9,7,80,2,70,1,1,0,22,0,0,145,7,0,117,293,152,0,0
2085,CUYAHOGACUY,209,285,18,9,60,3,63,0,1,0,17,0,1,44,3,0,57,123,126,0,0
2086,CUYAHOGACVD,428,307,32,9,104,3,56,0,1,0,27,0,0,208,15,0,105,356,163,0,0
2087,CUYAHOGACVE,439,319,10,6,80,0,62,1,0,1,21,0,0,169,19,0,128,339,142,0,0
2088,CUYAHOGACVF,397,289,28,5,71,2,61,0,3,0,19,0,0,168,16,1,114,321,134,0,0
2089,CUYAHOGACVI,426,279,17,5,76,2,38,2,1,0,28,0,0,173,12,0,119,335,116,0,0
2090,CUYAHOGACVJ,392,295,13,4,84,0,65,1,1,0,24,0,0,173,17,0,107,323,149,0,0
2091,CUYAHOGACVK,440,357,26,2,100,0,44,0,0,0,49,0,0,170,14,0,109,342,144,0,0
2092,CUYAHOGACVN,344,251,15,6,69,1,49,0,2,0,22,0,0,154,11,0,86,275,119,0,0
2093,CUYAHOGACVO,247,209,6,3,69,0,38,3,0,0,17,0,0,86,8,0,73,187,107,0,0
2094,CUYAHOGACVP,439,320,21,10,94,1,56,0,0,0,37,0,1,173,19,0,122,352,151,0,0
2095,CUYAHOGACVQ,459,400,26,12,104,0,84,0,1,0,45,3,0,170,13,0,127,359,188,0,0
2096,CUYAHOGACVT,495,369,19,1,135,3,72,0,1,0,26,0,0,193,13,0,144,377,210,0,0
2097,CUYAHOGACVU,557,379,21,2,91,0,56,0,3,0,33,0,0,234,17,0,134,421,147,0,0
2098,CUYAHOGACVW,533,407,30,1,126,0,90,0,0,0,33,2,1,191,15,0,145,387,216,0,0
2099,CUYAHOGACVX,528,422,29,6,134,3,94,0,4,0,51,0,2,223,9,0,141,430,231,0,0
2100,CUYAHOGACVY,465,314,21,4,100,0,70,0,1,0,24,0,0,193,14,0,127,359,170,0,0
2101,CUYAHOGACWB,374,291,25,9,78,0,64,0,0,0,28,0,0,141,5,1,125,300,142,0,0
2102,CUYAHOGACWG,507,404,22,8,114,2,95,0,1,0,29,1,0,144,15,0,131,321,211,0,0
2103,CUYAHOGACWH,555,392,28,4,104,1,58,0,1,1,23,0,0,232,13,0,174,444,163,0,0
2104,CUYAHOGACWI,355,271,18,3,64,2,44,0,0,0,17,0,3,138,9,0,108,275,110,0,0
2105,CUYAHOGACWJ,518,380,25,5,109,1,46,0,0,2,27,0,0,216,13,0,150,408,156,0,0
2106,CUYAHOGACWK,432,354,32,4,121,1,75,0,1,0,19,1,0,199,12,0,121,353,197,0,0
2107,CUYAHOGACWL,506,409,30,8,110,1,80,1,0,0,33,0,0,212,13,0,134,393,191,0,0
2108,CUYAHOGACWM,440,323,12,9,101,0,50,0,0,0,31,0,0,159,11,0,120,321,151,0,0
2109,CUYAHOGACWO,70,594,8,5,207,0,105,0,0,0,6,0,0,34,0,0,9,49,312,0,0
2110,CUYAHOGACWQ,70,575,19,4,170,0,107,0,0,0,15,0,0,62,11,0,13,101,277,0,0
2111,CUYAHOGACWS,78,571,8,6,205,2,111,1,0,0,10,0,0,50,3,0,14,78,318,0,0
2112,CUYAHOGACWT,143,448,16,4,114,0,68,0,1,0,14,0,0,72,5,0,17,109,182,0,0
2113,CUYAHOGACWW,136,523,16,6,192,0,86,0,0,0,15,0,0,89,6,0,26,136,278,0,0
2114,CUYAHOGACWX,229,531,14,8,170,0,95,0,0,0,9,0,0,210,2,1,39,261,265,0,0
2115,CUYAHOGACXA,367,382,20,1,133,1,84,0,0,0,27,0,0,188,14,0,23,252,218,0,0
2116,CUYAHOGACXC,376,427,32,8,108,2,70,0,0,0,15,0,0,214,9,0,29,267,180,0,0
2117,CUYAHOGACXD,203,574,20,3,201,0,112,0,0,0,11,0,0,180,4,0,33,228,313,0,0
2118,CUYAHOGACYE,472,424,22,3,131,3,79,0,2,0,34,2,0,280,7,1,128,454,213,0,0
2119,CUYAHOGACYG,473,406,27,14,154,2,97,0,3,1,27,1,1,249,21,1,128,432,253,0,0
2120,CUYAHOGACYH,328,295,14,0,68,1,59,0,1,0,19,0,0,131,2,1,82,236,128,0,0
2121,CUYAHOGACYJ,390,281,20,3,77,1,67,1,2,1,31,0,0,163,12,0,96,306,145,0,0
2122,CUYAHOGACYL,323,319,18,5,84,1,65,0,2,0,14,0,0,158,9,0,94,277,150,0,0
2123,CUYAHOGACYN,326,343,25,4,99,1,73,0,0,1,25,0,0,151,9,0,96,282,173,0,0
2124,CUYAHOGACYP,332,334,17,2,80,1,88,0,1,0,26,0,0,163,2,0,84,276,169,0,0
2125,CUYAHOGACYQ,367,382,22,6,115,3,70,0,4,0,19,0,0,205,11,0,101,340,188,0,0
2126,CUYAHOGACYR,293,293,18,8,76,0,60,0,1,0,28,0,0,180,14,0,69,292,136,0,0
2127,CUYAHOGACYT,359,422,22,4,119,2,84,1,1,0,24,1,1,192,9,0,75,304,205,0,0
2128,CUYAHOGACYW,190,323,17,6,73,1,56,0,1,0,30,0,0,91,9,0,43,174,130,0,0
2129,CUYAHOGACYX,216,299,20,9,83,2,72,0,0,0,16,0,1,74,4,0,46,141,157,0,0
2130,CUYAHOGACYY,386,348,14,6,77,0,68,0,1,0,18,0,1,207,10,1,98,336,145,0,0
2131,CUYAHOGACYZ,391,332,18,13,88,3,76,1,2,1,22,0,1,190,14,0,122,353,167,0,0
2132,CUYAHOGACZA,300,350,17,4,107,2,70,0,3,0,21,2,0,127,10,0,86,249,179,0,0
2133,CUYAHOGACZC,432,464,17,12,130,2,85,1,2,0,26,0,0,216,13,0,108,366,217,0,0
2134,CUYAHOGACZE,467,309,26,2,80,3,44,0,0,1,22,0,1,211,25,0,91,351,127,0,0
2135,CUYAHOGACZF,343,390,21,4,112,1,65,0,0,0,22,0,0,201,9,0,79,311,178,0,0
2136,CUYAHOGACZG,387,345,19,3,90,1,62,2,1,0,19,3,2,223,13,0,80,343,153,0,0
2137,CUYAHOGACZJ,363,402,27,7,99,0,72,0,0,0,19,0,0,157,10,0,102,288,171,0,0
2138,CUYAHOGACZM,362,313,17,2,64,0,37,1,0,0,24,0,0,217,8,0,78,328,101,0,0
2139,CUYAHOGACZN,417,388,27,4,118,3,50,0,1,0,26,0,0,235,10,0,85,357,171,0,0
2140,CUYAHOGACZO,500,322,27,3,89,0,46,1,0,0,21,0,0,218,13,0,126,379,135,0,0
2141,CUYAHOGACZP,482,429,26,7,121,1,81,0,3,1,30,0,0,249,11,0,128,422,203,0,0
2142,CUYAHOGACZS,291,255,28,3,47,0,27,0,0,0,13,0,0,214,15,0,59,301,74,0,0
2143,CUYAHOGACZT,289,608,19,9,231,0,121,0,0,0,15,0,1,206,9,0,82,313,352,0,0
2144,CUYAHOGACZW,11,30,0,0,7,0,3,0,0,0,0,0,0,0,0,0,3,3,10,0,0
2145,CUYAHOGACZX,485,361,24,12,133,3,92,0,1,0,31,0,2,165,20,0,132,351,228,0,0
2146,CUYAHOGADAA,329,439,29,3,89,0,72,1,0,0,20,0,1,260,8,0,75,365,161,0,0
2147,CUYAHOGADAB,319,385,16,5,78,1,47,1,0,0,29,0,1,217,14,0,71,333,126,0,0
2148,CUYAHOGADAE,384,498,35,12,121,0,88,0,0,0,33,0,1,264,12,0,87,397,209,0,0
2149,CUYAHOGADAF,41,29,2,0,2,0,7,0,1,0,2,0,0,36,2,0,8,49,9,0,0
2150,CUYAHOGADAH,133,499,18,2,131,1,88,0,1,0,6,0,0,136,7,0,34,184,220,0,0
2151,CUYAHOGADAI,198,583,8,4,191,0,68,0,0,0,8,0,1,144,4,0,53,210,259,0,0
2152,CUYAHOGADAJ,148,462,3,10,181,0,67,0,0,0,5,1,0,155,4,0,33,198,248,0,0
2153,CUYAHOGADAK,22,112,3,1,50,0,17,0,0,0,3,0,0,20,2,0,13,38,67,0,0
2154,CUYAHOGADAL,63,80,5,1,36,0,19,0,0,0,9,0,0,10,1,0,19,39,55,0,0
2155,CUYAHOGADAM,38,100,4,0,35,0,17,0,0,0,0,0,0,15,0,0,9,24,52,0,0
2156,CUYAHOGADAN,218,162,16,3,41,0,11,0,0,0,5,0,0,168,13,0,28,214,52,0,0
2157,CUYAHOGADAO,264,361,11,6,114,7,109,0,1,0,7,0,1,59,4,0,85,157,230,0,0
2158,CUYAHOGADAS,62,416,4,0,166,2,56,0,0,0,3,0,1,20,2,0,21,47,224,0,0
2159,CUYAHOGADAW,14,513,1,0,254,2,70,0,1,0,1,0,0,7,3,0,4,16,326,0,0
2160,CUYAHOGADAX,53,257,3,4,134,0,40,0,0,0,5,0,0,18,0,0,7,30,174,0,0
2161,CUYAHOGADAZ,145,152,5,3,68,2,29,1,2,0,13,0,0,27,0,0,35,78,99,0,0
2162,CUYAHOGADBC,32,283,0,0,116,0,36,0,0,0,2,0,0,11,0,0,10,23,152,0,0
2163,CUYAHOGADBD,531,383,22,8,160,5,79,2,2,1,26,1,1,176,8,1,175,393,244,0,0
2164,CUYAHOGADBF,265,257,23,2,67,1,54,2,0,0,24,0,0,75,4,0,57,162,122,0,0
2165,CUYAHOGADBG,316,333,29,8,90,2,80,1,3,1,22,0,0,83,4,0,118,232,172,0,0
2166,CUYAHOGADBH,395,316,28,7,109,4,59,4,1,1,26,0,2,158,11,0,106,309,172,0,0
2167,CUYAHOGADBI,430,323,21,15,95,1,82,1,1,0,44,0,0,120,3,0,104,273,178,0,0
2168,CUYAHOGADBJ,548,464,41,9,90,2,71,0,1,1,42,1,0,228,20,0,95,388,163,0,0
2169,CUYAHOGADBK,365,312,36,2,80,3,87,1,1,0,34,0,0,163,7,0,83,289,170,0,0
2170,CUYAHOGADBM,235,309,31,5,82,1,58,0,1,1,14,1,0,85,7,0,55,164,141,0,0
2171,CUYAHOGADBN,429,368,23,4,91,0,70,3,4,0,21,0,0,203,12,0,108,351,161,0,0
2172,CUYAHOGADBU,191,266,13,2,77,0,27,0,0,0,10,0,0,171,4,0,40,225,104,0,0
2173,CUYAHOGADBV,291,552,20,0,145,0,82,0,0,0,11,0,0,204,4,0,63,282,227,0,0
2174,CUYAHOGADBW,342,483,29,4,149,0,79,1,3,1,13,0,0,229,8,0,80,335,228,0,0
2175,CUYAHOGADBX,391,331,16,5,65,0,49,1,0,0,15,0,0,236,9,0,112,373,114,0,0
2176,CUYAHOGADBY,435,346,28,3,79,1,60,2,0,0,20,1,0,273,9,0,103,408,140,0,0
2177,CUYAHOGADCC,268,201,16,1,59,0,32,0,0,0,12,0,0,114,5,0,70,201,91,0,0
2178,CUYAHOGADCE,273,217,13,4,62,0,45,1,1,0,12,0,0,110,7,0,105,236,107,0,0
2179,CUYAHOGADCG,279,290,13,2,95,1,38,1,0,0,11,0,0,144,3,0,84,243,134,0,0
2180,CUYAHOGADCI,174,228,12,2,61,1,51,0,0,0,7,0,0,103,3,0,48,161,113,0,0
2181,CUYAHOGADCK,411,212,18,5,65,5,39,0,1,0,23,0,0,91,9,0,107,231,109,0,0
2182,CUYAHOGADCM,410,226,12,5,82,1,42,0,0,0,41,0,0,141,10,0,124,316,125,0,0
2183,CUYAHOGADCN,411,280,18,4,127,2,61,1,0,0,31,0,1,133,4,0,139,309,190,0,0
2184,CUYAHOGADCO,417,257,13,4,104,1,58,1,0,0,39,0,0,121,3,0,134,298,163,0,0
2185,CUYAHOGADCQ,42,403,6,4,188,1,48,0,0,0,0,0,0,14,2,0,13,29,237,0,0
2186,CUYAHOGADCS,7,321,2,1,163,0,34,0,0,0,0,0,0,3,0,0,0,3,197,0,0
2187,CUYAHOGADCU,196,107,3,3,24,2,33,0,0,0,15,0,0,42,5,0,61,123,59,0,0
2188,CUYAHOGADCW,51,304,7,2,131,0,44,0,1,0,2,0,0,11,1,0,8,23,175,0,0
2189,CUYAHOGADDR,54,255,7,11,66,0,62,0,0,0,4,0,0,13,1,2,6,26,128,0,0
2190,CUYAHOGADDT,8,499,1,1,126,0,49,0,0,0,0,0,0,2,0,0,0,2,175,0,0
2191,CUYAHOGADDX,5,328,0,2,145,0,35,0,0,0,0,0,0,1,0,0,0,1,180,0,0
2192,CUYAHOGADDY,10,550,0,4,215,1,56,0,0,0,0,0,0,7,0,0,0,7,272,0,0
2193,CUYAHOGADDZ,19,509,2,7,175,0,71,0,2,0,3,0,0,6,0,0,6,17,246,0,0
2194,CUYAHOGADEA,75,262,5,1,70,0,26,0,0,0,6,0,0,6,6,0,16,34,96,0,0
2195,CUYAHOGADEC,302,331,20,9,99,1,75,0,2,0,25,0,0,135,4,0,73,239,175,0,0
2196,CUYAHOGADEI,6,545,2,4,262,0,60,1,0,0,0,0,0,5,0,0,0,6,322,0,0
2197,CUYAHOGADEJ,11,470,2,3,249,0,61,0,0,0,1,0,0,2,0,0,4,7,310,0,0
2198,CUYAHOGADEK,5,461,1,3,243,0,53,0,2,0,0,0,0,2,0,0,0,4,296,0,0
2199,CUYAHOGADEL,12,435,4,2,185,0,54,0,0,0,0,0,0,4,0,0,2,6,239,0,0
2200,CUYAHOGADEM,25,925,3,4,354,0,99,0,0,0,1,0,0,14,0,0,8,23,453,0,0
2201,CUYAHOGADEO,4,413,2,2,129,1,51,0,0,0,1,0,1,2,1,0,1,6,181,0,0
2202,CUYAHOGADEP,15,509,2,2,192,0,51,1,0,0,0,0,0,2,1,0,3,7,243,0,0
2203,CUYAHOGADER,20,408,1,3,180,0,50,0,0,0,1,0,0,4,0,1,4,10,230,0,0
2204,CUYAHOGADES,24,831,5,2,362,1,83,0,0,0,0,0,0,16,2,0,4,22,446,0,0
2205,CUYAHOGADEU,20,324,1,3,112,0,29,0,0,0,3,0,1,5,0,0,2,11,141,0,0
2206,CUYAHOGADEV,13,523,7,4,148,0,70,0,0,0,0,0,0,2,1,0,4,7,218,0,0
2207,CUYAHOGADEX,18,573,4,1,333,0,77,0,0,0,7,0,0,8,0,0,5,20,410,0,0
2208,CUYAHOGADFF,283,385,25,11,83,1,95,0,0,0,22,1,1,77,9,0,58,168,179,0,0
2209,CUYAHOGADFI,669,416,14,3,122,1,69,1,1,0,37,1,1,287,36,0,189,553,192,0,0
2210,DARKEAAA,293,109,22,14,29,1,39,1,2,0,19,0,1,79,6,1,71,180,69,0,0
2211,DARKEAAB,350,128,12,3,42,1,24,0,2,0,21,0,0,118,13,0,73,227,67,0,0
2212,DARKEAAC,347,119,9,2,38,0,25,3,2,1,29,0,4,125,7,0,81,252,63,0,0
2213,DARKEAAD,258,109,11,2,41,3,31,1,0,0,18,0,0,58,4,0,81,162,75,0,0
2214,DARKEAAE,304,95,18,6,20,0,19,0,4,1,16,0,5,73,2,0,102,203,39,0,0
2215,DARKEAAF,290,138,10,2,39,1,31,2,2,0,14,0,3,76,3,0,73,173,71,0,0
2216,DARKEAAG,290,98,9,3,40,2,21,2,1,0,24,0,1,87,3,1,78,197,63,0,0
2217,DARKEAAH,332,106,21,3,35,2,28,1,4,0,27,0,0,57,4,1,88,182,65,0,0
2218,DARKEAAI,562,210,20,3,60,2,23,2,3,0,50,0,0,181,13,1,161,411,85,0,0
2219,DARKEAAJ,256,88,14,7,23,2,27,0,1,0,16,0,0,63,3,0,76,159,52,0,0
2220,DARKEAAK,490,171,10,4,48,4,32,1,1,0,33,0,1,162,7,0,129,334,84,0,0
2221,DARKEAAL,243,104,9,2,19,0,18,0,8,0,25,0,1,62,4,0,59,159,37,0,0
2222,DARKEAAM,556,129,24,5,32,4,38,1,1,1,43,0,1,100,7,0,170,324,74,0,0
2223,DARKEAAN,643,163,22,9,45,1,43,0,4,1,54,1,1,169,4,0,208,442,89,0,0
2224,DARKEAAO,479,66,9,1,19,3,17,3,2,0,40,0,1,87,6,0,97,236,39,0,0
2225,DARKEAAR,690,177,29,2,48,2,29,0,3,0,69,3,4,156,9,0,175,419,79,0,0
2226,DARKEAAS,551,76,14,5,22,2,17,1,6,0,55,2,2,125,8,0,173,372,41,0,0
2227,DARKEAAT,462,64,17,4,17,0,20,0,3,1,52,1,0,125,6,0,113,301,37,0,0
2228,DARKEAAU,365,108,19,4,24,0,25,0,2,0,38,0,2,92,5,2,122,263,49,0,0
2229,DARKEAAV,499,121,19,1,29,0,14,1,2,2,32,0,1,185,9,1,149,382,43,0,0
2230,DARKEAAW,574,123,14,3,30,1,19,1,8,0,44,0,1,131,5,1,209,400,50,0,0
2231,DARKEAAX,407,76,19,2,11,2,24,2,0,0,41,0,1,110,2,0,115,271,37,0,0
2232,DARKEAAZ,589,105,20,3,18,0,28,3,2,3,46,0,0,146,6,0,173,379,46,0,0
2233,DARKEABA,384,56,18,1,14,3,22,0,2,1,20,0,1,89,6,0,137,256,39,0,0
2234,DARKEABC,413,94,10,0,28,1,18,0,2,0,41,1,0,81,2,0,116,243,47,0,0
2235,DARKEABD,303,130,14,2,26,1,28,1,0,1,11,2,2,60,0,2,65,144,55,0,0
2236,DARKEABF,371,62,7,1,29,0,17,2,1,0,27,2,1,66,4,1,121,225,46,0,0
2237,DARKEABG,311,53,2,1,19,1,11,0,3,0,17,0,0,61,2,0,71,154,31,0,0
2238,DARKEABH,796,117,18,3,36,1,27,0,6,0,65,0,1,192,3,0,245,512,64,0,0
2239,DARKEABJ,557,105,13,3,32,1,32,0,3,0,39,0,0,123,2,0,183,350,65,0,0
2240,DARKEABK,268,108,9,6,27,0,34,3,0,0,29,0,1,76,3,0,99,211,61,0,0
2241,DARKEABL,711,40,5,1,12,3,16,0,2,1,79,0,0,166,2,1,175,426,31,0,0
2242,DARKEABN,355,62,7,4,19,1,15,0,0,0,46,0,0,86,7,0,117,256,35,0,0
2243,DARKEABP,868,144,20,7,42,1,28,2,2,0,113,3,7,201,15,0,228,571,71,0,0
2244,DARKEABQ,528,134,23,6,27,3,24,2,4,0,63,1,0,172,5,0,158,405,54,0,0
2245,DARKEABR,381,84,12,2,23,0,20,0,3,1,41,2,0,82,1,1,92,223,43,0,0
2246,DARKEABS,686,99,20,9,32,1,27,1,3,0,45,1,3,148,14,0,203,418,60,0,0
2247,DARKEABT,495,44,21,3,20,0,20,0,6,0,89,1,2,183,5,3,59,348,40,0,0
2248,DARKEABU,485,107,11,1,36,0,17,0,1,1,49,0,3,98,7,0,144,303,53,0,0
2249,DARKEABV,911,106,19,2,32,3,20,2,3,0,84,0,1,264,18,0,198,570,55,0,0
2250,DARKEABX,518,100,21,3,40,1,21,0,6,0,43,0,1,122,9,0,146,327,62,0,0
2251,DARKEABY,598,100,23,1,21,1,20,0,3,1,66,1,1,196,13,2,132,415,42,0,0
2252,DARKEACA,243,42,5,3,17,2,11,0,0,0,22,0,0,59,0,0,53,134,30,0,0
2253,DEFIANCEAAA,503,272,44,6,80,0,67,2,3,1,58,1,0,204,11,1,105,386,147,0,0
2254,DEFIANCEAAB,411,242,22,1,68,1,47,0,4,1,58,0,1,178,14,0,98,354,116,0,0
2255,DEFIANCEAAE,325,257,22,5,64,0,56,1,0,2,28,1,2,114,7,0,56,211,120,0,0
2256,DEFIANCEAAF,242,202,41,7,55,2,66,2,4,0,35,1,1,86,8,0,61,198,123,0,0
2257,DEFIANCEAAH,244,189,25,7,49,0,48,0,3,0,20,1,0,78,6,0,55,163,97,0,0
2258,DEFIANCEAAI,424,341,43,9,91,3,100,1,2,1,39,0,1,156,11,0,96,307,194,0,0
2259,DEFIANCEAAK,527,250,24,5,63,0,53,0,2,0,58,0,0,243,17,0,122,442,116,0,0
2260,DEFIANCEAAL,324,276,28,7,79,0,58,3,2,1,29,0,3,120,10,0,74,242,137,0,0
2261,DEFIANCEAAM,209,173,25,14,44,0,57,1,1,0,22,0,0,69,9,0,38,140,101,0,0
2262,DEFIANCEAAP,310,207,27,13,66,0,51,1,3,0,29,0,1,94,6,1,62,197,117,0,0
2263,DEFIANCEAAR,331,232,17,12,49,1,54,1,2,0,33,1,0,94,7,0,86,224,104,0,0
2264,DEFIANCEAAS,250,182,29,5,45,0,47,0,3,1,24,0,0,97,7,0,53,185,92,0,0
2265,DEFIANCEAAT,429,112,26,5,37,2,35,2,1,0,55,0,1,195,3,0,64,321,74,0,0
2266,DEFIANCEAAU,248,60,5,0,17,1,11,0,3,0,20,0,0,77,8,0,68,176,29,0,0
2267,DEFIANCEAAV,412,161,24,7,37,0,39,2,3,0,43,0,1,152,6,0,86,293,76,0,0
2268,DEFIANCEAAW,497,133,41,3,52,4,59,1,0,2,71,2,2,181,14,0,137,410,115,0,0
2269,DEFIANCEAAY,231,90,26,0,31,2,36,1,3,0,29,0,0,72,6,0,67,178,69,0,0
2270,DEFIANCEAAZ,363,96,16,0,20,2,42,3,2,1,51,0,2,142,14,1,101,317,64,0,0
2271,DEFIANCEABA,602,127,15,5,30,0,39,1,6,1,98,2,0,161,9,1,103,382,69,0,0
2272,DEFIANCEABB,234,114,17,7,40,0,16,0,1,0,33,1,0,70,5,0,40,150,56,0,0
2273,DEFIANCEABC,286,105,19,1,38,1,32,4,1,3,35,0,0,49,7,1,56,156,71,0,0
2274,DEFIANCEABD,321,105,17,2,30,0,29,0,3,1,38,0,0,77,5,0,64,188,59,0,0
2275,DEFIANCEABG,422,164,28,2,51,1,49,5,0,0,44,0,1,129,8,0,108,295,101,0,0
2276,DEFIANCEABH,470,158,21,1,48,3,48,1,3,1,82,1,0,123,8,0,101,320,99,0,0
2277,DEFIANCEABJ,300,103,7,6,24,0,37,2,8,0,55,0,0,115,5,1,67,253,61,0,0
2278,DEFIANCEABK,421,64,18,1,19,2,22,0,2,0,64,0,3,104,2,0,90,265,43,0,0
2279,DEFIANCEABL,324,171,18,1,34,1,48,0,2,2,38,0,3,102,7,0,76,230,83,0,0
2280,DEFIANCEABM,475,179,32,7,59,1,53,1,4,0,55,1,2,166,10,0,126,365,113,0,0
2281,DEFIANCEABO,462,204,31,4,58,1,48,1,2,0,44,0,4,183,11,0,83,328,107,0,0
2282,DEFIANCEABQ,280,113,25,2,44,1,25,0,2,1,24,0,0,71,2,0,61,161,70,0,0
2283,DEFIANCEABR,248,91,24,5,25,0,22,1,1,0,17,0,0,88,3,0,58,168,47,0,0
2284,DEFIANCEABS,100,43,5,0,14,2,19,1,0,0,13,0,0,24,0,0,26,64,35,0,0
2285,DEFIANCEABT,463,152,20,3,59,5,51,2,3,2,71,0,2,172,14,2,141,409,115,0,0
2286,DELAWAREAAA,325,337,23,11,77,0,60,2,0,0,31,1,0,183,5,0,58,280,137,0,0
2287,DELAWAREAAB,324,215,29,9,55,0,58,1,1,1,44,0,1,138,5,0,53,244,113,0,0
2288,DELAWAREAAC,488,380,31,10,108,0,83,1,6,1,62,0,1,238,9,0,117,435,191,0,0
2289,DELAWAREAAD,440,282,33,8,49,0,77,1,2,0,37,0,0,215,11,0,105,371,126,0,0
2290,DELAWAREAAE,274,199,28,7,55,0,52,0,0,0,31,0,0,141,2,0,60,234,107,0,0
2291,DELAWAREAAF,170,162,24,4,45,0,30,1,1,0,21,0,0,104,4,0,42,173,75,0,0
2292,DELAWAREAAG,288,266,34,1,70,0,76,0,0,0,47,0,0,171,7,0,48,273,146,0,0
2293,DELAWAREAAH,366,270,35,3,58,0,57,1,0,0,64,0,1,155,8,0,50,279,115,0,0
2294,DELAWAREAAI,522,353,47,2,93,0,71,0,1,0,68,0,3,278,12,3,121,486,164,0,0
2295,DELAWAREAAJ,508,355,57,6,84,1,90,1,7,1,71,0,3,245,3,0,104,435,175,0,0
2296,DELAWAREAAK,338,254,35,5,52,0,55,1,3,0,49,0,0,131,8,0,65,257,107,0,0
2297,DELAWAREAAL,219,233,36,7,51,1,89,0,3,0,24,1,0,96,1,0,42,167,141,0,0
2298,DELAWAREAAM,132,390,24,7,42,0,123,0,0,0,20,0,0,55,5,0,17,97,165,0,0
2299,DELAWAREAAN,327,252,30,3,50,1,64,0,1,0,40,0,1,93,1,1,69,206,115,0,0
2300,DELAWAREAAO,243,195,27,4,29,0,46,0,0,0,25,0,0,99,3,0,42,169,75,0,0
2301,DELAWAREAAP,344,305,27,5,98,3,55,6,2,1,53,0,2,235,9,1,70,379,156,0,0
2302,DELAWAREAAQ,336,274,30,8,71,0,84,0,0,0,47,0,0,168,2,0,62,279,155,0,0
2303,DELAWAREAAR,357,424,36,11,137,0,122,0,0,0,39,0,1,231,3,0,78,352,259,0,0
2304,DELAWAREAAS,275,393,51,5,114,0,92,1,3,0,36,1,0,192,7,0,43,283,206,0,0
2305,DELAWAREAAT,251,339,26,9,79,2,123,0,4,1,44,0,0,147,4,0,53,253,204,0,0
2306,DELAWAREAAU,217,141,21,2,38,1,51,0,1,0,22,0,1,70,2,1,44,141,90,0,0
2307,DELAWAREAAV,554,382,63,5,80,1,87,0,2,1,92,0,0,222,11,0,95,423,168,0,0
2308,DELAWAREAAW,287,256,22,7,72,2,53,1,2,0,30,0,0,105,6,0,62,206,127,0,0
2309,DELAWAREAAY,331,191,4,1,47,0,13,0,2,0,19,0,0,188,2,0,58,269,60,0,0
2310,DELAWAREAAZ,336,219,15,2,51,0,30,2,1,0,18,0,0,214,4,0,73,312,81,0,0
2311,DELAWAREABA,404,293,23,2,53,0,44,1,1,0,25,0,1,260,2,0,84,374,97,0,0
2312,DELAWAREABB,438,298,25,2,60,0,25,1,0,0,37,0,0,300,2,0,86,426,85,0,0
2313,DELAWAREABC,353,364,26,4,93,1,46,1,2,0,31,0,0,256,3,0,58,351,140,0,0
2314,DELAWAREABD,252,272,17,1,62,0,36,1,0,1,32,1,0,233,4,0,51,323,98,0,0
2315,DELAWAREABE,333,330,34,5,79,1,42,0,1,0,26,1,2,279,5,0,63,377,122,0,0
2316,DELAWAREABF,386,362,36,7,91,0,79,0,0,0,48,0,0,259,7,0,70,384,170,0,0
2317,DELAWAREABG,359,335,24,6,87,0,49,0,0,0,34,0,0,250,10,0,66,360,136,0,0
2318,DELAWAREABH,231,186,17,2,47,0,24,0,2,1,30,0,0,105,2,0,54,194,71,0,0
2319,DELAWAREABI,262,109,17,1,26,1,20,1,0,0,22,0,0,124,2,0,65,214,47,0,0
2320,DELAWAREABJ,717,339,40,1,88,1,52,0,4,2,97,2,0,331,8,0,156,600,141,0,0
2321,DELAWAREABK,454,207,33,6,44,3,41,1,4,0,72,1,0,218,4,0,76,376,88,0,0
2322,DELAWAREABL,341,148,21,3,29,1,38,0,1,0,35,0,1,126,3,0,78,244,68,0,0
2323,DELAWAREABM,295,133,35,5,29,0,41,0,0,1,32,0,1,137,4,1,60,236,70,0,0
2324,DELAWAREABN,507,256,29,9,79,1,62,1,2,1,82,0,2,263,10,0,120,481,142,0,0
2325,DELAWAREABO,588,310,40,3,83,1,53,1,2,1,61,2,1,379,5,1,115,568,137,0,0
2326,DELAWAREABP,295,156,19,5,33,1,43,0,1,1,31,0,0,118,5,0,64,220,77,0,0
2327,DELAWAREABQ,578,226,31,4,52,1,36,0,3,0,77,0,0,279,7,0,131,497,89,0,0
2328,DELAWAREABS,417,200,28,5,54,0,39,0,1,0,52,0,1,218,4,0,98,374,93,0,0
2329,DELAWAREABT,384,183,26,1,19,0,19,0,0,0,25,0,0,238,10,0,62,335,38,0,0
2330,DELAWAREABU,344,172,18,2,39,0,35,1,2,0,42,0,1,140,5,0,68,259,74,0,0
2331,DELAWAREABV,214,107,16,1,18,0,16,0,3,0,25,0,0,101,2,0,41,172,34,0,0
2332,DELAWAREABW,225,215,8,10,37,0,62,0,0,0,28,0,0,124,3,0,51,206,99,0,0
2333,DELAWAREABX,255,139,11,2,41,1,27,1,0,0,36,1,0,91,3,0,61,193,69,0,0
2334,DELAWAREABY,507,261,30,5,62,1,49,0,0,0,76,1,0,225,10,0,103,415,112,0,0
2335,DELAWAREABZ,362,249,16,2,57,0,32,0,1,0,41,1,0,253,2,0,78,376,89,0,0
2336,DELAWAREACA,410,177,22,2,47,2,30,0,0,0,52,0,0,235,5,0,70,362,79,0,0
2337,DELAWAREACB,444,305,29,5,74,0,29,0,0,0,46,0,0,310,4,0,77,437,103,0,0
2338,DELAWAREACC,423,392,27,3,83,0,67,0,1,0,37,0,0,306,7,0,77,428,150,0,0
2339,DELAWAREACD,325,221,18,3,42,0,26,1,0,0,13,0,0,266,3,1,53,337,68,0,0
2340,DELAWAREACE,335,190,20,1,59,0,26,0,0,2,36,0,0,196,4,0,75,313,85,0,0
2341,DELAWAREACF,352,310,36,5,65,0,37,1,1,0,53,1,0,242,7,0,54,359,102,0,0
2342,DELAWAREACG,607,496,40,10,138,0,56,1,2,0,49,0,0,430,9,0,112,603,194,0,0
2343,DELAWAREACH,492,171,25,2,29,0,42,0,2,1,80,0,0,226,5,0,108,422,71,0,0
2344,DELAWAREACI,453,221,35,4,57,0,43,0,2,1,81,0,1,203,11,0,104,403,100,0,0
2345,DELAWAREACJ,420,161,28,6,42,0,38,0,1,0,59,0,0,181,1,0,82,324,80,0,0
2346,DELAWAREACK,189,103,11,4,19,0,23,0,0,0,21,0,0,61,1,0,33,116,42,0,0
2347,DELAWAREACL,473,164,23,4,44,0,42,0,0,0,92,0,0,163,6,0,103,364,86,0,0
2348,DELAWAREACM,460,170,16,4,33,3,25,0,1,0,57,1,0,180,8,0,85,332,61,0,0
2349,DELAWAREACN,482,313,29,5,92,0,36,1,3,1,59,0,0,309,8,0,84,465,128,0,0
2350,DELAWAREACO,528,288,17,11,74,0,61,0,1,0,53,0,0,285,7,0,124,470,135,0,0
2351,DELAWAREACP,462,289,21,6,76,1,48,1,3,0,33,0,0,311,6,1,93,448,125,0,0
2352,DELAWAREACQ,416,297,16,4,81,0,27,0,0,0,29,0,0,234,6,0,82,351,108,0,0
2353,DELAWAREACR,409,214,16,3,44,2,22,0,0,0,41,0,0,266,15,0,79,401,68,0,0
2354,DELAWAREACS,471,243,12,0,50,0,22,0,1,0,29,0,0,325,6,0,88,449,72,0,0
2355,DELAWAREACT,370,364,37,10,81,0,68,1,0,0,30,0,0,239,6,0,79,355,149,0,0
2356,DELAWAREACU,499,358,36,7,73,0,34,0,1,1,44,0,1,370,9,0,95,521,107,0,0
2357,DELAWAREACV,265,234,18,5,62,0,36,0,0,0,33,0,0,209,5,0,45,292,98,0,0
2358,DELAWAREACW,314,235,18,5,64,0,36,0,1,0,25,0,0,227,6,0,69,328,100,0,0
2359,DELAWAREACX,442,357,31,5,99,0,59,0,0,0,32,1,0,377,6,0,94,510,158,0,0
2360,DELAWAREACY,356,230,15,1,60,0,33,0,0,0,30,1,0,274,9,0,73,387,93,0,0
2361,DELAWAREACZ,394,502,37,2,112,0,70,1,1,1,32,0,2,335,12,0,95,479,182,0,0
2362,DELAWAREADA,134,30,6,0,5,1,8,0,0,0,16,0,0,57,3,1,37,114,14,0,0
2363,DELAWAREADB,350,318,32,6,93,0,49,1,2,0,41,0,0,209,8,1,83,345,142,0,0
2364,DELAWAREADC,492,444,39,5,113,0,75,1,6,0,45,0,0,376,7,0,101,536,188,0,0
2365,DELAWAREADD,344,262,36,2,72,0,37,0,4,0,43,0,0,223,2,0,65,337,109,0,0
2366,DELAWAREADE,695,438,23,4,91,0,41,0,2,0,44,0,0,426,8,0,123,603,132,0,0
2367,DELAWAREADF,274,276,33,5,62,0,49,1,1,0,39,0,1,206,6,0,36,290,111,0,0
2368,DELAWAREADG,443,269,34,2,58,0,36,0,0,0,33,1,0,250,10,1,62,357,94,0,0
2369,DELAWAREADH,292,383,24,6,82,0,90,1,0,0,30,1,1,122,3,0,51,209,172,0,0
2370,DELAWAREADI,476,496,65,2,122,1,102,2,0,1,57,0,0,356,9,0,97,522,225,0,0
2371,DELAWAREADJ,338,148,19,11,51,0,23,0,1,0,47,0,0,148,5,0,93,294,74,0,0
2372,DELAWAREADK,296,148,12,3,38,3,41,1,2,0,38,0,0,104,3,1,69,218,82,0,0
2373,DELAWAREADM,453,144,31,2,41,3,39,1,1,0,60,0,0,181,4,0,119,366,83,0,0
2374,DELAWAREADN,470,148,22,3,45,0,36,0,1,0,64,0,1,198,7,0,113,384,81,0,0
2375,DELAWAREADO,681,245,35,7,56,0,55,1,3,0,108,0,0,319,15,0,148,594,111,0,0
2376,DELAWAREADQ,282,122,17,1,21,0,32,0,0,0,26,0,0,104,2,0,71,203,53,0,0
2377,DELAWAREADR,508,213,42,4,50,0,38,0,1,1,72,0,1,210,0,0,114,399,88,0,0
2378,DELAWAREADS,479,210,23,3,46,2,50,0,1,0,76,0,1,172,4,0,112,366,98,0,0
2379,DELAWAREADT,248,116,14,2,25,3,30,1,5,0,38,0,2,108,4,0,51,209,58,0,0
2380,DELAWAREADU,416,147,23,3,45,2,24,2,2,0,51,0,0,190,4,0,72,321,71,0,0
2381,DELAWAREADV,514,161,33,6,36,1,51,0,1,0,69,0,0,201,3,0,96,370,88,0,0
2382,DELAWAREADW,369,139,24,5,39,0,28,2,4,1,62,1,0,129,6,0,77,282,67,0,0
2383,DELAWAREADX,396,171,26,3,44,0,28,0,3,0,49,0,0,139,4,0,85,280,72,0,0
2384,DELAWAREADZ,309,242,24,1,59,1,21,1,0,0,32,0,3,222,8,0,79,345,81,0,0
2385,DELAWAREAEA,469,393,40,4,72,0,48,1,0,0,27,0,0,412,4,0,59,503,120,0,0
2386,DELAWAREAEB,358,372,39,9,71,0,73,1,0,0,41,0,1,215,18,0,81,357,144,0,0
2387,DELAWAREAEC,288,287,22,4,76,1,51,0,2,0,38,0,0,157,9,1,53,260,128,0,0
2388,DELAWAREAED,302,214,19,3,52,0,18,0,0,1,24,0,0,199,1,0,51,276,70,0,0
2389,DELAWAREAEE,338,253,29,8,50,0,37,0,1,0,49,0,0,237,6,0,39,332,87,0,0
2390,DELAWAREAEF,544,360,32,5,77,0,51,0,0,0,32,0,0,371,3,2,97,505,128,0,0
2391,DELAWAREAEG,299,219,11,0,43,0,20,0,1,0,20,0,0,210,3,0,59,293,63,0,0
2392,DELAWAREAEH,330,515,49,8,94,0,95,0,1,1,38,1,1,185,6,0,65,298,189,0,0
2393,DELAWAREAEI,563,371,31,5,77,0,62,0,2,0,51,0,1,400,13,1,87,555,139,0,0
2394,DELAWAREAEJ,449,432,39,12,93,0,76,0,1,0,45,0,0,359,3,0,72,480,169,0,0
2395,DELAWAREAEK,289,302,25,1,82,0,31,0,3,0,40,0,0,219,6,1,57,326,113,0,0
2396,DELAWAREAEL,483,409,44,3,108,0,53,1,2,1,32,0,0,322,10,0,101,469,161,0,0
2397,DELAWAREAEM,299,259,18,2,71,0,32,0,1,0,24,1,0,205,3,0,74,308,103,0,0
2398,DELAWAREAEN,409,310,34,4,80,0,63,1,1,0,62,0,1,245,12,0,86,408,143,0,0
2399,DELAWAREAEO,291,185,13,5,37,0,37,0,0,0,32,0,0,163,4,0,63,262,74,0,0
2400,DELAWAREAEP,314,238,20,3,55,0,49,1,0,0,34,0,0,259,10,0,57,361,104,0,0
2401,DELAWAREAEQ,460,293,21,6,72,0,30,0,0,0,36,0,0,281,7,0,88,412,102,0,0
2402,DELAWAREAER,358,282,32,1,42,1,35,1,1,0,43,0,1,201,4,0,53,304,78,0,0
2403,DELAWAREAES,88,184,12,7,47,0,38,0,0,0,8,0,0,32,1,0,10,51,85,0,0
2404,DELAWAREAET,367,249,37,4,52,1,50,0,0,0,48,1,0,162,5,0,59,275,103,0,0
2405,DELAWAREAEU,504,468,38,7,115,1,62,0,1,0,49,1,1,370,7,0,72,501,178,0,0
2406,DELAWAREAEV,334,487,37,14,109,0,86,0,1,0,34,0,0,141,6,1,64,247,195,0,0
2407,DELAWAREAEW,522,329,49,5,85,0,44,4,2,1,41,1,0,377,10,0,119,555,129,0,0
2408,DELAWAREAEX,437,324,29,3,70,0,48,0,1,0,29,0,0,335,11,0,61,437,118,0,0
2409,DELAWAREAEY,356,275,19,1,62,0,34,1,0,1,23,1,0,230,4,0,58,318,96,0,0
2410,DELAWAREAEZ,254,267,18,0,101,0,55,1,1,0,34,0,0,253,5,1,71,366,156,0,0
2411,DELAWAREAFA,417,343,22,5,87,0,52,0,2,0,47,0,0,274,5,0,91,419,139,0,0
2412,DELAWAREAFB,444,259,38,2,54,1,41,3,1,1,50,0,0,181,3,0,87,326,96,0,0
2413,DELAWAREAFC,445,278,23,2,64,0,41,0,0,0,37,1,1,335,8,1,86,469,105,0,0
2414,DELAWAREAFE,444,325,39,2,70,1,39,1,2,2,47,0,0,205,5,0,73,335,110,0,0
2415,DELAWAREAFF,517,304,31,5,69,0,40,4,2,0,56,0,0,336,9,0,107,514,109,0,0
2416,DELAWAREAFH,460,314,23,3,73,0,41,3,2,0,33,0,0,250,3,0,97,388,114,0,0
2417,DELAWAREAFI,547,252,40,7,49,1,59,0,0,0,74,0,0,209,8,0,71,362,109,0,0
2418,DELAWAREAFJ,271,282,22,7,64,0,29,0,0,2,24,1,0,167,7,0,42,243,93,0,0
2419,DELAWAREAFK,335,277,32,6,52,0,50,0,0,0,39,0,0,205,7,1,55,307,102,0,0
2420,DELAWAREAFL,516,377,29,4,117,0,43,1,0,1,44,0,1,333,10,0,104,494,160,0,0
2421,DELAWAREAFM,322,293,34,4,101,2,47,0,2,0,28,0,0,232,12,0,68,342,150,0,0
2422,DELAWAREAFN,220,241,21,4,69,0,35,0,0,0,30,0,0,118,7,0,39,194,104,0,0
2423,DELAWAREAFO,337,317,24,8,60,0,32,1,1,1,15,0,0,262,3,0,73,356,92,0,0
2424,DELAWAREAFQ,305,170,13,0,33,0,15,0,0,0,9,0,0,231,1,0,37,278,48,0,0
2425,DELAWAREAFR,360,252,19,2,63,0,55,0,0,0,37,0,1,234,3,0,70,345,118,0,0
2426,DELAWAREAFS,400,307,30,5,66,0,63,0,1,0,49,0,0,244,10,0,81,385,129,0,0
2427,DELAWAREAFT,316,273,18,1,69,1,36,0,0,1,37,0,0,205,6,0,72,321,106,0,0
2428,DELAWAREAFU,499,310,18,1,64,1,31,1,0,0,33,0,0,332,11,0,103,480,96,0,0
2429,DELAWAREAFV,228,200,12,1,64,0,20,1,2,0,27,0,0,160,5,0,53,248,84,0,0
2430,DELAWAREAFW,326,365,25,8,81,0,69,1,1,0,27,1,1,140,6,0,58,235,150,0,0
2431,DELAWAREAFX,488,332,42,8,81,0,40,0,0,0,42,0,2,289,6,0,103,442,121,0,0
2432,DELAWAREAFY,338,294,31,3,68,1,60,0,1,0,29,0,0,187,11,0,62,290,129,0,0
2433,DELAWAREAFZ,259,146,20,1,37,0,42,0,0,0,34,0,0,116,9,0,55,214,79,0,0
2434,DELAWAREAGA,253,195,24,0,54,0,26,0,0,0,25,0,0,183,5,0,47,260,80,0,0
2435,DELAWAREAGB,441,281,20,6,70,0,56,0,5,0,47,0,0,264,6,1,98,421,126,0,0
2436,DELAWAREAGC,289,299,8,3,66,0,46,0,0,1,23,0,0,218,4,0,52,298,112,0,0
2437,DELAWAREAGD,283,117,23,7,30,0,22,1,2,0,26,0,1,163,3,0,69,265,52,0,0
2438,ERIEAAA,436,299,22,7,87,0,73,0,2,1,33,0,1,203,12,0,113,365,160,0,0
2439,ERIEAAB,292,273,25,6,74,0,97,0,3,1,31,0,2,100,11,0,79,227,171,0,0
2440,ERIEAAC,376,241,16,5,69,1,53,0,1,1,28,1,1,112,7,0,106,257,123,0,0
2441,ERIEAAE,353,285,29,6,106,2,78,0,6,1,28,0,2,86,6,0,80,209,186,0,0
2442,ERIEAAI,304,190,17,7,72,0,62,1,3,0,39,0,0,76,10,0,80,209,134,0,0
2443,ERIEAAJ,443,251,22,12,58,2,82,2,1,0,39,1,3,178,10,1,100,335,142,0,0
2444,ERIEABV,265,179,24,3,59,1,41,2,5,0,21,0,0,88,5,0,65,186,101,0,0
2445,ERIEABX,184,187,24,2,75,1,56,0,3,0,10,0,1,64,3,0,40,121,132,0,0
2446,ERIEABY,291,257,29,7,89,1,70,0,2,0,16,1,0,110,3,1,80,213,160,0,0
2447,ERIEACA,261,191,19,8,67,3,72,0,1,0,19,0,1,78,3,0,79,181,142,0,0
2448,ERIEACB,266,182,11,1,83,2,47,0,3,0,17,3,3,77,4,0,69,176,132,0,0
2449,ERIEACC,187,122,19,6,45,1,38,0,3,0,20,0,2,44,4,1,44,118,84,0,0
2450,ERIEACD,549,268,25,9,67,1,75,1,6,0,43,0,1,131,4,0,137,323,143,0,0
2451,ERIEACF,374,203,16,7,63,4,82,0,1,0,26,0,0,96,7,0,88,218,149,0,0
2452,ERIEACG,369,214,16,5,78,1,69,2,3,1,31,0,0,107,7,0,109,260,148,0,0
2453,ERIEACH,520,249,29,6,107,1,78,1,5,0,43,0,3,150,3,0,139,344,186,0,0
2454,ERIEACI,488,193,24,7,75,3,62,2,7,1,46,0,2,122,9,0,115,304,140,0,0
2455,ERIEACK,521,218,18,8,58,0,50,2,1,0,39,0,0,145,9,2,164,362,108,0,0
2456,ERIEACL,434,246,18,6,82,3,58,1,1,0,29,2,1,144,13,0,100,291,143,0,0
2457,ERIEACM,425,243,14,3,107,1,52,2,2,0,27,1,3,159,8,0,114,316,160,0,0
2458,ERIEACN,167,98,7,4,32,0,25,0,0,0,6,0,0,45,1,0,31,83,57,0,0
2459,ERIEACO,185,128,4,5,47,1,47,0,2,0,10,0,0,34,1,0,48,95,95,0,0
2460,ERIEACP,209,144,13,2,48,6,44,1,3,0,26,0,0,52,6,0,52,140,98,0,0
2461,ERIEACQ,439,227,25,1,77,2,59,1,3,0,45,0,1,117,11,0,103,281,138,0,0
2462,ERIEACR,269,150,12,6,60,1,51,0,1,0,26,0,0,49,5,1,70,152,112,0,0
2463,ERIEACS,374,274,23,4,97,1,74,0,2,0,42,1,1,71,7,0,80,204,172,0,0
2464,ERIEACT,236,171,13,1,50,1,51,0,1,0,23,0,0,63,4,0,66,157,102,0,0
2465,ERIEACW,336,180,19,3,47,1,57,0,4,0,23,0,0,87,5,0,73,192,105,0,0
2466,ERIEACX,564,283,43,10,57,2,79,1,9,0,55,0,0,182,7,0,134,388,138,0,0
2467,ERIEADA,420,172,26,3,58,2,85,0,1,2,39,0,0,101,7,2,125,277,145,0,0
2468,ERIEADB,560,371,34,4,148,2,94,3,4,0,34,3,4,194,14,0,147,403,244,0,0
2469,ERIEADC,346,297,22,6,116,3,78,0,5,0,25,1,1,134,13,0,102,281,197,0,0
2470,ERIEADD,374,236,22,7,105,4,94,0,2,0,40,0,0,99,17,0,104,262,203,0,0
2471,ERIEADE,262,267,20,4,105,1,88,1,1,0,27,0,0,54,2,0,67,152,194,0,0
2472,ERIEADF,353,366,29,4,149,0,88,0,1,1,31,0,1,107,6,0,82,229,237,0,0
2473,ERIEADH,434,317,23,1,133,0,92,3,4,0,44,1,0,128,14,0,123,317,225,0,0
2474,ERIEADJ,299,240,26,3,104,3,63,4,3,1,28,0,1,93,11,0,83,224,170,0,0
2475,ERIEADM,379,278,11,5,122,1,54,1,4,1,31,0,3,147,15,0,103,305,177,0,0
2476,ERIEADN,104,68,0,1,34,2,18,1,1,0,6,1,0,26,2,1,32,70,54,0,0
2477,ERIEADO,556,313,21,3,140,5,118,0,5,0,59,1,1,157,17,0,154,394,263,0,0
2478,ERIEADS,245,179,15,7,58,0,60,0,0,1,27,0,0,91,2,0,53,174,118,0,0
2479,ERIEADT,446,301,26,3,107,6,106,1,1,0,28,0,1,128,6,0,114,279,219,0,0
2480,ERIEADU,299,177,21,5,47,4,71,1,3,0,32,0,1,64,4,1,88,194,122,0,0
2481,ERIEADV,235,108,11,3,39,3,44,1,0,1,10,0,1,53,2,0,57,125,86,0,0
2482,ERIEADW,265,180,16,4,74,2,66,0,2,0,14,0,1,57,2,0,92,168,142,0,0
2483,ERIEADX,223,95,7,2,45,0,25,0,0,0,9,0,0,101,3,0,54,167,70,0,0
2484,ERIEADY,242,479,9,7,160,2,101,1,0,0,14,0,1,40,2,0,66,124,263,0,0
2485,ERIEADZ,157,420,5,1,141,0,63,0,0,1,16,0,0,35,5,0,39,96,204,0,0
2486,ERIEAEA,241,317,10,9,107,0,81,1,1,0,17,1,2,74,6,0,53,155,188,0,0
2487,ERIEAEB,242,422,20,7,135,5,110,1,0,0,12,0,0,64,5,0,57,139,250,0,0
2488,ERIEAEC,229,403,15,9,145,1,87,2,3,0,22,0,0,70,3,0,57,157,233,0,0
2489,ERIEAED,235,510,27,11,147,3,119,2,4,1,14,1,0,60,5,0,58,145,269,0,0
2490,ERIEAEE,202,405,28,12,109,1,107,1,2,0,19,0,0,49,4,0,46,121,217,0,0
2491,ERIEAEF,269,380,25,9,119,1,101,1,5,0,23,1,0,81,10,0,62,183,221,0,0
2492,ERIEAEG,174,387,12,6,154,2,69,2,0,0,21,0,0,25,3,0,38,89,225,0,0
2493,ERIEAEH,245,413,29,10,111,3,91,0,1,0,20,2,3,72,3,0,46,147,205,0,0
2494,ERIEAEI,161,262,21,10,87,1,90,1,1,0,15,0,0,31,3,0,35,86,178,0,0
2495,ERIEAEJ,185,295,24,7,98,1,87,0,0,0,16,0,1,34,2,2,44,99,186,0,0
2496,ERIEAEK,155,364,15,6,125,0,67,0,3,0,12,0,3,28,3,0,37,86,192,0,0
2497,ERIEAEL,256,301,18,8,111,2,79,0,3,0,10,0,1,57,5,1,59,136,192,0,0
2498,ERIEAEM,438,413,35,5,146,6,93,1,1,1,47,0,0,126,7,1,94,278,245,0,0
2499,ERIEAEN,300,175,26,3,53,0,55,1,1,1,22,0,0,115,1,0,63,204,108,0,0
2500,FAIRFIELDAAA,588,269,42,10,94,3,55,1,2,0,64,0,3,133,6,0,141,350,152,0,0
2501,FAIRFIELDAAB,685,357,31,10,119,5,71,4,2,0,62,1,0,219,8,0,179,475,195,0,0
2502,FAIRFIELDAAC,578,316,24,10,96,4,66,1,3,0,75,0,2,156,10,0,116,363,166,0,0
2503,FAIRFIELDAAF,758,284,36,3,61,2,63,0,5,0,97,1,0,248,15,1,186,553,126,0,0
2504,FAIRFIELDAAG,516,319,36,8,75,2,81,2,2,2,73,1,1,194,6,1,114,396,158,0,0
2505,FAIRFIELDAAH,755,291,49,8,72,1,63,1,5,1,95,0,0,216,15,0,169,502,136,0,0
2506,FAIRFIELDAAL,384,234,21,13,63,1,48,1,2,0,39,1,1,168,9,0,82,303,112,0,0
2507,FAIRFIELDAAM,292,177,14,8,50,2,54,0,1,0,30,0,1,119,4,1,51,207,106,0,0
2508,FAIRFIELDAAN,275,224,13,16,48,3,53,0,0,1,36,1,1,143,8,0,83,273,104,0,0
2509,FAIRFIELDAAO,305,197,19,9,51,1,49,0,2,0,50,1,1,83,8,0,69,214,101,0,0
2510,FAIRFIELDAAP,541,262,15,7,66,1,55,0,1,0,44,0,1,254,9,0,132,441,122,0,0
2511,FAIRFIELDAAQ,496,285,27,7,79,2,68,0,2,2,45,0,0,182,11,0,117,359,149,0,0
2512,FAIRFIELDAAR,442,174,12,0,45,3,20,1,2,0,31,0,1,213,16,1,77,342,68,0,0
2513,FAIRFIELDAAS,403,260,32,7,61,0,62,1,2,0,40,1,1,136,5,1,80,267,123,0,0
2514,FAIRFIELDAAU,232,163,20,2,36,0,43,0,0,0,30,0,1,66,3,0,59,159,79,0,0
2515,FAIRFIELDAAV,259,160,21,12,42,0,47,1,1,0,25,0,0,86,6,0,45,164,89,0,0
2516,FAIRFIELDAAW,296,213,15,5,50,2,55,3,1,1,26,0,0,71,3,0,58,163,107,0,0
2517,FAIRFIELDAAX,308,165,25,3,49,0,47,0,1,0,28,0,1,69,2,0,71,172,96,0,0
2518,FAIRFIELDAAY,523,286,27,10,75,2,74,0,1,1,57,0,1,91,8,0,120,279,151,0,0
2519,FAIRFIELDAAZ,315,212,19,8,49,3,53,1,1,0,24,1,0,59,3,0,78,167,105,0,0
2520,FAIRFIELDABA,488,286,35,12,77,4,83,4,0,0,48,1,2,131,11,0,128,325,164,0,0
2521,FAIRFIELDABC,315,242,27,3,66,0,42,1,2,0,44,0,0,115,4,0,74,240,108,0,0
2522,FAIRFIELDABD,409,304,26,5,74,0,66,0,1,0,45,0,0,171,5,1,79,302,140,0,0
2523,FAIRFIELDABE,501,350,33,7,84,0,62,0,1,0,64,0,0,211,5,0,110,391,146,0,0
2524,FAIRFIELDABF,296,154,18,5,27,1,49,0,1,0,46,0,0,123,4,0,64,238,77,0,0
2525,FAIRFIELDABG,270,233,13,4,56,0,34,1,1,0,28,0,0,137,7,0,52,226,90,0,0
2526,FAIRFIELDABH,664,577,55,10,128,1,84,0,0,0,71,0,2,234,12,0,120,439,213,0,0
2527,FAIRFIELDABI,420,343,31,9,64,0,71,0,0,0,55,0,0,207,8,0,100,370,135,0,0
2528,FAIRFIELDABJ,378,236,36,7,60,1,69,0,6,0,57,0,1,138,6,0,64,272,130,0,0
2529,FAIRFIELDABK,231,238,22,8,39,2,49,0,0,0,37,0,0,89,2,1,53,182,90,0,0
2530,FAIRFIELDABL,349,89,17,1,19,0,25,0,2,0,51,0,0,118,4,0,72,247,44,0,0
2531,FAIRFIELDABM,594,185,29,7,53,3,54,0,4,0,76,0,1,193,8,0,160,442,110,0,0
2532,FAIRFIELDABO,449,155,19,6,46,1,50,0,1,0,65,1,0,131,8,0,95,301,97,0,0
2533,FAIRFIELDABP,428,155,19,4,41,0,41,1,0,0,57,0,2,124,11,0,94,289,82,0,0
2534,FAIRFIELDABQ,378,172,18,6,56,0,38,1,2,0,44,1,0,93,4,0,97,242,94,0,0
2535,FAIRFIELDABR,400,168,23,4,68,3,48,0,1,0,56,0,0,103,3,0,105,268,119,0,0
2536,FAIRFIELDABT,526,202,43,5,44,0,33,0,0,0,98,0,0,169,1,0,101,369,77,0,0
2537,FAIRFIELDABU,769,308,25,5,64,0,64,0,5,1,114,0,0,263,8,0,186,577,128,0,0
2538,FAIRFIELDABV,652,285,25,3,78,2,54,0,0,0,62,0,1,233,9,0,122,427,134,0,0
2539,FAIRFIELDABW,640,252,17,11,75,1,57,1,2,1,98,0,3,244,4,0,135,488,133,0,0
2540,FAIRFIELDABX,612,192,21,7,40,0,41,1,1,1,123,0,0,205,11,0,114,456,81,0,0
2541,FAIRFIELDACA,496,256,22,3,63,1,52,1,1,0,62,0,0,161,4,0,84,313,116,0,0
2542,FAIRFIELDACB,638,202,33,4,61,6,60,0,4,0,87,0,3,162,12,1,163,432,127,0,0
2543,FAIRFIELDACC,694,189,30,4,81,1,50,2,1,0,99,0,3,162,13,0,165,445,132,0,0
2544,FAIRFIELDACF,598,213,33,2,42,2,48,2,1,0,55,0,0,176,7,0,144,385,92,0,0
2545,FAIRFIELDACG,752,221,34,3,49,2,58,0,1,1,111,0,0,252,8,0,162,535,109,0,0
2546,FAIRFIELDACH,409,124,14,3,28,0,24,0,2,0,59,0,0,146,3,0,94,304,52,0,0
2547,FAIRFIELDACI,378,162,12,6,47,1,46,0,0,0,39,2,0,129,3,0,92,265,94,0,0
2548,FAIRFIELDACK,431,120,19,5,40,2,41,2,0,1,73,0,0,140,9,0,111,336,83,0,0
2549,FAIRFIELDACL,397,161,15,5,66,4,34,0,3,1,40,0,0,119,3,1,120,287,104,0,0
2550,FAIRFIELDACM,430,157,11,6,54,2,47,0,4,0,73,1,1,114,10,0,113,316,103,0,0
2551,FAIRFIELDACN,546,195,21,2,64,2,33,1,2,0,70,0,0,206,6,1,115,401,99,0,0
2552,FAIRFIELDACO,781,219,32,9,50,1,43,0,1,0,114,0,2,235,9,0,170,531,94,0,0
2553,FAIRFIELDACP,439,148,17,0,51,2,30,2,4,0,46,0,0,146,3,0,111,312,83,0,0
2554,FAIRFIELDACQ,488,182,16,4,47,2,53,0,1,0,59,0,0,183,3,0,95,341,102,0,0
2555,FAIRFIELDACR,423,240,27,7,55,0,49,0,2,0,45,1,2,131,9,0,111,301,104,0,0
2556,FAIRFIELDACS,404,181,22,6,64,0,45,0,1,0,55,0,0,120,8,0,94,278,109,0,0
2557,FAIRFIELDACV,607,117,18,4,51,2,41,1,2,0,84,0,1,133,6,0,178,405,94,0,0
2558,FAIRFIELDACW,660,274,33,5,80,2,53,0,3,1,73,1,1,267,19,0,152,517,135,0,0
2559,FAIRFIELDACX,462,195,27,9,56,0,34,2,4,0,55,0,0,136,5,2,113,317,90,0,0
2560,FAIRFIELDACY,429,125,16,3,44,1,36,0,1,0,48,0,3,149,9,0,86,296,81,0,0
2561,FAIRFIELDACZ,386,146,17,0,44,0,33,1,3,0,47,1,0,149,7,0,102,310,77,0,0
2562,FAIRFIELDADA,481,236,24,1,65,1,42,1,0,0,47,0,0,230,8,0,123,409,108,0,0
2563,FAIRFIELDADE,322,89,15,1,21,1,24,0,1,1,42,0,0,100,4,0,84,232,46,0,0
2564,FAIRFIELDADF,496,149,22,1,49,2,40,4,0,0,71,0,0,138,6,0,120,339,91,0,0
2565,FAIRFIELDADG,369,105,23,1,31,0,34,0,3,1,63,0,0,105,4,0,95,271,65,0,0
2566,FAIRFIELDADH,531,170,25,9,48,1,43,0,5,0,72,1,1,150,10,0,136,375,92,0,0
2567,FAIRFIELDADI,396,161,22,8,41,1,60,0,3,0,57,0,0,122,11,0,91,284,102,0,0
2568,FAIRFIELDADK,323,325,21,4,70,1,70,2,2,1,38,0,0,160,7,0,53,263,141,0,0
2569,FAIRFIELDADL,356,208,18,2,52,0,37,0,0,0,45,0,0,173,7,0,74,299,89,0,0
2570,FAIRFIELDADM,605,374,26,5,98,0,65,1,1,0,67,0,0,225,6,0,152,452,163,0,0
2571,FAIRFIELDADN,417,231,35,4,62,0,57,1,3,0,69,1,0,146,4,0,81,305,119,0,0
2572,FAIRFIELDADO,357,236,27,3,68,0,34,0,1,0,66,0,0,161,5,0,73,306,102,0,0
2573,FAIRFIELDADP,477,372,29,4,105,0,62,0,3,1,43,0,0,243,12,0,121,423,167,0,0
2574,FAIRFIELDADQ,348,323,27,4,84,0,47,1,2,1,27,0,0,180,2,0,69,282,131,0,0
2575,FAIRFIELDADR,202,163,6,3,39,0,37,0,0,0,25,0,0,93,3,0,43,164,76,0,0
2576,FAIRFIELDADS,649,293,30,5,79,0,61,0,1,0,76,0,0,255,4,0,138,474,140,0,0
2577,FAIRFIELDADT,332,186,22,2,50,1,48,0,0,0,45,0,0,189,7,0,56,297,99,0,0
2578,FAIRFIELDADU,299,249,22,7,72,0,56,0,4,0,28,0,0,134,7,1,66,240,128,0,0
2579,FAIRFIELDADV,339,261,27,7,68,1,43,0,0,0,49,0,1,184,7,0,76,317,112,0,0
2580,FAIRFIELDADW,393,195,16,5,40,0,59,0,1,0,39,1,0,180,6,0,102,329,99,0,0
2581,FAIRFIELDADX,343,235,22,2,65,1,40,0,0,0,39,0,0,161,7,0,67,274,106,0,0
2582,FAIRFIELDADY,363,274,26,8,89,0,32,0,0,0,32,0,0,198,12,0,75,317,121,0,0
2583,FAIRFIELDADZ,313,277,30,4,53,0,54,1,1,0,39,1,0,154,9,0,61,266,107,0,0
2584,FAIRFIELDAED,621,232,28,3,82,2,42,0,1,0,85,0,1,174,15,0,186,462,126,0,0
2585,FAIRFIELDAEE,503,221,20,3,69,1,44,1,1,1,52,1,0,120,7,0,152,335,114,0,0
2586,FAIRFIELDAEF,598,207,25,9,74,0,44,1,11,0,81,0,1,165,6,1,171,437,118,0,0
2587,FAIRFIELDAEG,490,164,33,7,52,0,26,0,1,0,44,1,1,140,4,0,139,330,78,0,0
2588,FAIRFIELDAEJ,355,599,43,11,143,2,118,0,3,0,49,0,0,169,6,0,68,295,263,0,0
2589,FAIRFIELDAEK,229,653,25,6,187,2,104,0,1,0,20,0,1,63,4,0,43,132,293,0,0
2590,FAIRFIELDAEL,305,628,37,8,147,0,116,0,0,0,30,0,0,118,6,0,63,217,263,0,0
2591,FAIRFIELDAEM,212,229,11,5,63,1,31,1,0,0,8,0,0,88,1,0,48,146,95,0,0
2592,FAIRFIELDAEN,508,323,21,3,69,0,39,1,1,0,54,0,0,243,5,0,83,387,108,0,0
2593,FAIRFIELDAEO,294,269,23,1,59,2,53,0,2,0,24,0,1,169,5,0,52,253,114,0,0
2594,FAIRFIELDAEQ,229,737,22,10,157,2,146,0,0,0,30,0,1,88,2,0,32,153,305,0,0
2595,FAIRFIELDAEV,495,652,31,4,166,1,81,0,1,0,53,0,0,178,12,0,85,329,248,0,0
2596,FAIRFIELDAEW,498,534,37,9,128,1,80,2,4,1,72,0,0,211,9,0,86,385,209,0,0
2597,FAIRFIELDAEX,361,336,30,5,67,0,57,0,1,0,45,0,0,169,5,0,55,275,124,0,0
2598,FAIRFIELDAEY,337,184,19,9,41,0,48,1,0,2,38,0,0,147,6,0,62,256,89,0,0
2599,FAYETTEAAA,277,166,17,3,41,0,24,4,0,1,20,0,2,84,8,0,51,170,65,0,0
2600,FAYETTEAAB,306,139,15,2,37,0,25,0,3,0,21,0,2,49,5,0,69,149,62,0,0
2601,FAYETTEAAE,146,73,6,5,21,1,18,0,1,0,8,1,0,47,4,0,35,96,40,0,0
2602,FAYETTEAAG,273,97,11,0,20,0,21,0,0,0,11,0,1,87,1,0,64,164,41,0,0
2603,FAYETTEAAH,255,97,5,6,18,1,26,1,3,0,18,0,0,69,4,0,50,145,45,0,0
2604,FAYETTEAAK,419,149,9,4,45,0,31,0,1,0,40,1,5,142,10,1,91,291,76,0,0
2605,FAYETTEAAM,516,186,11,4,67,1,27,0,2,0,29,1,0,225,11,0,126,394,95,0,0
2606,FAYETTEAAN,442,179,21,5,46,1,40,3,3,0,30,0,2,174,5,1,92,310,87,0,0
2607,FAYETTEAAO,279,129,13,4,31,0,27,0,2,0,23,0,0,85,1,1,64,176,58,0,0
2608,FAYETTEAAP,226,117,4,2,28,0,16,0,2,0,11,0,2,68,2,1,44,130,44,0,0
2609,FAYETTEAAQ,143,104,11,2,29,0,13,0,1,0,8,0,0,39,0,0,44,92,42,0,0
2610,FAYETTEAAS,497,91,16,2,29,0,16,0,2,1,45,0,0,125,8,0,130,311,45,0,0
2611,FAYETTEAAU,260,70,11,0,22,0,7,0,0,2,15,0,0,94,1,0,75,187,29,0,0
2612,FAYETTEAAX,207,53,14,0,9,0,8,0,1,0,11,0,0,74,2,0,57,145,17,0,0
2613,FAYETTEAAY,298,87,6,1,27,0,29,0,0,0,28,0,3,97,4,0,63,195,56,0,0
2614,FAYETTEAAZ,220,141,9,4,36,1,40,1,0,1,7,0,0,54,1,0,55,119,77,0,0
2615,FAYETTEABB,411,94,14,2,30,0,15,0,2,1,35,0,1,117,2,0,109,267,45,0,0
2616,FAYETTEABC,279,76,7,0,31,0,14,0,1,0,21,0,0,100,3,0,71,196,45,0,0
2617,FAYETTEABE,165,80,11,1,27,0,18,0,4,0,19,0,0,37,1,0,47,108,45,0,0
2618,FAYETTEABG,352,86,10,1,25,0,18,1,3,0,26,1,0,105,3,0,90,229,43,0,0
2619,FAYETTEABH,398,79,16,3,21,1,18,0,2,0,32,0,0,109,0,1,99,243,40,0,0
2620,FAYETTEABI,242,54,9,0,18,0,14,3,3,0,21,0,0,59,5,0,58,149,32,0,0
2621,FAYETTEABJ,320,132,12,0,40,0,23,0,6,0,16,0,0,67,0,0,87,176,63,0,0
2622,FAYETTEABK,554,143,20,3,30,1,36,0,2,1,60,0,5,166,5,1,126,366,67,0,0
2623,FAYETTEABM,510,117,17,3,46,3,29,0,4,0,48,0,0,151,6,0,141,350,78,0,0
2624,FRANKLINAAA,181,512,20,9,134,0,136,0,2,0,13,1,1,118,5,0,29,169,270,0,0
2625,FRANKLINAAB,336,789,34,4,228,3,103,1,0,0,15,0,0,316,7,0,54,393,334,0,0
2626,FRANKLINAAD,219,635,26,4,187,0,96,0,0,0,8,0,0,219,4,0,34,265,283,0,0
2627,FRANKLINAAE,242,702,39,10,202,0,114,1,0,0,15,3,0,236,5,0,40,300,316,0,0
2628,FRANKLINAAG,187,575,28,13,161,1,144,0,0,0,17,0,0,178,6,0,25,226,306,0,0
2629,FRANKLINAAH,127,468,25,10,138,0,112,0,1,0,20,0,0,147,1,0,34,203,250,0,0
2630,FRANKLINAAI,148,416,24,4,113,1,48,1,0,0,12,0,3,138,6,0,23,183,162,0,0
2631,FRANKLINAAJ,132,335,11,3,106,0,96,0,0,0,5,0,0,115,3,1,23,147,202,0,0
2632,FRANKLINAAK,144,464,22,0,153,0,68,0,0,0,13,0,0,167,6,0,19,205,221,0,0
2633,FRANKLINAAL,203,636,51,15,125,0,139,0,0,0,11,0,1,124,6,0,24,166,264,0,0
2634,FRANKLINAAN,182,559,20,13,158,2,169,0,0,0,18,0,0,66,3,0,39,126,329,0,0
2635,FRANKLINAAO,179,459,20,13,84,0,145,0,1,0,18,0,0,47,2,0,40,108,229,0,0
2636,FRANKLINAAP,190,707,44,14,195,0,217,0,0,0,18,0,0,103,0,1,41,163,412,0,0
2637,FRANKLINAAQ,77,361,10,6,84,0,82,0,0,0,5,0,0,17,1,0,16,39,166,0,0
2638,FRANKLINAAR,168,588,37,9,158,0,196,0,0,0,10,0,0,126,5,0,21,162,354,0,0
2639,FRANKLINAAS,169,589,35,9,158,1,154,2,2,0,18,0,0,160,0,0,31,213,313,0,0
2640,FRANKLINAAT,206,659,34,9,158,0,125,0,0,0,11,1,0,210,4,0,25,251,283,0,0
2641,FRANKLINAAU,153,589,33,11,171,1,139,0,1,0,10,0,0,114,3,0,29,157,311,0,0
2642,FRANKLINAAV,131,568,22,6,171,1,103,0,0,1,9,0,0,176,1,0,17,204,275,0,0
2643,FRANKLINAAW,25,442,3,1,109,0,63,0,0,0,5,0,0,5,0,0,2,12,172,0,0
2644,FRANKLINAAX,49,502,7,1,160,0,72,0,0,0,7,0,0,18,0,0,4,29,232,0,0
2645,FRANKLINAAY,102,636,9,14,147,0,103,0,0,0,5,1,0,30,0,0,18,54,250,0,0
2646,FRANKLINAAZ,126,469,17,9,136,0,103,0,1,0,12,0,0,38,2,0,16,69,239,0,0
2647,FRANKLINABA,34,384,8,8,96,0,79,0,0,0,1,0,0,22,0,0,4,27,175,0,0
2648,FRANKLINABB,53,454,10,8,133,2,95,0,0,0,4,0,0,13,1,1,10,29,230,0,0
2649,FRANKLINABC,33,455,8,11,113,1,140,0,0,0,2,0,0,16,0,0,6,24,254,0,0
2650,FRANKLINABD,34,453,3,6,124,0,64,0,1,0,1,0,0,7,0,0,8,17,188,0,0
2651,FRANKLINABE,29,402,3,8,123,1,89,1,0,0,2,0,0,13,2,0,9,27,213,0,0
2652,FRANKLINABF,48,808,11,8,228,0,144,0,0,0,3,0,0,17,0,0,5,25,372,0,0
2653,FRANKLINABG,13,384,3,6,137,1,57,0,0,0,3,0,1,4,0,0,2,10,195,0,0
2654,FRANKLINABI,35,461,3,8,161,0,56,0,3,0,7,0,0,12,1,0,5,28,217,0,0
2655,FRANKLINABJ,31,610,7,5,319,2,82,1,1,0,3,0,0,16,6,0,1,28,403,0,0
2656,FRANKLINABK,26,519,4,7,196,0,92,0,0,0,2,0,0,28,1,1,5,37,288,0,0
2657,FRANKLINABL,40,501,3,14,165,0,110,0,0,0,5,0,0,24,1,0,3,33,275,0,0
2658,FRANKLINABM,17,435,2,10,137,0,96,0,0,0,0,0,0,7,0,0,1,8,233,0,0
2659,FRANKLINABN,19,402,3,9,190,1,90,0,0,0,2,0,0,19,0,0,0,21,281,0,0
2660,FRANKLINABO,18,254,6,4,83,0,68,0,0,0,2,0,0,10,0,0,2,14,151,0,0
2661,FRANKLINABP,27,537,8,14,150,1,128,1,0,0,3,0,0,16,1,0,8,29,279,0,0
2662,FRANKLINABQ,30,614,2,8,179,0,53,0,2,0,1,0,0,6,0,0,7,16,232,0,0
2663,FRANKLINABR,30,535,6,10,159,0,138,0,0,0,3,0,0,25,1,0,10,39,297,0,0
2664,FRANKLINABS,23,431,8,4,105,1,73,0,1,0,4,0,0,6,0,0,4,15,179,0,0
2665,FRANKLINABT,152,571,34,9,137,0,103,0,0,0,4,0,0,120,5,0,23,152,240,0,0
2666,FRANKLINABU,202,782,35,11,180,0,129,0,0,0,6,0,0,97,0,0,27,130,309,0,0
2667,FRANKLINABV,183,677,35,6,173,0,119,0,0,0,5,0,0,198,7,0,32,242,292,0,0
2668,FRANKLINABW,159,613,35,9,168,0,162,1,1,0,8,0,0,175,5,0,39,229,330,0,0
2669,FRANKLINABX,195,404,19,12,100,3,77,0,1,0,13,0,2,36,0,0,39,91,180,0,0
2670,FRANKLINABY,156,376,13,6,77,2,103,2,1,1,4,0,0,35,3,0,25,71,182,0,0
2671,FRANKLINABZ,84,210,21,8,39,0,71,0,0,0,5,0,0,36,2,0,7,50,110,0,0
2672,FRANKLINACA,50,184,5,6,29,0,30,0,0,0,7,0,0,9,1,0,4,21,59,0,0
2673,FRANKLINACB,147,583,15,21,167,0,89,0,0,0,8,1,0,30,5,0,36,80,256,0,0
2674,FRANKLINACC,208,407,36,7,83,0,129,1,1,0,9,0,0,121,3,1,30,166,212,0,0
2675,FRANKLINACD,413,568,55,8,116,2,99,0,0,0,16,0,0,265,10,0,49,340,217,0,0
2676,FRANKLINACN,96,406,4,2,57,0,21,0,0,1,6,0,0,23,0,1,24,55,78,0,0
2677,FRANKLINACO,212,255,11,5,83,1,49,0,0,0,16,1,0,53,2,0,40,112,133,0,0
2678,FRANKLINACP,275,424,31,4,113,0,101,0,1,0,23,1,1,98,1,0,63,188,214,0,0
2679,FRANKLINACQ,272,282,16,9,81,1,47,0,0,0,25,0,0,75,0,0,45,145,129,0,0
2680,FRANKLINACR,316,294,18,6,93,3,61,0,0,0,25,0,0,120,4,0,82,231,157,0,0
2681,FRANKLINACS,76,590,24,16,77,0,187,0,0,0,1,0,0,43,1,0,9,54,264,0,0
2682,FRANKLINACT,62,719,38,21,119,1,247,0,0,0,4,0,0,69,0,0,9,82,367,0,0
2683,FRANKLINACU,116,782,29,10,199,0,213,0,0,0,8,0,0,102,4,0,14,128,412,0,0
2684,FRANKLINACV,179,816,43,6,220,3,172,0,1,0,7,0,0,167,4,0,27,206,395,0,0
2685,FRANKLINACW,18,261,5,9,54,0,49,0,0,0,1,0,0,10,1,0,1,13,103,0,0
2686,FRANKLINACX,16,391,1,4,135,0,62,0,0,0,2,0,0,6,0,0,3,11,197,0,0
2687,FRANKLINACY,5,398,2,4,111,0,35,0,0,0,1,0,0,6,0,0,1,8,146,0,0
2688,FRANKLINACZ,25,455,6,5,138,2,50,0,0,0,3,0,0,16,0,0,5,24,190,0,0
2689,FRANKLINADA,240,730,31,9,196,0,103,3,1,0,8,0,0,221,6,0,39,278,299,0,0
2690,FRANKLINADB,138,614,22,6,150,1,163,0,0,0,5,0,0,128,0,0,21,154,314,0,0
2691,FRANKLINADC,109,628,21,5,162,1,163,0,0,2,3,0,0,92,2,0,10,109,326,0,0
2692,FRANKLINADD,178,962,52,24,188,1,265,1,0,0,8,0,0,157,4,0,25,195,454,0,0
2693,FRANKLINADE,114,537,34,12,40,0,126,0,0,0,11,0,1,52,4,0,12,80,166,0,0
2694,FRANKLINADF,195,419,21,5,96,0,123,1,1,0,25,0,0,165,4,0,39,235,219,0,0
2695,FRANKLINADG,95,603,43,23,61,0,300,0,0,0,4,0,0,51,7,0,11,73,361,0,0
2696,FRANKLINADH,87,465,31,16,54,0,205,0,1,0,4,0,0,49,2,0,11,67,259,0,0
2697,FRANKLINADI,230,877,62,32,54,1,299,0,0,0,5,0,0,52,5,0,7,69,354,0,0
2698,FRANKLINADJ,123,458,31,13,29,0,159,0,0,0,4,0,0,21,3,0,6,34,188,0,0
2699,FRANKLINADK,155,506,54,9,27,0,156,0,1,0,1,0,0,51,1,0,2,56,183,0,0
2700,FRANKLINADL,74,523,8,4,174,0,73,0,1,0,2,1,0,14,2,0,15,35,247,0,0
2701,FRANKLINADM,21,742,8,3,268,2,75,0,0,0,0,0,0,11,0,0,2,13,345,0,0
2702,FRANKLINADN,13,378,2,3,124,0,41,0,0,0,1,0,0,4,0,0,1,6,165,0,0
2703,FRANKLINADO,11,389,1,5,144,0,43,0,1,0,0,0,0,3,0,0,2,6,187,0,0
2704,FRANKLINADQ,100,649,44,39,56,0,380,0,0,0,14,0,0,69,1,0,19,103,436,0,0
2705,FRANKLINADR,92,601,23,22,125,0,274,0,1,0,13,0,0,83,1,0,17,115,399,0,0
2706,FRANKLINADS,93,724,48,24,135,1,387,0,0,0,9,0,0,75,3,0,17,104,523,0,0
2707,FRANKLINADT,62,487,16,12,122,1,201,1,0,0,11,0,0,84,2,0,8,106,324,0,0
2708,FRANKLINADU,64,633,21,15,181,1,244,0,0,0,7,0,0,81,1,1,17,107,426,0,0
2709,FRANKLINADV,65,644,39,20,84,1,380,0,1,0,8,0,0,60,1,0,10,80,465,0,0
2710,FRANKLINADW,144,500,20,5,149,0,124,0,2,0,19,0,0,128,4,0,26,179,273,0,0
2711,FRANKLINADX,172,602,36,13,169,0,192,0,0,0,16,0,0,179,2,0,29,226,361,0,0
2712,FRANKLINADY,181,582,23,8,177,1,138,0,1,1,16,1,0,177,4,0,36,236,316,0,0
2713,FRANKLINADZ,193,649,40,9,195,1,176,0,0,2,23,0,2,186,8,0,34,255,372,0,0
2714,FRANKLINAEA,145,500,17,3,156,0,123,0,0,0,17,0,0,170,3,1,16,207,279,0,0
2715,FRANKLINAEB,144,682,19,13,179,0,249,0,0,0,16,0,0,115,5,0,20,156,428,0,0
2716,FRANKLINAEC,167,503,21,9,141,1,171,0,0,1,24,1,0,166,6,0,34,232,313,0,0
2717,FRANKLINAED,111,763,28,10,210,0,302,0,1,0,16,0,0,114,6,0,12,149,512,0,0
2718,FRANKLINAEE,226,908,43,16,293,0,255,0,0,0,36,0,1,276,0,0,39,352,548,0,0
2719,FRANKLINAEF,58,687,31,22,105,0,312,0,0,0,5,0,0,66,3,0,7,81,417,0,0
2720,FRANKLINAEG,105,668,33,25,119,1,279,0,1,0,10,0,0,102,2,1,13,129,399,0,0
2721,FRANKLINAEH,217,508,53,14,124,2,156,0,1,0,23,0,0,140,2,0,40,206,282,0,0
2722,FRANKLINAEI,259,824,60,21,174,0,303,0,1,1,36,0,0,189,3,0,45,275,477,0,0
2723,FRANKLINAEJ,191,535,30,14,144,0,147,2,0,0,19,2,2,144,4,1,31,205,291,0,0
2724,FRANKLINAEK,104,443,20,13,66,0,126,1,2,0,8,0,0,49,0,0,21,81,192,0,0
2725,FRANKLINAEL,222,649,35,8,235,1,120,0,0,0,15,0,0,239,2,0,34,290,356,0,0
2726,FRANKLINAEM,190,526,27,9,165,2,135,0,2,0,28,0,0,184,4,0,28,246,302,0,0
2727,FRANKLINAEN,221,571,41,8,175,1,162,1,3,0,13,0,0,173,1,0,63,254,338,0,0
2728,FRANKLINAEO,136,491,22,8,124,1,161,0,1,0,15,0,0,116,5,0,28,165,286,0,0
2729,FRANKLINAEP,201,615,34,15,136,0,233,0,0,0,12,0,0,160,3,0,38,213,369,0,0
2730,FRANKLINAEQ,293,582,35,14,160,1,152,1,0,0,30,0,0,161,5,1,73,271,313,0,0
2731,FRANKLINAER,201,329,18,9,114,1,61,0,0,1,14,0,0,99,3,0,35,152,176,0,0
2732,FRANKLINAES,180,427,25,9,98,0,100,0,0,0,20,0,0,108,3,0,37,168,198,0,0
2733,FRANKLINAET,169,542,22,8,162,0,149,0,1,0,21,0,0,180,1,1,30,234,311,0,0
2734,FRANKLINAEV,102,438,18,10,144,0,96,0,0,0,12,0,0,34,1,0,16,63,240,0,0
2735,FRANKLINAEW,102,579,6,6,164,2,121,0,0,0,8,1,0,31,2,0,18,60,287,0,0
2736,FRANKLINAEX,188,580,11,13,177,0,153,1,0,0,13,0,0,63,2,0,39,118,330,0,0
2737,FRANKLINAEY,199,590,17,14,194,1,101,1,1,1,14,0,0,82,2,0,30,131,296,0,0
2738,FRANKLINAEZ,109,338,10,9,89,0,78,0,1,0,8,0,0,31,1,0,18,59,167,0,0
2739,FRANKLINAFA,146,420,17,16,97,1,96,0,0,0,7,0,0,45,1,0,27,80,194,0,0
2740,FRANKLINAFB,156,346,15,11,92,0,101,0,1,0,5,0,0,58,4,0,29,97,193,0,0
2741,FRANKLINAFC,83,444,2,2,153,0,68,0,0,0,6,0,1,20,0,0,17,44,221,0,0
2742,FRANKLINAFD,159,337,14,12,84,0,110,0,0,0,20,0,0,61,0,1,32,114,194,0,0
2743,FRANKLINAFE,42,559,3,7,225,3,66,0,0,0,2,0,0,13,0,0,11,26,294,0,0
2744,FRANKLINAFF,34,596,5,3,167,1,77,0,1,0,1,0,0,15,0,0,5,22,245,0,0
2745,FRANKLINAFG,18,686,7,3,242,2,71,0,0,0,4,0,0,1,0,0,3,8,315,0,0
2746,FRANKLINAFH,20,579,1,3,250,0,70,0,0,0,0,0,0,9,0,0,3,12,320,0,0
2747,FRANKLINAFI,18,598,7,1,241,0,76,0,0,0,2,0,0,4,0,0,2,8,317,0,0
2748,FRANKLINAFJ,28,542,6,2,225,1,71,0,0,0,6,0,0,18,1,0,7,32,297,0,0
2749,FRANKLINAFK,13,342,0,1,123,0,42,0,0,0,4,0,1,8,0,0,2,15,165,0,0
2750,FRANKLINAFL,50,561,6,10,130,0,110,0,0,0,2,0,0,10,2,0,4,18,240,0,0
2751,FRANKLINAFM,58,708,6,3,199,1,81,0,2,0,7,0,0,14,0,0,8,31,281,0,0
2752,FRANKLINAFN,69,397,12,7,154,0,58,0,1,0,4,0,1,45,0,0,8,59,212,0,0
2753,FRANKLINAFQ,53,505,6,3,139,0,72,0,0,1,5,0,0,21,2,0,7,36,211,0,0
2754,FRANKLINAFR,58,386,3,5,106,0,77,0,0,0,7,0,0,13,0,0,15,35,183,0,0
2755,FRANKLINAFS,255,446,11,8,130,0,97,0,1,0,17,0,0,171,3,0,41,233,227,0,0
2756,FRANKLINAFT,131,465,15,16,148,0,101,0,2,0,8,0,0,59,3,1,28,101,249,0,0
2757,FRANKLINAFU,99,517,10,11,143,1,100,0,3,0,8,0,0,29,0,0,15,55,244,0,0
2758,FRANKLINAFV,277,489,30,6,142,1,89,0,1,0,22,0,1,256,0,0,40,320,232,0,0
2759,FRANKLINAFW,29,617,10,6,260,2,90,0,0,1,4,0,0,13,1,0,5,24,352,0,0
2760,FRANKLINAFX,25,536,1,3,216,0,79,0,0,0,6,0,0,14,0,0,7,27,295,0,0
2761,FRANKLINAFY,67,557,8,2,254,0,79,0,0,0,4,0,0,43,2,0,10,59,333,0,0
2762,FRANKLINAFZ,154,557,10,3,246,2,103,0,0,0,16,0,1,80,7,0,30,134,351,0,0
2763,FRANKLINAGA,106,965,10,16,460,0,176,0,2,0,12,0,0,70,2,0,15,101,636,0,0
2764,FRANKLINAGB,97,459,6,8,219,0,78,0,0,0,8,0,0,71,3,0,24,106,297,0,0
2765,FRANKLINAGC,130,299,5,7,83,1,42,0,0,0,2,0,0,21,0,0,27,50,126,0,0
2766,FRANKLINAGD,102,167,5,0,69,1,20,0,0,0,3,0,0,9,0,0,12,24,90,0,0
2767,FRANKLINAGE,244,186,11,4,52,1,48,0,0,0,19,0,0,45,3,0,54,121,101,0,0
2768,FRANKLINAGF,307,223,14,4,54,2,36,0,0,0,11,0,0,64,0,0,77,152,92,0,0
2769,FRANKLINAGG,315,692,32,14,190,1,152,0,5,0,35,0,2,161,5,0,76,284,343,0,0
2770,FRANKLINAGH,122,401,22,7,69,1,101,0,1,0,13,0,0,54,1,0,18,87,171,0,0
2771,FRANKLINAGI,330,613,48,16,131,1,206,1,0,0,34,0,1,162,4,0,64,266,338,0,0
2772,FRANKLINAGJ,139,325,14,9,101,0,75,0,1,0,8,1,0,67,3,0,34,114,176,0,0
2773,FRANKLINAGM,84,433,7,5,143,0,64,0,0,0,3,0,0,25,0,0,19,47,207,0,0
2774,FRANKLINAGN,152,267,12,7,73,1,37,1,0,0,17,0,0,35,3,0,34,90,111,0,0
2775,FRANKLINAGO,126,257,10,10,48,1,39,0,1,0,7,0,0,31,0,1,18,58,88,0,0
2776,FRANKLINAGP,67,155,2,2,42,0,26,0,0,0,5,0,0,6,0,0,16,27,68,0,0
2777,FRANKLINAGQ,116,195,5,8,40,0,34,0,0,0,9,0,0,20,1,0,34,64,74,0,0
2778,FRANKLINAGR,295,573,26,9,173,0,156,0,1,0,38,0,1,128,6,0,63,237,329,0,0
2779,FRANKLINAGS,202,383,25,8,129,0,100,1,2,1,22,0,0,80,1,0,43,150,229,0,0
2780,FRANKLINAGT,217,478,18,10,114,0,90,0,0,0,14,0,0,52,0,0,52,118,204,0,0
2781,FRANKLINAGU,193,366,25,8,110,2,105,0,0,0,26,0,0,77,6,1,40,150,217,0,0
2782,FRANKLINAGV,85,321,29,9,63,0,98,0,0,0,6,0,0,82,0,0,7,95,161,0,0
2783,FRANKLINAGW,138,555,36,11,96,0,162,0,1,0,17,0,0,109,2,0,19,148,258,0,0
2784,FRANKLINAGX,181,712,42,17,112,1,230,0,0,0,16,0,0,124,7,1,14,162,343,0,0
2785,FRANKLINAGY,177,640,56,13,107,0,179,0,0,0,16,1,0,139,4,0,29,189,286,0,0
2786,FRANKLINAGZ,83,587,36,5,153,1,149,0,0,0,2,1,0,103,2,0,7,115,303,0,0
2787,FRANKLINAHA,293,851,51,10,113,0,204,1,0,0,18,0,1,178,6,0,36,240,317,0,0
2788,FRANKLINAHB,154,558,43,7,73,0,155,0,1,0,14,0,0,160,4,0,21,200,228,0,0
2789,FRANKLINAHC,72,350,18,4,94,0,106,0,0,0,3,0,0,61,2,0,8,74,200,0,0
2790,FRANKLINAHD,103,543,12,8,189,0,101,0,0,0,17,0,0,46,0,0,19,82,290,0,0
2791,FRANKLINAHE,107,528,9,5,174,0,78,0,1,0,11,0,0,45,2,0,26,85,252,0,0
2792,FRANKLINAHF,65,286,8,6,96,0,62,1,0,0,4,0,0,27,0,0,17,49,158,0,0
2793,FRANKLINAHG,150,458,14,5,139,0,78,0,1,0,9,0,2,53,1,0,30,96,217,0,0
2794,FRANKLINAHH,90,392,6,6,141,1,70,0,2,0,6,0,0,36,1,0,15,60,212,0,0
2795,FRANKLINAHI,163,665,15,11,196,1,122,0,0,0,6,0,0,66,2,0,28,102,319,0,0
2796,FRANKLINAHJ,31,485,3,9,152,0,71,1,0,0,4,0,0,13,3,0,1,22,223,0,0
2797,FRANKLINAHK,18,617,3,4,210,1,95,0,0,0,3,0,0,9,1,0,2,15,306,0,0
2798,FRANKLINAHL,27,592,3,5,244,0,78,0,0,0,5,0,0,11,0,0,1,17,322,0,0
2799,FRANKLINAHM,43,496,5,3,215,0,62,0,0,0,3,0,0,10,0,0,3,16,277,0,0
2800,FRANKLINAHN,326,285,26,6,69,0,63,1,0,0,41,0,2,76,6,0,70,196,132,0,0
2801,FRANKLINAHO,333,402,22,14,102,2,77,0,1,0,26,1,0,83,6,0,61,178,181,0,0
2802,FRANKLINAHP,233,679,19,11,97,1,68,0,2,0,24,0,0,72,3,0,46,147,166,0,0
2803,FRANKLINAHQ,246,216,28,4,56,1,44,0,0,2,25,0,0,71,5,0,54,157,101,0,0
2804,FRANKLINAHR,228,400,22,6,66,0,79,0,1,0,21,0,0,67,2,0,43,134,145,0,0
2805,FRANKLINAHS,116,221,13,12,40,0,52,0,2,0,5,0,1,22,0,0,24,54,92,0,0
2806,FRANKLINAHT,100,313,5,7,53,0,23,0,2,0,0,0,0,10,0,1,21,34,76,0,0
2807,FRANKLINAHU,205,328,17,4,81,1,66,0,0,0,19,0,0,58,0,0,37,114,148,0,0
2808,FRANKLINAHV,266,221,29,12,52,1,52,0,0,0,23,0,1,56,2,0,53,135,105,0,0
2809,FRANKLINAHW,199,330,8,12,90,0,74,0,0,0,17,0,0,42,2,0,48,109,164,0,0
2810,FRANKLINAHX,66,233,4,5,86,0,33,0,2,0,4,0,0,7,0,0,9,22,119,0,0
2811,FRANKLINAHY,184,291,11,7,74,1,55,0,0,0,11,0,1,42,1,0,29,84,130,0,0
2812,FRANKLINAHZ,187,511,27,10,11,0,77,0,0,0,1,0,0,16,4,0,2,23,88,0,0
2813,FRANKLINAIA,94,599,40,25,81,0,270,0,0,0,13,0,0,49,3,0,13,78,351,0,0
2814,FRANKLINAIB,182,745,45,26,63,0,187,0,1,0,4,0,0,55,10,1,11,82,250,0,0
2815,FRANKLINAIC,163,707,63,18,50,0,193,0,0,0,3,0,1,63,6,0,7,80,243,0,0
2816,FRANKLINAID,133,817,35,23,171,0,261,0,0,0,14,0,0,99,1,0,21,135,432,0,0
2817,FRANKLINAIE,137,528,39,5,25,0,96,0,0,0,5,0,0,31,1,0,2,39,121,0,0
2818,FRANKLINAIF,239,514,30,12,13,0,65,0,2,0,6,0,0,18,0,0,2,28,78,0,0
2819,FRANKLINAIG,218,523,45,9,17,0,79,0,0,0,2,0,0,44,5,0,3,54,96,0,0
2820,FRANKLINAIH,581,1692,99,28,19,0,116,0,0,0,3,0,0,40,4,0,3,50,135,0,0
2821,FRANKLINAII,244,610,48,9,28,0,124,0,0,0,5,0,0,51,5,0,6,67,152,0,0
2822,FRANKLINAIJ,211,756,11,11,190,0,126,0,0,0,31,1,0,80,0,0,43,155,316,0,0
2823,FRANKLINAIK,33,174,6,2,39,0,18,0,0,0,2,0,0,10,0,0,2,14,57,0,0
2824,FRANKLINAIL,163,331,4,2,103,2,53,0,0,0,8,0,0,56,2,0,24,90,158,0,0
2825,FRANKLINAIM,100,486,6,6,111,0,69,0,0,0,11,0,0,23,2,0,20,56,180,0,0
2826,FRANKLINAIO,310,763,40,21,198,1,219,0,2,0,39,1,1,138,6,0,65,252,418,0,0
2827,FRANKLINAIP,224,371,14,14,73,1,111,0,0,0,21,0,0,91,1,0,38,151,185,0,0
2828,FRANKLINAIQ,174,363,5,9,112,0,60,0,1,0,12,0,0,54,2,0,32,101,172,0,0
2829,FRANKLINAIR,204,366,28,10,105,0,100,0,0,0,19,0,0,76,5,0,33,133,205,0,0
2830,FRANKLINAIT,55,767,3,11,279,1,132,0,0,0,7,0,0,16,1,0,5,29,412,0,0
2831,FRANKLINAIU,30,423,8,4,125,0,106,0,0,0,6,0,0,13,3,0,9,31,231,0,0
2832,FRANKLINAIV,30,524,3,6,163,1,82,0,1,0,2,0,1,13,3,0,2,22,246,0,0
2833,FRANKLINAIW,64,595,7,6,194,1,77,0,1,0,4,0,0,18,1,1,12,37,272,0,0
2834,FRANKLINAIX,85,787,9,10,182,2,97,0,0,1,7,0,0,17,2,0,11,38,281,0,0
2835,FRANKLINAIY,118,396,17,5,152,1,82,0,1,0,11,0,0,57,4,0,28,101,235,0,0
2836,FRANKLINAIZ,18,566,5,3,158,0,65,0,2,0,3,0,0,6,0,0,3,14,223,0,0
2837,FRANKLINAJE,119,492,3,6,161,0,94,0,0,0,15,0,0,47,3,0,25,90,255,0,0
2838,FRANKLINAJF,98,388,17,11,128,3,60,0,0,0,15,1,0,36,1,0,14,67,191,0,0
2839,FRANKLINAJG,157,918,9,9,281,0,154,0,1,0,27,0,1,45,2,0,21,97,435,0,0
2840,FRANKLINAJH,136,409,12,6,118,1,84,0,1,1,13,0,0,57,0,0,29,101,203,0,0
2841,FRANKLINAJI,127,444,8,4,136,0,77,0,0,0,20,0,0,48,4,0,20,92,213,0,0
2842,FRANKLINAJJ,128,402,10,4,149,0,70,0,0,0,14,0,0,52,1,1,32,100,219,0,0
2843,FRANKLINAJK,128,317,12,3,82,1,38,1,0,0,12,0,0,51,2,0,27,93,121,0,0
2844,FRANKLINAJL,77,1048,16,6,364,5,156,0,1,0,6,0,0,36,2,0,20,65,525,0,0
2845,FRANKLINAJM,196,468,8,2,153,0,87,0,1,0,27,0,0,59,1,0,38,126,240,0,0
2846,FRANKLINAJN,186,496,18,13,143,1,84,0,1,0,26,2,2,66,2,0,20,119,228,0,0
2847,FRANKLINAJO,258,748,27,8,186,0,145,0,2,0,30,1,0,76,5,0,52,166,331,0,0
2848,FRANKLINAJP,168,715,17,11,189,0,105,0,2,0,9,0,1,66,1,0,25,104,294,0,0
2849,FRANKLINAJQ,179,523,21,9,101,1,80,0,1,0,20,0,0,60,4,0,26,111,182,0,0
2850,FRANKLINAJR,202,401,24,11,85,1,82,1,1,0,29,0,0,72,3,0,37,143,168,0,0
2851,FRANKLINAJS,320,478,34,13,127,1,97,0,1,0,58,0,3,119,4,0,53,238,225,0,0
2852,FRANKLINAJT,442,651,50,6,183,0,130,0,1,0,44,0,0,179,15,0,60,299,313,0,0
2853,FRANKLINAJU,443,453,45,17,130,1,108,2,4,1,38,0,0,187,14,0,111,357,239,0,0
2854,FRANKLINAJV,349,619,42,10,145,0,126,1,4,0,26,0,1,144,5,1,59,241,271,0,0
2855,FRANKLINAJY,114,556,16,4,199,1,88,0,0,0,17,0,0,42,1,0,31,91,288,0,0
2856,FRANKLINAJZ,45,579,3,8,149,0,78,0,0,1,3,0,1,17,0,0,7,29,227,0,0
2857,FRANKLINAKA,96,448,11,2,151,1,59,0,1,0,13,0,0,41,3,0,26,84,211,0,0
2858,FRANKLINAKB,95,540,14,10,133,1,94,0,0,0,5,0,0,62,1,0,19,87,228,0,0
2859,FRANKLINAKC,115,423,11,11,129,0,100,0,0,0,7,0,0,73,0,0,36,116,229,0,0
2860,FRANKLINAKD,51,364,6,2,103,1,43,0,0,1,6,0,0,17,0,0,11,35,147,0,0
2861,FRANKLINAKE,89,628,7,7,174,0,74,0,1,0,10,0,1,21,1,0,29,63,248,0,0
2862,FRANKLINAKF,36,409,4,1,124,0,52,0,0,0,3,0,0,13,0,0,6,22,176,0,0
2863,FRANKLINAKG,52,646,7,12,253,2,87,0,1,0,4,0,0,25,0,0,9,39,342,0,0
2864,FRANKLINAKH,51,570,6,9,226,3,70,0,1,0,6,0,1,18,0,0,13,39,299,0,0
2865,FRANKLINAKI,47,599,6,8,246,0,80,0,0,0,7,0,0,25,0,0,7,39,326,0,0
2866,FRANKLINAKK,276,255,26,7,75,0,59,1,2,0,29,0,0,68,2,0,45,147,134,0,0
2867,FRANKLINAKL,331,271,18,7,83,0,69,0,0,0,31,0,1,93,3,0,69,197,152,0,0
2868,FRANKLINAKM,107,369,8,4,104,0,77,0,1,0,8,0,1,26,0,0,18,54,181,0,0
2869,FRANKLINAKN,473,229,14,7,60,3,50,0,0,1,16,0,1,91,4,0,128,241,113,0,0
2870,FRANKLINAKO,204,231,26,7,48,2,67,0,1,0,10,2,0,34,3,0,23,73,117,0,0
2871,FRANKLINAKP,33,492,3,8,216,0,66,0,0,0,3,0,0,3,0,0,4,10,282,0,0
2872,FRANKLINAKQ,34,522,3,6,211,0,64,0,0,0,3,0,0,8,1,0,3,15,275,0,0
2873,FRANKLINAKR,199,500,15,2,176,1,76,0,2,0,18,0,0,35,4,0,36,95,253,0,0
2874,FRANKLINAKS,52,571,2,2,198,0,61,0,1,0,3,0,1,8,0,0,6,19,259,0,0
2875,FRANKLINAKT,99,433,4,5,181,0,77,0,0,0,6,0,0,20,0,0,19,45,258,0,0
2876,FRANKLINAKU,61,574,2,3,237,0,59,1,0,0,5,0,0,11,1,0,18,36,296,0,0
2877,FRANKLINAKV,41,459,1,3,148,0,51,0,0,0,1,0,0,10,0,0,5,16,199,0,0
2878,FRANKLINAKW,226,529,19,4,147,3,107,0,1,0,15,0,0,101,2,0,43,162,257,0,0
2879,FRANKLINAKX,173,489,17,7,170,0,90,0,2,0,25,0,0,67,1,0,32,127,260,0,0
2880,FRANKLINAKY,278,751,34,17,184,1,129,0,0,0,28,0,0,121,6,1,39,195,314,0,0
2881,FRANKLINAKZ,66,435,6,8,159,0,56,0,0,0,3,0,1,23,0,0,15,42,215,0,0
2882,FRANKLINALA,51,524,3,4,114,0,84,0,1,0,1,0,0,17,0,0,10,29,198,0,0
2883,FRANKLINALB,177,872,22,7,226,1,120,0,0,0,32,0,0,64,3,0,24,123,347,0,0
2884,FRANKLINALD,407,585,42,8,174,1,110,0,3,0,55,1,1,175,5,0,65,305,285,0,0
2885,FRANKLINALE,243,246,12,8,94,1,47,1,1,0,28,0,2,141,7,0,41,221,142,0,0
2886,FRANKLINALF,247,351,18,4,109,1,62,0,1,0,35,0,0,148,1,0,49,234,172,0,0
2887,FRANKLINALG,183,546,25,8,153,0,121,2,0,0,27,0,1,74,2,0,41,147,274,0,0
2888,FRANKLINALH,191,461,18,6,123,0,94,0,0,0,24,0,0,103,3,0,30,160,217,0,0
2889,FRANKLINALI,74,396,15,13,70,1,106,0,0,0,10,0,0,26,1,0,18,55,177,0,0
2890,FRANKLINALJ,144,547,19,12,131,0,98,0,0,0,12,0,0,54,0,0,27,93,229,0,0
2891,FRANKLINALK,64,251,13,4,26,0,63,0,0,0,3,0,0,31,0,0,11,45,89,0,0
2892,FRANKLINALM,104,606,14,4,155,1,68,0,0,0,8,0,0,71,0,0,18,97,224,0,0
2893,FRANKLINALN,143,455,21,4,142,1,80,0,3,0,16,1,0,59,1,0,32,112,223,0,0
2894,FRANKLINALO,157,493,9,10,125,2,93,0,0,0,22,1,0,63,2,0,23,111,220,0,0
2895,FRANKLINALP,164,417,18,3,134,1,99,0,0,0,10,0,0,82,2,0,24,118,234,0,0
2896,FRANKLINALQ,133,434,11,3,143,0,56,0,0,0,18,0,0,73,1,0,19,111,199,0,0
2897,FRANKLINALR,117,447,8,4,154,2,66,1,0,0,12,0,0,63,0,0,18,94,222,0,0
2898,FRANKLINALS,62,448,11,15,154,0,116,0,0,0,2,0,0,44,0,0,9,55,270,0,0
2899,FRANKLINALT,62,628,10,15,159,2,215,0,0,0,1,0,0,41,0,0,10,52,376,0,0
2900,FRANKLINALU,39,651,15,22,187,0,169,0,0,0,4,0,0,21,1,0,6,32,356,0,0
2901,FRANKLINALV,61,487,20,15,141,0,186,0,1,0,2,0,0,37,3,0,18,61,327,0,0
2902,FRANKLINALW,52,597,2,3,153,2,76,0,1,0,4,0,0,21,0,0,13,39,231,0,0
2903,FRANKLINALX,25,419,2,1,115,0,39,0,0,0,2,0,0,12,0,0,0,14,154,0,0
2904,FRANKLINALY,51,528,6,4,195,0,57,0,2,0,3,0,0,14,0,0,6,25,252,0,0
2905,FRANKLINALZ,11,763,3,2,177,0,51,0,0,0,1,0,0,4,0,0,2,7,228,0,0
2906,FRANKLINAMA,28,591,3,4,235,1,81,0,2,0,5,0,0,11,1,0,4,23,317,0,0
2907,FRANKLINAMF,132,272,17,11,73,0,66,0,1,0,15,0,1,44,0,0,25,86,139,0,0
2908,FRANKLINAMG,229,322,26,7,75,1,82,0,1,1,16,0,0,49,1,0,41,109,158,0,0
2909,FRANKLINAMH,163,344,21,6,74,0,78,0,1,0,20,0,0,68,7,0,33,129,152,0,0
2910,FRANKLINAMI,378,516,44,11,142,0,114,2,2,0,33,0,0,215,9,0,80,341,256,0,0
2911,FRANKLINAMJ,208,394,31,5,92,1,115,0,1,0,14,0,0,126,6,0,39,186,208,0,0
2912,FRANKLINAMK,453,420,35,14,104,0,102,1,3,0,38,0,2,136,8,0,89,277,206,0,0
2913,FRANKLINAMN,390,556,33,19,153,2,135,1,0,0,47,0,1,81,2,0,80,212,290,0,0
2914,FRANKLINAMO,422,430,26,13,115,1,90,1,0,0,32,0,0,119,6,0,88,246,206,0,0
2915,FRANKLINAMP,359,238,13,4,43,1,45,1,0,0,42,0,1,84,4,0,63,195,89,0,0
2916,FRANKLINAMQ,244,259,16,5,71,0,55,1,1,0,13,0,0,64,1,0,59,139,126,0,0
2917,FRANKLINAMR,353,321,33,16,76,4,79,0,1,1,44,0,0,100,7,0,62,215,159,0,0
2918,FRANKLINAMS,308,318,23,7,74,1,78,1,2,0,24,0,0,76,4,0,57,164,153,0,0
2919,FRANKLINAMT,245,347,13,11,116,1,57,1,1,0,24,0,0,70,1,0,63,160,174,0,0
2920,FRANKLINAMU,352,323,24,5,57,2,66,0,3,0,28,0,0,104,4,0,64,203,125,0,0
2921,FRANKLINAMV,210,359,28,5,91,1,84,0,1,0,33,0,0,143,4,0,44,225,176,0,0
2922,FRANKLINAMW,290,461,15,14,85,1,120,0,1,0,33,0,1,165,6,0,61,267,206,0,0
2923,FRANKLINAMX,435,761,62,11,133,1,209,1,1,1,41,0,1,258,10,0,61,374,343,0,0
2924,FRANKLINAMY,168,575,48,14,72,0,198,0,1,0,17,0,0,100,6,0,23,147,270,0,0
2925,FRANKLINAMZ,166,401,37,11,56,0,120,0,2,0,12,0,0,122,7,0,29,172,176,0,0
2926,FRANKLINANB,237,446,19,17,94,1,139,1,0,1,21,0,0,140,5,0,51,219,234,0,0
2927,FRANKLINANC,321,534,44,14,91,0,115,0,0,0,29,2,0,190,3,0,62,286,206,0,0
2928,FRANKLINAND,437,518,40,9,107,3,99,1,1,0,58,0,1,263,16,0,82,422,209,0,0
2929,FRANKLINANE,325,445,23,1,91,0,109,0,0,2,24,0,0,247,2,0,49,324,200,0,0
2930,FRANKLINANF,225,438,35,10,74,0,117,1,2,0,17,0,0,137,4,0,31,192,191,0,0
2931,FRANKLINANG,365,342,19,4,110,0,69,0,0,0,44,0,0,267,6,0,71,388,179,0,0
2932,FRANKLINANH,379,511,33,8,94,0,92,3,1,0,15,0,0,186,8,0,66,279,186,0,0
2933,FRANKLINANI,146,349,15,5,135,1,56,0,0,0,15,1,0,63,2,1,31,113,192,0,0
2934,FRANKLINANJ,131,682,17,6,163,0,113,0,1,1,14,0,1,51,2,0,21,91,276,0,0
2935,FRANKLINANK,96,548,15,7,121,0,91,2,1,0,9,0,0,30,3,0,23,68,212,0,0
2936,FRANKLINANL,256,465,18,3,153,1,111,1,0,0,39,1,1,138,2,0,33,215,265,0,0
2937,FRANKLINANM,270,386,18,4,117,0,88,1,1,0,45,0,0,124,2,0,47,220,205,0,0
2938,FRANKLINANN,204,701,30,14,143,0,142,0,0,0,22,0,0,94,2,0,28,146,285,0,0
2939,FRANKLINANO,240,579,15,3,170,0,83,0,0,0,22,0,0,133,4,0,38,197,253,0,0
2940,FRANKLINANP,254,603,38,9,136,1,101,0,5,0,38,0,0,127,1,0,40,211,238,0,0
2941,FRANKLINANQ,239,334,25,15,74,0,91,0,0,1,21,0,0,104,3,0,48,177,165,0,0
2942,FRANKLINANV,360,499,26,10,133,0,97,0,0,0,21,0,0,278,4,0,70,373,230,0,0
2943,FRANKLINANW,259,456,30,14,98,0,119,0,0,1,26,0,0,173,5,0,52,257,217,0,0
2944,FRANKLINANX,406,601,28,16,170,1,132,0,1,0,48,0,0,254,8,0,79,390,303,0,0
2945,FRANKLINANY,283,573,45,9,111,1,125,1,0,0,24,0,0,172,16,0,45,258,237,0,0
2946,FRANKLINANZ,282,376,15,6,79,1,69,0,2,1,26,0,0,182,7,0,54,272,149,0,0
2947,FRANKLINAOA,214,426,35,10,97,0,117,0,0,0,15,0,0,121,3,0,38,177,214,0,0
2948,FRANKLINAOB,260,316,15,15,52,0,72,0,0,0,17,0,0,150,3,0,55,225,124,0,0
2949,FRANKLINAOC,148,316,19,7,51,0,121,0,0,0,13,0,0,64,1,0,40,118,172,0,0
2950,FRANKLINAOF,285,327,30,10,85,1,69,2,1,0,39,0,1,205,4,0,58,310,155,0,0
2951,FRANKLINAOG,266,440,29,4,100,2,113,2,2,0,22,0,2,155,7,0,50,240,215,0,0
2952,FRANKLINAOH,356,810,60,17,115,0,176,0,2,0,35,1,1,175,8,0,54,276,291,0,0
2953,FRANKLINAOI,329,739,44,13,116,1,153,1,1,0,27,1,1,180,6,0,54,271,270,0,0
2954,FRANKLINAOJ,290,456,38,6,102,1,98,0,2,0,32,0,0,212,2,0,52,300,201,0,0
2955,FRANKLINAOK,385,513,34,5,94,3,97,0,0,0,26,1,1,193,3,0,56,280,194,0,0
2956,FRANKLINAOL,214,345,25,5,77,0,58,0,1,0,30,0,0,148,10,0,39,228,135,0,0
2957,FRANKLINAOM,236,280,26,8,53,0,53,2,0,0,18,0,0,186,6,0,43,255,106,0,0
2958,FRANKLINAON,274,398,38,8,85,1,113,1,1,0,43,0,0,152,4,0,33,234,199,0,0
2959,FRANKLINAOO,292,500,32,12,105,0,154,0,1,1,32,0,0,136,0,0,72,242,259,0,0
2960,FRANKLINAOP,312,429,36,6,78,1,98,2,0,0,34,1,0,173,6,0,48,264,177,0,0
2961,FRANKLINAOQ,236,380,24,9,64,0,104,2,1,0,26,0,0,151,5,0,31,216,168,0,0
2962,FRANKLINAOR,345,393,28,11,89,0,102,0,0,0,28,0,0,194,5,0,63,290,191,0,0
2963,FRANKLINAOS,132,476,25,13,115,1,114,0,1,0,31,0,0,46,1,0,18,97,230,0,0
2964,FRANKLINAOT,82,453,5,7,112,0,65,2,0,0,13,1,0,50,1,0,15,82,177,0,0
2965,FRANKLINAOU,307,597,35,15,148,1,131,2,1,0,41,0,0,163,5,0,55,267,280,0,0
2966,FRANKLINAOV,218,421,20,7,140,0,76,0,0,0,30,0,1,133,6,0,35,205,216,0,0
2967,FRANKLINAOW,191,436,23,8,117,1,67,0,2,0,11,0,1,159,3,0,33,209,185,0,0
2968,FRANKLINAOX,380,318,19,4,74,0,68,0,1,0,39,0,0,111,0,0,66,217,142,0,0
2969,FRANKLINAOY,272,275,23,8,55,1,46,1,0,0,25,0,0,110,4,0,41,181,102,0,0
2970,FRANKLINAOZ,247,330,26,9,83,1,72,1,0,0,38,0,0,68,2,0,52,161,156,0,0
2971,FRANKLINAPA,112,187,19,8,33,1,64,0,0,0,8,0,0,24,2,0,19,53,98,0,0
2972,FRANKLINAPB,225,297,11,7,76,1,55,0,1,0,12,0,0,54,3,0,41,111,132,0,0
2973,FRANKLINAPC,284,269,19,9,51,0,54,0,0,0,29,0,0,70,1,0,53,153,105,0,0
2974,FRANKLINAPD,368,418,35,9,96,0,77,0,0,0,44,0,1,120,4,0,57,226,173,0,0
2975,FRANKLINAPE,234,208,18,5,41,1,42,0,2,0,26,0,0,83,4,0,39,154,84,0,0
2976,FRANKLINAPF,266,301,25,7,66,0,58,0,1,0,26,0,1,71,3,0,74,176,124,0,0
2977,FRANKLINAPH,163,881,13,16,230,2,113,0,0,0,14,0,0,57,1,0,32,104,345,0,0
2978,FRANKLINAPI,47,424,8,8,120,0,86,0,0,0,5,0,0,13,0,0,8,26,206,0,0
2979,FRANKLINAPJ,58,451,7,5,135,1,68,0,0,0,10,0,0,22,3,0,13,48,204,0,0
2980,FRANKLINAPL,317,454,29,8,71,1,76,0,3,0,15,1,0,157,0,0,60,236,148,0,0
2981,FRANKLINAPM,213,295,36,10,51,1,84,1,0,0,25,0,0,107,1,0,46,180,136,0,0
2982,FRANKLINAPN,543,740,65,6,108,0,123,0,1,0,45,1,0,200,16,0,84,347,231,0,0
2983,FRANKLINAPO,353,423,29,9,67,0,91,1,0,0,31,1,0,241,7,0,68,349,158,0,0
2984,FRANKLINAPP,281,319,21,13,76,0,80,0,0,0,45,0,0,198,3,0,39,285,156,0,0
2985,FRANKLINAPQ,259,324,23,3,68,0,56,0,0,0,25,0,0,172,6,0,55,258,124,0,0
2986,FRANKLINAPR,216,315,34,4,47,0,84,0,0,0,13,0,0,103,2,0,40,158,131,0,0
2987,FRANKLINAPU,236,326,30,5,105,0,83,0,0,0,19,1,0,178,2,0,33,233,188,0,0
2988,FRANKLINAPV,270,369,38,7,68,1,87,0,1,0,15,0,0,212,5,0,45,278,156,0,0
2989,FRANKLINAPW,226,415,24,3,111,0,119,0,2,0,18,0,0,156,3,0,48,227,230,0,0
2990,FRANKLINAPX,306,484,30,6,146,2,110,0,0,0,37,0,0,226,8,0,45,316,258,0,0
2991,FRANKLINAPY,143,430,13,10,73,0,108,0,0,0,18,0,0,93,1,0,37,149,181,0,0
2992,FRANKLINAPZ,396,578,42,8,109,0,131,1,1,1,23,0,0,215,12,0,54,307,240,0,0
2993,FRANKLINAQA,214,332,22,8,65,1,79,0,0,1,19,0,0,116,5,0,30,171,145,0,0
2994,FRANKLINAQB,362,557,60,8,111,2,133,1,1,0,53,0,0,175,2,0,52,284,246,0,0
2995,FRANKLINAQC,203,419,30,12,76,2,110,1,0,0,13,2,0,78,6,2,49,151,188,0,0
2996,FRANKLINAQD,335,411,29,5,90,0,99,0,1,0,36,0,0,192,7,0,62,298,189,0,0
2997,FRANKLINAQE,88,218,14,4,40,0,56,0,0,0,12,0,0,31,1,0,14,58,96,0,0
2998,FRANKLINAQL,250,391,21,3,120,0,50,2,0,0,22,0,0,230,4,1,43,302,170,0,0
2999,FRANKLINAQM,290,370,13,3,86,0,70,0,0,0,18,0,0,221,4,0,63,306,156,0,0
3000,FRANKLINAQN,306,346,19,2,90,0,50,0,0,0,24,0,0,236,5,0,42,307,140,0,0
3001,FRANKLINAQO,223,380,35,2,104,0,51,0,0,0,22,0,0,224,0,0,33,279,155,0,0
3002,FRANKLINAQP,365,490,30,13,102,1,71,1,1,1,23,0,0,295,7,0,53,381,174,0,0
3003,FRANKLINAQQ,462,505,49,15,116,0,118,1,2,0,46,0,2,263,9,0,66,389,234,0,0
3004,FRANKLINAQR,222,250,20,8,57,0,53,0,1,0,20,0,0,100,7,0,36,164,110,0,0
3005,FRANKLINAQS,203,313,16,13,70,0,60,1,0,0,11,0,0,94,6,0,42,154,130,0,0
3006,FRANKLINAQT,313,408,43,7,135,1,79,0,1,0,36,0,0,203,6,0,63,309,215,0,0
3007,FRANKLINAQU,334,534,34,6,167,1,91,0,1,0,28,0,0,166,7,0,82,284,259,0,0
3008,FRANKLINAQV,221,303,22,6,80,0,71,1,0,0,29,0,0,114,2,0,32,178,151,0,0
3009,FRANKLINAQW,292,525,25,4,126,1,120,0,0,0,28,0,0,144,5,0,51,228,247,0,0
3010,FRANKLINAQX,441,686,44,4,120,0,95,0,2,0,25,0,0,259,11,0,63,360,215,0,0
3011,FRANKLINAQY,301,362,34,7,74,1,88,0,2,0,36,0,0,146,3,0,72,259,163,0,0
3012,FRANKLINAQZ,243,263,27,8,49,0,59,0,1,0,28,1,0,180,7,0,34,251,108,0,0
3013,FRANKLINARA,316,372,33,11,70,0,66,0,0,0,22,0,0,215,11,0,45,293,136,0,0
3014,FRANKLINARB,175,306,28,7,53,0,97,0,0,0,27,0,0,106,1,0,31,165,150,0,0
3015,FRANKLINARC,421,629,58,14,112,0,171,1,0,0,33,1,0,184,6,1,83,309,283,0,0
3016,FRANKLINARD,233,393,43,14,76,0,117,0,3,1,25,1,1,98,8,0,41,178,193,0,0
3017,FRANKLINARE,314,483,42,11,93,0,96,0,0,0,29,0,0,223,11,0,53,316,189,0,0
3018,FRANKLINARG,502,633,44,6,121,0,81,0,1,0,23,0,0,317,8,0,87,436,202,0,0
3019,FRANKLINARH,237,198,22,9,31,0,28,0,0,0,17,0,0,198,4,0,40,259,59,0,0
3020,FRANKLINARI,387,460,33,8,110,0,60,2,1,0,28,0,0,350,4,0,72,457,170,0,0
3021,FRANKLINARJ,317,308,25,2,66,0,52,0,0,0,26,0,1,235,2,0,45,309,118,0,0
3022,FRANKLINARK,444,395,28,5,78,0,45,0,2,0,37,0,0,314,4,0,87,444,123,0,0
3023,FRANKLINARL,277,277,22,2,71,2,59,0,0,0,31,0,0,181,2,0,46,260,132,0,0
3024,FRANKLINARM,171,226,23,3,51,0,41,1,0,0,15,0,0,103,3,0,43,165,92,0,0
3025,FRANKLINARN,174,231,14,5,38,0,38,0,0,0,21,0,0,110,4,0,23,158,76,0,0
3026,FRANKLINARO,323,370,21,6,67,0,48,1,0,0,40,0,0,192,10,0,47,290,115,0,0
3027,FRANKLINARP,343,347,22,9,60,0,58,0,0,0,38,1,0,229,8,0,60,336,118,0,0
3028,FRANKLINARQ,576,467,35,7,96,0,58,0,1,0,25,0,0,425,9,0,126,586,154,0,0
3029,FRANKLINARR,356,442,39,7,93,0,77,0,4,0,40,0,0,265,9,0,46,364,170,0,0
3030,FRANKLINARS,244,266,20,3,59,0,34,0,1,0,21,0,0,219,3,0,47,291,93,0,0
3031,FRANKLINART,245,277,21,3,56,0,59,0,0,0,26,1,0,176,0,0,53,256,115,0,0
3032,FRANKLINARU,365,459,32,4,84,0,87,1,0,0,23,0,0,299,5,0,61,389,171,0,0
3033,FRANKLINARV,276,330,23,1,59,0,62,1,0,0,33,0,0,229,7,0,47,317,121,0,0
3034,FRANKLINARW,319,341,46,4,79,0,93,2,0,0,42,0,1,116,1,0,62,224,172,0,0
3035,FRANKLINARX,258,246,21,8,45,0,72,1,2,1,42,0,0,112,3,0,49,210,117,0,0
3036,FRANKLINARY,380,460,39,6,104,1,96,1,1,0,31,0,0,212,6,0,50,301,201,0,0
3037,FRANKLINARZ,203,204,29,4,51,0,55,0,1,0,21,0,1,73,6,0,49,151,106,0,0
3038,FRANKLINASA,326,426,29,9,99,2,90,0,2,0,33,0,0,207,5,0,73,320,191,0,0
3039,FRANKLINASB,195,368,26,10,96,1,74,2,1,1,18,1,0,99,2,0,54,178,171,0,0
3040,FRANKLINASC,307,343,28,7,74,0,61,0,0,0,34,0,1,201,3,0,48,287,135,0,0
3041,FRANKLINASD,252,441,32,11,109,0,95,0,1,0,18,0,0,131,8,0,39,197,204,0,0
3042,FRANKLINASE,176,277,14,3,72,0,60,0,0,0,18,0,1,102,2,0,36,159,132,0,0
3043,FRANKLINASF,229,283,37,6,58,0,89,0,0,0,28,0,0,124,1,0,56,209,147,0,0
3044,FRANKLINASG,260,300,28,13,84,0,83,0,0,0,24,0,0,158,5,0,43,230,167,0,0
3045,FRANKLINASH,262,332,28,8,63,2,105,0,1,0,25,0,1,138,3,0,46,214,170,0,0
3046,FRANKLINASI,282,245,20,4,54,0,65,0,2,0,39,0,2,157,1,0,58,259,119,0,0
3047,FRANKLINASJ,319,386,28,4,109,0,65,0,0,0,32,0,0,196,4,0,57,289,174,0,0
3048,FRANKLINASK,374,544,47,12,161,0,86,0,0,0,38,0,0,264,7,0,55,364,247,0,0
3049,FRANKLINASL,385,359,22,7,90,1,70,0,1,0,44,0,0,209,2,0,62,318,161,0,0
3050,FRANKLINASM,241,330,32,9,87,0,89,0,0,0,25,0,0,140,3,0,34,202,176,0,0
3051,FRANKLINASN,299,333,27,3,84,0,38,0,2,0,31,0,0,213,5,0,52,303,122,0,0
3052,FRANKLINASO,344,567,28,4,158,0,78,0,2,0,38,0,0,240,11,0,56,347,236,0,0
3053,FRANKLINASP,238,299,30,2,91,0,55,0,0,0,25,0,0,186,2,0,46,259,146,0,0
3054,FRANKLINASQ,341,371,32,6,104,0,66,0,1,0,24,0,0,254,6,0,51,336,170,0,0
3055,FRANKLINASR,380,441,37,3,126,1,60,0,2,0,28,2,0,283,6,0,43,364,187,0,0
3056,FRANKLINASS,242,312,28,3,89,1,43,0,1,0,23,0,0,199,3,0,33,259,133,0,0
3057,FRANKLINAST,342,395,27,4,102,0,84,0,0,0,34,1,0,251,5,0,68,359,186,0,0
3058,FRANKLINASU,218,578,35,6,194,1,111,1,0,0,12,0,0,255,6,1,42,317,306,0,0
3059,FRANKLINASV,225,533,17,10,181,0,104,1,1,0,7,0,0,199,1,0,57,266,285,0,0
3060,FRANKLINASW,171,515,38,7,139,0,137,0,0,0,13,0,0,153,3,0,35,204,276,0,0
3061,FRANKLINASX,130,503,26,5,137,0,138,0,1,1,6,0,0,127,3,0,20,158,275,0,0
3062,FRANKLINASY,230,576,27,10,97,1,139,1,0,0,21,0,0,150,4,0,32,208,237,0,0
3063,FRANKLINASZ,384,280,27,13,48,0,74,0,0,0,32,0,0,101,3,1,81,218,122,0,0
3064,FRANKLINATA,448,333,43,7,79,1,89,0,2,0,57,0,1,141,3,1,91,296,169,0,0
3065,FRANKLINATB,381,175,19,4,35,1,42,0,2,0,53,0,0,126,5,1,50,237,78,0,0
3066,FRANKLINATC,344,278,25,4,63,1,68,0,0,0,42,0,1,119,2,0,69,233,132,0,0
3067,FRANKLINATD,644,328,35,7,75,2,66,0,1,0,55,0,0,291,3,0,123,473,143,0,0
3068,FRANKLINATE,387,274,41,8,57,2,67,1,0,0,41,1,0,133,5,0,85,266,126,0,0
3069,FRANKLINATF,478,333,43,8,75,1,88,0,1,0,59,0,0,147,9,0,106,322,164,0,0
3070,FRANKLINATG,443,250,19,1,63,1,31,0,0,0,56,0,2,202,6,0,80,346,95,0,0
3071,FRANKLINATH,404,234,26,5,61,0,35,0,1,0,30,0,0,154,0,0,64,249,96,0,0
3072,FRANKLINATI,509,248,24,3,61,0,33,0,0,0,61,0,0,213,9,0,106,389,94,0,0
3073,FRANKLINATJ,539,288,29,5,56,0,79,2,0,0,59,0,0,187,8,0,91,347,135,0,0
3074,FRANKLINATK,493,164,22,1,40,2,34,0,1,0,61,1,1,163,5,0,91,323,76,0,0
3075,FRANKLINATM,332,326,34,9,64,2,84,0,3,0,23,0,0,95,6,0,55,182,150,0,0
3076,FRANKLINATN,411,312,21,11,67,0,73,0,2,0,51,0,0,159,4,0,81,297,140,0,0
3077,FRANKLINATO,411,328,25,6,61,1,44,0,1,1,27,0,0,177,7,0,71,284,106,0,0
3078,FRANKLINATP,413,301,16,6,76,0,48,0,0,1,37,0,0,167,1,0,84,290,124,0,0
3079,FRANKLINATQ,343,208,41,4,48,1,58,1,0,0,30,0,0,132,4,0,69,236,107,0,0
3080,FRANKLINATR,247,173,29,3,45,2,45,0,0,0,23,1,1,106,1,0,61,193,92,0,0
3081,FRANKLINATS,374,384,18,11,66,1,106,0,3,1,33,1,1,208,4,0,75,326,173,0,0
3082,FRANKLINATT,267,331,34,4,104,0,75,0,2,1,27,0,0,217,3,0,48,298,179,0,0
3083,FRANKLINATU,460,607,71,10,102,2,166,1,2,1,58,0,0,263,5,0,83,413,270,0,0
3084,FRANKLINATV,318,405,44,4,103,0,64,0,1,0,36,0,0,282,4,0,53,376,167,0,0
3085,FRANKLINATW,419,486,41,2,125,1,53,3,4,0,23,1,0,385,7,0,74,497,179,0,0
3086,FRANKLINATX,510,625,51,7,146,0,90,0,1,0,55,3,0,361,5,1,89,515,236,0,0
3087,FRANKLINATY,427,485,44,9,106,1,90,0,0,1,37,0,0,339,6,0,83,466,197,0,0
3088,FRANKLINATZ,304,309,21,6,58,1,68,0,0,0,31,0,1,124,3,0,75,234,127,0,0
3089,FRANKLINAUA,471,396,51,14,75,0,143,1,3,0,45,0,0,226,3,1,107,386,218,0,0
3090,FRANKLINAUB,475,462,46,4,93,2,85,0,1,0,47,0,1,362,7,0,86,504,180,0,0
3091,FRANKLINAUC,411,329,46,8,84,1,91,0,2,2,39,0,0,227,7,0,79,356,176,0,0
3092,FRANKLINAUD,409,526,38,4,107,0,79,1,0,0,40,0,0,259,7,0,71,378,186,0,0
3093,FRANKLINAUE,441,460,29,5,95,2,73,2,3,4,37,0,0,173,6,2,67,294,170,0,0
3094,FRANKLINAUF,497,548,38,5,158,1,80,0,2,0,39,0,0,300,5,0,104,450,239,0,0
3095,FRANKLINAUG,681,724,80,7,135,0,114,1,3,1,62,0,1,383,8,0,114,573,249,0,0
3096,FRANKLINAUH,209,415,11,9,102,0,91,0,1,0,18,0,0,81,7,0,32,139,193,0,0
3097,FRANKLINAUI,354,358,29,6,106,3,87,0,0,0,48,0,0,153,5,0,77,283,196,0,0
3098,FRANKLINAUJ,223,523,18,14,116,0,128,0,1,0,20,0,0,109,3,0,32,165,244,0,0
3099,FRANKLINAUK,309,369,19,6,103,1,80,0,3,0,45,0,0,175,5,0,57,285,184,0,0
3100,FRANKLINAUL,163,218,21,2,73,0,43,1,0,0,14,0,0,93,1,0,35,144,116,0,0
3101,FRANKLINAUM,524,595,25,7,173,0,96,0,2,0,76,0,0,243,10,0,100,431,269,0,0
3102,FRANKLINAUN,312,348,19,3,107,2,75,0,3,0,35,0,0,153,4,0,66,261,184,0,0
3103,FRANKLINAUO,150,144,14,3,38,0,37,0,1,0,18,0,0,61,1,0,26,107,75,0,0
3104,FRANKLINAUP,244,315,31,11,88,1,83,0,0,0,28,0,0,105,7,0,40,180,172,0,0
3105,FRANKLINAUQ,191,117,14,7,27,1,23,0,1,0,8,1,0,71,1,0,46,128,51,0,0
3106,FRANKLINAUR,379,467,28,3,117,1,87,0,2,1,39,0,0,209,8,0,88,347,205,0,0
3107,FRANKLINAUS,305,480,13,2,157,0,77,0,0,0,33,0,1,176,2,0,50,262,234,0,0
3108,FRANKLINAUT,162,161,12,3,48,0,27,0,0,0,20,0,0,104,2,0,26,152,75,0,0
3109,FRANKLINAUW,127,358,7,5,82,1,72,0,1,0,9,0,0,44,1,0,19,74,155,0,0
3110,FRANKLINAUX,199,824,17,10,216,1,136,0,0,0,32,0,0,57,4,0,29,122,353,0,0
3111,FRANKLINAUY,237,336,22,5,87,0,72,1,1,1,20,0,0,97,1,0,46,167,159,0,0
3112,FRANKLINAUZ,278,262,17,7,60,0,64,0,1,0,32,1,1,97,5,0,71,208,124,0,0
3113,FRANKLINAVA,245,437,31,8,121,0,92,1,0,2,15,0,0,245,4,0,33,300,213,0,0
3114,FRANKLINAVB,215,428,31,6,107,0,90,2,0,0,18,0,0,238,1,0,31,290,197,0,0
3115,FRANKLINAVC,237,310,14,1,83,1,31,3,2,2,11,0,0,228,6,0,45,297,115,0,0
3116,FRANKLINAVD,211,328,15,4,72,1,53,0,0,1,23,0,0,182,3,0,29,238,126,0,0
3117,FRANKLINAVE,282,397,40,2,93,0,48,0,1,0,11,0,0,317,2,0,50,381,141,0,0
3118,FRANKLINAVF,265,309,16,6,99,2,29,0,0,0,13,0,0,270,3,0,46,332,130,0,0
3119,FRANKLINAVG,301,366,31,8,92,1,43,0,0,0,18,0,0,292,5,0,41,356,136,0,0
3120,FRANKLINAVH,293,274,11,3,48,0,22,1,0,0,5,0,0,258,8,0,45,317,70,0,0
3121,FRANKLINAVI,240,323,13,5,76,0,66,2,1,1,13,0,0,191,3,0,40,251,142,0,0
3122,FRANKLINAVJ,193,281,17,4,71,0,48,1,0,0,13,0,0,180,3,0,31,228,119,0,0
3123,FRANKLINAVK,200,381,27,4,92,0,116,3,0,0,20,0,0,152,6,0,41,222,208,0,0
3124,FRANKLINAVL,268,373,29,3,95,0,48,0,0,0,22,0,0,293,3,0,36,354,143,0,0
3125,FRANKLINAVM,431,665,43,8,147,2,142,1,1,0,44,1,0,331,8,0,68,454,291,0,0
3126,FRANKLINAVN,271,521,25,11,126,0,98,0,1,0,20,0,0,244,1,0,43,309,224,0,0
3127,FRANKLINAVO,264,445,29,2,118,0,84,1,0,0,17,0,0,239,0,0,56,313,202,0,0
3128,FRANKLINAVQ,324,396,19,8,109,0,72,0,1,0,31,0,0,264,3,0,49,348,181,0,0
3129,FRANKLINAVR,301,535,21,10,140,1,139,0,2,0,30,0,0,219,6,0,43,300,280,0,0
3130,FRANKLINAVS,271,431,33,6,93,0,119,0,1,0,21,0,1,192,7,0,58,280,212,0,0
3131,FRANKLINAVT,256,350,22,4,96,0,51,0,0,0,28,0,0,189,1,0,53,271,147,0,0
3132,FRANKLINAVU,312,369,42,3,86,1,69,1,1,0,20,0,0,225,3,0,68,318,156,0,0
3133,FRANKLINAVV,270,446,28,8,123,0,116,0,0,0,16,0,0,211,6,0,56,289,239,0,0
3134,FRANKLINAVW,350,378,26,5,92,1,60,0,1,0,24,0,0,293,3,0,48,369,153,0,0
3135,FRANKLINAVX,295,389,21,3,124,0,68,0,1,1,18,0,0,261,5,0,59,345,192,0,0
3136,FRANKLINAVY,253,284,21,2,69,0,57,0,1,0,22,0,1,179,2,0,38,243,126,0,0
3137,FRANKLINAVZ,414,570,49,5,139,1,80,0,0,0,26,1,0,392,6,0,63,488,220,0,0
3138,FRANKLINAWB,377,348,30,1,59,0,36,1,1,0,16,0,0,257,4,0,50,329,95,0,0
3139,FRANKLINAWC,290,445,25,9,106,1,113,0,0,0,18,0,0,241,3,0,45,307,220,0,0
3140,FRANKLINAWD,223,244,17,1,53,0,40,0,1,1,14,0,0,215,3,1,42,277,93,0,0
3141,FRANKLINAWE,522,604,40,5,172,1,87,1,0,0,36,0,1,442,7,1,96,584,260,0,0
3142,FRANKLINAWF,350,348,12,3,67,0,54,0,0,0,24,0,0,286,4,0,63,377,121,0,0
3143,FRANKLINAWI,266,373,35,10,66,1,96,2,3,0,31,0,1,197,4,0,27,265,163,0,0
3144,FRANKLINAWJ,378,369,34,7,94,0,99,0,0,0,56,0,1,271,2,0,58,388,193,0,0
3145,FRANKLINAWK,313,276,20,8,73,0,59,0,1,0,41,0,0,183,5,0,54,284,132,0,0
3146,FRANKLINAWL,201,214,34,12,38,1,60,0,0,0,27,0,0,146,2,0,31,206,99,0,0
3147,FRANKLINAWM,316,348,33,8,75,1,90,0,1,0,43,0,0,221,4,0,53,322,166,0,0
3148,FRANKLINAWN,357,368,26,7,66,0,72,0,1,0,46,0,0,298,5,0,50,400,138,0,0
3149,FRANKLINAWO,465,452,47,7,128,1,85,1,0,0,49,0,0,365,4,0,67,486,214,0,0
3150,FRANKLINAWP,209,211,27,5,49,0,56,1,0,0,30,0,0,181,1,0,19,232,105,0,0
3151,FRANKLINAWQ,255,237,21,2,65,0,40,0,0,2,38,0,0,160,7,0,42,249,105,0,0
3152,FRANKLINAWR,345,352,18,7,110,1,63,0,2,1,45,0,0,242,11,0,74,375,174,0,0
3153,FRANKLINAWS,316,305,24,3,94,1,55,0,3,0,22,0,0,238,4,0,46,313,150,0,0
3154,FRANKLINAWT,572,574,43,15,134,0,132,1,2,0,64,0,0,354,3,0,120,544,266,0,0
3155,FRANKLINAWU,158,255,13,3,82,2,44,2,0,0,12,0,1,84,3,0,25,127,128,0,0
3156,FRANKLINAWV,242,353,19,6,83,0,85,1,0,0,46,0,0,155,7,0,47,256,168,0,0
3157,FRANKLINAWW,282,411,25,6,114,0,96,2,1,1,38,1,2,172,5,0,46,268,210,0,0
3158,FRANKLINAWY,365,328,36,4,83,0,62,1,0,0,38,0,0,269,7,0,54,369,145,0,0
3159,FRANKLINAWZ,482,578,54,16,147,1,133,2,0,0,62,0,0,368,13,0,81,526,281,0,0
3160,FRANKLINAXA,328,350,38,6,91,0,73,1,0,0,36,0,0,269,7,0,52,365,164,0,0
3161,FRANKLINAXC,227,405,36,8,89,0,157,1,1,0,23,0,0,169,5,0,31,230,246,0,0
3162,FRANKLINAXD,156,463,18,6,133,0,68,2,0,0,24,1,0,94,3,0,21,145,201,0,0
3163,FRANKLINAXE,319,326,22,10,63,0,100,0,0,0,31,0,0,216,1,0,53,301,163,0,0
3164,FRANKLINAXF,274,277,24,9,74,0,85,0,0,1,42,0,0,180,1,0,43,267,159,0,0
3165,FRANKLINAXG,317,338,27,9,67,2,90,0,0,0,42,0,0,265,5,0,55,367,159,0,0
3166,FRANKLINAXH,174,562,16,9,111,1,87,0,0,0,25,0,0,52,4,0,28,109,199,0,0
3167,FRANKLINAXI,269,396,25,12,112,2,82,0,0,0,32,0,0,83,0,1,66,182,196,0,0
3168,FRANKLINAXK,220,379,16,10,75,0,88,0,1,0,20,0,0,65,4,0,45,135,163,0,0
3169,FRANKLINAXL,182,254,18,5,60,1,51,0,0,0,13,0,0,51,2,1,42,109,112,0,0
3170,FRANKLINAXM,91,466,12,4,104,0,67,0,1,0,12,0,0,30,1,0,8,52,171,0,0
3171,FRANKLINAXN,342,396,17,9,123,1,71,0,8,0,24,2,0,90,3,0,78,205,195,0,0
3172,FRANKLINAXO,191,257,19,8,60,2,34,1,0,1,19,0,0,78,2,0,47,148,96,0,0
3173,FRANKLINAXP,176,332,11,7,97,0,57,0,0,0,19,0,0,69,4,0,57,149,154,0,0
3174,FRANKLINAXR,168,445,13,11,94,0,65,0,1,0,8,0,0,86,1,0,46,142,159,0,0
3175,FRANKLINAXS,205,415,12,5,104,0,61,2,1,0,9,0,0,64,1,0,42,119,165,0,0
3176,FRANKLINAXT,145,544,12,8,130,0,89,0,0,0,17,0,0,56,0,0,30,103,219,0,0
3177,FRANKLINAXU,220,493,29,6,146,0,124,0,0,0,23,0,0,177,3,0,49,252,270,0,0
3178,FRANKLINAXV,209,440,18,1,127,0,81,2,0,0,20,0,0,224,3,0,38,287,208,0,0
3179,FRANKLINAXW,294,413,36,3,118,0,76,0,0,0,24,1,0,258,5,1,52,341,194,0,0
3180,FRANKLINAXX,138,219,12,3,58,0,38,0,0,0,17,0,0,166,0,0,12,195,96,0,0
3181,FRANKLINAXY,204,499,47,11,131,1,112,0,1,0,10,1,0,208,3,0,44,267,244,0,0
3182,FRANKLINAXZ,157,512,36,6,142,0,94,0,0,0,20,0,1,145,2,0,27,195,236,0,0
3183,FRANKLINAYA,166,497,21,3,117,0,155,0,0,0,18,0,1,194,3,0,22,238,272,0,0
3184,FRANKLINAYB,369,787,48,9,227,1,154,0,0,0,40,1,1,378,7,0,56,483,382,0,0
3185,FRANKLINAYC,419,779,51,12,201,0,142,0,0,0,37,0,0,391,4,0,65,497,343,0,0
3186,FRANKLINAYF,175,359,29,3,97,0,85,1,2,0,14,0,0,150,0,0,25,192,182,0,0
3187,FRANKLINAYG,229,437,40,14,112,0,107,0,2,0,31,0,1,198,4,0,40,276,219,0,0
3188,FRANKLINAYH,193,259,33,6,62,0,66,1,0,0,12,0,0,165,3,0,28,209,128,0,0
3189,FRANKLINAYI,158,182,8,2,43,1,45,1,4,0,18,0,0,118,1,0,31,173,89,0,0
3190,FRANKLINAYJ,213,231,34,9,55,1,73,0,0,0,23,0,0,117,3,0,44,187,129,0,0
3191,FRANKLINAYK,178,112,8,0,28,0,17,0,0,2,19,0,0,98,3,0,35,157,45,0,0
3192,FRANKLINAYL,282,327,29,6,85,0,77,0,0,0,29,0,0,143,7,0,62,241,162,0,0
3193,FRANKLINAYM,432,512,50,15,115,2,130,0,1,0,52,0,1,225,8,0,80,367,247,0,0
3194,FRANKLINAYN,261,359,30,8,73,1,96,1,0,0,28,0,0,117,3,0,44,193,170,0,0
3195,FRANKLINAYO,303,277,44,14,58,0,72,0,0,1,34,0,0,181,4,0,65,285,130,0,0
3196,FRANKLINAYQ,306,455,27,7,97,0,145,1,0,0,38,0,0,198,5,0,53,295,242,0,0
3197,FRANKLINAYR,581,330,28,3,74,1,57,0,1,0,72,0,0,288,8,0,104,473,132,0,0
3198,FRANKLINAYS,316,167,19,2,38,0,33,0,0,0,28,0,0,148,2,0,73,251,71,0,0
3199,FRANKLINAYT,214,274,21,4,69,0,64,0,1,0,31,0,0,70,2,0,45,149,133,0,0
3200,FRANKLINAYU,180,369,14,11,82,0,65,0,3,0,13,0,1,61,3,0,39,120,147,0,0
3201,FRANKLINAYV,96,295,33,6,67,1,114,2,1,0,14,0,0,71,2,0,11,101,182,0,0
3202,FRANKLINAYW,441,212,16,11,62,4,52,1,0,0,47,0,0,86,3,0,94,231,118,0,0
3203,FRANKLINAYX,236,168,11,3,43,2,22,0,0,0,25,0,0,47,0,0,57,129,67,0,0
3204,FRANKLINAYY,283,227,26,5,65,1,54,0,0,1,41,0,0,97,2,0,80,221,120,0,0
3205,FRANKLINAYZ,322,133,9,8,30,2,45,1,0,0,38,0,0,55,1,0,68,163,77,0,0
3206,FRANKLINAZA,289,199,17,1,52,2,48,0,0,0,11,0,0,64,5,1,75,156,102,0,0
3207,FRANKLINAZB,45,307,8,1,40,0,44,0,0,0,4,0,0,5,0,0,2,11,84,0,0
3208,FRANKLINAZC,159,293,14,1,82,0,48,0,0,0,10,0,0,134,1,0,32,177,130,0,0
3209,FRANKLINAZD,164,102,12,3,31,0,32,0,0,0,23,0,0,36,0,0,39,98,63,0,0
3210,FRANKLINAZE,458,204,17,2,66,1,30,0,0,0,44,0,0,111,0,0,112,267,97,0,0
3211,FRANKLINAZF,286,105,14,2,30,0,29,0,0,0,27,0,1,72,3,0,74,177,59,0,0
3212,FRANKLINAZG,618,297,54,6,104,1,74,1,3,0,47,1,1,165,4,0,136,358,179,0,0
3213,FRANKLINAZJ,401,241,24,7,53,2,53,0,4,0,50,1,0,77,3,1,88,224,108,0,0
3214,FRANKLINAZK,504,366,28,9,118,1,65,0,1,0,49,0,1,128,2,0,94,275,184,0,0
3215,FRANKLINAZL,318,173,25,5,53,2,48,1,1,0,30,0,1,63,0,0,68,164,103,0,0
3216,FRANKLINAZM,415,152,12,6,42,1,45,0,4,0,33,0,0,112,9,0,90,248,88,0,0
3217,FRANKLINAZN,313,126,16,2,30,2,25,0,0,0,18,0,0,94,2,0,66,180,57,0,0
3218,FRANKLINAZO,428,164,21,3,34,1,29,0,3,0,54,0,1,140,2,0,88,288,64,0,0
3219,FRANKLINAZP,517,158,13,5,35,2,28,0,0,0,74,0,0,155,5,0,103,337,65,0,0
3220,FRANKLINAZQ,35,271,5,2,68,0,21,0,0,0,5,0,0,12,0,0,2,19,89,0,0
3221,FRANKLINAZR,434,334,29,3,85,0,52,0,3,1,35,1,0,275,4,0,83,402,137,0,0
3222,FRANKLINAZS,423,264,23,4,64,1,39,1,2,0,32,1,1,236,7,0,67,347,104,0,0
3223,FRANKLINAZT,444,304,25,2,83,0,33,0,1,0,33,0,0,235,3,0,73,345,116,0,0
3224,FRANKLINAZU,530,362,33,4,97,0,59,1,0,1,55,0,2,249,3,0,112,423,156,0,0
3225,FRANKLINAZV,578,364,38,5,92,1,47,0,3,1,55,1,1,222,12,0,125,420,140,0,0
3226,FRANKLINAZW,287,193,12,4,47,0,59,0,1,0,37,0,3,118,5,0,48,212,106,0,0
3227,FRANKLINAZX,114,69,9,3,19,0,20,0,0,0,11,0,0,44,0,0,25,80,39,0,0
3228,FRANKLINAZY,541,512,33,11,150,1,108,2,3,0,67,0,0,166,5,0,117,360,259,0,0
3229,FRANKLINAZZ,459,274,27,13,74,3,74,0,3,0,50,0,2,148,5,0,87,295,151,0,0
3230,FRANKLINBAA,236,142,22,5,38,1,38,1,1,0,35,0,0,81,7,0,50,175,77,0,0
3231,FRANKLINBAB,411,192,29,8,56,0,32,0,3,0,52,0,0,151,3,0,100,309,88,0,0
3232,FRANKLINBAC,443,177,21,2,43,1,52,0,3,0,59,0,0,174,2,0,91,329,96,0,0
3233,FRANKLINBAD,375,331,21,4,95,1,66,0,1,0,36,0,0,126,3,0,88,254,162,0,0
3234,FRANKLINBAE,306,447,19,3,117,1,88,0,0,1,25,1,1,92,2,0,72,194,206,0,0
3235,FRANKLINBAF,227,110,19,1,22,0,21,0,0,0,19,0,0,72,4,0,44,139,43,0,0
3236,FRANKLINBAG,358,318,20,11,91,2,72,1,1,1,22,0,0,112,2,0,72,211,165,0,0
3237,FRANKLINBAH,280,274,20,6,75,1,67,0,0,0,29,0,1,80,1,0,55,166,143,0,0
3238,FRANKLINBAI,266,338,17,7,97,0,78,1,1,0,24,0,0,89,3,0,68,186,175,0,0
3239,FRANKLINBAJ,183,276,7,9,92,0,49,0,1,0,17,0,0,36,0,0,56,110,141,0,0
3240,FRANKLINBAK,130,278,2,6,91,2,39,1,1,0,10,0,0,25,0,0,23,60,132,0,0
3241,FRANKLINBAL,387,250,28,4,61,0,49,1,0,0,36,0,1,201,6,0,86,331,110,0,0
3242,FRANKLINBAM,302,318,27,9,79,1,68,1,1,1,40,0,0,215,5,0,62,325,148,0,0
3243,FRANKLINBAN,288,303,24,3,78,1,51,1,0,0,21,0,0,204,5,0,50,281,130,0,0
3244,FRANKLINBAO,244,196,16,2,52,0,35,0,0,1,17,0,0,119,2,0,62,201,87,0,0
3245,FRANKLINBAP,261,329,18,1,93,1,52,1,0,0,16,0,0,252,2,0,34,305,146,0,0
3246,FRANKLINBAQ,333,359,42,5,77,1,77,0,1,0,41,0,0,232,1,0,67,342,155,0,0
3247,FRANKLINBAR,144,175,10,5,31,0,36,1,1,0,15,0,0,88,2,0,27,134,67,0,0
3248,FRANKLINBAS,378,477,33,1,110,0,77,1,0,0,32,1,1,335,4,0,77,451,187,0,0
3249,FRANKLINBAT,346,407,26,3,85,1,55,0,2,0,23,0,0,226,0,0,76,327,141,0,0
3250,FRANKLINBAU,436,384,19,1,78,0,29,0,0,0,27,0,0,297,9,0,79,412,107,0,0
3251,FRANKLINBAV,138,104,5,3,27,1,11,0,0,0,19,2,0,54,3,0,36,114,39,0,0
3252,FRANKLINBAW,578,275,31,6,45,2,58,1,4,1,56,0,0,285,4,0,103,454,105,0,0
3253,FRANKLINBAZ,354,127,20,4,40,1,35,0,3,0,33,0,0,96,3,0,82,217,76,0,0
3254,FRANKLINBBA,436,165,18,2,43,1,16,0,0,0,64,0,1,139,4,0,104,312,60,0,0
3255,FRANKLINBBB,465,234,12,4,72,0,50,0,1,0,68,1,1,136,4,0,112,323,122,0,0
3256,FRANKLINBBC,420,233,17,3,70,0,37,0,1,1,34,0,0,183,1,0,89,309,107,0,0
3257,FRANKLINBBD,341,116,21,4,41,1,21,0,0,0,33,0,1,106,2,0,79,221,63,0,0
3258,FRANKLINBBE,368,151,26,7,40,1,39,1,1,2,28,0,1,77,2,0,76,188,80,0,0
3259,FRANKLINBBF,336,243,26,4,43,0,59,1,2,0,49,0,1,136,3,0,62,254,102,0,0
3260,FRANKLINBBG,486,238,26,2,61,4,59,0,1,0,38,1,0,146,1,0,92,279,124,0,0
3261,FRANKLINBBH,371,168,14,4,44,0,41,0,3,0,36,0,0,125,6,0,84,254,85,0,0
3262,FRANKLINBBI,302,244,14,6,61,2,49,1,0,0,22,0,1,97,1,0,73,195,112,0,0
3263,FRANKLINBBJ,424,221,29,14,68,1,72,1,3,0,37,0,0,118,3,0,91,253,141,0,0
3264,FRANKLINBBK,382,297,27,7,75,3,70,0,0,0,16,0,0,99,2,0,80,197,148,0,0
3265,FRANKLINBBL,324,187,24,12,67,1,58,2,1,1,32,0,0,92,1,0,79,208,126,0,0
3266,FRANKLINBBM,219,355,18,8,72,2,66,1,0,0,22,0,1,69,0,1,41,135,140,0,0
3267,FRANKLINBBN,298,263,17,8,64,1,56,0,0,0,24,0,0,79,1,0,65,169,121,0,0
3268,FRANKLINBBO,143,130,15,4,34,0,32,0,0,0,5,0,0,26,2,0,44,77,66,0,0
3269,FRANKLINBBP,250,94,10,4,31,0,26,1,0,2,24,0,0,99,2,0,60,188,57,0,0
3270,FRANKLINBBQ,87,273,17,1,74,0,48,0,0,0,9,0,0,94,4,0,11,118,122,0,0
3271,FRANKLINBBR,247,288,16,8,60,0,47,0,1,0,23,0,0,157,4,0,40,225,107,0,0
3272,FRANKLINBBS,216,386,21,9,88,0,137,0,0,1,19,1,0,129,1,0,52,203,225,0,0
3273,FRANKLINBBT,58,37,5,0,11,0,8,0,1,0,3,0,0,20,0,0,14,38,19,0,0
3274,FRANKLINBBU,180,303,17,9,68,0,66,0,0,1,23,0,0,62,1,0,47,134,134,0,0
3275,FRANKLINBBV,283,168,17,3,41,0,34,0,3,0,24,0,2,110,1,0,80,220,75,0,0
3276,FRANKLINBBX,346,701,29,8,223,1,137,0,3,1,42,1,1,102,2,0,74,226,361,0,0
3277,FRANKLINBCA,418,702,41,12,159,1,159,1,0,1,35,0,0,200,8,0,84,329,319,0,0
3278,FRANKLINBCC,261,156,16,3,34,2,49,1,1,0,28,0,1,78,4,0,52,165,85,0,0
3279,FRANKLINBCD,263,263,18,9,70,1,51,0,2,1,26,0,1,115,5,0,54,204,122,0,0
3280,FRANKLINBCE,420,505,34,5,112,1,51,0,1,0,37,0,0,320,7,1,70,436,164,0,0
3281,FRANKLINBCF,445,385,18,3,61,0,24,2,0,0,17,0,0,318,1,0,81,419,85,0,0
3282,FRANKLINBCG,458,296,18,8,68,0,76,0,3,1,43,0,0,117,10,0,110,284,144,0,0
3283,FRANKLINBCJ,323,361,23,3,99,0,54,0,1,0,21,0,0,150,3,0,49,224,153,0,0
3284,FRANKLINBCK,365,385,21,3,67,0,51,0,0,0,26,0,0,316,3,0,56,401,118,0,0
3285,FRANKLINBCS,93,460,5,2,121,0,59,0,0,0,10,0,0,35,1,0,8,54,180,0,0
3286,FRANKLINBCT,162,513,19,5,116,0,98,0,0,0,15,0,0,98,2,0,23,138,214,0,0
3287,FRANKLINBCU,123,402,19,3,89,0,54,0,2,0,10,0,0,63,5,0,20,100,143,0,0
3288,FRANKLINBCV,272,430,21,9,118,2,72,0,0,0,28,0,0,70,9,1,44,152,192,0,0
3289,FRANKLINBDA,223,249,12,6,50,0,55,0,0,0,17,0,0,181,1,0,50,249,105,0,0
3290,FRANKLINBDB,162,158,7,2,39,0,24,0,0,0,13,0,0,127,2,0,25,167,63,0,0
3291,FRANKLINBDD,247,261,15,8,59,0,43,0,0,0,16,0,0,193,3,0,46,258,102,0,0
3292,FRANKLINBDE,499,524,42,4,90,0,51,0,0,0,28,0,0,395,7,0,78,508,141,0,0
3293,FRANKLINBDL,307,528,28,12,150,1,121,0,1,0,44,0,0,128,1,0,77,251,272,0,0
3294,FRANKLINBDO,361,331,22,5,71,0,25,0,0,0,30,0,0,272,11,0,72,385,96,0,0
3295,FRANKLINBDP,209,224,18,3,49,0,42,0,1,0,19,0,0,103,4,0,39,166,91,0,0
3296,FRANKLINBDQ,462,418,29,4,73,1,50,1,0,0,36,0,0,300,4,0,72,413,124,0,0
3297,FRANKLINBDS,666,437,42,5,86,1,93,0,0,0,74,0,1,258,11,0,108,452,180,0,0
3298,FRANKLINBDT,394,190,36,4,51,2,37,1,3,0,28,0,1,133,2,0,85,253,90,0,0
3299,FRANKLINBDU,653,375,48,4,97,2,72,0,1,0,84,0,0,233,6,0,117,441,171,0,0
3300,FRANKLINBDV,311,325,34,4,79,0,65,0,0,1,37,0,0,190,3,0,53,284,144,0,0
3301,FRANKLINBDX,173,204,12,2,56,0,25,0,1,0,15,0,0,107,5,0,27,155,81,0,0
3302,FRANKLINBDY,231,401,15,4,123,0,71,0,0,0,20,0,0,145,5,0,44,214,194,0,0
3303,FRANKLINBDZ,292,383,26,10,129,2,73,1,3,0,19,0,1,191,13,0,52,280,204,0,0
3304,FRANKLINBEG,267,215,18,8,48,0,38,0,1,0,27,0,0,70,3,0,70,171,86,0,0
3305,FRANKLINBEJ,203,303,22,8,68,1,82,0,2,2,20,0,0,100,5,0,42,171,151,0,0
3306,FRANKLINBEL,79,119,7,3,24,0,27,1,0,0,10,0,0,29,1,0,18,59,51,0,0
3307,FRANKLINBEM,434,639,49,14,157,0,126,0,0,0,49,0,0,178,12,0,72,311,283,0,0
3308,FRANKLINBEQ,184,421,23,11,83,0,61,0,0,0,4,0,0,132,3,0,30,169,144,0,0
3309,FRANKLINBER,147,648,36,6,173,0,164,0,0,0,9,0,0,146,5,0,22,182,337,0,0
3310,FRANKLINBET,55,555,7,9,210,0,114,0,1,0,5,0,0,6,2,0,5,19,324,0,0
3311,FRANKLINBFN,230,375,27,8,95,0,75,0,0,0,25,0,0,134,3,0,43,205,170,0,0
3312,FRANKLINBFO,181,460,26,3,118,0,121,0,2,0,21,0,0,137,7,0,28,195,239,0,0
3313,FRANKLINBFQ,350,218,19,6,60,0,46,0,4,0,56,1,2,146,7,0,66,282,106,0,0
3314,FRANKLINBFR,344,318,15,9,104,2,58,0,0,0,48,0,0,128,6,0,80,262,164,0,0
3315,FRANKLINBFS,381,231,13,4,55,0,29,2,2,1,51,1,1,210,3,0,61,332,84,0,0
3316,FRANKLINBFT,584,504,33,3,161,0,48,1,0,0,55,0,0,346,6,1,106,515,209,0,0
3317,FRANKLINBFU,541,609,54,15,171,1,116,0,0,1,64,0,2,249,16,0,88,420,288,0,0
3318,FRANKLINBFV,463,384,24,3,82,0,35,0,1,0,20,0,0,311,5,0,96,433,117,0,0
3319,FRANKLINBFW,298,245,17,4,46,0,32,0,0,0,27,1,0,160,4,1,65,258,78,0,0
3320,FRANKLINBFX,632,730,39,8,151,0,78,0,2,0,29,0,0,408,9,0,102,550,229,0,0
3321,FRANKLINBFZ,374,454,53,6,89,1,89,0,0,0,44,0,0,243,6,0,68,361,179,0,0
3322,FRANKLINBGA,457,461,46,9,82,2,78,1,3,0,36,0,2,231,6,0,64,343,162,0,0
3323,FRANKLINBGB,257,277,39,6,69,0,71,0,0,0,24,0,0,146,3,0,47,220,140,0,0
3324,FRANKLINBGC,264,339,30,3,69,0,93,1,0,0,26,0,0,140,3,0,36,206,162,0,0
3325,FRANKLINBGD,176,208,19,9,49,2,46,0,0,0,28,0,1,87,1,0,31,148,97,0,0
3326,FRANKLINBGE,155,410,15,7,53,0,78,0,1,0,14,0,0,46,3,0,39,103,131,0,0
3327,FRANKLINBGF,286,453,31,8,89,1,89,1,2,0,30,0,0,171,6,0,39,249,179,0,0
3328,FRANKLINBGG,160,713,24,7,199,0,117,0,0,0,21,0,0,67,3,1,26,118,316,0,0
3329,FRANKLINBGH,265,436,29,7,116,0,99,0,1,0,21,1,0,107,5,0,46,181,215,0,0
3330,FRANKLINBGI,87,532,9,5,222,1,68,0,0,0,9,0,0,42,1,0,14,66,291,0,0
3331,FRANKLINBGJ,379,732,18,4,289,2,131,1,0,0,31,0,0,220,11,0,72,335,422,0,0
3332,FRANKLINBGK,177,712,9,9,233,0,80,1,0,0,23,0,0,59,2,0,34,119,313,0,0
3333,FRANKLINBGL,208,572,18,5,181,0,92,0,1,0,18,0,0,67,4,0,19,109,273,0,0
3334,FRANKLINBGM,271,261,14,5,64,0,50,0,1,0,24,0,1,110,4,0,44,184,114,0,0
3335,FRANKLINBGN,248,323,27,3,50,0,72,0,1,0,30,0,0,112,4,0,37,184,122,0,0
3336,FRANKLINBGO,474,676,50,14,140,0,155,2,3,0,58,1,1,247,13,0,85,410,295,0,0
3337,FRANKLINBGP,492,565,52,15,87,2,161,1,2,1,50,0,0,235,10,0,72,371,250,0,0
3338,FRANKLINBGQ,276,390,37,7,68,1,98,0,0,1,32,0,0,121,8,0,55,217,167,0,0
3339,FRANKLINBGR,224,413,26,10,61,0,89,0,3,0,12,0,0,98,2,0,57,172,150,0,0
3340,FRANKLINBGU,196,228,24,5,43,0,57,0,1,1,24,0,0,87,3,0,31,147,100,0,0
3341,FRANKLINBGV,362,413,36,9,80,1,93,0,3,0,37,0,0,163,6,1,77,287,174,0,0
3342,FRANKLINBGW,381,432,46,13,95,0,70,0,0,0,38,1,0,187,3,0,45,274,165,0,0
3343,FRANKLINBGX,187,361,29,12,40,0,66,0,0,0,11,0,0,40,3,0,27,81,106,0,0
3344,FRANKLINBGY,388,461,56,5,82,3,76,0,2,0,38,0,0,201,4,0,57,302,161,0,0
3345,FRANKLINBGZ,203,313,25,6,48,0,64,1,0,0,22,0,0,93,4,0,28,148,112,0,0
3346,FRANKLINBHA,236,360,28,4,66,0,84,0,0,0,27,0,0,127,3,0,33,190,150,0,0
3347,FRANKLINBHB,174,331,22,2,70,1,65,0,0,0,9,0,0,98,1,0,28,136,136,0,0
3348,FRANKLINBHC,465,591,59,15,132,0,145,0,5,2,56,0,2,313,6,0,78,462,277,0,0
3349,FRANKLINBHD,428,518,37,7,106,1,81,0,0,0,35,0,0,273,6,0,78,392,188,0,0
3350,FRANKLINBHE,346,479,36,5,120,0,104,1,0,1,36,0,0,231,8,0,70,347,224,0,0
3351,FRANKLINBHF,302,244,13,8,53,1,54,1,1,0,38,0,1,111,4,0,56,212,108,0,0
3352,FRANKLINBHG,386,705,60,16,91,1,228,0,1,0,36,0,0,118,3,0,60,218,320,0,0
3353,FRANKLINBHH,414,492,46,14,81,1,120,0,2,0,49,0,1,149,9,0,58,268,202,0,0
3354,FRANKLINBHI,195,326,34,5,63,0,62,0,1,0,20,0,0,91,3,0,24,139,125,0,0
3355,FRANKLINBHJ,417,422,21,12,102,1,106,0,1,0,42,0,2,109,5,1,66,226,209,0,0
3356,FRANKLINBHK,479,323,22,5,68,1,65,2,0,0,62,0,0,131,3,0,107,305,134,0,0
3357,FRANKLINBHL,478,438,40,11,107,1,83,0,0,0,45,0,0,149,10,1,112,317,191,0,0
3358,FRANKLINBHM,352,586,64,10,109,0,144,0,2,1,42,1,0,167,6,0,46,265,253,0,0
3359,FRANKLINBHN,131,236,23,2,45,0,58,0,0,0,15,0,0,68,3,0,28,114,103,0,0
3360,FRANKLINBHO,333,372,50,14,97,0,105,0,2,0,38,0,0,174,6,0,46,266,202,0,0
3361,FRANKLINBHP,219,322,28,11,58,1,97,0,0,0,36,0,0,110,4,1,34,185,156,0,0
3362,FRANKLINBHQ,378,600,50,10,132,2,124,0,1,0,45,0,1,236,5,0,61,349,258,0,0
3363,FRANKLINBHR,191,419,32,2,100,0,71,0,1,0,16,0,0,93,5,0,30,145,171,0,0
3364,FRANKLINBHS,247,476,31,4,122,0,103,2,1,0,40,0,0,113,1,0,53,210,225,0,0
3365,FRANKLINBHT,200,508,19,11,138,0,73,0,0,0,17,0,0,82,4,0,39,142,211,0,0
3366,FRANKLINBHU,267,475,24,13,96,1,112,0,0,0,31,0,0,169,5,0,59,264,209,0,0
3367,FRANKLINBHV,184,173,17,1,48,0,25,0,0,0,20,0,0,111,0,0,41,172,73,0,0
3368,FRANKLINBHW,331,463,38,1,109,1,85,0,1,0,37,0,0,141,7,0,57,243,195,0,0
3369,FRANKLINBHX,459,466,34,7,83,1,87,0,1,0,31,0,1,241,4,0,103,381,171,0,0
3370,FRANKLINBHY,366,440,44,14,81,0,105,0,0,0,33,0,0,170,2,0,71,276,186,0,0
3371,FRANKLINBHZ,511,687,37,8,135,0,143,1,1,0,27,1,1,261,8,0,98,398,278,0,0
3372,FRANKLINBIA,374,479,30,9,63,0,72,0,0,0,25,0,0,226,6,0,65,322,135,0,0
3373,FRANKLINBIB,289,857,34,13,208,0,200,1,1,0,42,0,1,129,2,1,52,229,408,0,0
3374,FRANKLINBIC,61,1024,8,5,432,0,114,0,1,0,3,0,0,35,2,0,13,54,546,0,0
3375,FRANKLINBID,56,523,6,7,161,0,74,0,0,0,8,0,0,21,2,0,10,41,235,0,0
3376,FRANKLINBIE,76,924,8,10,379,2,141,0,1,0,4,0,2,31,2,0,12,52,522,0,0
3377,FRANKLINBIF,44,1035,6,7,239,0,102,0,0,0,1,0,0,37,2,0,5,45,341,0,0
3378,FRANKLINBIG,61,524,16,4,134,0,98,0,0,0,4,0,0,22,2,0,8,36,232,0,0
3379,FRANKLINBIH,283,592,21,6,245,0,85,0,4,0,21,0,0,176,4,0,66,271,330,0,0
3380,FRANKLINBII,162,582,10,8,195,0,102,0,0,0,18,0,0,57,2,1,34,112,297,0,0
3381,FRANKLINBIJ,307,769,32,11,210,1,134,0,4,0,25,0,0,107,9,0,56,201,345,0,0
3382,FRANKLINBIK,340,638,19,6,252,0,78,0,1,0,46,1,0,151,6,0,87,292,330,0,0
3383,FRANKLINBIL,376,468,33,13,129,1,95,0,2,0,55,0,0,171,0,0,61,289,225,0,0
3384,FRANKLINBIM,110,359,5,4,112,0,59,0,0,0,7,0,0,16,0,0,31,54,171,0,0
3385,FRANKLINBIO,312,435,25,9,120,2,85,0,1,0,32,0,1,73,5,0,79,191,207,0,0
3386,FRANKLINBIP,338,424,27,5,106,0,79,0,1,1,48,0,0,96,4,0,78,228,185,0,0
3387,FRANKLINBIQ,411,657,29,7,173,0,87,0,1,0,36,0,1,132,7,0,52,229,260,0,0
3388,FRANKLINBIR,304,622,27,9,145,0,131,0,2,1,55,0,1,106,5,0,45,215,276,0,0
3389,FRANKLINBIS,174,388,12,5,83,0,68,0,1,0,17,1,0,47,1,0,29,96,151,0,0
3390,FRANKLINBIT,197,498,19,9,124,0,94,0,0,0,15,0,0,62,0,0,32,109,218,0,0
3391,FRANKLINBIU,318,468,29,7,115,0,83,0,2,0,28,0,0,87,5,0,59,181,198,0,0
3392,FRANKLINBIV,500,619,55,7,148,2,107,1,3,1,43,0,0,156,6,0,83,293,257,0,0
3393,FRANKLINBIW,474,586,40,8,123,1,125,1,2,0,61,1,0,153,8,0,88,314,249,0,0
3394,FRANKLINBIX,273,210,17,6,76,0,35,0,0,1,36,0,0,78,2,0,54,171,111,0,0
3395,FRANKLINBIY,234,347,30,7,75,0,84,0,2,1,24,0,0,76,2,0,45,150,159,0,0
3396,FRANKLINBJA,485,297,34,6,72,1,70,0,4,0,54,1,0,175,8,0,89,331,143,0,0
3397,FRANKLINBJB,318,258,17,3,70,2,32,0,0,0,31,0,0,128,3,0,65,227,104,0,0
3398,FRANKLINBJC,413,223,18,5,52,0,34,0,1,0,37,0,0,170,6,0,80,294,86,0,0
3399,FRANKLINBJD,397,608,46,7,111,0,101,0,1,1,47,0,0,280,1,0,62,392,212,0,0
3400,FRANKLINBJF,117,346,15,5,90,0,76,0,0,0,1,0,0,92,3,0,20,116,166,0,0
3401,FRANKLINBJI,142,346,16,8,113,1,54,0,0,0,18,0,0,50,2,0,17,87,168,0,0
3402,FRANKLINBJJ,168,133,6,4,44,0,14,0,0,0,12,0,0,35,0,0,43,90,58,0,0
3403,FRANKLINBJL,360,374,32,7,71,0,80,0,4,1,48,0,0,84,7,0,63,207,151,0,0
3404,FRANKLINBJN,70,135,16,6,16,1,34,0,0,0,7,0,0,27,2,0,10,46,51,0,0
3405,FRANKLINBJO,388,383,44,10,64,0,79,0,0,0,34,0,0,218,9,0,55,316,143,0,0
3406,FRANKLINBJP,321,216,21,3,57,0,42,0,1,0,36,1,0,145,5,0,61,249,99,0,0
3407,FRANKLINBJQ,352,318,43,9,75,3,67,0,1,0,42,0,0,117,3,0,63,226,145,0,0
3408,FRANKLINBJS,83,637,19,5,210,1,99,0,1,0,16,0,0,29,1,0,14,61,310,0,0
3409,FRANKLINBJT,408,408,27,6,87,1,94,1,1,0,39,0,0,120,5,0,92,258,182,0,0
3410,FRANKLINBJU,201,210,12,6,35,0,46,1,1,0,21,0,0,60,0,0,32,115,81,0,0
3411,FRANKLINBJV,424,279,30,4,53,1,39,0,1,0,27,0,0,176,5,0,93,302,93,0,0
3412,FRANKLINBJX,267,308,28,3,65,0,46,0,2,0,27,0,0,157,2,0,55,243,111,0,0
3413,FRANKLINBJY,359,417,42,13,86,0,98,0,0,0,34,0,0,141,6,0,74,255,184,0,0
3414,FRANKLINBJZ,334,287,27,1,68,1,44,0,0,1,34,0,0,181,10,0,71,297,113,0,0
3415,FRANKLINBKA,282,239,27,8,54,1,66,0,1,0,38,0,0,115,7,0,45,206,121,0,0
3416,FRANKLINBKB,293,236,20,5,74,2,60,0,1,0,47,0,0,65,0,0,71,184,136,0,0
3417,FRANKLINBKC,205,309,28,4,83,0,75,1,2,0,23,1,0,102,5,0,43,177,158,0,0
3418,FRANKLINBKE,197,329,17,1,97,1,78,0,0,0,21,0,0,81,1,0,33,136,176,0,0
3419,FRANKLINBKF,272,246,13,3,44,0,27,0,1,0,9,0,0,163,2,0,60,235,71,0,0
3420,FRANKLINBKI,330,377,22,4,68,0,41,0,0,0,30,0,0,190,6,0,75,301,109,0,0
3421,FRANKLINBKJ,374,545,39,6,111,0,92,0,1,0,35,0,0,153,11,0,45,245,203,0,0
3422,FRANKLINBKK,532,503,42,12,135,1,83,0,0,1,58,1,1,254,8,0,80,403,219,0,0
3423,FRANKLINBKL,348,390,47,5,77,0,72,0,1,0,35,1,1,115,9,0,58,220,149,0,0
3424,FRANKLINBKM,156,167,12,2,30,0,26,0,1,1,13,0,0,70,3,0,24,112,56,0,0
3425,FRANKLINBKN,318,251,33,12,57,1,79,1,1,1,31,0,0,142,2,0,80,258,137,0,0
3426,FRANKLINBKO,252,250,36,14,46,1,74,0,1,0,32,0,0,105,3,0,49,190,121,0,0
3427,FRANKLINBKP,379,350,40,1,75,0,54,0,0,1,40,0,0,261,5,0,74,381,129,0,0
3428,FRANKLINBKQ,384,194,13,5,46,2,40,0,2,0,42,0,0,141,7,1,82,275,88,0,0
3429,FRANKLINBKR,218,277,21,4,74,2,39,0,1,0,21,0,0,163,2,0,21,208,115,0,0
3430,FRANKLINBKS,358,274,22,4,74,0,59,0,1,0,44,0,1,115,4,1,76,242,133,0,0
3431,FRANKLINBKT,291,128,17,2,33,0,24,0,0,0,38,0,0,81,5,0,47,171,57,0,0
3432,FRANKLINBKU,75,299,19,6,3,0,35,0,1,0,0,0,0,12,2,0,3,18,38,0,0
3433,FRANKLINBKV,288,634,36,10,15,0,70,0,1,0,2,0,0,26,5,0,7,41,85,0,0
3434,FRANKLINBKW,400,397,32,3,63,0,62,0,0,0,28,0,0,145,5,0,73,251,125,0,0
3435,FRANKLINBKX,257,331,31,3,48,0,66,0,0,0,15,0,0,125,4,0,41,185,114,0,0
3436,FRANKLINBKY,79,510,29,13,88,0,240,1,1,0,4,1,0,44,1,1,14,67,328,0,0
3437,FRANKLINBKZ,108,299,34,3,12,0,70,0,0,0,3,0,0,18,2,0,5,28,82,0,0
3438,FRANKLINBLA,98,304,22,11,11,0,103,0,0,0,4,0,0,18,3,0,8,33,114,0,0
3439,FRANKLINBLB,307,386,42,12,91,0,73,1,0,0,16,0,0,119,3,0,46,185,164,0,0
3440,FRANKLINBLC,440,545,46,7,113,0,68,1,3,0,31,0,0,230,8,0,62,335,181,0,0
3441,FRANKLINBLD,240,410,15,5,91,0,81,0,2,0,38,0,0,47,5,1,38,131,172,0,0
3442,FRANKLINBLE,416,329,20,3,50,1,31,0,0,0,23,0,0,267,4,0,83,377,82,0,0
3443,FRANKLINBLF,353,455,31,7,109,1,97,0,1,0,37,0,2,146,6,0,93,285,207,0,0
3444,FRANKLINBLG,273,439,25,4,119,0,96,0,1,0,30,0,0,226,6,0,58,321,215,0,0
3445,FULTONAAA,434,184,29,3,48,1,59,1,4,0,48,0,0,119,11,1,109,293,108,0,0
3446,FULTONAAB,164,103,13,1,29,0,36,1,2,0,9,0,0,55,2,0,40,109,65,0,0
3447,FULTONAAC,353,93,20,2,31,0,21,0,3,2,38,0,0,82,7,0,89,221,52,0,0
3448,FULTONAAD,449,148,24,1,38,1,19,1,2,0,62,0,0,176,6,1,85,333,58,0,0
3449,FULTONAAE,722,197,38,4,29,0,45,2,3,0,133,0,2,293,11,0,95,539,74,0,0
3450,FULTONAAF,412,197,37,4,45,3,38,4,3,1,39,1,3,182,8,1,90,332,86,0,0
3451,FULTONAAG,447,194,36,1,29,0,53,2,6,0,47,0,1,166,2,0,101,325,82,0,0
3452,FULTONAAH,339,212,45,4,38,0,45,1,2,0,48,0,4,114,3,0,76,248,83,0,0
3453,FULTONAAI,305,142,23,1,43,1,38,2,1,0,41,0,1,124,3,0,62,234,82,0,0
3454,FULTONAAJ,482,292,47,7,82,2,53,1,0,0,41,0,1,207,6,0,82,338,137,0,0
3455,FULTONAAK,551,215,41,6,69,2,46,2,3,0,83,0,2,153,7,0,143,393,117,0,0
3456,FULTONAAL,287,66,10,3,14,0,11,0,3,0,39,0,0,99,4,0,50,195,25,0,0
3457,FULTONAAM,484,234,51,3,59,1,73,1,1,1,70,0,0,146,3,0,135,357,133,0,0
3458,FULTONAAN,569,151,22,9,19,0,39,0,4,0,107,0,0,206,13,0,81,411,58,0,0
3459,FULTONAAO,556,200,34,8,28,1,31,2,4,2,74,2,1,217,10,1,83,396,60,0,0
3460,FULTONAAP,539,171,29,7,35,1,26,0,9,1,82,0,1,270,11,0,78,452,62,0,0
3461,FULTONAAQ,479,209,38,5,39,3,49,1,3,0,53,0,1,225,20,2,104,409,91,0,0
3462,FULTONAAR,355,99,18,4,23,0,42,0,0,0,28,1,0,103,7,0,81,220,65,0,0
3463,FULTONAAS,312,146,35,11,35,1,32,2,1,0,22,0,1,103,8,0,65,202,68,0,0
3464,FULTONAAU,636,269,41,7,73,0,76,0,2,1,82,0,0,178,5,0,159,427,149,0,0
3465,FULTONAAV,182,79,6,5,21,0,23,0,1,0,24,0,1,45,3,0,40,114,44,0,0
3466,FULTONAAW,326,113,27,4,39,2,43,1,1,0,33,0,0,76,7,0,95,213,84,0,0
3467,FULTONAAX,425,213,29,0,65,1,65,1,3,0,40,0,0,131,7,0,96,278,131,0,0
3468,FULTONAAY,450,306,32,7,97,2,87,0,2,0,54,0,2,126,5,0,113,302,186,0,0
3469,FULTONAAZ,348,192,28,4,57,1,43,0,0,1,39,0,0,122,4,0,87,253,101,0,0
3470,FULTONABA,239,88,12,4,18,0,24,0,0,0,33,0,0,54,4,0,57,148,42,0,0
3471,FULTONABB,191,162,18,2,59,0,42,0,0,0,21,0,1,68,0,0,57,147,101,0,0
3472,FULTONABC,271,177,18,7,31,0,53,0,1,0,29,0,1,83,5,0,51,170,84,0,0
3473,FULTONABD,320,221,12,6,78,1,51,5,2,1,32,1,3,81,3,0,77,205,130,0,0
3474,FULTONABE,190,123,19,4,28,0,35,1,1,0,19,0,0,55,2,0,40,118,63,0,0
3475,FULTONABF,353,108,27,5,24,0,17,0,0,0,51,0,0,127,5,0,81,264,41,0,0
3476,FULTONABG,260,99,23,1,21,0,28,0,2,1,36,0,0,86,0,0,61,186,49,0,0
3477,FULTONABH,395,209,42,6,50,1,68,0,4,0,45,0,1,108,4,0,89,251,119,0,0
3478,FULTONABI,227,155,42,5,41,1,50,3,2,0,18,1,0,63,4,2,68,161,92,0,0
3479,FULTONABJ,209,111,26,5,29,2,31,0,1,0,16,0,1,63,3,1,47,132,62,0,0
3480,FULTONABK,448,191,32,11,38,2,71,0,4,1,67,1,0,112,4,0,119,308,111,0,0
3481,GALLIAAAA,267,100,7,2,37,2,29,6,3,1,23,0,2,75,6,0,72,188,68,0,0
3482,GALLIAAAB,449,177,15,9,48,2,63,1,3,0,41,0,3,105,9,0,124,286,113,0,0
3483,GALLIAAAE,247,113,14,6,32,7,33,0,5,0,14,0,1,106,6,0,70,202,72,0,0
3484,GALLIAAAG,752,167,25,6,62,6,75,4,11,1,60,0,2,161,18,1,203,461,143,0,0
3485,GALLIAAAI,330,81,7,3,32,6,37,0,1,1,26,0,3,51,1,0,77,160,75,0,0
3486,GALLIAAAK,669,139,20,5,52,3,53,1,0,0,76,0,3,120,14,1,238,453,108,0,0
3487,GALLIAAAL,524,152,12,7,52,5,65,1,6,0,50,0,1,141,8,1,137,345,122,0,0
3488,GALLIAAAN,619,193,18,5,84,1,57,3,3,0,58,0,0,170,10,0,181,425,142,0,0
3489,GALLIAAAO,258,77,3,4,30,1,21,1,6,1,27,0,3,55,7,0,82,182,52,0,0
3490,GALLIAAAQ,458,89,7,3,24,0,36,2,9,0,49,0,1,103,11,0,161,336,60,0,0
3491,GALLIAAAR,576,143,21,2,56,6,65,3,7,0,56,0,1,104,14,0,176,361,127,0,0
3492,GALLIAAAT,155,46,13,0,18,4,20,1,1,1,7,0,0,32,1,0,49,92,42,0,0
3493,GALLIAAAU,187,31,2,1,12,0,8,0,3,0,10,0,1,38,3,0,68,123,20,0,0
3494,GALLIAAAV,333,45,6,3,16,5,14,2,4,4,30,0,1,61,3,0,109,214,35,0,0
3495,GALLIAAAW,354,67,5,4,25,1,23,2,2,0,42,0,0,55,6,0,110,217,49,0,0
3496,GALLIAAAY,462,121,13,3,60,1,53,0,3,1,45,0,0,61,7,0,118,235,114,0,0
3497,GALLIAAAZ,427,110,11,1,37,2,32,1,6,1,35,0,3,81,5,0,131,263,71,0,0
3498,GALLIAABA,325,56,4,2,29,0,39,1,1,0,35,0,2,46,4,0,94,183,68,0,0
3499,GALLIAABB,388,112,18,5,37,3,39,4,2,0,46,0,1,83,2,0,115,253,79,0,0
3500,GALLIAABC,343,109,16,1,42,6,26,1,1,0,40,0,0,80,4,0,115,241,74,0,0
3501,GALLIAABD,300,116,8,6,32,1,42,1,3,0,29,0,1,85,6,0,74,199,75,0,0
3502,GALLIAABF,291,126,14,9,51,3,44,0,1,1,10,1,1,48,4,0,102,168,98,0,0
3503,GALLIAABG,415,94,10,2,26,1,37,1,2,0,38,0,0,86,6,1,130,264,64,0,0
3504,GALLIAABH,429,90,13,2,26,4,43,1,8,0,43,0,3,105,6,0,112,278,73,0,0
3505,GALLIAABJ,264,74,3,7,41,0,31,2,1,1,28,0,1,49,2,0,85,169,72,0,0
3506,GEAUGAAAA,525,361,31,6,82,0,46,2,5,0,29,0,0,277,14,0,145,472,128,0,0
3507,GEAUGAAAB,473,244,25,7,51,0,44,0,4,2,38,0,1,186,11,1,168,411,95,0,0
3508,GEAUGAAAC,488,254,23,3,50,0,53,1,3,2,42,1,1,202,6,1,130,389,103,0,0
3509,GEAUGAAAD,548,288,33,4,64,1,70,1,2,0,32,1,1,218,14,0,173,442,135,0,0
3510,GEAUGAAAE,435,208,24,2,44,0,31,0,0,0,43,1,0,129,12,1,143,329,75,0,0
3511,GEAUGAAAF,314,599,10,4,179,0,99,1,3,0,25,3,2,206,15,0,97,352,278,0,0
3512,GEAUGAAAG,391,399,22,4,99,0,61,1,0,0,24,0,1,285,6,0,101,418,160,0,0
3513,GEAUGAAAH,382,342,20,0,73,1,38,1,0,0,21,1,0,199,14,0,107,343,112,0,0
3514,GEAUGAAAI,566,401,22,7,88,0,42,0,1,1,43,0,0,299,10,0,123,477,130,0,0
3515,GEAUGAAAJ,439,336,14,1,74,0,55,1,3,0,49,3,0,221,16,1,117,411,129,0,0
3516,GEAUGAAAK,367,309,17,6,92,0,67,0,2,0,29,0,0,179,7,0,107,324,159,0,0
3517,GEAUGAAAL,447,384,27,4,84,0,55,1,0,2,34,1,0,301,9,0,90,438,139,0,0
3518,GEAUGAAAM,419,331,23,6,85,1,66,1,4,2,36,0,0,184,12,0,131,370,152,0,0
3519,GEAUGAAAN,343,223,24,3,52,0,44,1,3,0,39,1,1,137,5,0,104,291,96,0,0
3520,GEAUGAAAO,382,271,33,5,61,1,65,2,3,0,31,0,0,155,12,0,83,286,127,0,0
3521,GEAUGAAAP,332,120,10,3,38,1,25,0,1,0,40,2,1,130,10,0,84,268,64,0,0
3522,GEAUGAAAQ,227,109,17,1,32,0,37,2,0,0,30,0,0,71,3,1,54,161,69,0,0
3523,GEAUGAAAR,364,134,17,0,31,0,32,1,0,0,31,0,1,118,7,1,96,255,63,0,0
3524,GEAUGAAAS,368,250,18,11,61,2,78,3,6,0,39,1,2,127,14,0,99,291,141,0,0
3525,GEAUGAAAT,323,214,17,6,39,0,54,0,4,0,37,0,2,145,4,0,79,271,93,0,0
3526,GEAUGAAAU,326,201,19,6,43,1,52,0,7,0,25,0,1,98,7,0,87,225,96,0,0
3527,GEAUGAAAV,531,341,28,6,67,0,56,0,3,0,48,3,0,203,10,0,136,403,123,0,0
3528,GEAUGAAAW,539,240,38,6,46,0,65,4,3,0,46,0,3,225,10,0,124,415,111,0,0
3529,GEAUGAAAX,328,166,17,1,38,1,33,1,2,1,30,0,1,146,9,1,85,276,72,0,0
3530,GEAUGAAAY,502,233,25,8,48,0,60,0,5,0,55,1,0,225,13,0,122,421,108,0,0
3531,GEAUGAAAZ,482,240,21,6,76,1,64,0,4,0,34,1,2,184,4,0,134,363,141,0,0
3532,GEAUGAABA,320,159,6,2,52,2,39,0,1,2,20,3,0,130,3,0,95,254,93,0,0
3533,GEAUGAABB,451,274,30,2,69,2,53,0,2,0,40,1,2,195,7,0,129,376,124,0,0
3534,GEAUGAABC,407,203,16,8,43,0,35,0,0,0,16,2,0,185,5,0,112,320,78,0,0
3535,GEAUGAABD,400,245,20,16,68,1,51,0,0,1,31,0,0,166,6,1,132,337,120,0,0
3536,GEAUGAABE,378,247,7,4,53,0,56,0,3,1,31,2,0,140,5,0,105,287,109,0,0
3537,GEAUGAABF,356,237,17,2,57,1,38,1,2,0,15,1,1,146,9,0,109,284,96,0,0
3538,GEAUGAABG,506,301,29,6,84,0,49,4,4,1,40,0,0,217,3,1,147,417,133,0,0
3539,GEAUGAABH,375,233,30,8,59,1,56,1,1,1,29,0,1,155,4,0,99,291,116,0,0
3540,GEAUGAABI,480,260,16,5,55,0,49,0,4,0,34,1,2,194,4,0,133,372,104,0,0
3541,GEAUGAABJ,107,46,5,1,14,0,13,0,3,0,8,0,1,25,1,0,36,74,27,0,0
3542,GEAUGAABK,357,118,12,5,27,1,36,0,3,1,52,0,0,110,2,0,109,277,64,0,0
3543,GEAUGAABL,472,160,21,9,39,2,38,1,3,0,66,3,4,166,4,2,110,359,79,0,0
3544,GEAUGAABM,212,114,15,3,25,1,29,0,2,0,25,1,4,68,1,0,47,148,55,0,0
3545,GEAUGAABN,440,193,15,2,48,1,51,2,2,0,47,0,0,146,10,1,113,321,100,0,0
3546,GEAUGAABO,343,136,10,3,31,0,42,0,4,0,32,1,1,101,10,0,108,257,73,0,0
3547,GEAUGAABP,491,180,17,2,35,1,39,2,2,0,44,0,1,161,9,0,159,378,75,0,0
3548,GEAUGAABQ,484,188,26,3,42,1,47,0,3,1,41,0,1,133,9,0,142,330,90,0,0
3549,GEAUGAABR,483,161,18,7,33,0,47,1,2,0,61,0,1,124,7,0,142,338,80,0,0
3550,GEAUGAABS,254,82,13,2,17,1,19,1,2,0,30,1,0,56,5,0,73,168,37,0,0
3551,GEAUGAABT,434,235,18,3,58,0,32,1,11,0,50,1,2,132,8,0,107,312,90,0,0
3552,GEAUGAABU,382,167,29,6,49,0,50,1,3,3,53,1,1,100,7,0,73,242,99,0,0
3553,GEAUGAABV,368,101,11,9,34,0,33,1,4,0,33,0,1,71,1,0,73,184,67,0,0
3554,GEAUGAABW,301,96,13,5,25,1,32,0,3,0,25,1,0,56,9,0,63,157,58,0,0
3555,GEAUGAABX,412,144,21,2,29,0,38,0,4,1,33,2,1,88,5,0,118,252,67,0,0
3556,GEAUGAABY,396,113,13,2,33,0,30,1,1,0,31,0,0,102,14,0,106,255,63,0,0
3557,GEAUGAABZ,490,253,12,4,71,1,42,0,4,0,44,0,1,206,11,0,131,397,114,0,0
3558,GEAUGAACA,483,239,20,4,45,1,49,3,1,0,52,1,0,186,16,0,128,387,95,0,0
3559,GEAUGAACB,512,226,22,5,59,1,53,1,4,1,37,2,1,174,12,0,179,411,113,0,0
3560,GEAUGAACC,266,149,12,0,48,0,29,0,1,0,35,0,0,87,8,0,76,207,77,0,0
3561,GEAUGAACD,421,254,12,1,42,0,40,2,2,1,35,1,0,182,15,0,116,354,82,0,0
3562,GEAUGAACE,386,274,21,8,94,0,50,3,4,0,47,0,1,173,12,0,103,343,144,0,0
3563,GEAUGAACF,480,279,22,7,64,0,53,1,3,1,51,0,0,183,11,0,179,429,117,0,0
3564,GEAUGAACG,384,178,15,2,47,0,47,3,0,1,33,0,1,146,13,0,88,285,94,0,0
3565,GEAUGAACH,281,142,17,1,44,0,48,2,1,0,21,1,0,69,4,0,81,179,92,0,0
3566,GEAUGAACI,446,254,26,5,64,0,59,0,4,0,59,0,1,197,15,0,143,419,123,0,0
3567,GEAUGAACJ,378,146,13,7,40,2,47,2,2,0,42,0,0,102,3,0,107,258,89,0,0
3568,GEAUGAACK,333,96,10,2,26,0,28,0,1,0,40,0,0,76,3,1,65,186,54,0,0
3569,GEAUGAACL,397,156,32,5,29,2,37,1,4,0,31,0,1,148,2,1,108,296,68,0,0
3570,GEAUGAACM,344,307,22,4,46,0,39,2,0,0,20,1,0,279,11,0,65,378,85,0,0
3571,GEAUGAACN,257,276,21,4,65,0,48,2,2,0,22,0,0,159,8,0,62,255,113,0,0
3572,GEAUGAACO,297,327,29,4,58,0,45,3,0,2,20,3,2,223,16,0,59,328,103,0,0
3573,GEAUGAACP,260,234,14,4,49,0,33,2,3,0,16,1,1,182,4,0,68,277,82,0,0
3574,GEAUGAACQ,52,41,4,0,9,0,3,0,0,0,5,0,0,34,3,0,10,52,12,0,0
3575,GEAUGAACR,442,295,20,2,56,1,62,1,0,0,36,0,0,183,7,1,145,373,119,0,0
3576,GEAUGAACS,409,265,26,5,69,0,69,1,3,0,44,2,0,175,3,0,109,337,138,0,0
3577,GEAUGAACT,399,363,19,2,86,0,73,1,0,0,28,1,3,222,14,0,99,368,159,0,0
3578,GEAUGAACU,268,244,24,4,57,0,41,1,0,0,23,0,0,178,6,0,49,257,98,0,0
3579,GEAUGAACV,403,326,25,5,79,0,73,0,3,1,31,0,0,222,7,0,116,380,152,0,0
3580,GEAUGAACW,384,152,21,6,51,2,35,0,0,0,38,0,1,85,9,1,96,230,88,0,0
3581,GEAUGAACX,339,175,15,5,53,0,41,1,1,0,30,0,0,83,4,0,88,207,94,0,0
3582,GEAUGAACY,298,138,15,2,46,0,30,1,4,0,35,0,0,95,4,0,94,233,76,0,0
3583,GEAUGAACZ,368,189,10,2,50,0,38,1,3,0,36,1,0,134,8,0,91,274,88,0,0
3584,GREENEAAA,416,384,37,14,69,0,101,0,1,0,43,0,0,130,7,0,113,294,170,0,0
3585,GREENEAAB,372,227,34,7,52,1,74,1,1,0,39,0,0,142,9,1,101,294,127,0,0
3586,GREENEAAC,543,351,45,6,64,0,70,2,0,0,48,0,2,172,16,0,163,403,134,0,0
3587,GREENEAAD,266,153,12,2,53,2,28,2,1,0,18,0,0,96,6,0,83,206,83,0,0
3588,GREENEAAE,291,182,24,5,30,1,45,0,2,0,33,0,0,108,4,0,83,230,76,0,0
3589,GREENEAAF,366,175,28,3,36,1,36,0,1,1,52,0,1,161,9,0,117,342,73,0,0
3590,GREENEAAG,500,301,36,6,67,0,61,0,4,0,44,0,2,204,9,0,124,387,128,0,0
3591,GREENEAAH,320,140,25,7,39,0,27,1,0,0,35,0,3,130,7,0,93,269,66,0,0
3592,GREENEAAI,394,232,25,1,61,0,50,0,2,1,38,1,0,200,4,0,119,365,111,0,0
3593,GREENEAAJ,395,211,33,6,56,1,53,0,0,0,44,0,1,183,7,0,122,357,110,0,0
3594,GREENEAAK,435,250,30,0,76,0,30,1,1,0,41,0,3,254,6,0,109,415,106,0,0
3595,GREENEAAL,387,402,48,5,54,0,81,0,0,2,38,0,2,151,7,0,76,276,135,0,0
3596,GREENEAAM,339,186,24,6,52,1,49,0,2,1,40,0,2,134,3,0,108,290,102,0,0
3597,GREENEAAN,317,239,34,5,35,0,57,0,2,0,48,0,0,107,6,1,72,236,92,0,0
3598,GREENEAAO,537,451,37,9,96,0,86,0,0,0,41,1,0,243,13,0,142,440,182,0,0
3599,GREENEAAP,519,283,32,6,58,3,72,0,3,0,46,0,0,239,9,0,132,429,133,0,0
3600,GREENEAAQ,491,185,52,4,48,0,33,1,3,0,37,0,0,232,7,0,145,425,81,0,0
3601,GREENEAAR,298,155,16,1,44,0,29,0,2,0,38,0,0,129,4,1,85,259,73,0,0
3602,GREENEAAS,349,195,29,5,45,2,50,1,0,0,45,0,1,135,14,0,86,282,97,0,0
3603,GREENEAAT,228,132,16,0,29,1,33,0,1,0,21,0,0,103,1,0,85,211,63,0,0
3604,GREENEAAU,315,177,26,5,43,0,38,1,1,0,30,0,1,131,8,0,86,258,81,0,0
3605,GREENEAAV,308,152,25,3,31,0,54,0,0,0,23,0,1,124,6,0,87,241,85,0,0
3606,GREENEAAW,322,275,30,8,65,0,59,0,0,0,36,0,0,151,8,1,71,267,124,0,0
3607,GREENEAAX,303,159,43,7,32,1,56,0,2,0,30,0,0,150,14,0,70,266,89,0,0
3608,GREENEAAY,358,189,35,3,38,0,45,0,1,0,32,0,0,171,8,0,107,319,83,0,0
3609,GREENEAAZ,467,226,31,9,48,0,53,1,3,0,60,0,1,200,5,1,127,398,101,0,0
3610,GREENEABA,409,195,23,4,58,0,46,1,1,0,31,1,0,164,6,0,123,327,104,0,0
3611,GREENEABB,303,187,22,2,56,0,42,0,2,0,35,0,0,145,9,0,89,280,98,0,0
3612,GREENEABC,296,183,24,3,47,0,21,0,2,0,39,0,0,133,2,0,83,259,68,0,0
3613,GREENEABD,486,257,41,5,72,0,38,2,1,1,61,0,0,247,9,1,152,474,110,0,0
3614,GREENEABF,383,178,17,4,48,0,33,0,0,0,32,1,0,160,11,0,114,318,81,0,0
3615,GREENEABG,160,50,12,3,10,0,10,0,1,0,22,0,1,31,10,0,47,112,20,0,0
3616,GREENEABH,321,166,25,4,43,2,43,1,0,0,24,1,0,120,6,0,90,242,88,0,0
3617,GREENEABS,356,159,22,5,40,4,41,0,4,1,40,0,0,130,6,0,89,270,85,0,0
3618,GREENEACD,594,300,35,9,55,0,66,1,5,0,82,0,3,226,6,0,130,453,121,0,0
3619,GREENEACO,284,182,32,3,51,1,36,0,1,0,26,0,0,153,5,0,75,260,88,0,0
3620,GREENEACP,388,175,30,3,30,1,48,0,1,0,38,0,0,97,5,0,120,261,79,0,0
3621,GREENEACQ,346,212,33,5,40,0,60,1,0,0,24,0,0,156,6,0,95,282,100,0,0
3622,GREENEACR,308,194,15,6,49,1,36,0,2,0,36,0,0,126,7,0,83,254,86,0,0
3623,GREENEACS,618,296,33,4,66,0,49,0,0,0,57,0,0,275,8,0,172,512,115,0,0
3624,GREENEACT,416,141,24,7,24,1,46,0,2,1,33,0,0,114,4,0,100,254,71,0,0
3625,GREENEACU,368,207,19,6,42,0,70,0,4,1,32,1,3,126,6,0,90,263,112,0,0
3626,GREENEACV,303,142,20,2,38,1,37,0,0,1,27,0,1,130,3,0,93,255,76,0,0
3627,GREENEACW,376,214,35,3,28,2,43,0,2,0,29,0,0,148,6,0,88,273,73,0,0
3628,GREENEACX,269,133,18,2,23,2,38,1,1,0,35,0,0,97,4,0,81,219,63,0,0
3629,GREENEADF,271,202,38,8,45,2,72,1,1,0,17,0,1,89,3,0,83,195,119,0,0
3630,GREENEADG,242,190,16,5,41,1,51,0,1,0,17,0,1,57,6,0,75,157,93,0,0
3631,GREENEADH,176,153,17,6,39,0,54,0,0,1,14,0,0,59,1,0,53,128,93,0,0
3632,GREENEADI,236,146,21,1,31,0,40,1,0,0,26,0,1,90,6,1,75,200,71,0,0
3633,GREENEADJ,492,214,28,5,59,0,45,0,2,0,60,0,1,175,3,1,143,385,104,0,0
3634,GREENEADK,268,183,20,1,59,0,38,0,1,1,38,0,1,108,4,0,83,236,97,0,0
3635,GREENEADL,258,202,21,10,39,1,75,2,0,0,34,1,0,68,2,0,74,181,115,0,0
3636,GREENEADM,214,147,19,14,34,0,42,1,0,0,21,0,2,44,1,0,47,116,76,0,0
3637,GREENEADN,399,189,32,7,44,1,48,1,1,0,28,0,1,91,1,0,106,229,93,0,0
3638,GREENEADO,202,143,16,5,35,0,29,0,3,0,10,0,0,45,2,0,56,116,64,0,0
3639,GREENEADP,264,163,15,4,52,1,45,0,1,0,9,0,1,52,4,0,88,155,98,0,0
3640,GREENEADQ,411,202,21,1,61,2,65,0,2,0,46,2,1,144,2,0,128,325,128,0,0
3641,GREENEADR,375,181,16,3,55,1,40,0,2,0,29,0,0,130,6,0,117,284,96,0,0
3642,GREENEADS,302,278,42,4,73,0,84,0,4,0,32,0,0,123,8,0,60,227,157,0,0
3643,GREENEADT,346,253,28,8,74,0,59,1,1,0,31,1,1,116,7,0,97,255,133,0,0
3644,GREENEADU,200,184,11,1,37,0,27,0,0,0,13,0,0,47,3,0,66,129,64,0,0
3645,GREENEADV,319,169,14,8,51,3,42,0,2,0,25,0,3,86,2,0,103,221,96,0,0
3646,GREENEADW,169,157,9,4,38,3,34,2,0,0,14,0,1,24,1,0,36,78,75,0,0
3647,GREENEADX,155,180,17,12,24,1,49,0,2,0,17,1,0,43,2,0,39,104,74,0,0
3648,GREENEADY,294,286,35,7,48,0,80,0,1,0,21,0,1,79,4,0,91,197,128,0,0
3649,GREENEADZ,229,173,22,13,51,1,39,1,0,2,28,0,0,39,7,0,73,150,91,0,0
3650,GREENEAEA,168,213,26,10,29,0,67,0,0,0,18,0,1,44,4,0,29,96,96,0,0
3651,GREENEAEB,185,137,17,1,24,0,31,0,1,0,7,0,0,23,4,0,53,88,55,0,0
3652,GREENEAEC,344,676,58,17,80,1,184,0,1,0,26,0,0,103,5,0,49,184,265,0,0
3653,GREENEAED,284,160,22,6,39,1,56,0,0,0,26,0,0,88,5,0,94,213,96,0,0
3654,GREENEAEY,201,111,14,9,39,0,30,0,3,1,21,0,0,55,2,0,46,128,69,0,0
3655,GREENEAEZ,241,171,13,1,33,0,34,1,2,1,40,0,0,101,9,0,53,207,67,0,0
3656,GREENEAFA,212,147,10,3,27,0,32,0,1,0,25,1,0,48,6,0,58,139,59,0,0
3657,GREENEAFB,271,144,25,7,44,0,34,1,2,0,36,0,0,65,6,0,74,184,78,0,0
3658,GREENEAFC,247,172,18,5,45,4,48,0,0,0,11,1,1,55,9,0,85,162,97,0,0
3659,GREENEAFD,365,223,33,6,60,2,62,2,3,0,24,0,0,74,6,0,91,200,124,0,0
3660,GREENEAFE,317,133,18,1,43,1,32,0,4,0,24,0,0,71,6,0,75,180,76,0,0
3661,GREENEAFF,251,127,10,0,40,0,21,2,0,0,24,0,0,66,5,0,79,176,61,0,0
3662,GREENEAFG,446,203,22,4,69,2,34,0,7,2,46,0,1,135,9,0,132,332,105,0,0
3663,GREENEAFH,273,147,22,3,49,0,28,0,4,1,13,0,1,68,8,0,63,158,77,0,0
3664,GREENEAFI,285,137,15,4,38,0,28,0,1,0,32,0,3,51,4,0,89,180,66,0,0
3665,GREENEAFJ,339,172,21,6,51,2,43,1,1,1,53,0,0,114,5,1,79,255,96,0,0
3666,GREENEAFK,311,152,18,4,45,0,55,1,4,0,35,1,0,71,2,0,78,192,100,0,0
3667,GREENEAFL,175,167,12,3,35,0,36,0,2,0,19,0,0,57,3,0,32,113,71,0,0
3668,GREENEAFM,340,153,20,9,37,0,48,1,2,1,46,0,3,102,4,0,76,235,85,0,0
3669,GREENEAFN,174,158,12,4,35,1,34,0,0,0,13,1,0,34,4,0,61,113,70,0,0
3670,GREENEAFO,33,165,1,2,47,0,25,1,1,0,1,0,0,14,0,0,7,24,72,0,0
3671,GREENEAFP,329,141,8,2,50,0,21,0,2,1,34,0,0,103,8,1,79,228,71,0,0
3672,GREENEAFQ,115,200,8,6,69,0,38,0,1,0,24,0,0,39,8,0,21,93,107,0,0
3673,GREENEAFR,239,192,19,4,46,1,32,3,3,0,17,0,0,93,6,0,67,189,79,0,0
3674,GREENEAFS,332,235,8,3,75,0,46,0,2,1,49,0,0,128,19,0,87,286,121,0,0
3675,GREENEAFT,376,176,13,1,62,1,37,2,7,1,55,0,0,97,9,0,111,282,100,0,0
3676,GREENEAGJ,230,322,36,10,29,0,117,1,1,0,26,0,0,49,5,0,41,123,146,0,0
3677,GREENEAGK,382,133,20,6,50,1,32,0,2,0,47,0,2,120,2,1,115,289,83,0,0
3678,GREENEAGL,382,175,24,2,67,2,42,0,2,0,39,0,1,154,4,0,136,336,111,0,0
3679,GREENEAGM,316,120,12,4,32,0,30,0,1,0,24,0,0,81,0,0,115,221,62,0,0
3680,GREENEAGQ,292,124,10,9,25,0,18,0,0,1,20,0,0,117,2,0,83,223,43,0,0
3681,GREENEAGR,428,197,41,7,41,0,43,1,3,0,57,1,0,229,11,0,103,405,84,0,0
3682,GREENEAGS,704,283,39,6,57,0,48,0,0,0,67,0,1,241,14,2,191,516,105,0,0
3683,GREENEAGT,646,360,33,3,76,0,47,1,5,0,59,0,0,264,10,1,182,522,123,0,0
3684,GREENEAGW,209,57,6,2,13,0,11,1,0,0,20,0,0,64,2,0,79,166,24,0,0
3685,GREENEAGX,349,85,9,3,22,0,12,0,3,0,43,0,1,84,4,0,122,257,34,0,0
3686,GREENEAGY,405,94,7,2,26,1,17,0,5,0,62,0,0,142,11,0,106,326,44,0,0
3687,GREENEAGZ,325,57,14,2,10,0,19,0,0,0,59,0,1,142,8,0,62,272,29,0,0
3688,GREENEAHA,500,44,29,9,8,0,17,1,5,1,91,0,0,234,15,1,19,367,25,0,0
3689,GREENEAHB,379,84,28,2,8,0,16,0,3,0,70,0,0,196,13,1,61,344,24,0,0
3690,GREENEAHD,405,69,12,1,17,0,16,0,3,0,49,1,1,84,6,0,121,265,33,0,0
3691,GREENEAHE,93,22,4,1,6,1,4,0,1,1,5,1,0,23,1,0,27,59,11,0,0
3692,GREENEAHF,250,158,13,5,41,0,49,1,2,0,33,0,0,103,3,0,50,192,90,0,0
3693,GREENEAHG,145,281,6,7,67,0,96,0,0,0,15,0,0,64,1,0,31,111,163,0,0
3694,GREENEAHH,72,623,12,14,182,0,269,0,1,0,5,0,0,49,1,0,18,74,451,0,0
3695,GREENEAHI,41,500,6,12,155,0,194,0,0,0,3,1,0,29,2,0,17,52,349,0,0
3696,GREENEAHJ,20,576,6,24,141,0,281,1,0,0,3,0,0,46,0,0,6,56,422,0,0
3697,GREENEAHK,55,573,12,8,201,1,191,0,0,0,7,1,1,54,6,0,10,79,393,0,0
3698,GREENEAHQ,291,56,16,0,17,1,17,0,2,1,42,2,1,82,3,0,88,221,35,0,0
3699,GREENEAHR,493,88,9,2,15,1,19,0,3,0,68,0,0,125,8,0,153,357,35,0,0
3700,GREENEAHS,417,82,21,0,22,0,20,0,3,0,22,0,1,105,4,0,137,272,42,0,0
3701,GREENEAHU,398,71,18,0,19,1,17,0,3,0,51,0,0,103,6,1,137,301,37,0,0
3702,GREENEAHV,270,76,5,5,29,1,15,3,2,1,19,0,0,67,3,0,101,196,45,0,0
3703,GREENEAHW,413,133,13,2,43,3,29,0,1,0,39,0,1,105,8,0,132,286,75,0,0
3704,GREENEAHX,379,122,15,2,34,0,27,2,1,0,29,0,0,117,4,0,115,268,61,0,0
3705,GREENEAHY,227,83,17,4,29,0,24,1,2,0,23,0,0,66,1,0,61,154,53,0,0
3706,GREENEAHZ,472,167,23,3,46,0,36,1,1,0,61,0,2,150,7,0,142,364,82,0,0
3707,GREENEAIA,506,151,15,3,35,0,47,0,0,0,66,0,1,178,5,0,157,407,82,0,0
3708,GREENEAIC,163,61,8,5,20,1,25,0,1,0,17,0,1,38,1,0,44,102,46,0,0
3709,GREENEAID,310,227,28,6,43,0,48,2,5,0,17,0,0,102,4,0,80,210,91,0,0
3710,GREENEAIE,638,295,50,3,70,0,52,0,0,0,52,0,0,266,6,1,172,497,122,0,0
3711,GREENEAIF,575,247,40,6,42,0,45,0,0,0,51,0,0,299,6,1,170,527,87,0,0
3712,GREENEAIG,456,167,20,2,24,0,26,0,3,0,50,0,0,208,4,0,126,391,50,0,0
3713,GREENEAIH,291,101,26,3,17,0,24,0,0,0,36,0,0,111,4,0,89,240,41,0,0
3714,GREENEAII,512,174,24,4,47,0,31,1,1,0,44,0,0,180,11,0,152,389,78,0,0
3715,GREENEAIK,375,146,12,3,30,1,50,1,2,1,46,0,1,79,9,0,116,255,81,0,0
3716,GREENEAIL,268,111,13,0,29,0,16,0,4,0,31,0,0,99,5,0,79,218,45,0,0
3717,GREENEAIM,72,137,9,1,53,0,25,0,0,0,5,0,0,26,1,0,35,67,78,0,0
3718,GREENEAIN,31,473,7,1,13,1,53,0,0,0,3,0,0,9,1,0,6,19,67,0,0
3719,GREENEAIO,150,242,16,2,57,0,44,1,0,0,23,0,0,56,1,1,50,132,101,0,0
3720,GREENEAIP,440,120,13,4,33,4,31,0,6,2,56,0,0,99,6,0,161,330,68,0,0
3721,GREENEAIQ,393,106,8,3,23,0,19,0,4,0,65,0,1,123,6,0,131,330,42,0,0
3722,GREENEAIR,318,129,12,0,42,0,29,3,1,0,35,0,0,124,7,0,70,240,71,0,0
3723,GREENEAIW,398,157,38,2,33,0,46,2,5,0,64,0,0,102,9,0,100,282,79,0,0
3724,GREENEAIX,718,491,55,6,102,1,82,0,3,1,80,2,0,268,9,0,187,550,185,0,0
3725,GREENEAIZ,552,261,23,0,65,1,46,1,2,2,56,1,0,242,7,0,163,474,112,0,0
3726,GREENEAJA,700,256,38,2,43,1,37,1,1,0,51,0,0,281,7,0,167,508,81,0,0
3727,GREENEAJB,485,393,43,3,61,0,77,0,2,0,23,1,0,205,14,0,124,369,138,0,0
3728,GREENEAJC,473,203,43,3,37,0,41,0,0,0,64,0,0,180,11,0,108,363,78,0,0
3729,GREENEAJD,233,90,12,0,25,0,23,0,0,0,46,0,3,71,1,1,59,181,48,0,0
3730,GUERNSEYAAA,249,208,24,3,69,0,47,1,1,0,18,0,0,73,3,1,63,160,116,0,0
3731,GUERNSEYAAD,143,116,10,3,29,1,40,0,1,0,7,0,1,42,2,0,40,93,70,0,0
3732,GUERNSEYAAG,180,122,22,7,47,5,24,0,1,1,13,0,1,32,3,0,33,84,76,0,0
3733,GUERNSEYAAJ,189,132,23,6,36,1,34,0,0,0,24,0,1,44,2,0,50,121,71,0,0
3734,GUERNSEYAAN,333,165,16,4,46,3,56,0,2,0,29,0,0,85,2,0,66,184,105,0,0
3735,GUERNSEYAAP,358,181,17,3,65,0,42,1,3,1,27,0,2,135,6,0,87,262,107,0,0
3736,GUERNSEYAAW,347,231,29,3,60,1,53,0,1,1,33,0,0,104,12,0,84,235,114,0,0
3737,GUERNSEYAAX,290,152,10,3,56,2,31,2,1,0,27,1,1,95,7,0,87,221,89,0,0
3738,GUERNSEYABA,480,118,19,4,33,1,33,0,2,0,53,0,0,123,7,0,126,311,67,0,0
3739,GUERNSEYABB,248,79,10,3,22,0,18,1,1,0,20,0,1,67,1,0,61,152,40,0,0
3740,GUERNSEYABC,523,179,15,2,53,1,37,1,2,1,40,2,1,148,15,0,133,343,91,0,0
3741,GUERNSEYABE,456,190,21,5,69,2,40,0,2,1,27,2,1,115,7,0,112,267,111,0,0
3742,GUERNSEYABG,359,125,19,1,26,0,40,3,3,0,27,0,0,113,6,0,90,242,66,0,0
3743,GUERNSEYABH,301,73,19,1,20,0,21,1,3,0,29,0,0,88,5,0,88,214,41,0,0
3744,GUERNSEYABI,315,95,17,1,41,0,38,1,0,0,21,0,4,64,9,0,91,190,79,0,0
3745,GUERNSEYABK,388,146,15,4,65,5,48,0,1,0,39,0,1,63,3,1,92,200,118,0,0
3746,GUERNSEYABL,354,145,27,2,53,3,46,1,1,2,17,0,2,70,3,0,105,201,102,0,0
3747,GUERNSEYABM,228,120,18,3,32,1,36,0,1,0,15,0,0,52,2,0,55,125,69,0,0
3748,GUERNSEYABO,348,166,20,5,48,1,48,1,2,0,35,0,0,71,3,2,71,185,97,0,0
3749,GUERNSEYABQ,361,82,18,2,37,1,33,0,4,0,33,0,1,93,3,0,107,241,71,0,0
3750,GUERNSEYABR,156,72,12,5,25,1,24,0,2,0,8,1,2,46,2,0,47,108,50,0,0
3751,GUERNSEYABS,343,105,15,3,40,1,43,2,5,0,38,0,0,73,4,0,99,221,84,0,0
3752,GUERNSEYABU,373,93,17,2,33,2,26,3,4,0,34,1,0,79,3,0,125,249,61,0,0
3753,GUERNSEYABX,399,69,7,4,27,0,35,2,2,0,26,0,0,67,3,0,127,227,62,0,0
3754,GUERNSEYACA,454,137,17,4,46,2,34,2,2,0,36,0,1,93,9,0,146,289,82,0,0
3755,GUERNSEYACB,230,57,4,0,25,3,19,0,0,0,22,0,0,25,3,0,74,124,47,0,0
3756,GUERNSEYACD,75,42,4,0,22,0,10,0,0,0,5,0,0,17,1,0,20,43,32,0,0
3757,GUERNSEYACE,546,193,17,3,56,1,47,0,0,0,46,0,0,109,5,0,128,288,104,0,0
3758,GUERNSEYACF,117,52,4,2,27,1,13,0,1,0,4,0,1,31,2,0,27,66,41,0,0
3759,GUERNSEYACG,379,91,18,2,39,1,29,0,1,0,25,0,0,77,3,0,119,225,69,0,0
3760,GUERNSEYACI,267,129,14,3,45,4,50,0,0,0,25,0,1,54,5,0,67,152,99,0,0
3761,GUERNSEYACK,277,139,9,1,52,2,49,0,1,0,21,0,0,48,8,0,91,169,103,0,0
3762,GUERNSEYACO,401,106,22,3,32,1,27,1,1,0,46,0,0,79,8,0,106,241,60,0,0
3763,GUERNSEYACP,404,117,8,1,36,0,27,0,1,0,29,0,0,129,4,0,96,259,63,0,0
3764,GUERNSEYACR,574,132,12,1,51,4,55,0,1,0,69,0,1,101,9,0,175,356,110,0,0
3765,HAMILTONAAA,277,240,18,5,56,0,43,0,1,0,28,0,0,150,4,1,79,263,99,0,0
3766,HAMILTONAAB,522,477,50,8,87,1,99,1,2,0,34,1,1,204,13,0,123,379,187,0,0
3767,HAMILTONAAD,310,232,16,9,47,0,49,0,2,1,18,0,2,119,11,2,84,239,96,0,0
3768,HAMILTONAAE,270,219,20,3,62,1,47,2,0,0,47,0,3,147,3,0,66,268,110,0,0
3769,HAMILTONAAF,121,277,18,5,99,1,59,1,0,0,13,0,0,60,5,0,30,109,159,0,0
3770,HAMILTONAAG,316,382,27,0,83,1,54,2,1,1,32,0,0,206,4,0,80,326,138,0,0
3771,HAMILTONAAH,409,606,42,5,179,1,99,0,1,1,34,1,0,323,8,0,92,460,279,0,0
3772,HAMILTONAAK,323,368,52,8,74,0,109,0,2,0,30,0,3,110,9,0,65,219,183,0,0
3773,HAMILTONAAM,382,422,32,5,106,0,56,1,0,2,23,0,0,299,14,0,81,420,162,0,0
3774,HAMILTONAAN,201,325,33,4,70,0,64,1,1,0,26,0,0,167,2,0,46,243,134,0,0
3775,HAMILTONAAP,477,405,35,12,87,2,107,2,3,1,34,1,1,103,10,0,122,277,196,0,0
3776,HAMILTONAAS,546,345,52,12,75,0,111,2,2,1,53,1,1,130,4,0,128,322,186,0,0
3777,HAMILTONAAV,369,365,41,8,78,1,94,0,0,2,30,0,1,112,6,0,89,240,173,0,0
3778,HAMILTONAAY,498,426,53,14,88,0,136,5,3,0,38,0,1,138,9,1,120,315,224,0,0
3779,HAMILTONABB,119,59,12,3,20,0,7,1,0,0,5,0,0,37,1,0,39,83,27,0,0
3780,HAMILTONABC,389,488,41,9,150,0,105,0,2,0,45,0,0,212,6,1,91,357,255,0,0
3781,HAMILTONABD,394,562,46,15,118,1,176,1,1,1,43,1,0,126,11,1,108,293,295,0,0
3782,HAMILTONABE,160,293,35,0,59,0,55,0,2,0,9,0,0,91,5,0,34,141,114,0,0
3783,HAMILTONABF,276,458,40,12,91,0,102,1,2,0,26,0,2,132,7,0,69,239,193,0,0
3784,HAMILTONABG,371,437,37,20,91,2,146,0,1,1,31,1,2,159,11,1,108,315,239,0,0
3785,HAMILTONABH,173,270,12,5,58,0,70,2,2,0,35,2,1,58,4,0,46,150,128,0,0
3786,HAMILTONABI,202,275,20,3,84,0,43,0,1,0,18,0,0,134,3,0,33,189,127,0,0
3787,HAMILTONABJ,351,402,41,9,92,0,111,2,1,1,39,0,0,174,5,0,83,305,203,0,0
3788,HAMILTONABK,274,446,38,7,101,0,105,2,1,1,25,0,0,203,9,0,45,286,206,0,0
3789,HAMILTONABL,257,427,28,14,79,2,120,2,1,0,33,0,1,114,2,0,55,208,201,0,0
3790,HAMILTONABM,252,233,17,2,46,0,45,1,0,0,23,1,0,145,8,0,63,241,91,0,0
3791,HAMILTONABN,276,404,42,8,101,0,64,1,0,0,26,1,1,230,13,0,42,314,165,0,0
3792,HAMILTONABY,155,597,20,12,220,3,100,2,2,0,10,0,0,81,8,0,38,141,323,0,0
3793,HAMILTONACA,157,818,12,5,314,1,98,1,0,0,12,0,1,69,12,0,23,118,413,0,0
3794,HAMILTONACB,339,765,46,8,163,0,191,1,4,1,19,1,1,178,13,0,54,272,354,0,0
3795,HAMILTONACC,223,673,31,14,212,0,168,0,3,0,28,2,1,87,3,1,45,170,380,0,0
3796,HAMILTONACD,297,443,42,8,100,2,96,0,2,1,28,0,0,201,7,0,40,279,198,0,0
3797,HAMILTONACE,96,736,13,10,251,1,149,0,0,0,12,0,0,32,4,0,18,66,401,0,0
3798,HAMILTONACF,306,309,20,4,104,1,40,3,2,1,27,0,0,254,3,0,47,337,145,0,0
3799,HAMILTONACG,124,419,30,10,123,0,60,0,1,0,13,0,0,64,2,0,15,95,183,0,0
3800,HAMILTONACH,177,603,23,10,194,0,128,2,1,0,27,0,2,78,2,0,42,154,322,0,0
3801,HAMILTONACI,251,532,58,11,93,2,121,0,1,0,23,0,0,174,11,0,41,250,216,0,0
3802,HAMILTONACJ,313,687,45,9,170,0,145,2,2,0,24,0,0,221,8,0,53,310,315,0,0
3803,HAMILTONACZ,15,677,5,6,262,0,89,0,0,1,3,0,0,6,0,0,3,13,351,0,0
3804,HAMILTONADA,123,470,26,11,150,2,108,1,1,0,6,2,1,94,2,0,21,128,260,0,0
3805,HAMILTONADB,177,592,30,2,213,1,89,0,0,1,7,2,1,117,4,1,32,165,303,0,0
3806,HAMILTONADC,37,866,5,9,297,2,114,0,1,0,1,0,0,29,4,0,3,38,413,0,0
3807,HAMILTONADD,17,777,4,5,294,1,80,0,1,0,5,0,0,11,2,0,5,24,375,0,0
3808,HAMILTONADP,197,497,21,4,174,0,79,0,2,1,19,0,0,150,4,1,36,213,253,0,0
3809,HAMILTONADQ,246,506,46,3,127,0,90,1,2,0,12,0,0,222,8,0,48,293,217,0,0
3810,HAMILTONADR,138,444,28,5,121,0,96,0,1,0,10,1,0,142,7,0,26,187,217,0,0
3811,HAMILTONADS,278,577,47,9,149,0,128,0,1,0,20,0,0,217,11,0,56,305,277,0,0
3812,HAMILTONADT,259,557,37,5,118,0,105,1,1,0,27,0,0,228,6,1,53,317,223,0,0
3813,HAMILTONADU,220,467,28,2,102,0,91,0,2,0,15,1,0,217,6,0,36,277,193,0,0
3814,HAMILTONADV,390,515,48,7,131,1,85,1,1,1,46,0,1,305,8,0,66,429,217,0,0
3815,HAMILTONADW,370,622,62,8,122,0,131,1,3,0,39,0,0,253,12,0,72,380,253,0,0
3816,HAMILTONAEF,311,481,22,6,137,0,57,1,0,0,22,0,0,229,5,0,63,320,194,0,0
3817,HAMILTONAEG,252,512,28,3,143,0,98,0,1,1,22,3,0,254,14,1,53,349,241,0,0
3818,HAMILTONAEH,192,386,22,6,156,1,97,0,0,0,15,1,0,128,2,0,34,180,254,0,0
3819,HAMILTONAEI,343,645,38,4,162,0,89,1,2,1,39,0,0,306,9,0,52,410,251,0,0
3820,HAMILTONAEJ,294,476,50,10,115,0,113,1,0,0,21,0,0,274,4,0,58,358,228,0,0
3821,HAMILTONAEK,234,405,31,9,85,0,76,1,3,0,13,0,0,166,5,0,37,225,161,0,0
3822,HAMILTONAEL,356,614,50,8,152,0,88,1,1,0,25,0,1,312,19,0,60,419,240,0,0
3823,HAMILTONAEM,69,512,11,18,134,0,142,0,1,1,14,1,0,47,4,1,12,81,276,0,0
3824,HAMILTONAEN,467,631,62,8,144,0,114,0,2,0,35,0,0,401,5,1,82,526,258,0,0
3825,HAMILTONAFA,227,681,47,5,131,1,135,0,1,0,23,0,0,167,8,0,47,246,267,0,0
3826,HAMILTONAFB,296,549,44,5,140,0,82,0,0,0,11,0,0,174,10,0,57,252,222,0,0
3827,HAMILTONAFC,101,658,27,13,148,1,180,0,1,0,3,0,1,78,6,0,15,104,329,0,0
3828,HAMILTONAFD,88,627,28,15,107,3,161,0,0,0,1,0,0,73,5,0,13,92,271,0,0
3829,HAMILTONAFF,39,812,11,7,337,0,119,0,1,0,1,1,0,43,3,0,6,55,456,0,0
3830,HAMILTONAFG,15,345,0,0,139,1,22,0,1,0,1,0,0,5,0,0,1,8,162,0,0
3831,HAMILTONAFH,19,749,5,6,309,0,99,0,0,0,1,0,0,14,3,0,2,20,408,0,0
3832,HAMILTONAFI,39,742,3,4,296,0,77,1,0,1,4,0,0,11,0,0,3,20,373,0,0
3833,HAMILTONAFJ,10,411,3,3,162,2,69,0,0,0,2,0,0,5,1,0,0,8,233,0,0
3834,HAMILTONAFK,8,576,0,4,239,1,54,0,0,0,1,0,0,5,1,0,0,7,294,0,0
3835,HAMILTONAFL,31,819,5,8,346,0,92,1,2,0,2,0,1,16,0,2,9,33,438,0,0
3836,HAMILTONAFM,22,717,3,7,271,1,84,0,0,0,6,0,0,13,0,0,3,22,356,0,0
3837,HAMILTONAFN,32,748,7,6,322,0,83,1,2,0,6,0,0,21,1,0,8,39,405,0,0
3838,HAMILTONAFO,13,322,3,1,105,0,31,1,1,1,2,0,0,4,0,0,1,10,136,0,0
3839,HAMILTONAFP,30,609,4,3,270,0,58,0,1,0,4,0,1,8,1,1,7,23,328,0,0
3840,HAMILTONAGD,74,902,14,16,228,2,154,0,1,0,6,0,1,25,1,0,8,42,384,0,0
3841,HAMILTONAGE,181,523,35,6,149,1,104,1,0,0,16,0,0,145,7,0,36,205,254,0,0
3842,HAMILTONAGF,383,583,30,8,165,1,86,0,0,0,20,1,0,244,8,0,87,360,252,0,0
3843,HAMILTONAGG,49,568,20,7,150,2,88,0,0,0,4,1,0,40,3,0,5,53,240,0,0
3844,HAMILTONAGN,23,522,3,5,181,1,64,3,2,0,2,0,1,10,1,0,11,30,246,0,0
3845,HAMILTONAGO,159,751,27,11,217,0,199,2,2,1,17,0,0,129,6,0,38,195,416,0,0
3846,HAMILTONAGP,28,605,9,4,223,1,64,0,1,0,1,0,0,18,0,0,5,25,288,0,0
3847,HAMILTONAGQ,16,599,0,9,197,0,52,0,1,1,0,0,0,7,0,0,2,11,249,0,0
3848,HAMILTONAGY,179,611,22,12,176,0,157,0,2,0,67,0,0,82,2,1,24,178,333,0,0
3849,HAMILTONAGZ,20,372,4,7,77,0,56,0,0,0,1,0,0,17,0,0,2,20,133,0,0
3850,HAMILTONAHA,41,551,17,6,118,0,143,0,0,0,2,0,0,36,1,0,10,49,261,0,0
3851,HAMILTONAHE,149,725,34,25,156,1,270,1,0,0,18,1,0,85,2,0,26,133,427,0,0
3852,HAMILTONAHF,230,724,50,24,98,0,195,0,2,0,9,0,0,45,2,0,18,76,293,0,0
3853,HAMILTONAHG,188,641,52,16,55,0,233,0,0,0,6,0,0,50,1,0,18,75,288,0,0
3854,HAMILTONAHO,265,928,59,30,143,2,282,2,3,0,16,1,0,102,4,1,43,172,427,0,0
3855,HAMILTONAHP,485,1196,106,34,34,0,227,0,1,0,11,0,0,72,3,1,17,105,261,0,0
3856,HAMILTONAHQ,172,958,57,20,149,0,266,1,1,0,9,1,0,75,6,0,15,108,415,0,0
3857,HAMILTONAIA,8,618,1,2,198,0,49,0,0,0,0,0,0,5,0,0,2,7,247,0,0
3858,HAMILTONAIB,264,877,39,13,178,1,181,0,1,0,8,0,0,86,7,0,14,116,360,0,0
3859,HAMILTONAIC,24,552,3,1,173,0,68,0,1,0,3,0,0,1,0,0,4,9,241,0,0
3860,HAMILTONAID,32,644,6,3,223,0,88,0,2,0,2,0,0,14,0,0,7,25,311,0,0
3861,HAMILTONAIE,82,846,14,13,337,1,155,1,1,0,4,0,0,67,2,0,18,93,493,0,0
3862,HAMILTONAIF,45,645,8,6,289,1,129,0,1,1,7,0,0,35,1,0,10,55,419,0,0
3863,HAMILTONAIG,17,719,3,3,221,3,53,0,0,0,0,0,0,4,0,0,1,5,277,0,0
3864,HAMILTONAIS,166,716,27,6,204,1,177,1,0,0,27,2,0,123,7,1,32,193,382,0,0
3865,HAMILTONAIT,38,801,12,13,312,1,131,0,0,0,7,0,0,22,0,0,7,36,444,0,0
3866,HAMILTONAIU,95,285,18,9,75,0,70,0,0,1,11,0,0,103,3,0,20,138,145,0,0
3867,HAMILTONAIV,128,930,18,8,370,0,173,1,1,1,15,0,0,90,1,0,27,136,543,0,0
3868,HAMILTONAIW,109,790,11,9,281,1,140,0,1,0,13,0,0,84,0,0,25,123,422,0,0
3869,HAMILTONAIX,77,675,8,4,288,1,119,1,0,0,9,0,1,57,3,0,16,87,408,0,0
3870,HAMILTONAIY,147,624,42,12,172,0,185,0,0,0,24,0,1,138,5,0,22,190,357,0,0
3871,HAMILTONAIZ,140,671,26,8,183,0,170,1,2,1,19,0,1,114,6,0,26,170,353,0,0
3872,HAMILTONAJA,179,731,26,14,202,1,161,2,1,0,15,0,1,94,6,0,35,154,364,0,0
3873,HAMILTONAJN,109,800,33,29,185,2,319,0,0,0,11,0,2,45,3,1,26,88,506,0,0
3874,HAMILTONAJO,125,920,26,21,253,0,261,0,3,0,13,0,0,106,3,0,22,147,514,0,0
3875,HAMILTONAJP,15,455,4,4,150,1,51,0,0,0,5,0,0,7,0,0,2,14,202,0,0
3876,HAMILTONAJQ,20,538,6,5,228,0,72,0,2,0,1,0,0,16,0,0,7,26,300,0,0
3877,HAMILTONAJR,105,853,15,22,245,0,291,0,0,0,10,0,0,84,4,0,14,112,536,0,0
3878,HAMILTONAJS,76,328,6,7,131,0,62,2,3,0,1,1,0,45,4,0,12,68,193,0,0
3879,HAMILTONAJT,61,380,9,5,134,0,80,0,1,1,7,1,0,35,3,0,16,64,214,0,0
3880,HAMILTONAJU,165,712,19,8,259,0,191,1,0,0,9,2,1,127,3,0,30,173,450,0,0
3881,HAMILTONAJV,77,566,25,12,153,0,175,0,0,0,9,0,0,82,4,0,10,105,328,0,0
3882,HAMILTONAJW,14,485,2,4,156,0,52,0,0,0,0,1,0,6,0,0,2,9,208,0,0
3883,HAMILTONAKJ,110,478,17,2,144,0,74,0,0,1,3,0,1,52,1,0,22,80,218,0,0
3884,HAMILTONAKK,15,909,1,7,281,4,111,0,2,1,1,0,0,15,3,0,2,24,396,0,0
3885,HAMILTONAKL,89,509,29,5,113,2,102,1,0,0,5,0,0,63,3,0,15,87,217,0,0
3886,HAMILTONAKM,43,636,12,5,195,0,94,0,0,0,5,0,0,37,4,0,10,56,289,0,0
3887,HAMILTONAKS,27,459,6,7,147,2,67,0,0,1,3,0,0,8,0,0,9,21,216,0,0
3888,HAMILTONAKT,11,311,1,2,92,0,21,0,0,0,0,0,0,1,0,0,2,3,113,0,0
3889,HAMILTONAKW,392,192,16,7,45,2,48,0,6,0,21,0,0,52,2,0,125,206,95,0,0
3890,HAMILTONAKX,537,284,31,4,78,3,69,1,1,0,37,1,1,115,5,0,153,314,150,0,0
3891,HAMILTONAKY,411,304,32,3,62,2,75,1,1,1,27,0,0,85,2,0,123,240,139,0,0
3892,HAMILTONAKZ,39,90,1,1,19,0,11,0,0,0,5,0,0,11,0,0,8,24,30,0,0
3893,HAMILTONALE,156,404,14,9,75,2,68,2,2,1,13,0,1,36,3,0,39,97,145,0,0
3894,HAMILTONALF,135,377,13,10,75,1,61,0,0,0,16,0,0,35,3,1,41,96,137,0,0
3895,HAMILTONALG,310,503,21,19,110,1,147,1,3,0,22,0,2,81,1,0,85,195,258,0,0
3896,HAMILTONALH,203,539,20,7,122,0,90,1,2,0,6,1,4,67,2,0,51,134,212,0,0
3897,HAMILTONALI,98,369,3,5,71,3,41,1,0,0,4,0,0,17,1,0,33,56,115,0,0
3898,HAMILTONALR,43,257,3,2,60,2,44,0,0,0,5,0,1,10,3,0,4,23,106,0,0
3899,HAMILTONALS,53,280,5,2,63,1,36,1,1,0,2,0,0,6,1,0,23,34,100,0,0
3900,HAMILTONALT,96,448,7,4,92,1,51,0,3,1,15,0,0,14,2,0,27,62,144,0,0
3901,HAMILTONALU,118,283,9,3,69,1,51,0,1,0,8,0,0,14,3,0,34,60,121,0,0
3902,HAMILTONALV,9,378,2,5,111,1,30,0,1,0,1,0,0,3,1,0,1,7,142,0,0
3903,HAMILTONAMB,100,726,14,27,159,0,261,0,0,0,12,0,0,27,0,0,25,64,420,0,0
3904,HAMILTONAMC,71,438,11,4,116,1,93,0,1,0,5,0,0,10,0,0,22,38,210,0,0
3905,HAMILTONAMD,22,640,0,3,143,0,69,0,0,0,1,0,0,7,1,0,2,11,212,0,0
3906,HAMILTONAMG,144,839,31,12,219,1,264,0,1,0,9,0,1,76,4,0,39,130,484,0,0
3907,HAMILTONAMI,51,735,6,12,132,1,82,0,0,0,4,0,0,24,3,0,10,41,215,0,0
3908,HAMILTONAMK,30,311,3,13,75,0,142,0,0,0,1,0,0,12,1,0,4,18,217,0,0
3909,HAMILTONAMM,79,841,20,31,209,1,381,0,1,0,6,0,0,67,0,0,22,96,591,0,0
3910,HAMILTONAMO,16,705,4,5,254,0,87,0,0,0,1,0,0,8,0,0,5,14,341,0,0
3911,HAMILTONAMQ,146,714,20,6,237,3,150,0,1,0,20,0,0,75,6,0,35,137,390,0,0
3912,HAMILTONAMS,30,384,5,0,136,0,64,0,0,0,0,0,0,23,3,0,9,35,200,0,0
3913,HAMILTONAMU,183,549,27,11,197,2,120,0,3,0,22,1,0,116,6,0,40,188,319,0,0
3914,HAMILTONAMW,153,427,11,10,136,1,83,0,1,0,29,0,1,70,8,1,35,145,220,0,0
3915,HAMILTONAMY,200,557,19,10,166,0,87,1,3,0,24,1,1,80,1,0,50,161,253,0,0
3916,HAMILTONANA,149,737,11,11,270,0,138,0,1,0,19,0,3,72,2,0,47,144,408,0,0
3917,HAMILTONANB,73,260,8,6,62,0,49,0,2,0,9,0,0,22,3,0,19,55,111,0,0
3918,HAMILTONANC,102,567,7,5,181,1,88,1,1,1,9,0,1,68,1,1,19,102,270,0,0
3919,HAMILTONAND,168,662,27,10,215,0,135,0,1,0,20,0,0,108,9,0,28,166,350,0,0
3920,HAMILTONANE,161,655,16,4,283,1,105,0,1,0,16,1,0,72,3,0,30,123,389,0,0
3921,HAMILTONANF,178,848,16,5,289,1,105,0,0,1,18,0,0,98,5,0,44,166,395,0,0
3922,HAMILTONANG,175,389,11,4,118,0,52,12,5,1,16,1,3,124,5,0,27,194,170,0,0
3923,HAMILTONANH,69,313,4,1,104,0,48,0,1,0,7,1,1,24,0,0,12,46,152,0,0
3924,HAMILTONANQ,41,889,5,11,368,1,129,0,0,0,10,0,0,22,0,0,2,34,498,0,0
3925,HAMILTONANR,141,674,20,13,176,1,160,0,0,0,36,0,0,39,1,0,26,102,337,0,0
3926,HAMILTONANS,222,772,17,14,208,0,120,5,4,0,16,3,3,100,6,1,47,185,328,0,0
3927,HAMILTONANT,300,469,21,8,140,0,69,0,1,1,19,0,1,61,5,0,78,166,209,0,0
3928,HAMILTONANU,15,396,2,2,62,0,25,0,1,0,1,0,0,7,0,0,3,12,87,0,0
3929,HAMILTONANV,69,547,4,8,210,0,63,1,0,0,8,0,0,32,3,0,23,67,273,0,0
3930,HAMILTONANW,388,562,30,15,133,1,118,1,1,0,49,0,0,101,7,0,101,260,252,0,0
3931,HAMILTONANX,3,267,0,0,56,1,21,0,1,0,0,1,0,1,0,0,1,4,78,0,0
3932,HAMILTONANY,2,269,0,1,55,1,16,0,0,0,0,0,0,1,0,0,0,1,72,0,0
3933,HAMILTONAOI,44,584,9,10,155,1,115,1,0,0,1,1,0,27,2,0,7,39,271,0,0
3934,HAMILTONAOK,139,443,6,3,67,3,47,0,1,0,11,1,0,24,1,1,34,73,117,0,0
3935,HAMILTONAOM,401,351,38,15,69,0,117,1,2,2,42,1,0,100,7,0,100,255,186,0,0
3936,HAMILTONAON,381,542,27,8,147,0,125,1,1,0,31,1,1,85,8,0,90,218,272,0,0
3937,HAMILTONAOO,444,353,40,9,78,0,93,1,1,0,31,1,2,131,3,1,97,268,171,0,0
3938,HAMILTONAOP,320,607,17,20,143,1,125,2,1,0,27,0,1,67,10,1,78,187,269,0,0
3939,HAMILTONAOQ,121,210,7,6,55,0,33,0,0,0,12,0,0,31,2,0,29,74,88,0,0
3940,HAMILTONAOR,342,512,30,8,109,1,120,3,1,1,27,0,1,79,5,0,96,213,230,0,0
3941,HAMILTONAOS,321,352,20,8,79,0,92,0,1,0,35,0,0,91,3,0,58,188,171,0,0
3942,HAMILTONAOT,190,538,8,6,160,0,62,1,1,1,23,1,0,42,5,0,41,115,222,0,0
3943,HAMILTONAOU,82,172,5,3,36,0,38,0,0,1,8,0,0,13,0,0,28,50,74,0,0
3944,HAMILTONAOV,28,445,4,3,79,0,49,0,0,1,1,0,0,4,1,0,9,16,128,0,0
3945,HAMILTONAPK,325,514,31,14,121,0,129,1,3,0,44,0,0,135,9,2,90,284,250,0,0
3946,HAMILTONAPM,125,482,22,9,127,1,88,0,1,1,19,0,0,64,3,1,28,117,216,0,0
3947,HAMILTONAPO,127,295,14,5,69,0,50,0,0,0,5,0,0,53,3,1,31,93,119,0,0
3948,HAMILTONAPQ,45,545,5,3,184,1,50,0,1,1,1,1,0,9,0,0,9,22,235,0,0
3949,HAMILTONAPS,52,586,6,5,186,0,48,0,0,0,2,1,1,22,0,0,11,37,234,0,0
3950,HAMILTONAPU,54,409,13,9,120,0,71,0,0,0,5,0,0,20,2,0,10,37,191,0,0
3951,HAMILTONAPW,260,327,18,8,73,0,73,2,0,0,18,0,0,55,4,0,65,144,146,0,0
3952,HAMILTONAPY,9,408,1,3,78,0,41,0,1,0,0,0,0,4,0,1,2,8,119,0,0
3953,HAMILTONAQA,279,405,27,11,98,1,109,1,2,1,18,0,0,114,7,0,61,204,208,0,0
3954,HAMILTONAQC,78,712,12,7,184,2,103,0,1,0,8,0,0,34,5,0,20,68,289,0,0
3955,HAMILTONAQE,320,478,32,15,110,0,93,0,4,1,36,0,0,114,7,1,69,232,203,0,0
3956,HAMILTONAQG,180,324,17,8,91,2,49,0,1,2,14,0,1,65,1,0,37,121,142,0,0
3957,HAMILTONAQI,62,304,5,8,102,0,52,0,0,2,9,0,0,10,1,0,24,46,154,0,0
3958,HAMILTONAQK,140,515,8,7,101,1,80,0,1,0,15,2,0,49,3,0,28,98,182,0,0
3959,HAMILTONAQM,257,514,26,13,120,2,146,0,1,2,18,0,0,113,0,0,69,203,268,0,0
3960,HAMILTONAQO,140,693,13,5,198,2,94,2,0,0,14,1,0,64,5,0,23,109,294,0,0
3961,HAMILTONAQP,57,547,9,4,133,0,58,0,1,0,7,0,0,22,1,0,13,44,191,0,0
3962,HAMILTONAQQ,48,333,3,5,104,0,29,0,0,0,1,0,0,7,1,0,19,28,133,0,0
3963,HAMILTONAQR,203,364,17,8,89,0,55,0,4,0,12,0,1,50,8,1,52,128,144,0,0
3964,HAMILTONAQZ,362,290,42,7,67,0,69,1,4,0,27,0,0,117,9,0,72,230,136,0,0
3965,HAMILTONARC,351,289,44,4,54,0,85,4,4,0,40,0,2,115,4,0,85,254,139,0,0
3966,HAMILTONARE,375,240,41,8,44,0,74,1,2,1,31,1,1,96,8,0,106,247,118,0,0
3967,HAMILTONARG,418,293,63,13,63,3,79,0,1,1,30,0,2,129,7,0,102,272,145,0,0
3968,HAMILTONARI,93,606,9,7,229,1,82,0,0,1,17,0,1,39,1,0,20,79,312,0,0
3969,HAMILTONARJ,207,525,13,6,194,2,76,0,0,1,25,0,0,88,5,0,50,169,272,0,0
3970,HAMILTONARK,100,577,8,7,211,0,99,0,0,0,11,0,0,34,1,0,13,59,310,0,0
3971,HAMILTONARL,112,559,14,10,205,0,99,0,2,0,12,0,0,35,1,0,19,69,304,0,0
3972,HAMILTONARM,124,573,14,7,192,2,70,1,2,0,9,0,1,36,2,0,31,82,264,0,0
3973,HAMILTONARN,90,308,11,1,113,0,45,0,1,0,10,0,0,19,2,0,32,64,158,0,0
3974,HAMILTONARO,53,584,7,5,252,3,63,1,1,0,10,0,2,15,3,0,11,43,318,0,0
3975,HAMILTONARP,72,477,2,8,202,0,71,0,3,0,10,1,0,26,1,0,20,61,273,0,0
3976,HAMILTONARQ,137,589,8,6,240,2,73,1,2,0,24,0,0,79,3,0,23,132,315,0,0
3977,HAMILTONARR,61,595,11,4,252,0,70,0,1,0,13,0,0,30,5,0,11,60,322,0,0
3978,HAMILTONARS,133,633,8,4,186,1,69,0,1,0,5,0,2,44,2,0,36,90,256,0,0
3979,HAMILTONART,143,616,13,10,231,0,89,0,2,0,19,1,2,51,5,0,35,115,320,0,0
3980,HAMILTONARU,98,643,11,7,237,1,97,1,1,0,7,0,0,40,2,0,21,72,335,0,0
3981,HAMILTONASG,307,211,14,2,44,0,28,0,2,0,20,0,0,179,8,0,69,278,72,0,0
3982,HAMILTONASH,576,273,28,5,69,0,25,3,1,1,39,1,1,324,14,0,147,531,94,0,0
3983,HAMILTONASI,375,273,20,4,60,1,22,2,0,0,17,1,1,243,5,0,78,347,83,0,0
3984,HAMILTONASJ,337,198,14,3,34,0,14,2,0,0,25,0,1,214,7,1,78,328,48,0,0
3985,HAMILTONASK,412,294,23,6,55,2,33,1,0,0,27,1,0,256,3,0,114,402,90,0,0
3986,HAMILTONASL,328,181,17,1,41,0,20,0,0,0,26,0,0,199,6,0,79,310,61,0,0
3987,HAMILTONASO,329,241,38,5,63,0,40,0,1,1,47,0,0,202,13,1,93,358,103,0,0
3988,HAMILTONASP,500,317,29,8,77,0,93,0,3,0,43,0,1,160,7,0,138,352,170,0,0
3989,HAMILTONASQ,472,341,20,3,75,2,72,7,3,0,45,0,0,182,7,0,119,363,149,0,0
3990,HAMILTONASR,328,236,26,5,50,1,69,0,5,0,38,1,0,90,6,0,86,226,120,0,0
3991,HAMILTONASS,453,280,37,6,68,1,78,1,4,0,54,1,0,174,10,0,98,342,147,0,0
3992,HAMILTONAST,346,211,18,6,51,0,53,3,2,1,39,0,0,111,7,0,93,256,104,0,0
3993,HAMILTONASU,266,200,21,4,55,0,36,1,1,1,27,0,0,161,5,0,64,260,91,0,0
3994,HAMILTONASZ,427,411,35,3,99,0,57,1,0,0,56,2,0,255,12,0,71,397,156,0,0
3995,HAMILTONATA,290,235,22,4,50,0,49,3,2,1,34,2,2,176,8,0,52,280,99,0,0
3996,HAMILTONATB,331,309,28,7,71,0,51,2,1,0,40,0,0,192,4,0,90,329,122,0,0
3997,HAMILTONATC,484,460,34,4,110,0,100,0,1,2,77,0,2,275,14,0,115,486,210,0,0
3998,HAMILTONATD,241,189,27,5,46,0,36,1,1,0,22,0,0,120,6,0,55,205,82,0,0
3999,HAMILTONATE,461,345,36,2,55,0,68,2,2,0,35,2,0,291,10,0,93,435,123,0,0
4000,HAMILTONATF,261,231,23,7,43,0,49,0,3,0,31,0,1,143,6,1,69,254,92,0,0
4001,HAMILTONATG,292,269,28,4,59,1,40,3,1,1,23,2,0,185,7,0,84,306,100,0,0
4002,HAMILTONATN,488,437,40,6,118,0,66,3,5,0,54,2,1,334,6,0,98,503,184,0,0
4003,HAMILTONATO,540,368,36,7,105,1,58,0,1,2,49,0,2,308,9,0,136,507,164,0,0
4004,HAMILTONATP,498,445,46,6,98,0,80,0,1,0,65,1,1,343,13,0,120,544,178,0,0
4005,HAMILTONATQ,209,257,20,6,75,0,52,1,1,0,32,0,0,128,8,0,58,228,127,0,0
4006,HAMILTONATR,232,270,17,3,64,1,52,0,0,0,14,0,1,151,3,0,55,224,117,0,0
4007,HAMILTONATS,408,358,31,12,79,0,53,0,1,0,28,0,0,295,8,0,92,424,132,0,0
4008,HAMILTONATT,244,232,18,6,64,0,34,0,1,1,16,1,1,168,3,0,66,257,98,0,0
4009,HAMILTONATU,382,333,34,7,58,0,43,1,2,0,27,0,0,270,8,0,80,388,101,0,0
4010,HAMILTONATV,378,349,31,4,97,0,54,3,2,0,38,0,0,277,7,0,81,408,151,0,0
4011,HAMILTONAUA,214,709,21,10,229,0,99,1,1,0,11,2,0,87,4,0,54,160,328,0,0
4012,HAMILTONAUC,304,360,19,8,96,1,73,2,2,1,22,0,1,69,3,0,98,198,170,0,0
4013,HAMILTONAUE,228,406,12,3,113,0,63,1,6,0,29,0,1,58,10,0,60,165,176,0,0
4014,HAMILTONAUG,228,341,17,10,101,1,49,0,3,0,28,0,2,48,1,1,54,137,151,0,0
4015,HAMILTONAUI,129,251,11,3,74,1,53,0,1,0,18,0,0,39,2,0,32,92,128,0,0
4016,HAMILTONAUJ,303,442,24,8,147,0,88,1,3,0,24,0,0,69,3,0,75,175,235,0,0
4017,HAMILTONAUM,140,470,10,14,136,0,66,0,2,0,10,1,0,42,1,0,37,93,202,0,0
4018,HAMILTONAUO,208,490,20,9,124,2,83,0,0,0,18,0,0,64,1,0,59,142,209,0,0
4019,HAMILTONAUQ,266,464,18,11,125,0,87,1,1,0,22,0,0,91,2,0,76,193,212,0,0
4020,HAMILTONAUR,111,257,8,2,82,1,39,0,0,0,10,0,0,52,1,1,21,85,122,0,0
4021,HAMILTONAUS,67,482,11,2,186,1,64,0,1,0,11,1,0,17,2,0,19,51,251,0,0
4022,HAMILTONAUV,445,601,34,18,103,3,161,1,0,1,32,0,1,100,6,1,113,255,267,0,0
4023,HAMILTONAUW,295,327,16,9,72,3,103,0,1,1,22,0,0,56,7,0,75,162,178,0,0
4024,HAMILTONAUZ,331,312,33,8,65,1,101,1,8,2,38,0,1,122,4,0,80,256,167,0,0
4025,HAMILTONAVA,335,435,38,14,76,1,111,0,1,2,25,0,0,134,3,0,60,225,188,0,0
4026,HAMILTONAVB,311,311,36,8,56,0,98,0,1,1,21,0,0,99,11,0,69,202,154,0,0
4027,HAMILTONAVD,257,253,35,7,58,1,108,1,2,0,20,1,0,86,0,0,52,162,167,0,0
4028,HAMILTONAVE,233,255,35,14,57,0,85,0,1,1,27,0,2,83,2,0,47,163,142,0,0
4029,HAMILTONAVF,479,451,34,10,100,0,167,1,4,0,27,0,0,120,7,0,126,285,267,0,0
4030,HAMILTONAVH,280,250,19,6,61,0,58,0,2,0,13,0,0,41,2,0,76,134,119,0,0
4031,HAMILTONAVI,309,327,37,11,64,1,74,1,2,1,22,1,1,55,3,0,97,183,139,0,0
4032,HAMILTONAVJ,366,313,35,5,66,1,89,1,1,0,37,0,0,88,5,1,91,224,156,0,0
4033,HAMILTONAVV,493,370,22,9,92,0,77,0,2,0,44,0,0,131,9,0,138,324,169,0,0
4034,HAMILTONAVW,122,207,13,5,45,0,44,0,0,1,11,0,0,28,2,0,33,75,89,0,0
4035,HAMILTONAVZ,395,180,17,7,36,0,54,0,1,0,17,0,0,51,2,0,112,183,90,0,0
4036,HAMILTONAWA,263,120,14,1,26,0,21,1,1,0,8,0,0,40,1,0,62,113,47,0,0
4037,HAMILTONAWD,438,260,32,10,57,0,52,0,3,0,29,0,0,112,6,0,113,263,109,0,0
4038,HAMILTONAWE,358,180,13,6,38,0,26,0,1,0,17,1,3,76,8,0,93,199,64,0,0
4039,HAMILTONAWH,418,165,25,3,35,1,36,0,1,0,34,1,1,119,5,0,83,244,72,0,0
4040,HAMILTONAWI,584,235,30,7,59,0,37,0,5,0,32,1,2,145,6,0,158,349,96,0,0
4041,HAMILTONAWL,303,232,21,5,64,3,51,0,3,0,18,0,0,63,2,0,82,168,118,0,0
4042,HAMILTONAWN,290,254,9,6,76,2,63,0,1,0,21,2,1,65,4,0,64,158,141,0,0
4043,HAMILTONAWP,244,261,24,2,95,0,69,0,1,0,15,0,0,67,3,0,70,156,164,0,0
4044,HAMILTONAWR,221,259,13,1,80,1,52,0,2,0,13,0,0,63,4,1,26,109,133,0,0
4045,HAMILTONAWT,317,295,28,9,66,0,61,1,3,0,28,0,0,69,4,0,80,185,127,0,0
4046,HAMILTONAWU,300,303,29,9,64,0,72,0,3,1,33,0,0,84,7,0,50,178,136,0,0
4047,HAMILTONAWW,439,348,34,4,111,1,76,1,3,2,46,2,0,201,7,0,119,381,188,0,0
4048,HAMILTONAWZ,556,429,45,12,106,0,101,2,2,1,70,1,1,234,10,0,163,484,207,0,0
4049,HAMILTONAXA,525,319,31,6,74,1,68,1,8,1,49,1,0,166,10,0,146,382,143,0,0
4050,HAMILTONAXD,460,312,31,7,74,1,69,1,3,0,45,0,1,214,8,0,115,387,144,0,0
4051,HAMILTONAXE,491,293,34,8,58,0,58,1,5,1,62,0,2,155,14,1,130,371,116,0,0
4052,HAMILTONAXI,242,547,25,6,172,1,117,0,3,0,20,0,0,91,7,0,63,184,290,0,0
4053,HAMILTONAXJ,93,729,14,13,339,2,107,0,1,0,14,0,1,37,1,0,18,72,448,0,0
4054,HAMILTONAXK,183,612,30,9,212,2,114,2,2,0,15,0,0,67,4,0,46,136,328,0,0
4055,HAMILTONAXQ,175,382,11,3,171,1,65,1,0,0,28,1,1,69,6,0,58,164,237,0,0
4056,HAMILTONAXR,259,432,16,4,168,0,59,0,0,1,23,1,0,108,5,0,55,193,227,0,0
4057,HAMILTONAXS,312,388,16,10,137,0,50,2,5,0,22,0,5,168,6,0,72,280,187,0,0
4058,HAMILTONAXT,311,267,21,6,77,1,80,0,1,0,31,0,0,77,6,0,86,201,158,0,0
4059,HAMILTONAXU,302,319,18,3,88,0,41,1,2,0,44,1,0,75,8,0,62,193,129,0,0
4060,HAMILTONAXV,264,268,15,3,96,0,33,2,1,0,28,2,0,75,9,0,61,178,129,0,0
4061,HAMILTONAXW,124,322,17,2,97,0,45,1,2,1,14,0,0,40,1,0,38,97,142,0,0
4062,HAMILTONAXX,166,520,17,1,236,1,58,0,2,0,26,0,0,70,3,0,38,139,295,0,0
4063,HAMILTONAYD,448,697,55,6,223,1,146,2,1,0,52,1,0,317,12,0,91,476,370,0,0
4064,HAMILTONAYE,345,662,62,7,189,1,113,0,5,1,33,1,0,317,10,0,77,444,303,0,0
4065,HAMILTONAYF,280,598,39,8,193,0,104,1,0,0,38,2,0,250,5,0,64,360,297,0,0
4066,HAMILTONAYG,273,679,41,19,222,0,142,1,4,3,24,0,0,196,4,0,57,289,364,0,0
4067,HAMILTONAYH,427,679,72,11,204,0,114,0,2,0,47,0,0,348,10,0,93,500,318,0,0
4068,HAMILTONAYP,206,372,20,2,125,0,70,2,0,0,26,1,1,163,7,0,27,227,195,0,0
4069,HAMILTONAYQ,242,352,17,5,126,0,56,1,0,0,28,0,1,209,6,1,34,280,182,0,0
4070,HAMILTONAYR,206,316,25,0,126,3,65,0,0,0,11,0,0,117,9,0,71,208,194,0,0
4071,HAMILTONAYS,253,430,26,4,145,0,63,2,3,0,25,0,0,176,7,0,59,272,208,0,0
4072,HAMILTONAYU,470,330,40,9,72,1,69,1,3,1,37,0,0,224,11,0,119,396,142,0,0
4073,HAMILTONAYV,494,398,49,8,109,0,74,0,1,0,51,0,1,285,5,0,102,445,183,0,0
4074,HAMILTONAYW,501,284,32,10,71,1,55,2,3,0,48,1,0,235,8,0,120,417,127,0,0
4075,HAMILTONAYX,408,255,51,6,47,1,64,0,1,1,53,0,0,175,9,0,83,322,112,0,0
4076,HAMILTONAYY,545,482,43,3,98,0,64,2,3,0,66,2,3,310,10,0,134,530,162,0,0
4077,HAMILTONAYZ,294,225,32,1,48,0,33,1,2,0,30,0,0,154,8,0,57,252,81,0,0
4078,HAMILTONAZA,635,311,43,1,91,0,36,0,2,2,63,0,0,302,20,0,154,543,127,0,0
4079,HAMILTONAZB,548,362,36,8,73,2,96,1,0,1,70,1,0,254,13,0,121,461,171,0,0
4080,HAMILTONAZC,604,302,29,12,58,0,72,1,1,1,66,0,1,272,7,0,131,480,130,0,0
4081,HAMILTONAZD,309,209,19,4,44,0,54,0,0,0,20,0,0,135,9,0,69,233,98,0,0
4082,HAMILTONAZE,587,363,38,5,64,0,66,0,0,0,69,0,0,338,21,0,131,559,130,0,0
4083,HAMILTONAZF,484,385,34,4,77,1,77,2,0,0,54,0,0,206,13,0,110,385,155,0,0
4084,HAMILTONAZG,560,345,51,16,55,1,89,1,2,1,59,0,1,223,6,0,153,446,145,0,0
4085,HAMILTONAZI,523,375,45,5,79,0,92,0,6,1,65,1,2,227,15,0,151,468,171,0,0
4086,HAMILTONAZK,600,463,49,4,93,0,80,1,0,0,44,0,0,415,6,0,127,593,173,0,0
4087,HAMILTONAZM,697,374,62,6,71,0,55,0,4,3,72,0,1,360,27,0,174,641,126,0,0
4088,HAMILTONAZO,550,420,38,5,79,0,111,1,6,0,46,0,1,194,7,0,150,405,190,0,0
4089,HAMILTONAZQ,425,323,30,6,58,2,51,1,3,0,41,0,0,226,6,1,108,386,111,0,0
4090,HAMILTONAZS,335,241,25,1,34,0,45,1,0,0,29,0,0,150,8,0,89,277,79,0,0
4091,HAMILTONAZU,504,382,38,8,92,2,76,2,2,1,61,2,1,236,12,0,132,449,170,0,0
4092,HAMILTONAZW,586,353,57,16,81,2,109,4,8,1,61,0,0,219,8,0,150,451,192,0,0
4093,HAMILTONAZY,228,149,30,3,35,0,25,0,0,0,18,1,0,148,4,0,56,227,60,0,0
4094,HAMILTONBAA,659,422,50,6,80,0,88,2,0,0,72,0,0,288,13,0,157,532,168,0,0
4095,HAMILTONBAC,493,375,41,11,78,1,53,0,2,0,53,1,0,299,12,0,114,481,132,0,0
4096,HAMILTONBAE,332,209,13,5,45,0,38,0,0,0,29,2,0,167,10,0,74,282,83,0,0
4097,HAMILTONBAG,323,208,10,3,31,1,43,1,0,2,40,0,0,151,7,0,74,275,75,0,0
4098,HAMILTONBAI,428,286,23,2,51,0,46,1,1,1,43,1,0,215,9,1,98,370,97,0,0
4099,HAMILTONBAK,279,189,30,3,45,0,49,1,1,0,37,0,0,110,7,0,59,215,94,0,0
4100,HAMILTONBAM,327,282,36,8,44,1,68,0,1,0,10,0,0,198,6,0,85,300,113,0,0
4101,HAMILTONBAO,267,231,29,6,49,0,62,1,1,1,25,0,0,87,8,0,82,205,111,0,0
4102,HAMILTONBAQ,302,126,17,3,34,1,27,0,4,1,31,2,0,86,2,0,91,217,62,0,0
4103,HAMILTONBAS,455,312,42,8,64,0,48,0,1,0,59,0,0,250,8,0,96,414,112,0,0
4104,HAMILTONBAT,159,140,5,4,34,0,35,1,1,0,10,0,0,30,2,0,55,99,69,0,0
4105,HAMILTONBAU,741,174,32,6,38,2,46,1,4,1,84,0,1,214,11,0,222,538,86,0,0
4106,HAMILTONBAV,726,193,38,4,36,0,39,0,2,0,55,0,1,304,12,0,142,516,75,0,0
4107,HAMILTONBAX,420,345,19,7,130,1,52,0,2,0,37,0,1,89,8,0,133,270,183,0,0
4108,HAMILTONBAY,613,160,29,9,32,0,29,1,1,0,58,2,1,175,9,0,153,400,61,0,0
4109,HAMILTONBBA,436,404,27,6,101,1,95,4,5,0,31,1,0,107,8,0,104,260,197,0,0
4110,HAMILTONBBB,274,393,13,4,105,0,56,0,0,0,24,0,1,53,4,0,72,154,161,0,0
4111,HAMILTONBBD,297,352,22,6,87,1,65,2,8,0,24,1,0,40,6,0,86,167,153,0,0
4112,HAMILTONBBE,94,542,13,6,213,0,67,0,1,0,9,0,0,19,1,0,25,55,280,0,0
4113,HAMILTONBBG,790,285,35,7,59,0,39,0,1,2,63,1,0,251,11,1,199,529,98,0,0
4114,HAMILTONBBH,507,332,17,4,107,0,71,1,0,0,50,0,0,111,5,0,129,296,178,0,0
4115,HAMILTONBBJ,724,213,31,5,57,0,54,0,2,1,55,1,0,184,3,0,231,477,111,0,0
4116,HAMILTONBBK,219,128,9,2,27,0,22,1,1,1,14,0,0,62,3,1,52,135,49,0,0
4117,HAMILTONBBM,745,210,35,4,47,0,42,0,11,2,88,2,1,231,21,2,167,525,89,0,0
4118,HAMILTONBBN,404,397,26,7,122,3,61,0,2,0,49,1,1,89,10,0,108,260,186,0,0
4119,HAMILTONBBP,772,350,27,15,83,0,65,1,4,1,58,0,2,219,18,0,168,471,148,0,0
4120,HAMILTONBBQ,279,338,13,7,86,0,67,1,3,0,30,0,0,74,3,0,83,194,153,0,0
4121,HAMILTONBBS,602,146,18,3,36,1,24,0,3,0,50,1,0,186,8,0,203,451,61,0,0
4122,HAMILTONBBT,250,133,15,2,38,0,36,1,1,0,36,0,0,59,12,0,60,169,74,0,0
4123,HAMILTONBBV,495,352,43,8,73,2,62,0,4,0,39,1,1,117,14,0,129,305,137,0,0
4124,HAMILTONBBW,455,320,15,6,80,2,71,0,4,1,73,0,0,96,3,0,111,288,153,0,0
4125,HAMILTONBBY,373,229,19,2,62,0,42,0,0,0,15,0,0,106,8,0,106,235,104,0,0
4126,HAMILTONBBZ,303,546,24,8,163,0,85,0,1,0,13,0,0,112,4,2,87,219,248,0,0
4127,HAMILTONBCB,759,226,22,3,50,1,38,1,3,0,47,0,1,257,5,0,210,524,89,0,0
4128,HAMILTONBCC,275,235,14,5,71,1,45,1,2,0,24,0,0,66,1,1,83,178,117,0,0
4129,HAMILTONBCE,392,297,22,12,64,2,78,0,2,0,30,0,0,92,10,0,126,260,144,0,0
4130,HAMILTONBCG,727,326,29,5,71,1,70,7,6,0,71,0,3,220,11,0,179,497,142,0,0
4131,HAMILTONBCI,275,134,16,1,34,1,24,1,2,0,24,1,0,96,4,0,74,202,59,0,0
4132,HAMILTONBCK,180,158,7,3,42,0,43,1,0,0,14,0,0,42,3,0,46,106,85,0,0
4133,HAMILTONBCM,729,225,39,7,46,1,37,0,3,0,81,1,2,261,18,0,184,550,84,0,0
4134,HAMILTONBCO,452,349,28,11,75,0,74,1,3,1,57,2,3,134,5,0,90,296,149,0,0
4135,HAMILTONBCQ,464,210,28,9,50,2,55,2,6,1,42,2,0,166,11,1,116,347,107,0,0
4136,HAMILTONBCS,364,465,23,6,163,1,70,3,1,0,41,0,0,65,9,1,124,244,234,0,0
4137,HAMILTONBCU,400,313,22,3,116,0,61,0,1,1,32,0,0,121,8,0,118,281,177,0,0
4138,HAMILTONBCW,441,297,20,4,75,0,64,2,0,0,36,0,0,113,6,0,137,294,139,0,0
4139,HAMILTONBCY,193,255,10,9,65,1,55,1,1,0,18,0,0,33,2,0,54,109,121,0,0
4140,HAMILTONBDA,355,305,22,6,95,2,71,0,0,3,20,0,0,86,4,0,106,219,168,0,0
4141,HAMILTONBDC,400,451,23,13,154,1,83,2,3,0,40,0,3,104,6,0,92,250,238,0,0
4142,HAMILTONBDE,370,458,20,5,138,0,90,1,2,1,36,2,0,72,4,0,93,211,228,0,0
4143,HAMILTONBDG,40,87,4,3,31,0,10,0,0,0,1,0,0,26,2,0,7,36,41,0,0
4144,HAMILTONBDH,93,160,12,5,43,0,45,0,0,0,7,1,0,53,2,0,22,85,88,0,0
4145,HAMILTONBDI,80,239,13,1,78,0,51,0,0,0,7,0,0,106,3,1,20,137,129,0,0
4146,HAMILTONBDJ,39,324,9,4,121,0,57,0,1,0,3,0,0,14,0,0,3,21,178,0,0
4147,HAMILTONBDK,83,168,8,3,56,0,25,0,1,0,15,1,0,41,1,0,18,77,81,0,0
4148,HAMILTONBDL,188,236,13,5,58,0,68,3,1,0,26,0,1,86,5,0,37,159,126,0,0
4149,HAMILTONBDM,211,308,29,4,78,1,57,0,2,0,20,3,0,146,3,0,49,223,136,0,0
4150,HAMILTONBDN,1,2,0,0,0,0,1,0,0,0,0,0,0,0,0,0,1,1,1,0,0
4151,HAMILTONBDO,7,3,0,0,0,0,0,1,0,0,0,0,0,2,0,0,1,4,0,0,0
4152,HAMILTONBDP,2,0,0,0,0,0,0,0,0,0,0,0,0,2,0,0,0,2,0,0,0
4153,HAMILTONBDQ,6,1,1,0,0,0,1,0,0,0,3,0,0,1,0,0,0,4,1,0,0
4154,HAMILTONBDR,16,28,2,0,10,0,3,0,0,0,3,0,0,3,1,0,6,13,13,0,0
4155,HAMILTONBDT,496,357,35,10,90,0,104,0,4,1,39,0,0,117,3,1,139,304,194,0,0
4156,HAMILTONBDW,487,112,23,4,34,0,24,0,0,0,55,2,0,83,3,0,108,251,58,0,0
4157,HAMILTONBDX,782,163,31,4,38,0,28,3,3,1,47,0,3,174,9,0,255,495,66,0,0
4158,HAMILTONBDZ,496,222,33,7,40,2,53,0,3,0,32,0,0,105,3,0,109,252,95,0,0
4159,HAMILTONBEB,454,259,25,6,51,1,61,2,4,0,30,0,0,93,7,0,127,263,113,0,0
4160,HAMILTONBED,629,219,35,4,51,1,43,2,2,0,56,0,0,195,10,0,159,424,95,0,0
4161,HAMILTONBEF,476,186,17,6,44,0,44,1,3,3,34,1,0,126,8,1,112,289,88,0,0
4162,HAMILTONBEH,640,148,31,8,25,0,35,0,0,0,43,1,0,192,8,0,170,414,60,0,0
4163,HAMILTONBEJ,714,280,41,9,61,1,69,3,1,1,44,1,1,203,8,0,186,448,131,0,0
4164,HAMILTONBEL,678,197,19,5,41,0,43,1,3,0,47,0,2,225,14,0,157,449,84,0,0
4165,HAMILTONBEN,743,225,41,12,45,0,58,1,6,4,67,0,2,198,8,1,186,473,103,0,0
4166,HAMILTONBEP,318,118,14,4,20,1,31,1,3,0,26,0,0,99,8,0,82,219,52,0,0
4167,HAMILTONBER,671,280,45,8,58,0,70,3,2,0,53,0,2,179,8,1,145,393,128,0,0
4168,HAMILTONBET,442,178,22,6,37,0,31,1,1,0,36,0,0,150,4,0,106,298,68,0,0
4169,HAMILTONBEU,457,171,22,6,52,2,31,1,0,0,43,0,0,148,5,0,109,306,85,0,0
4170,HAMILTONBEV,577,197,33,6,35,2,52,1,4,0,35,0,0,126,7,0,136,309,89,0,0
4171,HAMILTONBEW,277,135,22,7,27,0,32,0,0,0,23,0,1,68,5,0,68,165,59,0,0
4172,HAMILTONBEX,685,229,40,5,42,1,63,1,3,0,35,0,0,209,6,1,164,419,106,0,0
4173,HAMILTONBEY,571,180,21,4,54,1,47,0,0,0,34,0,0,176,3,0,132,345,102,0,0
4174,HAMILTONBEZ,724,216,29,7,43,0,30,1,5,0,44,1,1,268,11,0,187,518,73,0,0
4175,HAMILTONBFA,418,249,11,7,109,0,34,1,3,2,32,1,1,138,14,0,91,283,143,0,0
4176,HAMILTONBFB,637,222,29,3,41,0,53,2,3,1,49,1,0,184,5,0,162,407,94,0,0
4177,HAMILTONBFJ,316,264,17,8,75,0,50,2,1,0,3,0,0,43,1,0,119,169,125,0,0
4178,HAMILTONBFN,494,425,28,6,162,2,67,1,4,0,51,2,2,265,9,0,103,437,231,0,0
4179,HAMILTONBFO,512,224,21,8,54,0,38,0,2,0,57,1,5,217,7,0,102,391,92,0,0
4180,HAMILTONBFP,73,103,10,1,42,0,13,0,0,0,6,0,0,66,0,0,10,82,55,0,0
4181,HAMILTONBFR,373,315,22,7,97,0,76,3,1,0,37,0,0,216,9,0,86,352,173,0,0
4182,HAMILTONBFS,407,419,21,2,107,1,85,0,1,0,34,1,0,194,8,0,120,358,193,0,0
4183,HAMILTONBFW,173,783,14,10,269,3,111,1,2,0,12,0,1,71,5,0,37,129,383,0,0
4184,HAMILTONBFX,65,789,15,12,278,0,131,0,0,0,3,0,0,31,4,0,14,52,409,0,0
4185,HAMILTONBGC,204,157,27,7,46,2,45,0,1,1,25,0,0,72,9,0,45,153,93,0,0
4186,HAMILTONBGD,434,298,41,9,63,1,78,1,4,1,65,0,2,192,10,1,103,379,142,0,0
4187,HAMILTONBGE,408,303,42,8,52,0,97,0,2,4,61,0,1,132,7,0,108,315,149,0,0
4188,HAMILTONBGI,660,230,35,6,47,0,67,0,7,0,57,1,0,200,7,0,138,410,114,0,0
4189,HAMILTONBGJ,573,185,37,12,33,0,45,0,4,0,38,1,2,223,11,0,117,396,78,0,0
4190,HAMILTONBGL,551,313,29,6,65,1,69,0,1,3,57,0,3,174,10,0,121,369,135,0,0
4191,HAMILTONBGM,543,191,28,3,36,1,40,0,0,0,52,0,0,148,7,0,126,333,77,0,0
4192,HAMILTONBGO,380,277,40,4,79,1,44,2,3,0,37,1,1,145,5,0,81,275,124,0,0
4193,HAMILTONBGP,578,222,36,6,44,2,42,1,1,2,41,2,1,163,10,0,154,375,88,0,0
4194,HAMILTONBGR,710,256,27,5,55,0,52,0,2,3,63,1,2,199,9,1,181,461,107,0,0
4195,HAMILTONBGS,494,209,14,5,43,0,28,1,3,1,31,0,0,141,10,0,125,312,71,0,0
4196,HAMILTONBGU,753,239,31,9,51,0,42,1,1,0,49,1,2,288,10,0,191,543,93,0,0
4197,HAMILTONBGV,515,237,22,6,39,0,47,3,0,0,37,1,1,143,5,2,142,334,86,0,0
4198,HAMILTONBGX,639,182,37,1,30,0,43,0,1,0,48,0,0,143,6,1,147,346,73,0,0
4199,HAMILTONBGY,455,223,34,13,56,0,40,1,1,0,60,0,0,150,6,0,105,323,96,0,0
4200,HAMILTONBHA,517,143,20,6,29,1,25,0,3,0,36,0,0,165,8,1,110,323,55,0,0
4201,HAMILTONBHB,729,236,29,14,28,1,46,4,2,2,47,1,1,231,19,0,175,482,75,0,0
4202,HAMILTONBHD,334,240,20,5,51,0,60,0,2,0,29,0,0,99,4,0,84,218,111,0,0
4203,HAMILTONBHE,632,261,48,7,45,2,59,1,8,1,60,1,2,160,11,1,161,406,106,0,0
4204,HAMILTONBHG,543,238,45,7,49,2,44,0,1,0,39,0,0,119,5,0,134,298,95,0,0
4205,HAMILTONBHH,206,271,17,4,80,0,32,0,2,0,22,0,1,74,3,0,56,158,112,0,0
4206,HAMILTONBHJ,530,187,24,3,38,1,42,0,4,0,44,0,0,193,13,0,122,376,81,0,0
4207,HAMILTONBHK,593,253,38,8,56,0,62,0,1,1,50,1,0,235,8,0,142,438,118,0,0
4208,HAMILTONBHM,706,220,32,5,50,0,38,4,6,1,61,2,3,275,10,0,169,531,88,0,0
4209,HAMILTONBHN,623,171,34,2,39,0,33,0,6,1,53,0,0,186,3,0,167,416,72,0,0
4210,HAMILTONBHP,689,299,23,2,71,0,49,2,4,0,42,0,2,239,8,1,181,479,120,0,0
4211,HAMILTONBHQ,581,147,17,4,28,0,31,1,3,1,33,0,0,181,13,0,154,386,59,0,0
4212,HAMILTONBHS,482,129,23,1,20,0,27,0,2,0,40,1,0,201,5,0,108,357,47,0,0
4213,HAMILTONBHT,458,95,24,1,19,0,16,0,2,0,48,0,0,153,12,0,115,330,35,0,0
4214,HAMILTONBHV,650,227,47,8,49,0,60,1,1,0,60,2,3,153,10,0,181,411,109,0,0
4215,HAMILTONBHW,422,112,18,2,23,0,19,1,1,0,39,1,1,127,12,0,103,285,42,0,0
4216,HAMILTONBHY,552,345,43,10,87,0,78,4,2,0,48,2,1,187,10,0,124,378,165,0,0
4217,HAMILTONBHZ,398,98,18,2,19,0,23,0,3,0,21,0,0,128,6,0,98,256,42,0,0
4218,HAMILTONBIB,644,181,17,1,47,0,31,1,1,0,54,0,0,222,17,0,162,457,78,0,0
4219,HAMILTONBIC,378,125,16,4,24,1,25,0,1,0,28,0,2,115,10,0,79,235,50,0,0
4220,HAMILTONBIE,727,189,27,7,39,0,35,1,1,1,51,0,1,274,6,1,183,519,74,0,0
4221,HAMILTONBIF,714,175,30,1,35,1,41,3,2,0,73,0,1,222,6,0,199,506,77,0,0
4222,HAMILTONBIH,434,101,10,7,16,0,27,1,7,0,47,0,0,104,3,0,111,273,43,0,0
4223,HAMILTONBIJ,646,227,37,6,44,1,51,0,5,1,53,0,0,142,7,0,158,366,96,0,0
4224,HAMILTONBIL,259,120,17,3,22,0,27,0,2,0,16,0,0,64,6,1,63,152,49,0,0
4225,HAMILTONBIN,434,87,16,3,12,1,18,0,1,0,19,0,0,127,4,0,134,285,31,0,0
4226,HAMILTONBIP,512,249,27,7,57,0,40,1,3,1,60,0,0,180,8,0,117,370,97,0,0
4227,HAMILTONBIR,811,206,28,3,41,0,47,4,6,0,50,2,0,291,17,1,217,588,88,0,0
4228,HAMILTONBIT,736,278,37,15,48,1,52,0,3,2,72,3,2,232,17,1,151,483,101,0,0
4229,HAMILTONBIV,498,204,35,3,43,1,38,0,2,1,52,1,0,195,6,0,119,376,82,0,0
4230,HAMILTONBIX,755,314,41,4,46,1,48,1,2,1,45,1,2,230,14,0,135,431,95,0,0
4231,HAMILTONBIZ,440,108,14,0,27,0,25,1,0,0,48,0,0,139,7,0,122,317,52,0,0
4232,HAMILTONBJA,792,176,29,2,35,0,34,1,2,0,53,0,0,172,24,0,210,462,69,0,0
4233,HAMILTONBJB,448,128,15,2,33,1,24,0,3,0,34,0,6,69,4,0,122,238,58,0,0
4234,HAMILTONBJE,624,157,38,9,32,2,61,3,6,1,42,0,0,111,4,0,174,341,95,0,0
4235,HAMILTONBJF,648,174,22,13,53,1,58,1,2,1,34,0,1,119,12,0,184,354,112,0,0
4236,HAMILTONBJG,903,220,43,5,46,3,46,2,5,0,62,0,0,203,14,0,226,512,95,0,0
4237,HAMILTONBJH,636,170,23,10,52,0,34,1,7,0,62,0,1,115,7,0,211,404,86,0,0
4238,HAMILTONBJI,869,181,32,5,36,3,33,5,12,0,70,0,2,190,16,0,204,499,72,0,0
4239,HAMILTONBJJ,377,116,29,1,9,0,9,0,2,0,16,0,0,78,5,0,61,162,18,0,0
4240,HAMILTONBJL,311,184,15,8,47,1,31,1,0,0,13,0,0,38,2,0,86,140,79,0,0
4241,HAMILTONBJM,294,470,12,7,129,1,69,3,3,1,35,0,0,57,0,1,76,176,199,0,0
4242,HAMILTONBJS,355,496,48,11,95,0,132,1,2,0,29,1,0,273,12,0,81,399,227,0,0
4243,HAMILTONBJT,419,606,62,11,130,2,127,0,3,0,37,1,0,366,10,1,101,519,259,0,0
4244,HAMILTONBJX,298,68,13,5,22,0,17,1,3,1,23,1,1,94,2,0,63,189,39,0,0
4245,HAMILTONBJZ,490,100,16,1,22,1,19,0,1,1,23,1,1,176,10,1,122,336,42,0,0
4246,HAMILTONBKA,209,88,13,0,27,2,21,0,2,0,9,0,0,22,0,0,72,105,50,0,0
4247,HAMILTONBKB,328,125,13,6,27,0,29,1,1,0,12,0,0,48,3,0,96,161,56,0,0
4248,HAMILTONBKC,795,195,32,2,35,1,44,1,3,0,48,1,2,204,8,0,190,457,80,0,0
4249,HAMILTONBKD,800,199,45,5,53,2,33,1,1,0,59,1,1,257,6,3,190,519,88,0,0
4250,HAMILTONBKE,973,177,40,4,26,0,23,0,1,1,80,0,0,322,16,0,215,635,49,0,0
4251,HAMILTONBKF,693,182,26,3,29,0,33,1,0,2,45,1,1,150,7,0,164,371,62,0,0
4252,HAMILTONBKG,833,203,25,3,62,0,26,1,3,1,48,0,0,256,9,1,231,550,88,0,0
4253,HAMILTONBKH,554,128,18,3,22,0,21,0,0,0,40,0,0,225,15,0,131,411,43,0,0
4254,HAMILTONBKI,347,91,11,1,18,0,28,1,1,0,35,1,0,72,4,2,110,226,46,0,0
4255,HAMILTONBKJ,528,155,31,8,32,0,40,2,2,2,50,0,1,143,9,1,117,327,72,0,0
4256,HAMILTONBKK,340,218,26,5,42,2,38,0,2,1,39,0,1,116,4,0,100,263,82,0,0
4257,HAMILTONBKL,507,290,39,7,56,0,56,1,2,0,33,0,1,220,12,0,96,365,112,0,0
4258,HAMILTONBKM,52,458,7,6,146,0,66,0,1,0,4,1,1,14,2,0,11,34,212,0,0
4259,HAMILTONBKN,291,503,15,4,150,0,88,1,5,0,30,1,1,89,4,0,73,204,238,0,0
4260,HAMILTONBKO,176,307,13,4,105,0,64,1,4,2,18,0,0,68,5,0,45,143,169,0,0
4261,HAMILTONBKP,301,219,21,5,59,1,27,1,2,0,57,0,1,131,6,0,57,255,87,0,0
4262,HAMILTONBKQ,328,554,34,6,164,0,98,0,3,1,40,0,0,112,4,0,76,236,262,0,0
4263,HAMILTONBKS,253,379,16,12,122,4,78,2,0,0,25,0,1,76,9,0,67,180,204,0,0
4264,HAMILTONBKU,108,278,7,3,95,0,45,1,0,0,12,1,2,56,0,0,19,91,140,0,0
4265,HAMILTONBKW,247,258,27,8,69,0,59,0,7,0,20,1,2,128,4,1,58,221,128,0,0
4266,HAMILTONBKY,441,590,40,12,189,1,92,1,2,0,45,0,1,152,6,0,113,320,282,0,0
4267,HAMILTONBLA,442,347,21,9,117,2,59,0,3,1,54,1,0,186,8,1,90,344,178,0,0
4268,HAMILTONBLC,154,166,12,5,51,1,40,0,0,0,11,0,0,38,4,0,56,109,92,0,0
4269,HAMILTONBLE,247,430,8,2,166,0,67,1,2,0,23,0,1,60,7,0,64,158,233,0,0
4270,HAMILTONBLG,103,445,6,3,135,1,40,1,2,1,7,0,0,34,0,0,32,77,176,0,0
4271,HAMILTONBLI,38,164,0,1,73,0,19,1,2,0,3,0,0,9,1,0,11,27,92,0,0
4272,HAMILTONBLK,335,455,13,6,161,1,62,1,5,0,36,0,2,115,2,0,94,255,224,0,0
4273,HAMILTONBLM,328,441,36,6,121,2,80,2,4,0,56,0,1,164,11,0,67,305,203,0,0
4274,HAMILTONBLO,59,373,5,2,163,1,39,0,1,0,4,0,1,15,2,0,13,36,203,0,0
4275,HAMILTONBLQ,141,476,8,4,169,0,51,0,0,0,16,0,0,62,0,0,28,106,220,0,0
4276,HAMILTONBLS,291,608,21,4,185,3,74,0,2,3,30,3,0,87,4,0,85,214,262,0,0
4277,HAMILTONBLU,295,530,22,5,165,0,104,1,1,0,23,0,0,116,1,1,73,216,269,0,0
4278,HAMILTONBLW,353,529,26,7,170,0,109,1,3,0,41,0,0,174,6,0,74,299,279,0,0
4279,HAMILTONBLY,367,628,13,7,256,2,104,2,2,0,43,0,0,123,9,1,76,256,362,0,0
4280,HAMILTONBMA,431,529,36,4,158,0,140,0,3,2,38,2,2,229,13,1,103,393,298,0,0
4281,HAMILTONBMC,444,351,35,7,95,0,65,1,6,0,56,1,0,253,10,0,102,429,160,0,0
4282,HAMILTONBME,361,534,27,12,173,1,121,2,0,0,59,2,1,188,8,0,65,325,295,0,0
4283,HAMILTONBMG,152,378,13,4,137,0,60,0,0,0,14,0,0,62,2,0,36,114,197,0,0
4284,HAMILTONBMI,173,464,17,5,178,0,71,0,0,1,26,0,1,44,0,0,44,116,249,0,0
4285,HAMILTONBMJ,196,291,13,3,99,0,59,0,1,0,19,0,1,78,5,0,46,150,158,0,0
4286,HAMILTONBMK,8,87,0,1,41,1,12,0,0,0,0,0,0,2,0,0,2,4,54,0,0
4287,HAMILTONBMM,527,310,32,7,89,0,77,0,2,1,51,0,0,186,11,0,121,372,166,0,0
4288,HAMILTONBMO,602,414,49,9,87,1,126,0,3,0,66,2,1,144,7,0,165,388,214,0,0
4289,HAMILTONBMP,320,269,33,2,64,0,30,0,2,2,27,0,1,209,9,1,92,343,94,0,0
4290,HAMILTONBMQ,589,433,39,5,130,0,51,3,1,0,47,0,1,341,13,1,116,523,181,0,0
4291,HAMILTONBMR,336,296,19,5,70,0,55,1,2,1,27,0,0,182,6,0,89,308,125,0,0
4292,HAMILTONBMS,446,388,30,3,103,0,55,1,5,1,48,1,0,240,6,0,110,412,158,0,0
4293,HAMILTONBMT,269,357,31,7,98,0,77,1,2,0,39,0,0,157,12,0,57,268,175,0,0
4294,HAMILTONBMU,583,364,17,1,86,0,46,0,2,0,48,0,0,277,15,0,136,478,132,0,0
4295,HAMILTONBMV,241,317,23,9,83,0,88,0,1,1,26,1,1,84,9,1,70,194,171,0,0
4296,HAMILTONBMW,409,430,38,3,111,0,62,2,2,0,38,0,1,198,9,0,110,360,173,0,0
4297,HAMILTONBMX,486,267,37,9,43,1,75,0,4,0,38,0,0,133,3,0,126,304,119,0,0
4298,HAMILTONBMY,315,216,15,3,59,2,24,0,0,0,30,0,0,172,4,0,74,280,85,0,0
4299,HAMILTONBMZ,566,374,37,11,83,2,89,1,2,1,48,0,1,214,8,0,132,407,174,0,0
4300,HAMILTONBNM,127,96,13,4,33,0,26,0,0,0,16,0,0,35,0,0,32,83,59,0,0
4301,HAMILTONBNN,419,383,31,11,86,0,60,1,1,1,32,0,0,259,6,0,90,390,146,0,0
4302,HAMILTONBNO,568,366,38,4,88,0,50,1,2,2,47,1,0,325,9,0,109,496,138,0,0
4303,HAMILTONBNP,362,419,25,3,92,0,64,1,4,3,22,1,1,224,6,0,85,347,156,0,0
4304,HAMILTONBNQ,483,332,26,5,78,0,66,1,1,0,58,0,0,205,13,0,136,414,144,0,0
4305,HAMILTONBNR,469,431,48,7,113,0,81,1,1,1,40,0,0,222,5,0,125,395,194,0,0
4306,HAMILTONBNS,258,246,15,2,53,0,39,0,2,0,19,1,0,160,9,0,65,256,92,0,0
4307,HAMILTONBNT,227,136,16,3,33,0,19,0,1,1,31,0,0,111,2,0,50,196,52,0,0
4308,HAMILTONBNU,241,376,28,10,63,1,86,0,0,0,31,0,0,140,7,0,58,236,150,0,0
4309,HAMILTONBNV,533,326,26,5,84,1,59,1,3,2,52,0,0,228,10,1,118,415,144,0,0
4310,HAMILTONBNW,201,90,17,3,17,0,11,0,1,0,21,0,0,80,7,0,60,169,28,0,0
4311,HAMILTONBNX,455,336,35,4,75,0,41,1,3,0,39,0,0,288,11,0,103,445,116,0,0
4312,HAMILTONBOE,474,383,37,5,82,0,58,3,2,1,48,0,0,322,14,0,98,488,140,0,0
4313,HAMILTONBOF,256,227,23,0,36,0,34,0,1,0,19,0,0,226,6,0,46,298,70,0,0
4314,HAMILTONBOH,858,227,36,5,65,0,60,1,4,2,45,0,4,152,15,0,290,513,125,0,0
4315,HAMILTONBOI,670,155,21,13,25,1,38,0,6,1,43,0,3,145,7,0,187,392,64,0,0
4316,HAMILTONBOJ,271,59,8,2,10,1,8,0,3,1,13,0,1,38,1,0,74,131,19,0,0
4317,HAMILTONBOL,85,622,10,12,274,1,67,1,1,0,9,0,0,15,1,0,17,44,342,0,0
4318,HAMILTONBOM,115,847,20,13,286,0,116,1,2,0,14,1,0,54,5,0,17,94,402,0,0
4319,HAMILTONBOP,11,917,2,6,374,0,77,0,0,0,0,1,0,10,0,0,0,11,451,0,0
4320,HAMILTONBOQ,11,499,2,3,191,1,64,0,0,0,2,0,0,2,0,0,1,5,256,0,0
4321,HANCOCKAAA,228,185,31,5,26,1,62,0,4,1,29,0,1,66,5,0,32,138,89,0,0
4322,HANCOCKAAB,356,191,34,5,38,1,58,0,3,2,47,0,0,119,6,0,94,271,97,0,0
4323,HANCOCKAAG,245,171,30,5,26,0,45,0,2,0,20,0,1,59,2,0,47,131,71,0,0
4324,HANCOCKAAH,347,202,17,3,67,2,27,4,2,0,21,0,2,178,14,1,65,287,96,0,0
4325,HANCOCKAAI,551,181,22,0,27,0,21,0,5,0,66,0,0,243,17,0,107,438,48,0,0
4326,HANCOCKAAJ,531,280,33,1,68,2,52,2,6,1,51,0,2,250,19,0,123,454,122,0,0
4327,HANCOCKAAL,354,211,16,2,52,1,36,0,1,0,28,1,1,159,8,2,86,286,89,0,0
4328,HANCOCKAAM,410,142,22,4,29,0,19,0,5,0,46,0,0,205,13,0,103,372,48,0,0
4329,HANCOCKAAO,577,228,26,3,43,0,57,0,1,1,65,1,1,287,12,1,128,497,100,0,0
4330,HANCOCKAAP,415,199,23,6,42,1,58,2,4,0,66,0,0,137,10,0,98,317,101,0,0
4331,HANCOCKAAQ,453,240,45,5,42,0,43,1,4,0,49,0,0,185,17,0,90,346,85,0,0
4332,HANCOCKAAR,289,150,19,7,27,2,41,0,5,1,20,0,0,86,4,0,72,188,70,0,0
4333,HANCOCKAAU,226,142,26,5,24,0,72,0,1,1,25,0,0,72,2,0,48,149,96,0,0
4334,HANCOCKAAV,253,147,18,5,25,0,58,1,0,0,26,0,1,63,6,0,58,155,83,0,0
4335,HANCOCKAAW,198,145,35,12,27,1,45,0,1,0,21,1,0,90,6,0,39,158,73,0,0
4336,HANCOCKAAX,322,253,25,9,50,1,76,0,1,0,34,0,1,161,6,0,80,283,127,0,0
4337,HANCOCKAAZ,477,252,33,7,66,1,50,0,2,0,61,0,0,183,6,1,98,351,117,0,0
4338,HANCOCKABA,414,261,36,14,49,0,91,0,4,0,60,0,0,170,12,0,103,349,140,0,0
4339,HANCOCKABB,390,163,21,3,31,1,42,0,1,0,43,0,0,190,9,0,84,327,74,0,0
4340,HANCOCKABC,391,182,30,6,39,0,57,1,3,0,55,1,0,156,7,0,86,309,96,0,0
4341,HANCOCKABD,464,228,27,3,52,0,46,2,4,1,48,0,0,229,4,0,131,419,98,0,0
4342,HANCOCKABE,275,101,16,4,17,0,30,0,3,0,37,0,0,61,6,0,69,176,47,0,0
4343,HANCOCKABG,188,123,16,7,24,0,35,2,2,0,12,0,1,46,4,1,43,111,59,0,0
4344,HANCOCKABH,203,124,24,5,24,0,45,2,2,1,25,0,0,44,1,0,40,115,69,0,0
4345,HANCOCKABI,285,149,35,12,21,0,63,1,4,0,29,0,0,95,6,0,62,197,84,0,0
4346,HANCOCKABJ,242,138,23,7,19,0,45,1,0,0,32,0,0,61,3,0,53,150,64,0,0
4347,HANCOCKABM,290,131,24,6,38,1,33,1,0,0,19,0,0,107,0,1,84,212,72,0,0
4348,HANCOCKABN,380,258,34,10,72,1,70,0,5,0,37,0,0,113,4,0,91,250,143,0,0
4349,HANCOCKABO,292,250,38,9,62,1,69,3,3,0,30,0,0,78,2,0,80,196,132,0,0
4350,HANCOCKABP,495,113,29,5,24,0,33,1,4,0,57,0,1,158,3,0,135,359,57,0,0
4351,HANCOCKABQ,545,170,31,3,41,1,50,0,1,0,65,0,2,211,12,0,110,401,92,0,0
4352,HANCOCKABR,476,94,27,3,27,1,28,1,3,0,66,0,3,118,6,0,117,314,56,0,0
4353,HANCOCKABS,538,127,28,7,33,1,37,1,0,0,78,1,1,163,6,0,132,382,71,0,0
4354,HANCOCKABT,518,89,23,5,27,0,24,2,2,0,98,0,1,146,3,0,126,378,51,0,0
4355,HANCOCKABU,404,108,22,3,32,0,30,1,3,0,59,0,0,113,6,0,101,283,62,0,0
4356,HANCOCKABV,470,139,32,8,48,4,46,1,3,0,52,0,2,144,3,0,129,334,98,0,0
4357,HANCOCKABW,573,96,20,1,17,0,21,0,8,0,72,0,0,180,9,2,180,451,38,0,0
4358,HANCOCKABX,451,117,28,2,16,0,32,1,1,0,80,0,0,130,7,0,134,353,48,0,0
4359,HANCOCKABY,378,152,23,2,27,0,30,2,1,0,49,0,0,180,7,0,82,321,57,0,0
4360,HANCOCKABZ,388,169,28,1,40,0,40,2,5,0,47,0,0,149,4,1,91,299,80,0,0
4361,HANCOCKACA,621,184,30,5,39,0,26,1,5,1,72,0,0,308,12,0,119,518,65,0,0
4362,HANCOCKACB,517,194,35,12,37,2,65,1,4,1,59,0,1,142,11,0,102,321,104,0,0
4363,HANCOCKACC,556,155,26,4,22,0,32,0,0,1,89,0,2,192,8,0,114,406,54,0,0
4364,HANCOCKACD,418,91,11,1,18,0,20,2,6,0,61,0,1,105,9,0,92,276,38,0,0
4365,HANCOCKACE,533,99,34,7,22,3,34,2,4,0,73,0,0,154,14,0,145,392,59,0,0
4366,HANCOCKACH,714,249,39,3,52,2,43,1,2,0,108,0,2,293,11,1,170,588,97,0,0
4367,HANCOCKACI,597,109,25,7,25,0,37,1,7,2,98,1,0,185,7,0,135,436,62,0,0
4368,HANCOCKACJ,333,55,6,2,15,1,12,1,1,0,39,0,1,97,6,0,97,242,28,0,0
4369,HANCOCKACK,423,171,20,5,40,4,41,0,4,1,38,0,0,145,13,0,115,316,85,0,0
4370,HANCOCKACL,334,83,9,2,21,0,23,2,4,1,46,1,0,95,6,0,98,253,44,0,0
4371,HANCOCKACM,346,86,13,3,21,1,15,1,7,1,54,0,1,85,5,0,94,248,37,0,0
4372,HANCOCKACN,381,55,13,6,9,0,22,2,3,0,59,0,4,131,3,0,94,296,31,0,0
4373,HANCOCKACO,439,79,13,4,15,0,26,1,2,0,66,0,0,138,5,0,109,321,41,0,0
4374,HANCOCKACR,557,179,38,8,44,2,64,1,11,2,89,2,4,153,11,0,157,430,110,0,0
4375,HANCOCKACS,641,205,40,3,50,0,46,0,5,1,101,0,2,241,9,0,150,509,96,0,0
4376,HANCOCKACU,376,175,31,5,50,2,31,1,5,0,41,0,1,133,6,1,83,271,83,0,0
4377,HANCOCKACV,306,168,17,9,37,1,51,0,1,0,27,0,1,98,7,0,82,216,89,0,0
4378,HANCOCKACW,334,194,27,8,51,1,39,0,3,2,38,0,0,127,10,0,87,267,91,0,0
4379,HANCOCKACX,301,130,22,9,26,0,39,1,0,1,37,0,0,87,9,0,75,210,65,0,0
4380,HANCOCKACY,174,147,16,6,27,0,42,0,0,0,31,0,0,44,2,1,43,121,69,0,0
4381,HARDINAAA,415,177,26,5,56,1,22,0,4,0,27,1,1,91,7,0,94,225,79,0,0
4382,HARDINAAD,639,261,34,6,72,2,60,2,6,0,56,2,0,206,8,0,160,440,134,0,0
4383,HARDINAAG,447,213,44,3,55,1,40,0,3,1,31,1,1,114,10,0,94,255,96,0,0
4384,HARDINAAJ,288,109,27,5,27,1,24,0,2,0,37,1,0,57,3,0,62,162,52,0,0
4385,HARDINAAM,495,139,21,3,44,4,40,0,3,0,60,2,1,122,3,0,115,306,88,0,0
4386,HARDINAAN,282,74,14,0,15,1,17,0,1,1,22,1,0,84,4,0,56,169,33,0,0
4387,HARDINAAO,177,68,9,2,18,0,13,2,1,0,29,0,1,55,2,0,29,119,31,0,0
4388,HARDINAAP,312,88,17,2,23,0,29,1,1,0,31,0,0,74,3,0,80,190,52,0,0
4389,HARDINAAQ,241,51,4,6,16,1,11,2,2,0,30,0,3,77,0,0,58,172,28,0,0
4390,HARDINAAS,492,146,32,4,28,0,31,1,2,0,55,1,1,127,2,1,119,309,59,0,0
4391,HARDINAAV,594,175,44,8,55,5,62,3,6,1,61,0,0,138,12,0,138,359,122,0,0
4392,HARDINAAX,706,174,26,4,39,3,38,2,5,1,113,1,3,185,8,0,158,476,80,0,0
4393,HARDINAAZ,450,250,26,11,64,2,70,1,4,0,44,2,2,111,4,1,79,248,136,0,0
4394,HARDINABB,414,306,31,6,57,0,65,1,3,0,47,0,1,173,11,0,89,325,122,0,0
4395,HARDINABD,217,77,12,0,29,0,12,1,0,0,22,0,1,84,4,1,49,162,41,0,0
4396,HARDINABE,748,210,24,8,75,0,51,1,2,1,90,2,5,107,6,1,177,392,126,0,0
4397,HARDINABH,355,69,20,4,18,0,13,1,1,0,24,2,1,80,6,0,90,205,31,0,0
4398,HARDINABI,627,161,27,2,46,2,44,1,3,0,68,0,2,223,11,0,133,441,92,0,0
4399,HARDINABK,290,61,11,1,14,0,15,1,2,0,23,0,0,49,1,0,87,163,29,0,0
4400,HARDINABL,221,58,4,0,15,0,16,0,0,0,22,0,1,59,2,0,53,137,31,0,0
4401,HARDINABM,307,53,12,0,17,2,14,0,3,1,40,0,1,75,3,0,70,193,33,0,0
4402,HARRISONAAA,125,27,2,0,16,0,8,0,1,0,8,0,1,10,1,0,43,64,24,0,0
4403,HARRISONAAB,189,63,6,1,38,4,32,2,1,0,17,0,0,23,0,0,40,83,74,0,0
4404,HARRISONAAE,548,194,21,9,90,5,87,0,3,3,44,1,3,113,6,1,153,327,182,0,0
4405,HARRISONAAG,526,226,18,1,100,5,120,1,7,1,27,0,0,111,11,0,151,309,225,0,0
4406,HARRISONAAL,223,82,8,6,38,0,33,1,0,0,29,0,1,43,6,0,53,133,71,0,0
4407,HARRISONAAM,259,85,9,6,38,4,31,0,1,0,22,0,0,43,3,0,87,156,73,0,0
4408,HARRISONAAO,255,100,11,1,45,2,24,0,2,0,35,0,0,47,3,0,63,150,71,0,0
4409,HARRISONAAS,610,222,20,9,119,4,79,1,5,1,54,0,1,90,13,0,182,347,202,0,0
4410,HARRISONAAU,355,83,14,4,32,2,27,0,0,0,33,0,1,60,2,0,96,192,61,0,0
4411,HARRISONAAV,163,35,1,1,23,3,19,1,0,0,18,0,1,26,2,0,49,97,45,0,0
4412,HARRISONAAX,470,147,26,5,63,4,46,1,4,1,45,0,0,62,6,0,139,258,113,0,0
4413,HARRISONABA,123,28,6,0,15,2,12,0,1,0,6,0,1,36,1,0,40,85,29,0,0
4414,HARRISONABB,474,118,13,2,55,7,52,0,1,0,28,1,2,64,6,0,158,260,114,0,0
4415,HARRISONABF,425,129,9,4,73,2,70,0,1,0,30,0,0,32,7,0,127,197,145,0,0
4416,HARRISONABH,178,71,5,2,46,1,14,1,0,0,11,0,1,40,0,0,63,116,61,0,0
4417,HARRISONABI,175,78,9,2,37,2,30,1,4,0,16,0,1,25,2,0,42,91,69,0,0
4418,HENRYAAA,244,159,35,4,43,0,57,3,2,0,28,0,0,68,6,0,56,163,100,0,0
4419,HENRYAAB,252,134,33,9,31,1,39,1,5,0,25,0,2,108,7,0,50,198,71,0,0
4420,HENRYAAC,493,266,48,6,72,0,67,2,8,0,54,0,0,217,8,0,111,400,139,0,0
4421,HENRYAAE,489,298,37,11,70,1,82,3,4,1,40,1,0,168,5,0,101,323,153,0,0
4422,HENRYAAH,450,277,35,9,67,1,75,2,3,1,50,2,4,155,7,0,94,318,143,0,0
4423,HENRYAAI,389,198,14,5,49,2,31,1,7,0,21,0,0,199,12,0,104,344,82,0,0
4424,HENRYAAJ,271,59,6,1,14,0,13,1,1,0,26,0,0,111,3,0,50,192,27,0,0
4425,HENRYAAK,517,251,50,15,51,2,70,1,2,0,55,0,1,184,8,0,132,383,123,0,0
4426,HENRYAAL,506,193,47,4,44,0,59,3,2,1,36,0,0,194,2,0,113,351,103,0,0
4427,HENRYAAO,443,192,31,4,57,1,46,1,2,1,51,0,0,174,6,1,115,351,104,0,0
4428,HENRYAAP,404,101,20,1,23,0,29,1,0,0,37,0,0,187,6,0,62,293,52,0,0
4429,HENRYAAQ,409,135,23,4,42,0,25,1,3,1,39,0,2,164,4,1,113,328,67,0,0
4430,HENRYAAS,227,202,18,6,63,0,30,0,3,1,31,0,2,74,9,1,44,165,93,0,0
4431,HENRYAAT,517,182,35,1,38,3,39,2,5,0,64,0,3,198,17,0,77,366,80,0,0
4432,HENRYAAV,312,133,42,2,44,2,44,2,5,1,27,0,0,100,3,0,85,223,90,0,0
4433,HENRYAAW,511,161,25,5,43,3,42,3,4,1,71,0,0,181,9,0,96,365,88,0,0
4434,HENRYAAY,413,138,20,1,49,1,28,1,6,0,54,1,0,172,12,0,94,340,78,0,0
4435,HENRYABA,239,80,12,4,23,1,29,1,3,1,24,0,2,98,2,0,52,183,53,0,0
4436,HENRYABB,412,96,22,4,16,1,25,2,1,0,39,0,0,188,6,0,94,330,42,0,0
4437,HENRYABC,403,112,25,6,36,3,24,4,3,0,37,1,1,152,7,1,81,287,63,0,0
4438,HENRYABD,281,51,11,2,20,0,15,0,5,0,24,0,2,108,6,1,43,189,35,0,0
4439,HENRYABE,466,102,34,4,14,1,40,0,1,0,56,0,0,201,7,0,81,346,55,0,0
4440,HENRYABF,653,236,36,3,82,1,76,2,9,2,68,0,1,148,5,0,165,400,159,0,0
4441,HIGHLANDAAB,425,255,23,3,70,0,42,0,1,0,27,0,0,104,7,0,89,228,112,0,0
4442,HIGHLANDAAF,389,221,13,7,69,2,50,2,1,0,22,0,2,81,5,1,103,217,121,0,0
4443,HIGHLANDAAI,391,180,14,2,56,2,34,2,5,0,49,0,0,95,8,0,88,247,92,0,0
4444,HIGHLANDAAJ,475,212,23,7,64,0,30,4,0,0,43,0,2,74,13,1,125,262,94,0,0
4445,HIGHLANDAAL,316,153,18,3,53,2,22,0,0,1,20,1,0,61,4,0,88,175,77,0,0
4446,HIGHLANDAAN,303,119,19,5,31,1,34,0,5,0,35,0,2,71,10,0,73,196,66,0,0
4447,HIGHLANDAAO,265,92,18,0,26,1,19,0,2,0,12,0,0,71,6,0,88,179,46,0,0
4448,HIGHLANDAAQ,462,110,13,6,24,0,19,3,2,0,36,0,0,90,3,0,128,262,43,0,0
4449,HIGHLANDAAS,554,111,16,3,32,0,28,2,4,1,48,0,1,85,3,0,158,302,60,0,0
4450,HIGHLANDAAT,548,82,20,3,37,0,14,2,2,0,45,2,0,75,7,0,170,303,51,0,0
4451,HIGHLANDAAU,423,77,11,2,27,1,29,1,3,2,34,0,0,70,3,0,132,245,57,0,0
4452,HIGHLANDAAV,515,107,21,5,21,0,32,2,1,0,42,0,2,85,2,0,147,281,53,0,0
4453,HIGHLANDAAX,585,114,6,4,29,2,17,0,5,0,45,0,1,106,7,0,154,318,48,0,0
4454,HIGHLANDAAY,291,42,9,2,18,0,15,0,0,0,23,0,0,44,3,0,97,167,33,0,0
4455,HIGHLANDAAZ,351,98,8,3,20,1,33,2,2,0,30,0,0,51,1,0,90,176,54,0,0
4456,HIGHLANDABB,298,65,6,1,18,0,21,0,1,1,14,0,0,66,1,1,94,178,39,0,0
4457,HIGHLANDABC,386,94,16,3,33,0,32,1,1,0,37,0,0,69,4,0,127,239,65,0,0
4458,HIGHLANDABD,384,79,10,0,25,1,23,1,1,0,20,0,1,85,6,1,110,225,49,0,0
4459,HIGHLANDABE,463,96,15,7,18,2,31,0,2,0,37,0,0,83,3,1,136,262,51,0,0
4460,HIGHLANDABF,699,111,19,1,23,0,28,2,2,0,55,0,3,135,9,0,221,427,51,0,0
4461,HIGHLANDABG,624,205,20,3,74,1,40,0,3,1,48,0,2,140,8,0,177,379,115,0,0
4462,HIGHLANDABI,381,90,9,2,27,1,25,1,4,0,34,0,0,68,6,0,119,232,53,0,0
4463,HIGHLANDABJ,797,144,26,7,45,3,34,2,9,1,70,0,1,159,17,0,209,468,82,0,0
4464,HIGHLANDABL,344,95,10,0,27,1,34,1,1,0,31,1,2,81,5,0,71,193,62,0,0
4465,HIGHLANDABM,340,148,10,5,55,5,40,0,0,0,28,0,0,64,1,0,84,177,100,0,0
4466,HIGHLANDABN,441,163,16,3,52,3,30,0,2,1,24,1,1,80,2,0,123,234,85,0,0
4467,HIGHLANDABO,591,111,16,3,29,2,26,2,2,0,45,0,2,130,11,0,161,353,57,0,0
4468,HIGHLANDABP,311,68,17,4,18,1,14,2,4,0,25,0,0,54,6,0,93,184,33,0,0
4469,HIGHLANDABQ,696,142,19,6,45,0,46,0,4,0,49,0,3,111,8,0,181,356,91,0,0
4470,HIGHLANDABR,470,82,16,0,28,1,23,3,5,0,47,0,1,89,6,0,123,274,52,0,0
4471,HIGHLANDABT,502,107,16,3,37,2,24,0,5,0,40,0,0,68,3,0,140,256,63,0,0
4472,HOCKINGAAB,473,318,30,3,99,2,73,3,3,1,51,0,2,129,10,0,107,306,174,0,0
4473,HOCKINGAAE,473,219,23,9,74,4,77,2,4,0,42,0,0,94,10,0,74,226,155,0,0
4474,HOCKINGAAG,547,300,19,7,82,3,67,2,6,0,60,0,0,139,9,0,131,347,152,0,0
4475,HOCKINGAAJ,457,239,16,6,52,2,60,2,0,0,31,0,0,73,5,0,92,203,114,0,0
4476,HOCKINGAAL,256,156,5,1,47,0,42,0,0,0,8,0,0,53,1,0,68,130,89,0,0
4477,HOCKINGAAM,220,106,11,1,37,2,28,0,1,0,33,0,2,62,1,0,45,144,67,0,0
4478,HOCKINGAAN,370,116,16,3,47,7,38,1,3,0,42,1,1,74,4,0,75,201,92,0,0
4479,HOCKINGAAO,243,79,7,4,25,1,24,0,0,0,33,0,0,59,0,0,43,135,50,0,0
4480,HOCKINGAAP,334,165,10,6,54,3,45,0,2,1,33,0,0,89,5,0,100,230,102,0,0
4481,HOCKINGAAQ,176,91,2,2,30,1,21,0,1,0,14,0,0,50,3,0,42,110,52,0,0
4482,HOCKINGAAR,479,181,19,3,47,1,51,0,4,0,73,0,1,99,5,0,116,298,99,0,0
4483,HOCKINGAAT,421,146,19,0,56,0,45,0,0,0,53,0,0,96,3,0,117,269,101,0,0
4484,HOCKINGAAU,321,109,6,3,35,2,42,2,1,1,26,0,1,61,4,0,84,180,79,0,0
4485,HOCKINGAAV,408,180,20,4,66,0,52,0,2,1,45,0,1,96,3,0,105,253,118,0,0
4486,HOCKINGAAW,393,102,19,3,38,3,33,0,2,0,50,0,1,73,4,0,108,238,74,0,0
4487,HOCKINGAAX,261,93,17,1,35,1,24,0,0,0,37,0,0,51,2,0,45,135,60,0,0
4488,HOCKINGAAY,121,63,5,4,17,0,21,0,1,0,12,0,0,31,1,0,22,67,38,0,0
4489,HOCKINGAAZ,333,117,12,6,44,2,38,0,3,1,45,0,0,70,3,1,74,197,84,0,0
4490,HOCKINGABA,301,129,24,0,48,1,36,0,0,1,44,0,1,56,2,0,76,180,85,0,0
4491,HOCKINGABB,478,205,23,8,63,0,62,1,3,0,40,0,1,93,3,1,131,273,125,0,0
4492,HOCKINGABD,222,125,12,3,56,3,46,0,0,0,7,1,2,35,4,0,59,108,105,0,0
4493,HOCKINGABE,115,82,4,1,42,0,31,0,0,0,6,0,0,5,0,0,30,41,73,0,0
4494,HOCKINGABF,409,160,6,5,46,0,53,0,1,0,43,0,0,72,1,0,108,225,99,0,0
4495,HOCKINGABG,181,115,13,3,23,0,13,0,1,0,21,0,0,59,3,0,32,116,36,0,0
4496,HOCKINGABH,287,94,8,1,29,2,36,0,0,0,38,0,0,38,3,0,83,162,67,0,0
4497,HOCKINGABJ,218,85,21,3,27,1,22,0,0,0,16,0,0,46,3,0,65,130,50,0,0
4498,HOLMESAAA,516,42,8,0,8,0,9,1,6,1,89,0,0,152,5,0,68,322,17,0,0
4499,HOLMESAAB,386,53,7,0,15,1,8,1,4,0,80,0,0,100,5,0,55,245,24,0,0
4500,HOLMESAAC,270,13,9,0,4,1,3,0,3,0,51,0,1,63,0,0,18,136,8,0,0
4501,HOLMESAAD,793,159,48,7,48,3,54,1,9,1,122,1,2,226,27,1,185,575,105,0,0
4502,HOLMESAAF,578,228,48,8,83,0,79,0,9,0,71,1,4,205,18,1,153,462,162,0,0
4503,HOLMESAAH,272,98,24,3,30,2,38,1,3,0,41,1,3,63,6,0,62,180,70,0,0
4504,HOLMESAAJ,637,151,29,4,53,2,56,1,7,0,77,0,2,123,8,0,210,428,111,0,0
4505,HOLMESAAL,453,86,29,4,33,2,38,1,7,0,62,0,0,116,5,0,110,301,73,0,0
4506,HOLMESAAM,603,159,23,2,41,2,46,0,7,0,58,0,3,151,3,0,161,383,89,0,0
4507,HOLMESAAO,598,122,24,3,47,4,47,4,2,0,83,0,1,167,6,0,148,411,98,0,0
4508,HOLMESAAP,487,36,3,2,10,1,9,3,3,0,50,0,2,128,4,1,48,239,20,0,0
4509,HOLMESAAR,589,111,18,0,25,2,41,0,7,0,102,1,1,141,5,0,119,376,68,0,0
4510,HOLMESAAT,335,82,18,9,19,1,34,0,3,1,43,0,0,81,2,0,75,205,54,0,0
4511,HOLMESAAU,594,161,25,5,59,7,47,0,9,0,95,0,2,153,9,0,162,430,113,0,0
4512,HOLMESAAW,380,35,13,1,11,0,4,1,5,1,60,0,3,118,2,0,47,237,15,0,0
4513,HOLMESAAX,682,96,18,1,22,0,15,0,6,0,120,0,6,212,8,0,83,435,37,0,0
4514,HOLMESAAY,547,156,30,4,53,3,45,2,6,0,56,0,0,164,8,0,156,392,101,0,0
4515,HURONAAA,371,211,30,5,69,3,74,2,1,1,31,1,2,77,9,0,98,222,146,0,0
4516,HURONAAD,421,250,36,6,64,3,90,1,3,1,39,0,1,91,6,0,103,245,157,0,0
4517,HURONAAG,454,264,22,7,83,0,83,0,2,0,53,1,1,126,11,1,113,308,166,0,0
4518,HURONAAH,421,296,21,5,84,1,42,0,2,0,33,1,0,139,5,0,93,273,127,0,0
4519,HURONAAI,266,195,26,3,57,2,35,1,4,0,22,0,2,78,9,0,58,174,94,0,0
4520,HURONAAL,467,207,18,11,68,1,49,0,10,0,37,0,2,161,8,0,101,319,118,0,0
4521,HURONAAM,338,194,30,5,43,2,59,1,2,0,30,1,0,82,6,0,89,211,104,0,0
4522,HURONAAN,420,241,35,9,61,5,52,2,4,1,36,0,0,117,7,1,83,251,118,0,0
4523,HURONAAQ,190,116,16,6,42,1,46,0,1,0,6,0,2,36,4,0,43,92,89,0,0
4524,HURONAAR,309,151,20,5,41,0,54,1,3,0,24,1,0,110,7,1,79,226,95,0,0
4525,HURONAAS,336,179,24,8,49,1,46,6,1,0,23,2,1,113,6,0,83,235,96,0,0
4526,HURONAAV,229,149,21,5,49,1,56,1,0,0,6,0,2,45,1,0,51,106,106,0,0
4527,HURONAAW,217,161,24,1,47,2,49,0,0,0,14,1,0,48,3,0,57,123,98,0,0
4528,HURONAAX,404,244,32,11,73,1,59,2,6,0,37,0,0,110,11,0,84,250,133,0,0
4529,HURONABA,207,132,18,5,38,0,31,0,2,0,20,0,1,28,1,0,44,96,69,0,0
4530,HURONABC,167,97,14,5,28,2,17,1,1,0,13,0,0,15,3,1,34,68,47,0,0
4531,HURONABE,419,203,17,2,56,1,38,1,3,0,34,1,4,115,10,0,100,268,95,0,0
4532,HURONABG,467,196,21,8,61,2,51,1,1,0,41,0,0,127,5,0,103,278,114,0,0
4533,HURONABI,339,116,10,4,27,1,33,0,1,0,30,0,0,96,8,0,84,219,61,0,0
4534,HURONABJ,441,154,22,5,36,2,31,0,8,0,45,0,0,144,4,1,125,327,69,0,0
4535,HURONABK,547,205,30,5,54,2,67,3,1,0,55,0,1,112,4,0,159,335,123,0,0
4536,HURONABL,367,100,18,4,23,0,21,0,2,1,55,0,0,101,3,0,95,257,44,0,0
4537,HURONABN,383,106,15,2,30,0,32,0,2,0,30,0,1,78,7,0,109,227,62,0,0
4538,HURONABO,587,181,18,3,55,2,38,1,2,0,88,0,0,160,8,2,143,404,95,0,0
4539,HURONABP,262,65,12,1,21,0,8,0,0,1,32,2,1,59,1,0,54,150,29,0,0
4540,HURONABQ,428,116,14,3,42,2,27,1,0,1,42,0,0,63,3,0,100,210,71,0,0
4541,HURONABS,316,116,25,5,26,2,36,1,1,0,30,2,1,72,5,0,81,193,64,0,0
4542,HURONABT,336,146,21,3,55,1,44,0,1,0,23,0,1,124,2,0,86,237,100,0,0
4543,HURONABU,550,149,14,4,47,1,39,2,2,0,49,0,0,129,5,0,127,314,87,0,0
4544,HURONABW,187,66,14,1,22,0,14,0,1,0,13,0,0,35,0,0,38,87,36,0,0
4545,HURONABX,326,116,11,1,37,0,21,1,0,0,40,0,0,92,7,0,89,229,58,0,0
4546,HURONABY,227,154,19,3,39,0,37,1,1,0,13,0,1,41,3,0,41,101,76,0,0
4547,HURONABZ,342,133,18,3,41,3,29,0,0,0,35,0,1,89,6,0,73,204,73,0,0
4548,HURONACB,439,180,22,6,38,1,56,1,5,0,45,0,0,99,5,0,100,255,95,0,0
4549,HURONACC,328,174,21,1,47,0,48,0,1,1,21,0,2,65,5,0,85,180,95,0,0
4550,HURONACD,226,118,5,2,32,0,22,1,0,0,17,0,1,74,2,0,50,145,54,0,0
4551,HURONACE,378,91,22,3,31,1,34,2,2,0,27,0,0,111,8,1,82,233,66,0,0
4552,HURONACF,418,135,27,3,32,2,40,0,2,1,37,1,2,91,5,0,84,223,74,0,0
4553,HURONACG,338,92,16,1,33,0,17,1,6,0,30,0,1,81,6,0,68,193,50,0,0
4554,HURONACH,378,109,15,1,40,3,26,0,3,1,21,0,0,76,4,0,82,187,69,0,0
4555,HURONACI,316,186,23,4,48,2,49,2,0,0,22,0,1,68,2,0,61,156,99,0,0
4556,HURONACK,276,63,10,2,12,0,23,2,2,0,36,0,1,55,4,0,65,165,35,0,0
4557,HURONACL,182,67,10,1,16,0,24,0,0,0,24,0,0,39,0,0,38,101,40,0,0
4558,HURONACM,510,223,39,3,61,3,83,0,1,1,45,0,0,130,2,0,127,306,147,0,0
4559,HURONACO,438,198,13,6,71,2,48,1,2,1,57,0,0,105,2,1,96,265,121,0,0
4560,HURONACQ,258,147,14,5,40,1,60,0,2,0,20,0,2,51,10,0,67,152,101,0,0
4561,JACKSONAAA,572,196,29,2,65,1,35,1,8,2,38,0,0,192,19,0,180,440,101,0,0
4562,JACKSONAAC,353,171,24,5,57,3,28,2,3,0,30,0,2,64,5,0,99,205,88,0,0
4563,JACKSONAAE,362,147,24,5,51,0,35,1,2,0,18,0,4,85,13,0,104,227,86,0,0
4564,JACKSONAAG,498,158,24,9,57,1,34,4,2,0,46,1,2,119,8,0,158,340,92,0,0
4565,JACKSONAAJ,303,112,4,1,38,5,25,1,1,0,26,0,0,67,5,2,119,221,68,0,0
4566,JACKSONAAL,237,78,8,1,31,1,13,1,1,1,18,0,2,38,3,0,75,139,45,0,0
4567,JACKSONAAM,307,138,23,4,39,0,26,2,5,2,16,0,1,61,5,0,96,188,65,0,0
4568,JACKSONAAO,200,89,6,0,30,0,12,0,2,0,10,0,0,38,2,0,75,127,42,0,0
4569,JACKSONAAQ,339,157,19,3,71,1,25,2,5,0,18,0,0,54,6,0,107,192,97,0,0
4570,JACKSONAAS,401,94,9,2,22,3,27,1,3,1,26,0,0,63,7,0,124,225,52,0,0
4571,JACKSONAAT,455,112,16,0,37,0,40,0,2,1,35,1,1,79,2,1,136,258,77,0,0
4572,JACKSONAAV,139,59,4,3,18,2,11,1,1,0,12,0,0,23,1,0,41,79,31,0,0
4573,JACKSONAAW,372,94,8,5,26,0,16,0,1,3,30,1,2,92,4,0,104,237,42,0,0
4574,JACKSONAAX,184,59,3,0,10,0,18,0,3,0,15,0,0,43,3,0,64,128,28,0,0
4575,JACKSONAAY,407,153,16,1,44,1,30,0,4,0,32,0,1,94,6,0,120,257,75,0,0
4576,JACKSONAAZ,321,87,7,1,24,0,13,0,1,1,8,0,1,50,4,0,102,167,37,0,0
4577,JACKSONABA,415,106,13,0,25,0,25,1,1,0,13,0,0,37,5,0,111,168,50,0,0
4578,JACKSONABB,280,68,8,0,26,1,15,1,1,0,17,0,2,46,3,0,106,176,42,0,0
4579,JACKSONABC,386,153,20,1,48,2,44,0,7,1,28,0,0,93,14,0,108,251,94,0,0
4580,JACKSONABD,440,192,18,4,63,0,37,2,5,2,29,0,1,98,11,1,128,277,100,0,0
4581,JACKSONABE,349,136,21,2,39,0,31,1,3,1,33,1,1,73,6,0,107,226,70,0,0
4582,JACKSONABG,241,57,1,0,20,1,11,0,2,0,15,0,2,39,3,0,76,137,32,0,0
4583,JACKSONABH,292,63,7,2,16,2,25,0,0,1,21,0,3,35,1,0,95,156,43,0,0
4584,JACKSONABI,168,61,4,0,11,1,14,0,2,0,10,0,0,29,1,0,56,98,26,0,0
4585,JACKSONABJ,383,97,9,5,45,2,24,0,2,1,20,0,3,53,2,0,112,193,71,0,0
4586,JACKSONABM,280,74,10,2,21,1,20,2,2,0,22,0,1,53,1,1,92,174,42,0,0
4587,JACKSONABN,266,62,13,1,20,0,23,0,5,0,25,0,1,37,4,0,84,156,43,0,0
4588,JACKSONABO,456,101,11,2,32,0,29,2,4,1,30,0,2,106,12,0,144,301,61,0,0
4589,JACKSONABP,239,71,6,2,22,0,15,2,2,2,24,0,0,56,5,0,73,164,37,0,0
4590,JACKSONABQ,304,81,8,1,16,1,12,1,5,0,21,0,0,71,7,0,83,188,29,0,0
4591,JEFFERSONAAA,173,232,11,3,88,1,46,0,3,0,11,0,0,15,5,0,41,75,135,0,0
4592,JEFFERSONAAB,108,221,7,5,82,3,43,0,0,0,7,0,0,16,4,0,15,42,128,0,0
4593,JEFFERSONAAE,284,209,14,6,75,1,56,0,3,1,34,0,0,97,7,0,42,184,132,0,0
4594,JEFFERSONAAF,363,283,24,6,122,7,78,1,2,2,25,0,0,81,8,1,95,215,207,0,0
4595,JEFFERSONAAI,325,241,14,3,75,4,50,0,1,0,41,0,1,96,19,0,68,226,129,0,0
4596,JEFFERSONAAJ,441,220,17,7,96,5,82,0,5,0,34,0,0,103,11,0,113,266,183,0,0
4597,JEFFERSONAAM,101,267,5,6,90,1,44,0,1,0,7,0,1,7,1,1,31,49,135,0,0
4598,JEFFERSONAAN,240,144,7,4,56,2,21,0,0,0,15,0,0,46,7,0,25,93,79,0,0
4599,JEFFERSONAAQ,321,229,21,4,104,2,74,1,1,0,18,1,0,57,6,0,103,187,180,0,0
4600,JEFFERSONAAR,399,203,8,4,83,4,84,2,3,0,28,0,0,60,2,1,98,194,171,0,0
4601,JEFFERSONAAS,347,177,15,1,74,5,56,0,0,0,18,1,1,82,5,0,101,208,135,0,0
4602,JEFFERSONAAU,375,169,18,2,59,4,54,0,2,1,27,0,0,60,4,1,104,199,117,0,0
4603,JEFFERSONAAV,468,179,9,1,79,1,65,1,2,1,35,1,1,118,12,0,120,291,145,0,0
4604,JEFFERSONAAW,427,193,6,3,86,9,61,2,2,0,30,1,1,99,6,0,125,266,156,0,0
4605,JEFFERSONABA,453,212,20,2,76,2,61,0,0,0,15,0,1,53,5,1,109,184,139,0,0
4606,JEFFERSONABC,420,195,15,4,84,3,71,0,3,1,21,0,1,65,3,1,100,195,158,0,0
4607,JEFFERSONABE,371,183,28,3,75,8,65,0,1,1,23,1,0,66,4,1,108,205,148,0,0
4608,JEFFERSONABG,313,175,15,2,70,3,68,0,1,0,11,0,1,46,1,0,78,138,141,0,0
4609,JEFFERSONABI,163,51,4,1,20,0,21,0,3,0,6,0,0,14,4,0,64,91,41,0,0
4610,JEFFERSONABJ,631,187,18,2,96,6,69,1,2,0,38,1,2,101,15,0,207,367,171,0,0
4611,JEFFERSONABL,367,163,16,4,83,1,64,0,1,0,29,2,0,72,5,0,124,233,148,0,0
4612,JEFFERSONABM,530,147,17,3,73,3,65,1,2,0,41,0,0,79,9,1,168,301,141,0,0
4613,JEFFERSONABO,84,29,3,0,15,2,6,0,0,0,13,0,0,10,1,0,30,54,23,0,0
4614,JEFFERSONABS,409,168,15,3,75,1,48,0,3,2,22,0,4,68,6,0,128,233,124,0,0
4615,JEFFERSONABT,405,206,14,8,104,7,52,0,0,0,27,1,1,64,3,2,103,201,163,0,0
4616,JEFFERSONABU,357,175,15,6,79,6,79,0,2,0,21,0,0,52,5,0,108,188,164,0,0
4617,JEFFERSONABV,206,155,10,1,61,5,34,0,1,0,13,0,0,28,5,0,82,129,100,0,0
4618,JEFFERSONABY,377,128,13,3,56,3,41,1,1,0,44,0,3,62,6,0,93,210,100,0,0
4619,JEFFERSONABZ,359,56,16,0,23,0,33,0,2,0,36,0,0,58,5,0,116,217,56,0,0
4620,JEFFERSONACA,416,138,17,5,60,3,74,1,0,1,39,1,1,60,6,0,121,230,137,0,0
4621,JEFFERSONACB,460,155,14,2,57,5,71,2,2,0,34,0,1,88,4,2,158,291,133,0,0
4622,JEFFERSONACE,284,119,23,6,43,2,43,3,3,0,18,0,0,36,2,0,68,130,88,0,0
4623,JEFFERSONACF,158,37,0,1,24,4,31,0,0,0,18,1,0,42,1,0,55,117,59,0,0
4624,JEFFERSONACH,194,60,0,2,30,2,24,3,0,1,10,0,0,32,3,0,59,108,56,0,0
4625,JEFFERSONACI,350,152,15,3,71,0,58,0,1,1,21,0,0,68,5,0,104,200,129,0,0
4626,JEFFERSONACK,77,23,2,0,14,3,17,0,0,0,1,0,0,9,0,0,24,34,34,0,0
4627,JEFFERSONACL,248,83,15,2,45,3,36,1,0,0,26,0,0,40,4,0,68,139,84,0,0
4628,JEFFERSONACN,517,123,21,4,51,4,46,0,2,0,44,0,3,58,7,0,164,278,101,0,0
4629,JEFFERSONACO,83,56,4,0,27,4,32,0,0,0,10,0,0,12,1,0,16,39,63,0,0
4630,JEFFERSONACP,484,214,13,1,101,2,82,1,2,3,31,1,0,83,0,0,121,242,185,0,0
4631,JEFFERSONACS,129,71,6,1,37,0,25,0,0,1,13,0,0,17,0,0,35,66,62,0,0
4632,JEFFERSONACT,118,118,3,0,54,1,23,0,1,0,8,1,0,10,0,0,38,58,78,0,0
4633,JEFFERSONACU,256,70,10,1,32,1,25,0,2,0,28,0,0,29,1,0,80,140,58,0,0
4634,JEFFERSONACV,198,43,9,2,28,4,12,0,0,0,33,0,0,27,3,0,56,119,44,0,0
4635,JEFFERSONACW,373,81,14,2,35,1,43,1,4,0,33,0,1,57,6,0,118,220,79,0,0
4636,JEFFERSONACX,752,184,12,3,76,9,72,3,3,0,73,1,0,148,5,1,202,436,157,0,0
4637,JEFFERSONACZ,72,57,7,1,26,1,21,0,0,0,5,0,0,4,1,1,26,37,48,0,0
4638,JEFFERSONADA,306,116,12,2,59,4,50,0,1,0,17,0,1,32,2,0,85,138,113,0,0
4639,JEFFERSONADB,174,92,8,1,48,1,39,0,0,0,10,0,0,27,2,0,44,83,88,0,0
4640,JEFFERSONADC,162,92,6,2,36,2,39,0,1,0,7,0,0,27,6,1,51,93,77,0,0
4641,JEFFERSONADD,170,104,9,0,45,0,30,0,1,0,11,0,0,8,2,0,46,68,75,0,0
4642,JEFFERSONADE,201,80,9,2,40,4,33,0,1,0,14,0,0,15,4,0,62,96,77,0,0
4643,JEFFERSONADF,166,122,9,3,68,3,45,0,2,0,8,0,0,18,1,0,58,87,116,0,0
4644,JEFFERSONADG,110,57,4,3,29,4,27,0,2,0,8,0,0,8,2,0,39,59,60,0,0
4645,JEFFERSONADH,206,55,9,3,30,2,26,1,1,0,10,0,0,27,5,0,55,99,58,0,0
4646,JEFFERSONADI,407,127,12,4,66,11,46,0,2,0,33,0,0,52,0,0,116,203,123,0,0
4647,JEFFERSONADK,246,87,11,0,26,3,40,0,0,0,15,0,1,26,7,0,69,118,69,0,0
4648,JEFFERSONADM,269,154,18,4,78,4,57,1,0,0,10,0,0,23,2,0,93,129,139,0,0
4649,JEFFERSONADN,216,102,8,2,51,1,40,0,1,0,6,0,1,21,3,0,67,99,92,0,0
4650,JEFFERSONADO,294,127,11,3,106,5,52,1,3,0,9,1,0,36,7,0,74,131,163,0,0
4651,JEFFERSONADP,239,122,8,3,73,4,55,0,0,1,14,0,2,28,2,1,68,116,132,0,0
4652,JEFFERSONADT,507,298,23,5,134,6,77,0,2,1,22,0,2,50,1,1,142,221,217,0,0
4653,JEFFERSONADU,118,58,6,0,39,4,27,0,1,0,7,0,0,11,4,0,45,68,70,0,0
4654,JEFFERSONADW,363,231,20,3,102,7,97,0,4,0,23,0,0,42,2,0,95,166,206,0,0
4655,JEFFERSONAEA,168,105,8,1,60,3,35,3,0,0,11,0,2,15,1,0,52,84,98,0,0
4656,JEFFERSONAEB,357,93,13,6,55,7,55,0,3,0,25,0,0,57,4,0,122,211,117,0,0
4657,JEFFERSONAEC,68,23,3,0,9,0,11,0,0,0,9,0,0,12,0,0,15,36,20,0,0
4658,JEFFERSONAEE,473,117,19,3,58,4,54,2,3,1,37,0,1,59,12,2,159,276,116,0,0
4659,JEFFERSONAEF,160,60,4,0,37,2,15,0,0,0,15,0,0,18,0,0,49,82,54,0,0
4660,JEFFERSONAEG,310,130,11,2,64,3,63,1,0,0,24,0,0,33,3,2,77,140,130,0,0
4661,JEFFERSONAEH,441,142,20,9,83,7,72,0,3,0,31,1,1,61,4,0,122,223,162,0,0
4662,KNOXAAA,318,231,18,2,73,0,53,1,3,0,52,1,2,122,9,0,56,246,126,0,0
4663,KNOXAAB,261,155,18,5,49,1,37,1,1,2,46,0,1,61,6,0,57,175,87,0,0
4664,KNOXAAC,389,167,32,4,46,1,28,0,2,0,75,0,3,157,6,0,76,319,75,0,0
4665,KNOXAAE,273,148,18,6,40,0,48,0,1,0,44,0,0,51,3,1,60,160,88,0,0
4666,KNOXAAF,183,71,6,5,12,1,13,0,0,0,18,0,0,30,1,0,51,100,26,0,0
4667,KNOXAAG,369,199,28,14,41,0,70,0,3,0,52,0,2,87,10,0,65,219,111,0,0
4668,KNOXAAH,462,274,33,6,69,1,62,1,2,0,51,0,2,198,9,1,87,351,132,0,0
4669,KNOXAAI,359,245,14,1,72,2,36,1,2,0,47,0,0,185,12,0,80,327,110,0,0
4670,KNOXAAJ,371,186,23,3,56,0,28,3,0,0,55,0,0,134,7,0,72,271,84,0,0
4671,KNOXAAK,308,200,19,4,48,0,69,0,2,0,41,2,0,114,3,0,52,214,117,0,0
4672,KNOXAAL,444,207,28,5,51,1,49,2,3,0,56,0,0,136,8,0,82,287,101,0,0
4673,KNOXAAM,281,139,14,3,33,0,44,1,4,0,39,0,1,75,7,0,45,172,77,0,0
4674,KNOXAAO,738,184,28,4,54,1,54,1,7,2,141,0,2,183,8,0,146,490,109,0,0
4675,KNOXAAQ,535,168,15,9,51,1,56,2,5,1,99,1,1,139,8,0,115,371,108,0,0
4676,KNOXAAR,278,46,14,1,17,0,16,1,0,0,45,0,0,42,0,1,88,177,33,0,0
4677,KNOXAAS,469,99,14,4,24,0,38,0,3,0,89,0,0,60,2,0,130,284,62,0,0
4678,KNOXAAT,208,79,6,4,18,1,15,1,0,2,30,0,0,77,4,0,55,169,34,0,0
4679,KNOXAAU,369,140,16,9,32,2,52,0,0,1,52,0,0,80,5,0,78,216,86,0,0
4680,KNOXAAV,375,163,19,2,39,2,43,0,6,1,51,0,2,125,8,0,76,269,84,0,0
4681,KNOXAAW,102,84,12,1,18,0,29,0,0,0,8,0,0,46,1,0,15,70,47,0,0
4682,KNOXAAX,70,938,15,9,133,0,204,1,0,0,5,0,0,48,7,0,7,68,337,0,0
4683,KNOXAAY,298,97,9,3,19,1,36,0,4,0,40,0,1,105,1,0,75,226,56,0,0
4684,KNOXAAZ,478,185,43,6,41,1,51,0,1,0,75,2,0,135,6,0,95,314,93,0,0
4685,KNOXABA,353,91,23,0,21,0,21,1,0,0,58,0,1,109,4,0,84,257,42,0,0
4686,KNOXABB,318,106,10,0,38,0,17,1,1,1,34,1,0,65,6,0,70,179,55,0,0
4687,KNOXABC,358,74,10,2,15,1,27,1,1,0,59,2,3,80,3,1,72,222,43,0,0
4688,KNOXABD,636,254,31,4,48,1,50,2,4,0,93,0,1,194,6,0,165,465,99,0,0
4689,KNOXABE,620,261,31,4,66,3,46,0,5,0,88,1,2,185,11,0,146,438,115,0,0
4690,KNOXABF,399,55,9,1,10,2,27,1,1,1,58,0,1,81,4,0,110,257,39,0,0
4691,KNOXABG,224,50,12,2,13,1,16,1,1,1,35,0,0,58,0,0,45,141,30,0,0
4692,KNOXABH,393,128,6,3,30,0,27,1,4,0,72,0,1,103,3,0,83,267,57,0,0
4693,KNOXABI,375,71,11,5,21,1,24,2,2,0,69,0,0,140,5,0,72,290,46,0,0
4694,KNOXABK,451,97,11,6,17,1,29,1,3,0,80,0,3,111,2,1,97,298,47,0,0
4695,KNOXABL,413,146,11,9,40,1,27,3,3,0,74,0,1,129,3,0,113,326,68,0,0
4696,KNOXABM,366,161,13,4,42,2,34,0,1,0,25,0,0,114,3,0,85,228,78,0,0
4697,KNOXABN,423,118,12,0,43,1,28,0,1,0,87,0,1,122,4,0,90,305,72,0,0
4698,KNOXABO,344,103,22,4,28,0,25,1,0,0,58,0,0,106,6,0,66,237,53,0,0
4699,KNOXABP,432,157,13,7,39,0,40,1,3,0,70,0,1,128,8,1,99,311,79,0,0
4700,KNOXABQ,556,103,29,3,34,0,38,2,6,0,97,0,0,122,8,0,126,361,72,0,0
4701,KNOXABR,684,246,39,9,62,0,65,2,4,0,115,1,3,257,10,0,129,521,127,0,0
4702,KNOXABT,264,92,12,2,25,2,24,1,1,1,30,0,0,71,2,0,56,162,51,0,0
4703,KNOXABU,467,92,10,4,29,0,17,1,4,1,82,0,0,80,3,1,110,282,46,0,0
4704,KNOXABV,135,61,10,2,14,0,17,1,2,0,19,0,0,53,0,0,22,97,31,0,0
4705,KNOXABW,354,104,20,5,25,2,40,0,3,0,51,0,3,121,7,1,61,247,67,0,0
4706,KNOXABX,387,97,15,4,19,0,24,0,0,0,68,0,0,126,1,0,81,276,43,0,0
4707,KNOXABZ,342,77,21,4,16,0,20,0,0,0,58,0,0,106,1,0,75,240,36,0,0
4708,KNOXACA,304,124,23,3,21,0,33,0,2,1,56,0,1,95,5,0,63,223,54,0,0
4709,KNOXACB,481,120,18,2,30,1,32,1,2,1,78,1,2,140,4,0,109,338,63,0,0
4710,KNOXACC,350,150,22,5,40,1,43,0,0,0,47,0,0,103,3,0,95,248,84,0,0
4711,KNOXACD,741,236,44,4,61,0,33,1,5,1,142,0,0,189,9,1,165,513,94,0,0
4712,KNOXACG,23,392,6,0,40,0,81,0,0,1,3,0,0,15,1,0,6,26,121,0,0
4713,LAKEAAA,329,320,29,14,68,1,76,0,0,1,19,0,2,65,3,0,77,167,145,0,0
4714,LAKEAAB,320,223,21,9,63,1,59,2,0,0,21,0,0,50,5,1,78,157,123,0,0
4715,LAKEAAC,502,359,31,7,144,2,70,1,0,0,34,0,0,173,7,0,169,384,216,0,0
4716,LAKEAAE,411,289,31,7,95,1,78,0,0,0,30,0,0,88,4,0,105,227,174,0,0
4717,LAKEAAF,288,198,14,2,56,1,39,0,0,0,13,0,1,65,4,0,70,153,96,0,0
4718,LAKEAAG,346,284,27,6,87,0,69,1,0,0,22,0,0,78,7,1,99,208,156,0,0
4719,LAKEAAI,409,326,29,9,69,2,83,0,2,0,26,0,0,75,4,0,108,215,154,0,0
4720,LAKEAAJ,385,318,24,4,87,1,59,1,1,0,27,0,1,104,6,0,128,268,147,0,0
4721,LAKEAAK,452,261,14,8,81,2,50,1,1,0,14,0,0,108,7,1,129,261,133,0,0
4722,LAKEAAN,463,283,37,10,79,2,65,1,0,1,21,0,0,125,4,3,144,299,146,0,0
4723,LAKEAAO,520,335,25,4,112,2,82,0,0,0,41,0,0,120,8,0,144,313,196,0,0
4724,LAKEAAP,310,217,15,4,54,0,53,1,1,0,19,0,1,73,1,0,85,181,107,0,0
4725,LAKEAAS,560,299,23,7,83,0,92,4,2,2,40,0,0,185,13,0,153,399,175,0,0
4726,LAKEAAT,659,336,28,4,92,0,64,0,1,1,51,0,0,302,13,0,193,561,156,0,0
4727,LAKEAAU,618,419,32,3,118,2,80,0,2,0,54,0,0,259,16,0,202,533,200,0,0
4728,LAKEAAV,671,345,27,3,81,0,65,1,2,2,45,2,1,248,16,0,192,509,146,0,0
4729,LAKEAAW,349,251,24,9,93,3,59,0,2,0,20,0,1,146,4,0,101,274,155,0,0
4730,LAKEAAX,327,257,18,5,63,2,64,0,3,0,27,0,0,117,4,0,81,232,129,0,0
4731,LAKEAAY,452,292,24,6,91,1,69,0,1,1,21,0,0,148,13,0,144,328,161,0,0
4732,LAKEAAZ,416,347,25,5,103,0,73,0,1,1,35,0,0,191,9,1,106,344,176,0,0
4733,LAKEABA,294,260,24,9,84,1,66,0,1,0,17,0,0,100,9,0,86,213,151,0,0
4734,LAKEABB,481,308,20,4,97,0,85,0,1,0,39,0,0,212,15,0,150,417,182,0,0
4735,LAKEABC,519,314,30,4,103,0,76,0,3,0,36,0,0,227,7,0,144,417,179,0,0
4736,LAKEABD,375,290,31,2,74,0,52,0,3,1,34,0,0,178,10,0,120,346,126,0,0
4737,LAKEABF,489,325,34,10,68,1,109,1,5,0,50,0,1,159,10,0,121,347,178,0,0
4738,LAKEABG,482,375,28,8,80,1,92,0,3,1,33,0,1,182,9,0,152,381,173,0,0
4739,LAKEABH,510,388,38,7,77,3,107,0,2,0,28,1,0,196,7,0,154,388,187,0,0
4740,LAKEABI,376,360,25,7,115,1,93,0,2,0,17,0,1,145,13,0,98,276,209,0,0
4741,LAKEABJ,291,231,22,3,68,0,55,0,1,0,17,1,0,70,4,0,77,170,123,0,0
4742,LAKEABK,327,187,20,4,56,1,56,0,0,0,22,0,0,119,4,0,93,238,113,0,0
4743,LAKEABL,689,499,24,9,157,1,77,2,4,0,50,1,1,275,18,1,163,515,235,0,0
4744,LAKEABM,342,224,21,3,62,1,37,0,0,0,21,0,1,159,6,0,102,289,100,0,0
4745,LAKEABQ,453,324,39,8,100,2,93,0,0,0,30,1,0,136,8,0,139,314,195,0,0
4746,LAKEABR,513,334,19,2,97,0,79,0,2,0,25,0,0,174,8,0,116,325,176,0,0
4747,LAKEABS,536,324,21,2,96,1,74,2,1,1,33,0,1,210,14,1,136,399,171,0,0
4748,LAKEABT,491,387,25,7,120,2,89,0,4,0,32,0,3,137,10,0,145,331,211,0,0
4749,LAKEABU,367,270,20,2,74,1,55,0,2,0,21,1,1,135,6,0,110,276,130,0,0
4750,LAKEABV,481,391,17,3,136,4,83,0,1,2,34,0,1,202,10,0,131,381,223,0,0
4751,LAKEABW,323,255,21,5,74,0,53,0,1,0,10,0,0,146,4,0,91,252,127,0,0
4752,LAKEABX,489,278,13,7,81,0,64,0,0,0,39,1,2,196,13,0,151,402,145,0,0
4753,LAKEABY,453,339,22,10,84,0,87,0,3,0,30,0,0,184,10,0,122,349,171,0,0
4754,LAKEABZ,483,274,12,5,72,0,72,3,3,0,41,0,0,183,8,0,164,402,144,0,0
4755,LAKEACA,312,203,21,4,62,2,62,0,2,0,23,0,1,90,5,0,88,209,126,0,0
4756,LAKEACB,277,208,17,8,60,2,86,0,0,0,17,0,0,77,2,0,79,175,148,0,0
4757,LAKEACC,463,277,30,10,86,4,75,0,2,0,44,1,1,140,14,0,123,325,165,0,0
4758,LAKEACD,375,287,14,5,80,0,84,0,0,1,32,0,0,174,9,0,109,325,164,0,0
4759,LAKEACE,487,378,26,6,127,2,88,2,2,0,46,0,0,189,7,0,151,397,217,0,0
4760,LAKEACF,380,291,22,4,90,0,65,0,1,0,32,0,0,159,11,0,115,318,155,0,0
4761,LAKEACG,541,364,29,6,135,1,76,1,4,0,26,1,1,154,10,0,179,376,212,0,0
4762,LAKEACH,488,281,28,5,83,3,90,0,2,0,31,0,0,127,5,1,126,292,176,0,0
4763,LAKEACI,351,298,32,4,56,1,86,1,2,0,26,1,0,97,4,0,96,227,143,0,0
4764,LAKEACJ,471,408,29,10,119,0,121,1,3,1,47,0,0,129,12,0,138,331,240,0,0
4765,LAKEACL,286,483,27,10,123,0,88,3,1,0,20,0,0,53,2,0,79,158,211,0,0
4766,LAKEACM,128,299,14,5,75,1,56,1,2,1,9,0,0,19,3,0,26,61,132,0,0
4767,LAKEACP,376,441,34,11,127,2,119,0,4,2,32,0,1,97,12,0,92,240,248,0,0
4768,LAKEACQ,279,363,21,7,95,1,70,1,2,0,32,0,0,85,2,0,68,190,166,0,0
4769,LAKEACT,200,255,20,3,70,0,80,1,0,0,15,0,0,56,5,0,55,132,150,0,0
4770,LAKEACU,284,274,19,8,82,4,44,0,1,1,24,0,1,66,4,0,59,156,130,0,0
4771,LAKEACV,232,342,20,4,73,2,77,1,5,0,14,1,0,55,0,0,68,144,152,0,0
4772,LAKEACX,562,435,30,5,90,0,65,0,1,0,31,0,1,123,5,1,106,268,155,0,0
4773,LAKEACY,162,388,17,5,88,2,82,0,0,0,17,0,0,51,7,0,46,121,172,0,0
4774,LAKEACZ,138,244,16,4,66,0,45,0,0,0,19,0,0,35,3,0,27,84,111,0,0
4775,LAKEADB,443,338,32,4,120,2,80,0,2,0,25,0,0,117,10,0,114,268,202,0,0
4776,LAKEADC,417,374,25,10,100,2,89,1,2,0,22,0,0,108,4,1,108,246,191,0,0
4777,LAKEADF,346,283,16,1,69,1,57,0,1,0,22,0,1,105,7,0,101,237,127,0,0
4778,LAKEADG,241,158,16,3,39,0,47,0,1,0,14,0,0,62,2,0,55,134,86,0,0
4779,LAKEADH,236,226,14,12,69,3,55,0,1,0,12,0,0,65,3,0,63,144,127,0,0
4780,LAKEADJ,394,348,28,11,99,3,88,1,0,0,22,1,1,114,3,0,126,268,190,0,0
4781,LAKEADK,409,357,28,9,101,3,82,1,2,0,22,0,0,100,2,0,122,249,186,0,0
4782,LAKEADN,431,346,26,6,104,0,63,1,2,0,42,0,1,109,10,0,101,266,167,0,0
4783,LAKEADO,335,311,23,5,74,0,85,0,1,0,29,0,1,89,6,0,70,196,159,0,0
4784,LAKEADR,288,239,22,7,61,1,72,0,0,0,20,0,0,68,4,0,91,183,134,0,0
4785,LAKEADS,280,315,16,7,59,2,78,0,1,0,11,1,0,80,5,0,69,167,139,0,0
4786,LAKEADT,238,230,20,5,54,3,55,0,3,0,18,0,0,57,5,0,72,155,112,0,0
4787,LAKEADU,342,401,14,4,93,0,66,1,2,0,11,0,1,89,4,0,99,207,159,0,0
4788,LAKEADX,306,304,21,8,75,1,59,0,0,0,17,1,0,91,2,1,73,185,135,0,0
4789,LAKEADY,340,321,20,6,64,1,81,0,0,0,22,0,0,108,8,0,98,236,146,0,0
4790,LAKEAEB,356,290,22,7,61,1,43,1,1,0,21,0,2,132,1,0,98,256,105,0,0
4791,LAKEAEC,312,275,21,12,74,0,38,1,0,0,26,3,0,92,4,0,96,222,112,0,0
4792,LAKEAED,313,293,8,2,81,0,55,1,2,0,15,0,0,143,4,0,62,227,136,0,0
4793,LAKEAEE,339,339,22,7,66,0,120,0,1,0,25,1,0,147,8,2,103,287,186,0,0
4794,LAKEAEF,385,264,16,4,57,0,74,2,1,0,24,0,0,171,14,1,106,319,131,0,0
4795,LAKEAEI,326,278,23,11,85,1,70,0,3,1,21,0,0,100,4,0,92,221,156,0,0
4796,LAKEAEJ,305,256,22,0,71,1,27,0,3,0,25,0,0,144,6,0,53,231,99,0,0
4797,LAKEAEL,516,323,26,4,92,1,84,0,1,0,52,0,0,243,10,0,129,435,177,0,0
4798,LAKEAEM,411,263,19,6,72,0,44,0,1,0,37,0,0,153,8,0,124,323,116,0,0
4799,LAKEAEN,507,474,14,8,124,2,53,0,0,0,21,0,0,171,5,1,143,341,179,0,0
4800,LAKEAEO,145,457,8,5,132,2,65,1,0,0,7,0,0,57,6,0,43,114,199,0,0
4801,LAKEAEP,353,237,9,3,53,0,36,0,3,0,21,0,0,105,3,0,108,240,89,0,0
4802,LAKEAEQ,413,217,14,6,71,1,50,4,0,0,29,1,0,156,6,1,117,314,122,0,0
4803,LAKEAER,119,418,10,3,113,0,81,0,0,0,10,0,0,36,1,0,33,80,194,0,0
4804,LAKEAET,392,326,41,3,88,0,69,1,1,0,31,0,0,108,7,0,116,264,157,0,0
4805,LAKEAEU,269,238,23,4,69,0,55,1,0,0,27,0,0,80,4,0,64,176,124,0,0
4806,LAKEAEV,458,381,30,5,116,2,104,0,1,1,37,0,1,114,11,0,143,308,222,0,0
4807,LAKEAEY,411,305,24,10,73,2,70,0,5,0,28,0,0,125,4,1,120,283,145,0,0
4808,LAKEAEZ,317,306,33,4,77,2,63,0,2,0,22,0,0,81,2,1,84,192,142,0,0
4809,LAKEAFA,414,362,33,6,125,2,79,0,1,0,21,0,0,108,9,0,107,246,206,0,0
4810,LAKEAFD,483,402,39,15,97,0,93,1,1,0,35,0,1,152,7,0,130,327,190,0,0
4811,LAKEAFE,249,344,23,2,93,1,70,0,1,1,20,0,0,76,6,0,69,173,164,0,0
4812,LAKEAFF,514,329,17,10,88,2,90,1,1,2,27,0,0,105,5,0,137,278,180,0,0
4813,LAKEAFJ,560,263,41,5,70,2,52,1,2,0,30,0,0,175,8,0,135,351,124,0,0
4814,LAKEAFK,673,313,22,6,70,2,44,1,0,0,58,0,0,223,8,1,178,469,116,0,0
4815,LAKEAFL,583,317,25,4,93,0,68,0,4,1,49,0,0,196,2,0,161,413,161,0,0
4816,LAKEAFM,406,249,30,2,62,0,67,1,1,0,28,0,1,185,10,0,107,333,129,0,0
4817,LAKEAFN,359,299,15,5,80,2,62,0,1,0,24,0,0,120,6,0,108,259,144,0,0
4818,LAKEAFO,548,279,41,4,69,3,54,0,3,0,42,0,0,207,14,0,162,428,126,0,0
4819,LAKEAFP,527,264,34,5,44,0,46,0,1,0,37,0,0,250,7,0,128,423,90,0,0
4820,LAKEAFQ,363,232,23,6,61,0,69,0,1,0,29,0,0,157,7,0,108,302,130,0,0
4821,LAKEAFR,801,364,21,5,90,1,29,0,1,0,35,0,0,321,24,1,238,620,120,0,0
4822,LAKEAFS,527,253,24,1,66,0,38,0,3,0,28,0,0,182,15,1,170,399,104,0,0
4823,LAKEAFT,288,128,10,2,27,0,37,0,0,0,13,1,1,118,2,0,85,220,64,0,0
4824,LAKEAFU,66,68,4,0,22,0,15,1,1,0,2,0,0,21,0,0,21,46,37,0,0
4825,LAKEAFV,627,260,19,9,68,2,76,1,2,0,54,0,0,195,8,0,164,424,146,0,0
4826,LAKEAFW,670,243,28,5,66,3,73,0,0,1,66,0,1,203,10,0,186,467,142,0,0
4827,LAKEAFX,348,231,25,2,74,1,68,0,0,0,19,1,1,81,5,1,81,189,143,0,0
4828,LAKEAFY,457,278,29,12,83,1,88,0,0,0,27,1,0,100,4,0,124,256,172,0,0
4829,LAKEAFZ,406,220,31,13,55,2,67,2,2,0,32,1,1,98,9,0,90,235,124,0,0
4830,LAKEAGA,431,316,11,8,93,0,54,0,3,0,29,0,0,125,10,1,110,278,147,0,0
4831,LAKEAGB,326,173,12,7,53,0,41,1,0,0,34,0,1,88,4,0,70,198,94,0,0
4832,LAKEAGC,525,272,28,4,92,0,62,2,2,1,55,1,0,138,7,0,139,345,154,0,0
4833,LAKEAGD,386,227,29,7,62,0,71,1,3,0,24,1,2,100,2,0,104,237,133,0,0
4834,LAKEAGE,456,258,15,5,87,1,58,2,7,0,23,0,1,133,4,0,121,291,146,0,0
4835,LAKEAGF,407,191,30,8,49,1,54,0,1,0,38,1,1,130,5,0,97,273,104,0,0
4836,LAKEAGG,270,169,26,13,45,1,73,1,0,0,15,1,2,51,0,0,64,134,119,0,0
4837,LAKEAGH,485,275,32,6,82,1,64,1,0,0,53,0,0,121,4,0,122,301,147,0,0
4838,LAKEAGI,493,262,28,8,93,2,75,0,3,1,38,0,0,131,14,0,131,318,170,0,0
4839,LAKEAGJ,628,399,33,11,105,2,80,1,2,0,44,1,0,189,15,0,167,419,187,0,0
4840,LAKEAGK,448,278,38,11,81,0,91,2,3,0,40,0,0,117,7,0,104,273,172,0,0
4841,LAKEAGL,573,338,27,7,96,2,81,2,4,1,37,0,0,173,9,0,161,387,179,0,0
4842,LAKEAGM,376,212,37,3,75,1,66,0,4,0,39,0,1,128,6,0,109,287,142,0,0
4843,LAKEAGN,378,228,25,4,58,1,52,1,0,1,44,0,0,94,5,0,90,235,111,0,0
4844,LAKEAGO,424,294,13,4,90,2,41,1,0,1,29,1,1,184,9,1,125,352,133,0,0
4845,LAKEAGP,426,350,36,2,83,4,89,0,3,0,33,2,0,106,10,0,107,261,176,0,0
4846,LAKEAGQ,381,309,41,6,89,2,80,0,1,0,29,0,0,118,5,1,111,265,171,0,0
4847,LAKEAGR,339,208,25,4,50,1,54,1,2,0,35,1,0,115,2,0,74,230,105,0,0
4848,LAKEAGS,304,177,21,8,53,1,49,0,1,0,22,0,0,96,6,1,74,200,103,0,0
4849,LAKEAGT,452,352,55,10,115,4,126,1,1,0,24,0,0,86,4,0,133,249,245,0,0
4850,LAKEAGU,285,247,28,5,79,2,69,0,2,0,13,0,1,85,5,0,83,189,150,0,0
4851,LAKEAGY,132,79,6,0,25,1,31,0,0,0,9,0,0,28,2,0,43,82,57,0,0
4852,LAKEAGZ,508,283,31,6,87,4,62,0,5,0,22,0,1,140,17,1,167,353,153,0,0
4853,LAKEAHA,501,263,34,3,62,0,48,0,2,0,47,1,0,149,8,0,124,331,110,0,0
4854,LAKEAHB,458,265,30,2,66,2,67,0,1,0,32,0,1,132,9,0,111,286,135,0,0
4855,LAKEAHC,338,136,17,2,33,0,32,1,1,0,25,0,2,98,5,0,97,229,65,0,0
4856,LAKEAHD,483,280,49,1,71,1,79,1,1,0,27,0,0,166,6,1,115,317,151,0,0
4857,LAKEAHE,248,168,13,6,46,1,48,0,1,0,19,0,0,88,6,0,74,188,95,0,0
4858,LAKEAHF,204,102,13,2,18,0,17,1,1,1,10,1,0,86,7,0,64,171,35,0,0
4859,LAKEAHK,514,352,37,4,111,1,59,0,2,0,38,0,0,244,17,1,140,442,171,0,0
4860,LAKEAHR,486,299,20,6,95,0,74,0,3,0,36,1,1,191,7,0,137,376,169,0,0
4861,LAKEAHX,310,213,18,3,66,0,38,0,0,1,27,0,1,149,5,0,79,262,104,0,0
4862,LAKEAHY,641,257,23,8,62,2,37,0,1,0,29,0,0,247,15,0,181,473,101,0,0
4863,LAKEAHZ,440,314,11,6,76,1,62,2,1,0,29,0,1,143,4,1,92,273,139,0,0
4864,LAKEAIA,328,172,10,5,44,0,43,0,0,0,28,1,0,94,5,0,127,255,87,0,0
4865,LAKEAIG,583,354,43,4,63,0,74,2,0,0,32,0,1,133,6,1,149,324,137,0,0
4866,LAKEAIL,507,242,30,7,61,1,67,2,2,1,43,0,0,136,5,0,121,310,129,0,0
4867,LAKEAIO,513,274,31,4,50,0,74,1,1,0,28,0,0,180,9,0,133,352,124,0,0
4868,LAKEAIP,262,205,15,1,62,0,40,0,1,0,21,1,0,86,2,0,69,180,102,0,0
4869,LAKEAIQ,471,318,38,11,69,1,64,0,1,0,22,0,2,170,7,0,120,322,134,0,0
4870,LAKEAIR,365,340,33,23,93,0,109,0,0,1,27,1,1,113,4,0,113,260,202,0,0
4871,LAKEAIS,265,342,11,9,113,3,54,2,3,0,19,1,2,142,13,0,52,234,170,0,0
4872,LAWRENCEAAA,154,107,2,3,44,2,21,0,1,2,14,0,1,60,3,0,34,115,67,0,0
4873,LAWRENCEAAB,87,51,3,1,17,0,13,0,2,0,9,0,0,19,1,0,23,54,30,0,0
4874,LAWRENCEAAC,85,44,5,0,13,1,10,1,0,0,4,0,2,16,4,0,29,56,24,0,0
4875,LAWRENCEAAD,71,35,2,1,10,2,7,1,4,0,7,1,0,6,1,0,21,41,19,0,0
4876,LAWRENCEAAE,210,116,9,5,33,1,36,0,2,2,26,0,1,65,6,0,77,179,70,0,0
4877,LAWRENCEAAF,226,150,10,2,49,1,32,2,1,0,20,0,1,71,4,1,68,168,82,0,0
4878,LAWRENCEAAG,81,54,0,0,18,0,9,2,0,1,4,0,0,30,3,0,21,61,27,0,0
4879,LAWRENCEAAH,59,23,2,1,11,0,5,2,1,0,6,0,1,11,2,0,22,45,16,0,0
4880,LAWRENCEAAI,90,36,6,3,15,0,9,0,1,1,9,0,1,30,1,0,32,75,24,0,0
4881,LAWRENCEAAJ,77,108,7,0,43,0,15,0,1,1,8,1,0,17,1,0,23,52,58,0,0
4882,LAWRENCEAAK,69,40,1,1,16,0,12,3,0,0,6,0,0,20,2,1,18,50,28,0,0
4883,LAWRENCEAAL,58,86,4,1,32,0,11,0,0,0,3,0,0,19,4,0,12,38,43,0,0
4884,LAWRENCEAAM,30,22,3,0,4,1,5,0,1,0,2,0,0,3,2,0,13,21,10,0,0
4885,LAWRENCEAAN,62,54,2,3,14,1,15,1,0,0,4,0,0,24,2,0,13,44,30,0,0
4886,LAWRENCEAAO,92,92,11,2,36,0,22,0,1,0,13,1,0,30,11,0,16,72,58,0,0
4887,LAWRENCEAAP,78,50,4,3,13,0,16,0,1,2,11,0,0,13,2,1,22,52,29,0,0
4888,LAWRENCEAAQ,108,50,2,3,16,0,9,0,0,1,12,0,1,31,5,0,33,83,25,0,0
4889,LAWRENCEAAR,130,44,4,0,15,2,15,0,1,0,10,0,0,34,5,0,30,80,32,0,0
4890,LAWRENCEAAS,108,93,5,4,24,0,18,0,0,0,11,0,0,37,3,0,31,82,42,0,0
4891,LAWRENCEAAT,180,78,1,3,29,1,19,2,2,0,17,0,1,42,0,0,43,107,49,0,0
4892,LAWRENCEAAU,215,75,3,4,20,2,34,1,1,0,21,0,0,47,9,0,70,149,56,0,0
4893,LAWRENCEAAV,111,87,3,1,34,0,25,0,1,0,7,0,0,24,6,0,40,78,59,0,0
4894,LAWRENCEAAW,86,56,3,0,20,0,16,0,0,0,5,1,1,17,4,0,23,51,36,0,0
4895,LAWRENCEAAX,134,85,7,2,37,2,14,4,0,0,10,0,1,33,2,0,47,97,53,0,0
4896,LAWRENCEAAY,184,76,6,0,33,1,19,2,2,0,13,0,0,65,3,0,62,147,53,0,0
4897,LAWRENCEAAZ,263,45,4,3,13,3,14,7,0,0,34,0,0,45,10,0,61,157,30,0,0
4898,LAWRENCEABA,101,27,2,0,18,1,6,0,0,0,8,0,0,13,1,0,51,73,25,0,0
4899,LAWRENCEABB,229,60,12,2,28,0,13,1,2,1,25,0,1,45,3,0,64,142,41,0,0
4900,LAWRENCEABC,259,98,7,3,63,1,27,1,1,0,26,0,1,20,6,0,89,144,91,0,0
4901,LAWRENCEABD,408,123,6,0,40,1,29,3,4,1,46,0,3,45,12,1,148,263,70,0,0
4902,LAWRENCEABE,169,62,12,1,29,0,16,2,2,0,7,0,0,33,12,0,51,107,45,0,0
4903,LAWRENCEABF,372,94,8,3,35,2,26,0,1,1,55,0,2,73,5,1,112,250,63,0,0
4904,LAWRENCEABG,190,51,2,0,15,3,17,1,1,0,20,0,0,32,1,1,43,99,35,0,0
4905,LAWRENCEABH,309,80,15,3,26,2,33,1,3,1,45,0,1,52,3,0,80,186,61,0,0
4906,LAWRENCEABI,182,78,10,3,30,2,19,0,0,0,17,0,0,36,5,0,45,103,51,0,0
4907,LAWRENCEABJ,403,128,12,7,43,3,37,1,2,1,47,1,0,71,12,0,123,258,83,0,0
4908,LAWRENCEABK,249,93,4,3,36,1,12,0,1,0,34,0,1,50,5,0,75,166,49,0,0
4909,LAWRENCEABL,249,156,7,2,58,4,32,1,2,1,24,2,1,43,1,1,64,140,94,0,0
4910,LAWRENCEABM,362,147,11,6,62,3,33,0,2,0,38,0,0,91,3,0,110,244,98,0,0
4911,LAWRENCEABN,309,162,14,7,54,2,46,1,4,0,34,0,1,63,4,0,66,173,102,0,0
4912,LAWRENCEABO,221,89,5,1,28,0,16,2,3,1,15,0,4,17,11,0,85,138,44,0,0
4913,LAWRENCEABP,85,45,5,0,12,0,7,0,0,0,3,0,0,20,2,0,44,69,19,0,0
4914,LAWRENCEABQ,302,78,13,0,48,3,31,0,2,0,34,0,5,45,11,0,102,199,82,0,0
4915,LAWRENCEABR,255,92,4,2,35,4,26,2,1,3,30,0,1,38,2,0,88,165,65,0,0
4916,LAWRENCEABS,385,86,4,1,40,1,30,1,4,0,44,0,1,85,13,0,107,255,71,0,0
4917,LAWRENCEABT,201,42,8,0,26,2,14,3,0,0,12,0,0,22,2,0,60,99,42,0,0
4918,LAWRENCEABU,146,30,7,0,11,0,14,0,2,0,10,0,0,17,1,0,45,75,25,0,0
4919,LAWRENCEABV,307,125,10,3,63,2,44,3,3,1,21,0,1,42,6,0,84,161,109,0,0
4920,LAWRENCEABW,382,96,7,1,51,6,34,3,4,0,29,0,0,49,8,0,122,215,91,0,0
4921,LAWRENCEABX,211,40,4,0,18,2,18,0,5,0,29,0,0,25,3,0,52,114,38,0,0
4922,LAWRENCEABY,336,108,9,3,36,3,39,3,4,2,41,0,1,32,8,0,73,164,78,0,0
4923,LAWRENCEABZ,327,156,10,4,48,6,44,0,3,0,30,0,3,37,5,0,72,150,98,0,0
4924,LAWRENCEACA,162,51,5,4,22,1,11,0,3,0,19,0,0,21,5,0,35,83,34,0,0
4925,LAWRENCEACB,271,133,7,7,52,2,38,1,2,0,37,0,1,49,3,0,88,181,92,0,0
4926,LAWRENCEACC,93,34,0,0,13,0,9,0,1,0,11,0,0,14,1,0,32,59,22,0,0
4927,LAWRENCEACD,273,88,13,2,38,1,28,2,0,0,34,1,1,59,3,0,70,170,67,0,0
4928,LAWRENCEACE,627,216,22,2,78,2,81,0,4,1,67,1,3,151,17,0,200,444,161,0,0
4929,LAWRENCEACF,256,94,7,3,41,1,29,1,3,0,14,0,1,48,12,0,86,165,71,0,0
4930,LAWRENCEACG,399,154,16,2,50,1,34,1,3,0,43,1,1,121,7,0,125,302,85,0,0
4931,LAWRENCEACH,238,99,6,1,29,4,21,0,3,0,33,1,1,51,3,0,77,169,54,0,0
4932,LAWRENCEACI,500,145,6,3,44,6,43,0,1,0,41,0,3,131,10,1,154,341,93,0,0
4933,LAWRENCEACJ,221,83,7,2,19,2,26,1,2,0,23,0,0,38,0,0,72,136,47,0,0
4934,LAWRENCEACK,445,131,15,2,46,4,43,1,5,0,45,0,1,66,8,0,131,257,93,0,0
4935,LAWRENCEACL,172,38,3,0,19,2,14,0,0,0,9,0,1,24,0,0,70,104,35,0,0
4936,LAWRENCEACM,258,74,4,3,20,1,22,1,1,0,21,0,0,50,1,0,73,147,43,0,0
4937,LAWRENCEACN,203,46,7,2,11,1,17,0,1,0,11,0,1,45,4,0,65,127,29,0,0
4938,LAWRENCEACO,457,113,17,1,30,2,45,2,2,0,58,0,1,103,16,0,113,295,77,0,0
4939,LAWRENCEACP,302,106,8,3,33,0,38,0,3,0,39,0,1,55,12,0,86,196,71,0,0
4940,LAWRENCEACQ,398,129,10,0,37,2,34,2,3,1,46,0,2,83,13,0,106,256,73,0,0
4941,LAWRENCEACR,428,133,16,2,47,4,25,2,3,1,47,2,0,76,5,0,121,257,76,0,0
4942,LAWRENCEACS,301,99,6,0,36,2,27,0,3,0,31,0,0,57,11,1,70,173,65,0,0
4943,LAWRENCEACT,160,71,9,1,24,2,28,0,2,0,11,1,2,37,3,0,43,99,54,0,0
4944,LAWRENCEACU,89,33,4,0,17,0,6,0,0,1,8,0,0,26,0,0,31,66,23,0,0
4945,LAWRENCEACV,137,67,6,1,25,2,15,1,0,0,17,0,0,24,5,0,33,80,42,0,0
4946,LAWRENCEACW,138,50,4,3,12,1,15,3,2,2,5,0,0,14,1,0,59,86,28,0,0
4947,LAWRENCEACX,242,86,11,3,37,0,29,1,2,0,26,0,1,55,3,0,70,158,66,0,0
4948,LAWRENCEACY,322,90,14,0,41,2,27,0,2,0,27,1,0,44,9,0,99,182,70,0,0
4949,LAWRENCEACZ,177,83,9,0,32,5,30,0,1,0,14,0,0,23,4,0,63,105,67,0,0
4950,LAWRENCEADA,126,33,9,2,9,2,10,2,2,0,12,0,1,18,17,0,39,91,21,0,0
4951,LAWRENCEADB,265,90,7,1,44,2,13,2,3,0,25,0,2,44,19,0,87,182,59,0,0
4952,LAWRENCEADC,240,80,2,4,21,3,25,3,1,1,22,0,1,47,10,0,107,192,49,0,0
4953,LAWRENCEADD,56,18,1,0,5,0,3,1,0,0,5,0,1,0,0,0,15,22,8,0,0
4954,LAWRENCEADE,277,73,12,2,20,2,26,2,5,0,25,0,1,53,8,0,98,192,48,0,0
4955,LAWRENCEADF,459,131,9,3,38,7,42,0,2,0,56,0,1,59,5,0,126,249,87,0,0
4956,LICKINGAAA,573,304,26,8,87,2,47,0,2,0,61,0,3,214,8,0,136,424,136,0,0
4957,LICKINGAAB,336,239,23,13,46,2,67,0,0,0,36,0,0,92,5,0,76,209,115,0,0
4958,LICKINGAAD,489,197,26,4,69,0,52,0,2,0,47,0,0,123,5,0,107,284,121,0,0
4959,LICKINGAAE,494,230,21,10,67,1,60,3,4,0,58,0,2,173,3,0,107,350,128,0,0
4960,LICKINGAAG,503,206,28,5,63,0,44,0,2,0,46,0,0,160,14,0,97,319,107,0,0
4961,LICKINGAAH,613,307,21,10,69,0,62,1,1,0,61,0,2,205,13,0,122,405,131,0,0
4962,LICKINGAAJ,576,324,29,11,69,0,91,0,3,0,47,0,1,98,0,0,117,266,160,0,0
4963,LICKINGAAK,526,366,30,16,78,0,79,0,5,2,42,0,2,111,5,0,134,301,157,0,0
4964,LICKINGAAP,361,216,28,5,86,2,48,1,3,1,39,0,1,81,6,0,68,200,136,0,0
4965,LICKINGAAQ,433,330,24,17,94,2,97,0,1,0,26,0,2,85,5,1,92,212,193,0,0
4966,LICKINGAAS,231,157,17,0,34,1,24,1,0,1,14,0,1,55,1,0,36,109,59,0,0
4967,LICKINGAAW,645,407,39,10,111,0,98,3,1,1,62,1,4,235,11,0,164,482,209,0,0
4968,LICKINGAAX,657,489,31,4,83,0,70,0,0,0,69,1,1,311,9,1,118,510,153,0,0
4969,LICKINGAAY,364,253,20,5,54,0,65,2,2,0,28,0,0,137,3,0,76,248,119,0,0
4970,LICKINGABB,510,368,29,15,83,2,110,0,1,0,49,0,1,205,13,0,117,386,195,0,0
4971,LICKINGABC,537,334,32,11,104,0,95,4,1,0,54,0,0,174,4,0,120,357,199,0,0
4972,LICKINGABE,400,252,16,13,69,0,65,0,1,0,41,0,1,181,7,0,80,311,134,0,0
4973,LICKINGABF,373,229,27,6,64,1,53,1,3,0,42,0,0,145,5,0,68,264,118,0,0
4974,LICKINGABJ,518,264,16,11,79,0,47,1,5,1,60,1,0,320,10,0,113,511,126,0,0
4975,LICKINGABK,644,292,27,14,64,1,90,1,1,0,69,1,0,288,11,0,139,510,155,0,0
4976,LICKINGABM,426,245,14,2,88,1,44,0,1,0,26,1,1,180,9,0,96,314,133,0,0
4977,LICKINGABN,269,204,16,6,59,0,26,1,0,0,28,0,1,119,4,0,60,213,85,0,0
4978,LICKINGABO,348,234,31,7,66,0,64,1,1,0,26,1,0,159,9,0,69,266,130,0,0
4979,LICKINGABR,505,280,23,9,75,1,65,0,1,0,67,0,0,204,4,0,88,364,141,0,0
4980,LICKINGABS,490,283,27,9,88,3,42,1,0,0,42,0,0,152,10,0,120,325,133,0,0
4981,LICKINGABT,336,212,20,6,63,2,47,0,1,0,25,0,0,153,3,0,61,243,112,0,0
4982,LICKINGABU,303,190,15,6,48,0,53,0,1,0,17,1,0,77,5,0,65,166,101,0,0
4983,LICKINGABV,516,240,14,4,71,0,36,0,4,0,63,0,0,204,5,0,108,384,107,0,0
4984,LICKINGABZ,313,236,31,17,72,3,61,1,0,0,30,0,1,84,2,0,80,198,136,0,0
4985,LICKINGACA,464,297,32,11,85,3,93,1,3,1,24,0,1,86,6,0,110,232,181,0,0
4986,LICKINGACB,378,279,33,8,65,1,94,1,2,2,28,1,2,115,6,0,78,235,160,0,0
4987,LICKINGACJ,726,214,30,4,35,2,47,0,1,1,122,0,0,207,4,0,147,482,84,0,0
4988,LICKINGACK,699,186,24,7,59,0,40,1,3,0,87,1,0,186,6,0,171,455,99,0,0
4989,LICKINGACL,499,166,12,4,47,1,40,1,5,0,67,0,0,157,3,0,128,361,88,0,0
4990,LICKINGACM,790,209,26,11,70,2,77,1,5,0,102,2,1,176,4,0,207,498,149,0,0
4991,LICKINGACN,655,315,26,9,81,0,60,0,2,0,80,0,2,248,7,0,145,484,141,0,0
4992,LICKINGACP,731,313,40,1,61,2,60,1,4,1,67,0,1,251,7,0,163,495,123,0,0
4993,LICKINGACQ,756,269,38,5,83,2,81,0,0,1,81,2,2,230,8,0,163,487,166,0,0
4994,LICKINGACR,811,397,38,13,76,0,96,0,2,0,81,1,1,259,10,0,155,509,172,0,0
4995,LICKINGACT,846,244,31,5,54,3,65,1,2,0,81,0,0,238,2,0,188,512,122,0,0
4996,LICKINGACV,442,332,35,7,86,0,87,0,1,0,44,1,0,249,3,0,85,383,173,0,0
4997,LICKINGACW,323,385,38,4,110,0,75,0,3,0,52,0,0,232,3,0,72,362,185,0,0
4998,LICKINGACX,568,494,42,11,126,0,110,0,2,0,58,0,2,372,10,0,106,550,236,0,0
4999,LICKINGACZ,374,642,35,8,144,2,152,0,0,0,32,1,0,293,4,0,76,406,298,0,0
5000,LICKINGADB,500,401,42,10,100,2,50,0,1,2,63,0,2,384,7,0,79,538,152,0,0
5001,LICKINGADC,190,1026,38,9,77,0,148,0,1,0,6,0,0,93,3,0,20,123,225,0,0
5002,LICKINGADD,417,125,13,4,32,2,46,0,1,0,43,0,0,100,8,0,111,263,80,0,0
5003,LICKINGADE,648,208,24,7,58,0,59,3,5,0,62,0,0,176,5,1,134,386,117,0,0
5004,LICKINGADH,529,242,30,4,57,0,57,1,1,1,56,0,1,223,7,0,100,390,114,0,0
5005,LICKINGADI,687,304,31,2,92,4,53,0,1,0,82,0,1,236,8,0,142,470,149,0,0
5006,LICKINGADJ,467,227,20,9,58,1,45,0,1,0,45,1,0,213,5,1,114,380,104,0,0
5007,LICKINGADK,790,292,34,9,68,0,63,0,4,1,94,1,0,256,7,0,182,545,131,0,0
5008,LICKINGADL,677,262,46,7,65,2,47,1,3,0,78,0,0,237,12,0,118,449,114,0,0
5009,LICKINGADM,534,140,24,7,24,1,35,2,3,0,82,0,0,180,5,0,111,383,60,0,0
5010,LICKINGADO,483,183,11,2,57,1,49,0,2,1,61,0,0,97,11,0,124,296,107,0,0
5011,LICKINGADP,731,208,23,3,55,2,50,0,2,0,107,1,1,264,5,1,157,538,107,0,0
5012,LICKINGADQ,464,174,14,5,57,2,33,2,1,0,84,0,0,186,4,0,128,405,92,0,0
5013,LICKINGADR,504,157,24,2,32,0,27,1,2,0,79,0,0,200,4,0,93,379,59,0,0
5014,LICKINGADS,596,185,42,7,29,0,28,0,1,0,82,0,1,231,2,0,99,416,57,0,0
5015,LICKINGADT,805,269,26,3,72,3,54,0,7,0,96,0,0,176,4,1,186,470,129,0,0
5016,LICKINGADV,489,158,17,5,49,0,34,1,1,0,33,0,0,160,7,0,122,324,83,0,0
5017,LICKINGADW,538,186,21,7,48,0,41,2,1,0,37,0,2,133,2,0,148,325,89,0,0
5018,LICKINGADX,769,238,32,8,60,1,68,0,6,1,93,0,2,217,14,0,173,506,129,0,0
5019,LICKINGADZ,467,173,19,4,53,1,45,0,2,0,39,1,0,127,6,0,128,303,99,0,0
5020,LICKINGAEA,728,181,20,4,49,3,57,1,3,1,75,0,1,145,7,0,179,412,109,0,0
5021,LICKINGAEC,623,225,24,8,70,2,60,0,1,0,76,0,0,204,5,0,149,435,132,0,0
5022,LICKINGAEE,466,160,19,5,45,1,38,0,2,0,69,0,1,157,0,0,94,323,84,0,0
5023,LICKINGAEF,508,195,44,9,35,0,48,0,3,0,68,1,0,177,5,0,121,375,83,0,0
5024,LICKINGAEG,586,245,36,7,63,1,63,0,0,1,43,2,0,188,8,0,129,371,127,0,0
5025,LICKINGAEI,444,171,21,9,44,1,44,1,1,0,66,0,1,134,4,0,79,286,89,0,0
5026,LICKINGAEK,781,355,46,15,103,1,88,2,2,1,77,0,1,297,12,0,193,585,192,0,0
5027,LICKINGAEO,667,289,26,4,84,0,92,0,3,0,78,0,0,224,8,0,129,442,176,0,0
5028,LICKINGAEQ,502,151,20,3,40,2,45,0,4,4,63,0,2,132,6,0,114,325,87,0,0
5029,LICKINGAES,631,289,39,3,80,1,82,0,1,1,79,0,0,199,8,0,151,439,163,0,0
5030,LICKINGAET,531,391,37,12,107,0,80,0,3,0,60,0,0,187,6,0,151,407,187,0,0
5031,LICKINGAEU,570,346,36,6,104,0,81,0,1,0,82,0,0,212,13,1,143,452,185,0,0
5032,LICKINGAEV,452,384,41,9,101,4,79,0,2,0,63,0,0,179,10,1,82,337,184,0,0
5033,LICKINGAEW,659,302,45,3,59,0,85,1,2,0,81,0,0,188,6,0,140,418,144,0,0
5034,LICKINGAEX,712,348,38,6,86,0,72,2,1,0,69,0,0,262,6,0,148,488,158,0,0
5035,LICKINGAEY,524,206,33,6,48,1,61,2,1,0,51,0,1,163,3,0,116,337,110,0,0
5036,LICKINGAEZ,604,327,31,7,59,0,71,0,0,0,65,0,3,187,5,0,126,386,130,0,0
5037,LICKINGAFA,620,152,19,4,37,0,46,0,1,0,67,1,0,130,6,0,171,376,83,0,0
5038,LICKINGAFC,493,172,23,7,44,1,49,0,3,0,80,0,1,215,2,0,84,385,94,0,0
5039,LICKINGAFD,579,165,30,4,46,3,48,0,4,2,69,0,0,217,6,0,124,422,97,0,0
5040,LICKINGAFE,689,406,47,6,75,0,76,1,4,0,69,1,0,340,5,0,169,589,151,0,0
5041,LICKINGAFF,734,297,33,12,84,1,63,1,0,0,89,0,1,256,8,0,179,534,148,0,0
5042,LICKINGAFH,671,273,37,16,93,3,61,1,1,1,39,0,2,176,8,0,154,382,157,0,0
5043,LICKINGAFJ,496,335,18,11,93,4,71,1,2,0,36,0,1,130,5,0,130,305,168,0,0
5044,LICKINGAFL,409,104,12,4,41,0,31,0,0,1,67,1,0,100,3,0,102,274,72,0,0
5045,LICKINGAFM,568,221,33,12,89,1,46,2,1,1,59,0,0,154,10,0,129,356,136,0,0
5046,LICKINGAFR,329,429,26,10,99,1,77,0,3,1,41,0,0,122,3,0,70,240,177,0,0
5047,LICKINGAFS,480,526,35,8,140,1,98,0,2,0,56,0,1,200,9,0,94,362,239,0,0
5048,LICKINGAFT,292,407,11,6,104,1,48,1,2,0,38,0,0,97,6,0,63,207,153,0,0
5049,LICKINGAFU,398,638,46,15,179,2,130,1,2,0,60,2,0,157,10,0,67,299,311,0,0
5050,LICKINGAFV,322,675,28,13,200,0,103,0,0,0,53,0,0,176,3,0,53,285,303,0,0
5051,LICKINGAFZ,537,223,42,5,38,0,61,1,0,0,48,1,1,216,8,1,114,390,99,0,0
5052,LOGANAAA,348,167,25,4,32,0,35,3,3,1,27,0,0,87,9,0,92,222,67,0,0
5053,LOGANAAB,465,209,24,2,43,2,50,1,6,1,52,1,0,142,9,0,100,312,95,0,0
5054,LOGANAAE,293,141,21,10,17,0,40,0,3,1,33,0,0,83,3,0,79,202,57,0,0
5055,LOGANAAG,413,163,25,6,32,0,26,1,3,0,49,0,2,163,12,0,84,314,58,0,0
5056,LOGANAAH,303,115,8,2,25,1,14,2,1,0,28,1,0,138,8,1,73,252,40,0,0
5057,LOGANAAI,239,80,15,1,16,1,24,1,1,2,34,0,1,62,7,0,53,161,41,0,0
5058,LOGANAAJ,257,134,22,7,32,0,36,0,7,0,24,1,0,58,0,0,59,149,68,0,0
5059,LOGANAAL,162,116,19,3,17,0,20,0,1,1,9,0,0,31,1,0,39,82,37,0,0
5060,LOGANAAM,442,187,23,4,38,2,44,2,2,0,46,0,1,84,7,0,88,230,84,0,0
5061,LOGANAAN,429,229,27,5,45,1,44,2,0,0,47,0,2,93,11,1,89,245,90,0,0
5062,LOGANAAQ,196,46,5,0,10,0,4,1,1,0,22,0,1,47,2,0,71,145,14,0,0
5063,LOGANAAR,277,49,13,3,11,0,13,0,4,0,28,0,0,62,3,0,81,178,24,0,0
5064,LOGANAAS,284,48,18,0,16,4,28,0,2,0,44,2,0,51,5,0,70,174,48,0,0
5065,LOGANAAT,670,166,27,4,44,0,39,7,8,4,91,0,4,166,9,1,167,457,83,0,0
5066,LOGANAAV,565,129,25,5,24,0,44,1,2,0,108,0,5,148,11,1,142,418,68,0,0
5067,LOGANAAX,519,146,23,5,40,2,31,0,3,0,75,0,4,125,14,0,140,361,73,0,0
5068,LOGANAAY,275,82,9,1,20,1,14,0,1,0,36,0,1,82,5,0,68,193,35,0,0
5069,LOGANAAZ,604,151,12,4,25,0,35,1,3,0,102,0,0,192,11,0,149,458,60,0,0
5070,LOGANABA,636,221,35,8,47,1,43,7,8,0,84,0,1,235,18,1,113,467,91,0,0
5071,LOGANABD,681,136,17,5,29,0,37,2,2,2,93,0,1,169,14,1,175,459,66,0,0
5072,LOGANABE,454,68,15,2,14,3,6,3,1,0,63,1,1,67,5,0,131,272,23,0,0
5073,LOGANABG,434,92,11,1,18,1,17,0,5,0,38,0,3,81,6,1,130,264,36,0,0
5074,LOGANABH,688,166,26,5,28,2,37,2,6,2,102,0,0,187,10,0,170,479,67,0,0
5075,LOGANABI,407,97,17,6,29,0,44,3,2,0,45,0,0,80,5,0,134,269,73,0,0
5076,LOGANABJ,336,53,7,3,21,0,9,1,2,1,38,0,0,64,2,0,88,196,30,0,0
5077,LOGANABK,285,74,12,0,14,0,13,3,1,0,24,0,3,77,7,0,69,184,27,0,0
5078,LOGANABL,676,179,23,3,46,3,38,1,0,0,70,2,0,170,9,0,162,414,87,0,0
5079,LOGANABM,817,171,47,3,28,0,31,1,8,0,133,1,2,190,11,0,221,567,59,0,0
5080,LOGANABP,301,88,18,2,20,1,21,0,1,0,17,0,0,52,2,0,83,155,42,0,0
5081,LOGANABR,701,224,17,2,64,0,42,0,2,0,48,0,3,143,3,1,218,418,106,0,0
5082,LOGANABS,287,90,5,1,24,1,14,0,1,0,22,0,0,92,3,0,93,211,39,0,0
5083,LOGANABT,378,85,10,3,15,0,20,0,2,0,41,0,0,52,11,0,131,237,35,0,0
5084,LOGANABU,393,72,3,2,19,0,8,0,2,0,61,0,3,115,3,0,106,290,27,0,0
5085,LOGANABV,429,145,16,3,33,3,21,1,5,0,30,0,1,103,11,0,116,267,57,0,0
5086,LOGANABW,323,57,9,2,13,2,19,2,0,0,50,0,1,70,3,0,87,213,34,0,0
5087,LOGANABX,349,109,10,3,32,1,30,0,0,0,21,0,2,70,6,0,106,205,63,0,0
5088,LOGANABZ,467,130,13,5,36,1,32,1,0,0,84,1,1,119,3,0,119,328,69,0,0
5089,LOGANACA,174,32,5,4,9,0,9,0,2,0,17,0,1,41,4,0,53,118,18,0,0
5090,LORAINAAA,528,364,27,8,114,1,136,0,2,0,50,0,0,160,8,0,121,341,251,0,0
5091,LORAINAAB,472,382,40,10,138,1,135,0,0,0,36,0,0,173,10,0,123,342,274,0,0
5092,LORAINAAE,364,316,22,6,132,5,72,0,1,0,25,1,0,107,8,0,101,243,209,0,0
5093,LORAINAAF,329,256,31,5,90,2,63,1,2,0,35,0,0,128,4,0,72,242,155,0,0
5094,LORAINAAG,341,236,14,1,76,1,58,0,0,0,22,0,0,140,6,0,87,255,135,0,0
5095,LORAINAAH,347,335,39,5,108,3,105,0,1,0,23,0,1,121,6,0,97,249,216,0,0
5096,LORAINAAI,311,278,25,10,89,7,84,0,1,0,23,0,0,90,10,0,82,206,180,0,0
5097,LORAINAAK,346,282,30,1,91,3,89,1,1,0,29,0,0,99,9,0,79,218,183,0,0
5098,LORAINAAL,517,443,32,10,165,2,120,0,3,2,39,0,0,148,13,0,115,320,287,0,0
5099,LORAINAAO,365,320,17,8,69,2,44,0,0,0,21,1,0,151,7,0,104,284,115,0,0
5100,LORAINAAP,315,221,21,3,67,1,46,0,1,0,38,0,0,125,4,0,69,237,114,0,0
5101,LORAINAAQ,443,441,18,2,138,2,78,2,1,0,20,0,0,255,14,1,93,386,218,0,0
5102,LORAINAAR,396,356,34,4,95,1,112,2,1,0,31,0,0,143,8,0,93,278,208,0,0
5103,LORAINAAS,394,234,22,10,58,0,54,0,1,1,31,0,0,196,5,1,107,342,112,0,0
5104,LORAINAAT,287,247,16,8,78,0,63,0,0,0,28,1,1,148,5,0,63,246,141,0,0
5105,LORAINAAU,514,372,32,11,96,2,74,0,6,1,33,0,0,256,13,0,149,458,172,0,0
5106,LORAINAAV,679,357,33,8,88,0,65,0,1,0,34,0,0,296,13,0,151,495,153,0,0
5107,LORAINAAW,605,493,40,8,131,0,66,0,1,0,28,0,0,391,14,0,126,560,197,0,0
5108,LORAINAAX,522,534,35,6,136,4,109,1,1,0,42,0,0,291,8,0,107,450,249,0,0
5109,LORAINAAY,329,238,23,4,56,2,33,0,0,0,26,0,0,208,7,0,69,310,91,0,0
5110,LORAINAAZ,334,270,10,5,90,0,38,0,0,0,15,0,0,167,8,0,78,268,128,0,0
5111,LORAINABB,536,399,34,9,92,0,88,0,1,0,40,0,0,244,11,0,123,419,180,0,0
5112,LORAINABC,411,373,37,3,106,0,90,0,0,0,37,0,0,204,5,0,101,347,196,0,0
5113,LORAINABD,757,393,27,4,95,1,45,1,0,1,35,0,0,375,11,0,162,585,141,0,0
5114,LORAINABE,495,402,32,4,96,1,60,0,2,0,27,0,2,290,15,0,113,449,157,0,0
5115,LORAINABG,493,399,28,5,113,1,93,0,0,0,30,0,0,224,3,3,139,399,207,0,0
5116,LORAINABH,487,412,45,13,120,2,125,2,3,0,37,0,0,208,15,0,127,392,247,0,0
5117,LORAINABI,498,447,18,11,135,0,70,2,3,2,30,2,1,285,17,0,100,442,205,0,0
5118,LORAINABL,688,522,25,3,129,0,77,0,0,0,33,1,0,254,22,0,172,482,206,0,0
5119,LORAINABM,577,441,33,8,112,0,79,2,2,0,52,0,0,238,8,2,153,457,191,0,0
5120,LORAINABN,422,419,26,10,118,2,98,1,1,0,37,0,0,151,6,0,114,310,218,0,0
5121,LORAINABP,267,333,28,2,136,1,99,0,0,0,22,0,1,83,3,1,42,152,236,0,0
5122,LORAINABQ,374,409,38,11,135,4,182,0,2,0,34,1,0,87,9,0,69,202,321,0,0
5123,LORAINABR,321,356,36,15,89,5,150,0,1,1,21,0,1,112,2,0,66,204,244,0,0
5124,LORAINABS,225,337,19,9,86,2,91,1,0,0,9,0,0,49,3,0,51,113,179,0,0
5125,LORAINABW,171,258,25,5,64,1,46,0,0,0,12,0,0,15,3,0,40,70,111,0,0
5126,LORAINABX,202,312,26,3,92,1,80,0,1,1,19,1,0,43,1,0,55,121,173,0,0
5127,LORAINABY,248,382,32,4,141,2,75,0,0,0,15,1,0,48,2,0,61,127,218,0,0
5128,LORAINABZ,142,564,12,5,194,1,99,0,2,0,17,0,2,26,0,0,29,76,294,0,0
5129,LORAINACD,358,345,27,3,104,5,86,1,4,0,37,0,1,100,4,1,92,240,195,0,0
5130,LORAINACE,260,330,26,8,121,5,80,0,2,1,21,0,3,82,8,0,67,184,206,0,0
5131,LORAINACF,309,320,26,7,109,1,96,0,2,0,29,0,0,120,12,0,79,242,206,0,0
5132,LORAINACG,503,422,35,8,179,2,122,1,2,1,46,0,2,155,15,1,111,334,303,0,0
5133,LORAINACH,519,443,31,5,168,5,109,3,1,0,38,0,1,205,10,1,119,378,282,0,0
5134,LORAINACM,315,318,31,6,122,4,97,0,2,0,29,1,0,124,6,0,70,232,223,0,0
5135,LORAINACN,372,345,25,10,125,6,104,0,0,0,29,0,1,110,4,0,106,250,235,0,0
5136,LORAINACO,449,483,29,14,191,4,148,1,3,0,43,0,2,140,7,0,113,309,343,0,0
5137,LORAINACP,331,438,31,13,173,0,120,1,1,1,32,0,0,83,4,0,92,214,293,0,0
5138,LORAINACQ,315,382,14,7,155,0,108,1,2,0,17,0,1,126,6,0,74,227,263,0,0
5139,LORAINACW,120,290,19,11,77,3,61,0,0,1,11,0,1,26,1,1,27,68,141,0,0
5140,LORAINACX,177,249,15,8,90,0,58,0,2,0,14,0,0,32,1,0,42,91,148,0,0
5141,LORAINACY,229,496,32,4,167,2,91,1,1,0,15,0,1,94,7,0,58,177,260,0,0
5142,LORAINACZ,37,390,9,3,112,1,49,0,0,0,4,0,0,17,0,0,11,32,162,0,0
5143,LORAINADC,285,392,24,13,142,2,118,1,4,0,19,0,1,68,3,0,70,166,262,0,0
5144,LORAINADD,222,387,21,3,118,1,87,0,0,0,31,0,1,56,5,0,42,135,206,0,0
5145,LORAINADE,61,294,5,0,72,2,44,0,1,0,2,0,1,17,0,0,21,42,118,0,0
5146,LORAINADF,305,339,23,6,124,0,80,1,0,0,20,0,0,81,5,0,60,167,204,0,0
5147,LORAINADI,356,403,31,11,159,3,104,0,2,0,19,0,1,82,8,0,101,213,266,0,0
5148,LORAINADJ,338,429,14,10,151,4,108,1,1,0,24,1,0,98,3,0,73,201,263,0,0
5149,LORAINADK,332,332,34,15,92,3,125,0,3,0,28,0,0,85,4,0,75,195,220,0,0
5150,LORAINADL,246,284,22,0,111,0,86,3,1,0,15,0,1,67,5,0,65,157,197,0,0
5151,LORAINADM,213,251,15,5,67,1,68,0,2,0,20,0,1,61,1,0,49,134,136,0,0
5152,LORAINADQ,245,308,22,2,133,3,89,0,1,0,15,0,0,67,2,0,57,142,225,0,0
5153,LORAINADR,228,321,12,7,122,3,80,0,1,0,13,0,1,36,2,1,60,114,205,0,0
5154,LORAINADS,209,339,17,11,128,3,85,0,1,0,14,1,0,36,2,0,44,98,216,0,0
5155,LORAINADT,226,431,20,7,147,2,86,0,2,1,11,0,2,77,4,0,69,166,235,0,0
5156,LORAINADU,179,396,23,7,112,3,93,1,1,0,6,0,1,30,0,0,43,82,208,0,0
5157,LORAINADX,106,311,7,8,86,2,63,1,0,0,9,0,0,19,2,0,28,59,151,0,0
5158,LORAINADY,186,317,20,10,122,2,75,0,0,0,19,0,0,34,4,0,43,100,199,0,0
5159,LORAINADZ,57,315,6,3,102,3,47,0,0,0,5,0,0,12,0,0,15,32,152,0,0
5160,LORAINAEA,46,322,8,2,115,0,40,0,1,0,2,0,0,1,1,1,11,17,155,0,0
5161,LORAINAEB,141,128,5,5,38,2,37,0,0,0,6,0,0,33,1,0,36,76,77,0,0
5162,LORAINAEC,113,186,13,3,57,0,48,0,0,0,8,0,1,24,0,0,23,56,105,0,0
5163,LORAINAEF,154,577,14,6,216,5,112,0,0,1,11,0,0,34,2,0,27,75,333,0,0
5164,LORAINAEG,43,360,2,2,121,2,56,1,2,0,2,0,0,8,1,0,11,25,179,0,0
5165,LORAINAEH,72,300,6,2,83,1,50,0,0,1,1,0,0,9,0,0,19,30,134,0,0
5166,LORAINAEI,198,305,10,5,104,2,79,1,0,0,12,0,1,34,5,0,43,96,185,0,0
5167,LORAINAEJ,206,448,13,11,173,7,94,1,0,0,12,0,1,47,3,0,45,109,274,0,0
5168,LORAINAEM,281,443,23,4,170,4,119,0,1,0,14,0,0,75,8,0,39,137,293,0,0
5169,LORAINAEN,246,471,11,7,201,6,89,1,1,1,16,0,0,72,4,0,48,143,296,0,0
5170,LORAINAEO,111,240,11,2,100,2,41,0,0,0,9,0,0,16,2,0,32,59,143,0,0
5171,LORAINAEP,212,357,19,5,128,2,68,0,3,0,11,0,0,73,0,0,55,142,198,0,0
5172,LORAINAEQ,213,273,11,7,101,4,65,0,3,0,16,0,0,42,6,0,43,110,170,0,0
5173,LORAINAER,164,137,11,1,52,2,34,0,0,1,16,0,1,45,4,0,45,112,88,0,0
5174,LORAINAEW,70,447,11,5,144,1,66,0,0,0,10,0,0,18,3,0,12,43,211,0,0
5175,LORAINAEX,96,436,20,8,144,0,77,1,1,0,2,0,0,14,3,0,21,42,221,0,0
5176,LORAINAEY,141,345,12,10,118,4,61,0,0,0,5,0,0,22,4,0,34,65,183,0,0
5177,LORAINAEZ,100,554,10,6,198,4,74,0,1,0,7,0,0,32,4,0,18,62,276,0,0
5178,LORAINAFD,157,450,21,4,142,3,90,0,1,0,11,0,0,29,3,0,28,72,235,0,0
5179,LORAINAFE,238,437,18,6,167,3,115,2,1,1,10,0,0,42,5,0,44,105,285,0,0
5180,LORAINAFF,187,432,16,2,182,5,66,0,0,0,14,0,0,42,3,0,40,99,253,0,0
5181,LORAINAFG,160,523,23,7,180,8,101,0,2,0,12,0,0,28,1,0,27,70,289,0,0
5182,LORAINAFL,275,512,13,5,185,3,90,0,1,0,21,0,0,71,3,0,71,167,278,0,0
5183,LORAINAFM,211,325,16,7,131,1,98,1,2,0,12,2,1,51,5,0,49,123,230,0,0
5184,LORAINAFN,147,419,14,9,142,1,100,0,1,1,6,0,0,28,3,0,40,79,243,0,0
5185,LORAINAFO,196,311,21,6,114,1,74,1,1,0,9,0,0,39,4,0,44,98,189,0,0
5186,LORAINAFP,87,369,10,4,152,0,59,0,1,0,6,3,0,25,2,0,16,53,211,0,0
5187,LORAINAFU,512,458,42,10,159,10,130,1,2,0,37,0,1,114,6,0,131,292,299,0,0
5188,LORAINAFV,284,357,9,4,154,1,85,0,1,0,24,0,1,87,2,0,63,178,240,0,0
5189,LORAINAFW,223,339,12,3,155,7,67,1,2,0,18,0,1,47,7,0,47,123,229,0,0
5190,LORAINAFX,197,358,15,4,196,6,76,0,0,0,13,0,0,41,7,0,39,100,278,0,0
5191,LORAINAFY,182,266,15,4,99,4,65,1,0,0,11,0,0,57,4,1,51,125,168,0,0
5192,LORAINAFZ,485,569,31,1,212,1,161,1,1,2,38,0,0,123,8,0,128,301,374,0,0
5193,LORAINAGN,520,384,27,7,108,0,89,1,3,0,33,1,1,171,12,0,120,342,197,0,0
5194,LORAINAGO,613,465,52,5,129,3,85,2,2,1,48,1,1,172,12,0,161,400,217,0,0
5195,LORAINAGP,579,452,25,6,114,0,96,1,1,0,51,0,0,191,7,1,145,397,210,0,0
5196,LORAINAGQ,542,468,26,8,133,1,83,0,0,1,37,0,0,212,3,0,149,402,217,0,0
5197,LORAINAGS,345,327,41,14,79,6,95,0,0,0,20,1,1,98,1,0,87,208,180,0,0
5198,LORAINAGT,438,335,30,7,105,0,74,0,2,0,27,0,0,136,12,0,130,307,179,0,0
5199,LORAINAGU,401,313,32,9,94,1,77,0,2,1,28,0,0,114,13,0,99,257,172,0,0
5200,LORAINAGV,452,315,45,12,90,0,83,0,2,0,34,0,0,119,4,0,121,280,173,0,0
5201,LORAINAGX,651,584,42,3,181,0,81,1,3,0,57,0,1,305,14,0,170,551,262,0,0
5202,LORAINAGY,710,462,29,14,131,2,83,0,4,0,58,0,0,239,16,0,185,502,216,0,0
5203,LORAINAGZ,530,393,36,5,112,3,91,0,0,0,32,0,0,164,8,1,140,345,206,0,0
5204,LORAINAHA,717,470,31,11,141,1,74,0,1,0,44,0,1,338,9,0,191,584,216,0,0
5205,LORAINAHB,467,376,29,4,102,0,88,0,2,0,50,0,0,174,15,0,98,339,190,0,0
5206,LORAINAHC,342,257,19,10,72,0,74,1,1,0,29,0,1,117,5,1,81,236,146,0,0
5207,LORAINAHD,319,210,20,6,72,2,55,2,0,0,21,0,0,93,3,0,90,209,129,0,0
5208,LORAINAHE,320,283,14,5,98,1,76,0,0,0,27,0,0,151,5,0,83,266,175,0,0
5209,LORAINAHF,334,250,22,3,83,0,55,0,1,1,29,1,1,158,4,0,101,296,138,0,0
5210,LORAINAHG,259,219,14,4,63,2,61,0,1,0,14,0,0,60,1,0,75,151,126,0,0
5211,LORAINAHH,395,268,18,4,83,1,79,0,0,0,19,1,1,147,6,0,86,260,163,0,0
5212,LORAINAHI,76,523,9,13,215,1,148,1,0,0,4,0,0,42,0,0,28,75,364,0,0
5213,LORAINAHJ,55,425,9,5,104,0,175,0,1,0,2,0,0,16,0,0,19,38,279,0,0
5214,LORAINAHK,43,387,4,3,91,0,119,0,0,0,7,0,0,23,2,0,13,45,210,0,0
5215,LORAINAHL,20,836,8,5,88,1,433,1,1,0,0,0,0,19,0,0,2,23,522,0,0
5216,LORAINAHM,70,698,13,9,282,0,203,0,0,0,5,0,0,78,2,0,20,105,485,0,0
5217,LORAINAHO,108,486,17,6,190,3,131,1,0,0,8,0,0,36,2,0,20,67,324,0,0
5218,LORAINAHP,511,436,44,8,145,3,123,0,2,0,35,0,0,137,10,0,150,334,271,0,0
5219,LORAINAHR,444,448,50,15,151,3,150,1,0,0,25,0,0,123,5,0,130,284,304,0,0
5220,LORAINAHT,482,404,36,20,133,4,145,2,1,1,32,0,0,124,5,0,118,283,282,0,0
5221,LORAINAHV,535,438,39,10,173,5,140,1,1,0,36,1,1,125,8,0,135,308,318,0,0
5222,LORAINAHX,314,223,19,7,66,1,66,0,0,0,21,0,1,89,8,0,78,197,133,0,0
5223,LORAINAHY,510,299,34,8,114,0,76,1,2,0,42,0,0,156,9,0,152,362,190,0,0
5224,LORAINAHZ,479,393,36,10,139,4,131,0,1,0,28,0,0,131,7,0,130,297,274,0,0
5225,LORAINAIC,270,188,16,3,80,2,63,0,2,1,31,0,1,70,7,0,81,193,145,0,0
5226,LORAINAIE,455,272,27,4,75,1,103,0,0,1,42,1,0,98,11,0,145,298,179,0,0
5227,LORAINAIF,412,368,27,5,126,1,121,1,1,0,32,1,1,128,13,0,96,273,248,0,0
5228,LORAINAIG,388,230,43,6,96,4,74,1,2,0,36,0,2,88,5,0,103,237,174,0,0
5229,LORAINAIH,349,246,18,4,78,2,76,1,0,0,33,0,0,102,5,0,99,240,156,0,0
5230,LORAINAIK,455,293,32,7,125,2,101,1,2,0,31,0,1,118,7,0,151,311,228,0,0
5231,LORAINAIM,322,147,10,1,30,1,49,0,3,0,35,0,0,99,5,0,61,203,80,0,0
5232,LORAINAIN,577,357,26,6,144,3,121,2,3,0,68,0,1,161,10,2,201,448,268,0,0
5233,LORAINAIO,548,261,18,6,102,2,90,1,3,0,63,0,2,158,9,0,164,400,194,0,0
5234,LORAINAIQ,289,202,11,4,79,2,52,0,1,0,19,0,0,74,2,0,58,154,133,0,0
5235,LORAINAIR,554,355,44,10,121,2,101,0,5,0,32,1,1,144,8,0,127,318,224,0,0
5236,LORAINAIS,347,177,18,5,69,1,53,1,2,0,23,1,0,85,6,0,85,203,123,0,0
5237,LORAINAIT,420,255,21,9,83,1,77,1,1,0,26,0,0,124,6,0,129,287,161,0,0
5238,LORAINAIU,660,352,37,10,94,4,102,0,3,1,57,0,0,212,14,1,140,428,200,0,0
5239,LORAINAIZ,517,281,38,9,85,1,71,2,1,0,53,0,0,136,8,0,124,324,157,0,0
5240,LORAINAJA,619,351,31,9,109,3,102,0,1,0,55,1,0,172,5,0,154,388,214,0,0
5241,LORAINAJB,579,362,35,4,95,1,90,0,0,0,35,1,0,165,4,0,143,348,186,0,0
5242,LORAINAJC,567,328,26,6,84,1,101,0,0,0,32,0,0,196,3,0,176,407,186,0,0
5243,LORAINAJF,602,304,36,15,96,5,87,0,4,0,53,1,1,163,5,0,206,433,188,0,0
5244,LORAINAJG,610,308,42,12,86,1,74,1,1,1,38,0,0,138,8,0,171,358,161,0,0
5245,LORAINAJH,531,295,39,12,110,1,65,1,1,0,41,0,0,98,3,0,147,291,176,0,0
5246,LORAINAJL,436,327,24,8,114,4,99,1,2,0,22,0,1,87,8,0,108,229,217,0,0
5247,LORAINAJM,477,330,18,7,127,6,72,0,3,0,38,0,2,117,5,0,108,273,205,0,0
5248,LORAINAJP,544,249,32,6,54,4,71,0,2,0,53,1,0,143,2,0,135,336,129,0,0
5249,LORAINAJQ,460,222,31,4,62,2,59,2,0,0,38,0,1,118,2,0,139,300,123,0,0
5250,LORAINAJR,327,186,27,2,55,2,52,0,1,1,28,0,2,96,2,0,75,205,109,0,0
5251,LORAINAJT,387,242,15,8,67,5,59,0,2,0,42,0,0,123,7,0,74,248,131,0,0
5252,LORAINAJV,637,325,42,11,139,5,112,0,4,1,56,1,0,201,18,2,178,461,256,0,0
5253,LORAINAJX,467,177,26,4,47,2,63,0,1,0,46,0,1,138,5,0,124,315,112,0,0
5254,LORAINAJY,530,287,39,5,82,4,109,1,3,0,50,1,1,112,4,1,127,300,195,0,0
5255,LORAINAJZ,724,326,40,5,99,6,93,0,0,0,63,1,1,192,6,0,163,426,198,0,0
5256,LORAINAKB,611,336,35,4,103,1,89,3,2,0,69,0,1,161,6,1,153,396,193,0,0
5257,LORAINAKC,611,313,46,8,111,1,84,0,2,0,58,1,1,168,4,0,164,398,196,0,0
5258,LORAINAKD,534,264,43,8,71,1,84,0,0,0,59,0,0,181,2,1,134,377,156,0,0
5259,LORAINAKE,279,115,21,4,36,1,25,2,2,0,23,1,0,91,3,0,63,185,62,0,0
5260,LORAINAKF,471,441,40,11,177,2,152,1,4,0,49,0,0,134,9,0,131,328,331,0,0
5261,LORAINAKH,201,187,14,5,66,6,62,0,0,0,14,0,0,35,2,0,26,77,134,0,0
5262,LORAINAKI,188,248,14,6,87,2,58,0,0,0,14,1,0,30,2,1,58,106,147,0,0
5263,LORAINAKK,178,284,5,8,95,1,71,1,1,0,9,0,1,23,4,1,52,92,167,0,0
5264,LORAINAKL,361,256,23,5,100,1,78,0,1,0,18,0,0,124,3,0,101,247,179,0,0
5265,LORAINAKM,381,317,21,5,138,1,67,0,0,1,39,0,0,129,5,0,91,265,206,0,0
5266,LORAINAKN,509,190,23,1,55,1,55,2,2,0,47,0,0,131,9,0,135,326,111,0,0
5267,LORAINAKO,499,287,42,8,104,3,82,2,4,3,46,1,0,117,6,0,103,282,189,0,0
5268,LORAINAKP,602,401,42,15,121,3,107,1,5,0,50,0,0,188,10,0,126,380,231,0,0
5269,LORAINAKS,28,485,6,2,207,1,124,2,0,0,4,0,0,34,6,0,5,51,332,0,0
5270,LORAINAKT,313,392,14,5,80,0,64,1,3,0,21,0,0,155,4,0,72,256,144,0,0
5271,LORAINAKU,500,489,25,6,117,0,86,0,2,1,26,2,1,240,13,0,112,397,203,0,0
5272,LORAINAKV,541,302,18,2,73,1,34,0,4,0,25,1,0,259,5,0,130,424,108,0,0
5273,LORAINAKY,618,494,33,7,107,1,80,1,2,0,36,0,1,255,7,0,142,444,188,0,0
5274,LORAINAKZ,649,450,34,5,112,2,51,1,1,0,34,0,0,288,9,0,143,476,165,0,0
5275,LORAINALE,377,371,23,7,118,0,70,0,2,0,34,0,0,159,9,0,99,303,188,0,0
5276,LORAINALF,25,884,6,10,111,0,454,0,0,0,3,0,0,23,1,0,3,30,565,0,0
5277,LORAINALH,413,326,27,11,77,1,53,1,2,1,27,0,0,166,10,1,86,294,131,0,0
5278,LUCASAAA,250,228,30,11,63,1,58,0,1,0,36,0,0,86,4,0,65,192,122,0,0
5279,LUCASAAB,405,386,38,2,109,0,100,0,1,0,43,0,0,160,5,0,95,304,209,0,0
5280,LUCASAAC,322,305,56,5,84,1,79,2,3,0,37,1,0,83,7,0,59,192,164,0,0
5281,LUCASAAD,323,331,26,14,101,0,74,1,1,0,25,0,0,69,4,0,66,166,175,0,0
5282,LUCASAAL,222,304,35,7,63,0,90,0,0,0,33,0,1,91,2,0,55,182,153,0,0
5283,LUCASAAO,389,334,30,5,74,0,84,3,3,1,28,1,0,139,9,1,81,266,158,0,0
5284,LUCASAAP,251,228,25,6,45,0,50,0,1,0,33,1,0,80,7,0,47,169,95,0,0
5285,LUCASAAQ,304,344,36,5,83,0,88,0,0,0,40,1,0,125,5,0,60,231,171,0,0
5286,LUCASAAR,204,221,23,3,69,1,49,0,1,0,18,0,0,76,5,0,37,137,119,0,0
5287,LUCASAAS,307,312,31,6,90,0,81,0,1,0,35,0,1,98,3,0,89,227,171,0,0
5288,LUCASAAT,304,347,34,3,89,0,79,0,0,0,28,0,0,81,3,1,48,161,168,0,0
5289,LUCASAAU,342,319,29,7,86,0,78,0,3,0,31,0,0,118,1,1,72,226,164,0,0
5290,LUCASAAV,311,200,21,3,60,1,52,0,1,0,24,0,0,65,4,0,78,172,113,0,0
5291,LUCASAAW,193,253,14,4,78,1,57,0,1,0,29,0,0,35,2,0,39,106,136,0,0
5292,LUCASAAX,217,295,19,7,83,0,61,2,1,1,21,0,0,51,2,0,65,143,144,0,0
5293,LUCASAAY,167,240,19,4,104,0,51,0,0,0,22,0,0,46,1,0,33,102,155,0,0
5294,LUCASAAZ,266,352,23,5,106,1,54,0,1,0,37,0,0,57,0,0,51,146,161,0,0
5295,LUCASABA,314,279,21,6,106,0,61,0,0,0,27,0,0,77,1,0,73,178,167,0,0
5296,LUCASABB,344,341,18,3,99,1,49,1,2,1,42,0,0,111,5,0,65,227,149,0,0
5297,LUCASABC,351,289,28,9,105,1,76,2,0,0,17,1,0,111,5,0,95,231,182,0,0
5298,LUCASABD,231,241,19,3,74,0,64,1,0,0,15,0,1,59,3,1,47,127,138,0,0
5299,LUCASABG,289,244,37,12,77,1,75,0,1,0,26,0,0,44,0,0,58,129,153,0,0
5300,LUCASABK,287,225,22,0,77,1,70,1,0,1,27,0,0,56,5,0,62,152,148,0,0
5301,LUCASABL,316,260,27,7,88,4,86,0,2,1,22,0,0,91,5,0,86,207,178,0,0
5302,LUCASABM,407,300,27,4,94,1,75,0,0,0,56,0,1,118,3,0,98,276,170,0,0
5303,LUCASABN,256,327,26,4,102,0,85,2,2,0,22,0,1,62,5,0,57,151,187,0,0
5304,LUCASABO,353,369,20,1,144,0,96,0,1,1,30,0,1,93,3,0,70,199,240,0,0
5305,LUCASABP,260,260,24,5,75,2,64,0,0,0,28,0,0,48,6,0,60,142,141,0,0
5306,LUCASABQ,271,313,24,2,83,0,61,1,0,0,32,0,0,46,5,0,45,129,144,0,0
5307,LUCASABR,452,411,44,9,92,1,106,2,2,1,37,0,0,205,9,0,93,349,199,0,0
5308,LUCASABS,312,224,27,3,52,0,38,0,0,0,26,0,0,176,2,0,76,280,90,0,0
5309,LUCASABT,413,267,32,6,73,0,52,0,1,0,32,1,0,189,9,0,91,323,125,0,0
5310,LUCASABU,307,342,24,5,85,0,101,0,1,1,29,0,1,109,5,0,57,203,186,0,0
5311,LUCASABV,425,336,27,5,98,2,69,0,1,0,41,0,0,180,5,0,125,352,169,0,0
5312,LUCASABW,203,231,28,2,49,1,52,0,0,0,33,0,0,69,2,0,49,153,102,0,0
5313,LUCASABX,224,231,28,10,53,1,70,1,2,0,31,1,0,56,5,0,54,150,124,0,0
5314,LUCASABY,272,265,26,6,58,0,66,1,1,0,25,0,0,71,4,0,69,171,124,0,0
5315,LUCASACC,401,456,37,9,105,1,131,1,3,2,33,1,0,174,8,0,80,302,237,0,0
5316,LUCASACI,334,293,38,6,69,0,76,0,2,0,32,0,0,126,6,0,99,265,145,0,0
5317,LUCASACJ,368,345,30,8,78,1,99,0,3,0,49,1,0,160,8,0,74,295,178,0,0
5318,LUCASACK,303,212,24,3,46,1,57,0,2,1,40,0,0,147,5,1,71,267,104,0,0
5319,LUCASACL,155,244,21,1,88,1,47,1,0,0,15,0,1,80,2,0,36,135,136,0,0
5320,LUCASACM,261,265,28,17,40,1,99,0,0,0,30,0,0,83,6,0,63,182,140,0,0
5321,LUCASACN,353,293,21,9,85,0,62,0,0,0,23,0,0,175,7,0,76,281,147,0,0
5322,LUCASACO,332,346,33,8,81,1,106,0,2,0,32,0,0,123,11,0,74,242,188,0,0
5323,LUCASACP,343,330,45,6,126,1,82,0,3,0,27,0,1,70,5,0,98,204,209,0,0
5324,LUCASACR,236,269,17,5,92,0,91,0,0,0,18,1,3,53,4,0,65,144,183,0,0
5325,LUCASACS,456,476,34,11,149,2,137,2,1,0,46,0,0,118,9,0,98,274,288,0,0
5326,LUCASACT,89,231,14,4,70,1,39,0,1,0,7,0,0,17,0,0,15,40,110,0,0
5327,LUCASACU,307,297,38,13,85,1,99,0,1,0,26,1,0,75,3,0,91,197,185,0,0
5328,LUCASACV,277,291,37,10,87,2,93,1,2,0,19,0,0,67,4,0,72,165,182,0,0
5329,LUCASACW,279,241,24,0,87,1,77,0,0,0,28,0,0,59,3,0,82,172,165,0,0
5330,LUCASACX,313,311,31,11,95,1,91,0,0,0,20,0,0,61,7,3,73,164,187,0,0
5331,LUCASACY,276,268,30,5,95,0,77,0,0,0,30,0,0,61,6,1,73,171,172,0,0
5332,LUCASADA,167,208,21,4,86,0,55,0,0,0,13,1,0,33,3,0,37,87,141,0,0
5333,LUCASADG,54,203,9,2,54,1,28,0,0,0,2,0,0,13,0,0,9,24,83,0,0
5334,LUCASADH,46,275,8,4,56,0,42,0,0,0,2,0,0,6,0,0,8,16,98,0,0
5335,LUCASADI,173,385,21,14,119,2,63,0,0,1,17,0,0,33,0,0,48,99,184,0,0
5336,LUCASADK,70,425,4,10,95,0,53,0,0,1,4,0,0,11,2,0,10,28,148,0,0
5337,LUCASADQ,33,243,3,2,78,1,22,0,0,0,4,0,0,8,0,0,6,18,101,0,0
5338,LUCASADR,43,379,9,3,81,0,49,0,0,0,4,0,1,8,1,0,4,18,130,0,0
5339,LUCASADT,119,168,10,9,49,0,37,0,0,0,10,0,0,27,3,0,26,66,86,0,0
5340,LUCASADU,331,514,31,14,157,0,121,0,2,0,26,0,1,77,3,0,93,202,278,0,0
5341,LUCASADV,221,371,29,17,93,0,81,1,1,0,19,1,0,31,3,0,58,114,174,0,0
5342,LUCASADW,231,327,25,6,92,2,77,0,1,0,26,0,0,56,2,0,72,157,171,0,0
5343,LUCASADX,249,307,24,10,90,0,76,0,0,1,31,0,1,82,1,0,56,172,166,0,0
5344,LUCASADY,146,257,18,6,60,0,64,0,0,0,6,0,0,46,1,0,31,84,124,0,0
5345,LUCASADZ,275,224,31,11,60,0,71,0,0,0,36,0,0,51,4,0,72,163,131,0,0
5346,LUCASAEA,308,426,29,19,110,0,110,1,2,0,31,0,1,78,4,0,82,199,220,0,0
5347,LUCASAEC,102,193,12,2,52,0,50,0,0,0,8,0,0,17,1,0,25,51,102,0,0
5348,LUCASAED,218,278,21,12,89,1,73,0,0,0,26,2,0,52,5,1,60,146,163,0,0
5349,LUCASAEE,186,269,27,16,86,0,73,0,0,0,23,0,0,31,6,0,42,102,159,0,0
5350,LUCASAEF,237,270,19,7,91,0,89,1,0,0,25,0,0,78,4,1,51,160,180,0,0
5351,LUCASAEO,42,349,0,4,97,2,43,0,0,0,4,0,0,7,0,0,8,19,142,0,0
5352,LUCASAEP,66,323,10,5,118,0,51,0,1,1,4,0,0,19,0,0,21,46,169,0,0
5353,LUCASAER,40,314,7,4,88,0,45,0,0,0,1,0,0,5,1,0,21,28,133,0,0
5354,LUCASAES,57,511,4,2,182,1,62,0,0,0,9,0,0,11,0,0,12,32,245,0,0
5355,LUCASAET,41,585,9,9,213,0,53,0,0,0,3,0,0,7,2,0,15,27,266,0,0
5356,LUCASAEU,18,288,2,2,93,0,23,0,0,0,1,0,0,0,0,0,6,7,116,0,0
5357,LUCASAEV,38,385,9,6,112,1,60,2,0,0,3,0,0,8,0,0,6,19,173,0,0
5358,LUCASAEW,58,318,4,5,100,2,49,0,0,0,5,0,0,16,1,0,9,31,151,0,0
5359,LUCASAFF,195,448,30,15,124,1,113,0,0,0,22,0,0,33,4,0,46,105,238,0,0
5360,LUCASAFG,300,378,47,8,132,1,101,2,2,0,36,0,1,80,4,0,55,180,234,0,0
5361,LUCASAFH,214,306,13,6,114,0,55,1,2,0,26,0,0,49,6,0,58,142,169,0,0
5362,LUCASAFI,212,427,12,8,143,1,102,0,1,0,28,0,0,47,5,2,63,146,246,0,0
5363,LUCASAFJ,253,366,23,13,122,1,80,0,0,1,25,0,0,76,5,1,72,180,203,0,0
5364,LUCASAFK,188,280,6,9,82,0,81,1,0,0,26,0,1,57,4,0,46,135,163,0,0
5365,LUCASAFL,213,339,29,6,140,0,81,1,1,0,29,0,0,58,4,0,52,145,221,0,0
5366,LUCASAFM,136,341,12,6,117,0,82,0,0,0,22,1,0,31,0,0,31,85,199,0,0
5367,LUCASAFN,273,665,23,6,278,3,137,0,1,0,31,0,1,126,9,0,55,223,418,0,0
5368,LUCASAFO,246,396,32,6,135,0,104,0,0,0,34,0,0,69,6,0,62,171,239,0,0
5369,LUCASAFV,74,643,6,8,284,2,103,0,2,0,6,0,0,20,0,0,11,39,389,0,0
5370,LUCASAFW,66,467,9,3,196,3,72,0,0,0,4,0,0,24,0,0,21,49,271,0,0
5371,LUCASAFX,84,613,5,5,213,0,90,0,0,0,14,0,1,18,1,1,22,57,303,0,0
5372,LUCASAFY,60,541,11,6,199,0,70,0,1,1,8,0,1,21,3,0,13,48,269,0,0
5373,LUCASAFZ,136,381,31,5,134,0,85,0,0,0,12,1,0,49,5,0,30,97,219,0,0
5374,LUCASAGA,83,454,8,7,106,0,58,0,0,0,8,0,0,19,0,0,3,30,164,0,0
5375,LUCASAGB,59,524,15,9,207,1,103,0,2,0,7,0,1,18,0,0,14,42,311,0,0
5376,LUCASAGC,61,536,10,11,215,0,85,2,2,0,5,0,0,13,3,0,6,31,300,0,0
5377,LUCASAGD,16,531,8,7,219,1,84,1,0,0,2,0,0,5,0,0,2,10,304,0,0
5378,LUCASAGE,36,463,7,10,193,0,54,1,0,0,2,0,0,6,2,0,5,16,247,0,0
5379,LUCASAGL,199,277,25,3,83,1,61,0,1,0,22,1,0,50,5,0,46,125,145,0,0
5380,LUCASAGM,52,385,14,8,79,0,62,0,1,0,1,0,1,8,0,0,12,23,141,0,0
5381,LUCASAGN,298,347,20,5,112,0,89,0,6,2,33,0,0,116,9,0,67,233,201,0,0
5382,LUCASAGO,330,429,22,3,166,0,91,0,1,2,55,1,0,106,3,0,99,267,257,0,0
5383,LUCASAGP,131,356,20,8,85,0,77,0,0,0,15,0,0,60,2,0,25,102,162,0,0
5384,LUCASAGR,360,362,38,6,103,0,106,0,2,0,53,0,0,120,12,0,72,259,209,0,0
5385,LUCASAGT,193,246,26,3,88,2,63,0,2,0,23,0,0,62,2,0,57,146,153,0,0
5386,LUCASAGZ,225,235,13,5,91,1,68,1,0,0,38,0,0,75,3,0,65,182,160,0,0
5387,LUCASAHA,161,251,13,1,103,1,51,0,1,0,14,0,0,69,8,0,43,135,155,0,0
5388,LUCASAHB,67,309,6,6,96,1,71,0,0,1,10,0,0,14,3,0,9,37,168,0,0
5389,LUCASAHC,9,465,3,4,161,0,64,0,0,0,0,0,0,1,1,1,2,5,225,0,0
5390,LUCASAHD,9,376,3,5,141,0,44,0,0,0,1,0,0,5,0,0,3,9,185,0,0
5391,LUCASAHE,12,504,3,3,183,1,78,0,0,0,0,0,0,4,0,0,3,7,262,0,0
5392,LUCASAHF,92,357,16,6,85,0,79,0,0,0,2,0,0,35,1,0,18,56,164,0,0
5393,LUCASAHG,13,554,2,3,182,0,56,0,0,0,2,0,0,3,0,1,0,6,238,0,0
5394,LUCASAHH,73,399,18,6,83,0,82,0,1,0,10,0,0,32,2,0,11,56,165,0,0
5395,LUCASAHI,22,434,10,5,128,0,50,0,1,0,3,0,0,5,1,0,5,15,178,0,0
5396,LUCASAHR,129,370,14,11,109,1,125,0,0,0,23,0,1,25,4,0,32,85,235,0,0
5397,LUCASAHT,178,377,17,11,93,1,94,1,2,0,31,0,1,34,5,0,38,112,188,0,0
5398,LUCASAHU,168,380,32,8,83,1,113,0,2,0,29,0,0,34,3,0,29,97,197,0,0
5399,LUCASAHV,255,366,35,6,95,1,105,1,2,0,38,0,0,58,7,0,42,148,201,0,0
5400,LUCASAHW,164,498,19,17,130,0,129,1,0,0,17,0,0,28,2,0,44,92,259,0,0
5401,LUCASAHX,203,411,29,8,116,0,92,0,3,1,37,0,0,62,2,0,46,151,208,0,0
5402,LUCASAHY,121,259,17,5,67,0,85,1,1,1,20,0,0,32,1,0,29,85,152,0,0
5403,LUCASAIJ,36,375,4,6,124,0,48,0,0,0,3,0,0,9,1,0,13,26,172,0,0
5404,LUCASAIL,57,411,4,8,155,0,61,0,1,0,12,0,0,12,1,0,13,39,216,0,0
5405,LUCASAIM,24,448,6,8,136,0,80,0,1,0,2,0,0,13,1,0,6,23,216,0,0
5406,LUCASAIN,10,393,3,2,129,0,57,0,0,0,3,0,0,3,0,0,2,8,186,0,0
5407,LUCASAIO,11,236,2,3,75,0,35,0,0,0,0,0,0,2,0,0,1,3,110,0,0
5408,LUCASAIP,67,482,17,29,119,0,183,0,0,0,15,1,0,40,2,0,13,71,302,0,0
5409,LUCASAIR,51,459,7,11,159,0,112,0,0,0,6,0,0,23,2,0,14,45,271,0,0
5410,LUCASAIS,26,438,8,8,159,1,90,0,0,0,4,0,0,17,0,0,7,28,250,0,0
5411,LUCASAIW,56,419,13,8,156,1,104,0,0,0,3,0,0,23,3,0,16,45,261,0,0
5412,LUCASAIY,218,302,21,10,83,1,85,0,0,0,22,0,0,41,1,0,60,124,169,0,0
5413,LUCASAIZ,111,298,24,8,76,2,76,0,0,0,11,1,0,24,3,0,22,61,154,0,0
5414,LUCASAJA,214,401,36,17,110,2,103,2,0,0,25,0,0,55,0,0,43,125,215,0,0
5415,LUCASAJB,156,299,22,11,66,0,84,2,0,0,17,0,0,45,2,0,35,101,150,0,0
5416,LUCASAJC,236,348,19,8,103,0,95,0,1,0,27,1,1,63,5,0,72,170,198,0,0
5417,LUCASAJD,167,292,31,10,96,1,82,0,2,1,20,0,0,44,6,0,38,111,179,0,0
5418,LUCASAJE,188,277,30,16,85,0,88,1,0,0,10,1,0,58,2,1,43,116,173,0,0
5419,LUCASAJF,105,187,14,7,61,0,43,0,2,0,10,0,0,43,5,0,23,83,104,0,0
5420,LUCASAJP,136,304,19,12,103,3,82,0,0,0,11,1,0,43,3,0,32,90,188,0,0
5421,LUCASAJQ,215,468,29,12,137,1,114,0,1,0,19,0,0,127,7,0,41,195,252,0,0
5422,LUCASAJR,115,488,24,16,152,1,151,0,0,0,17,0,0,61,3,0,28,109,304,0,0
5423,LUCASAJS,265,442,30,7,162,2,117,1,0,0,23,0,0,169,7,0,70,270,281,0,0
5424,LUCASAJV,254,600,36,14,122,0,176,0,1,0,35,0,0,102,6,1,67,212,298,0,0
5425,LUCASAJW,78,325,17,11,69,0,96,0,0,0,7,0,0,32,0,0,21,60,165,0,0
5426,LUCASAKD,338,630,42,17,150,0,122,0,2,1,25,0,0,125,6,0,53,212,272,0,0
5427,LUCASAKE,155,393,28,7,136,1,108,0,0,1,30,1,0,48,1,0,36,117,245,0,0
5428,LUCASAKJ,12,313,2,2,119,0,26,0,0,1,0,0,0,2,1,0,1,5,145,0,0
5429,LUCASAKK,54,563,9,3,209,1,105,1,0,0,5,0,0,29,1,0,2,38,315,0,0
5430,LUCASAKL,2,352,1,0,117,0,39,0,0,0,1,0,0,3,1,0,0,5,156,0,0
5431,LUCASAKM,35,609,5,6,219,0,88,0,0,0,3,1,0,10,1,0,6,21,307,0,0
5432,LUCASAKN,43,455,8,3,155,0,89,0,1,0,1,0,1,22,1,0,12,38,244,0,0
5433,LUCASAKP,46,494,3,3,174,0,53,1,0,0,1,0,0,29,1,0,5,37,227,0,0
5434,LUCASAKQ,10,435,2,0,179,0,41,0,1,0,3,0,0,1,1,0,1,7,220,0,0
5435,LUCASAKW,98,465,29,8,104,0,139,0,0,0,7,0,0,29,1,0,18,55,243,0,0
5436,LUCASALA,14,402,1,5,170,1,38,0,0,0,2,0,0,6,1,0,1,10,209,0,0
5437,LUCASALB,4,381,3,1,148,0,47,0,0,0,0,0,0,1,0,0,3,4,195,0,0
5438,LUCASALC,8,463,2,4,174,0,47,0,0,0,0,0,0,4,0,0,0,4,221,0,0
5439,LUCASALD,57,584,6,5,230,0,78,0,0,0,6,0,0,11,0,0,8,25,308,0,0
5440,LUCASALF,9,389,0,1,135,0,43,0,0,1,0,0,0,1,1,0,2,5,178,0,0
5441,LUCASALG,6,341,2,0,107,0,41,0,0,0,0,0,0,1,0,0,1,2,148,0,0
5442,LUCASALM,18,352,5,2,134,0,40,0,0,0,1,0,0,7,0,0,3,11,174,0,0
5443,LUCASALQ,141,334,25,12,87,0,92,0,1,0,19,1,0,29,1,0,19,70,179,0,0
5444,LUCASALR,301,364,38,9,108,0,109,1,1,1,38,0,0,114,4,0,61,220,217,0,0
5445,LUCASALS,161,369,22,9,101,1,87,0,0,0,16,0,0,26,3,0,30,75,189,0,0
5446,LUCASALT,131,459,13,8,183,0,62,0,1,0,15,0,1,50,2,0,39,108,245,0,0
5447,LUCASALU,249,362,20,5,103,2,103,1,2,1,29,0,0,99,5,2,59,198,208,0,0
5448,LUCASALV,180,373,29,13,81,1,103,1,0,0,28,1,1,40,1,0,46,118,185,0,0
5449,LUCASALW,137,576,19,11,151,0,113,1,3,0,17,0,0,24,1,0,25,71,264,0,0
5450,LUCASALX,62,172,8,3,51,0,31,1,0,0,4,0,0,9,6,0,13,33,82,0,0
5451,LUCASALY,86,263,16,8,113,0,49,1,1,0,7,0,0,28,3,0,18,58,162,0,0
5452,LUCASAMG,303,356,29,11,101,0,117,2,0,0,39,0,0,125,9,0,62,237,218,0,0
5453,LUCASAMH,207,381,32,10,99,1,104,0,0,0,23,0,0,53,1,0,50,127,204,0,0
5454,LUCASAMI,191,214,29,12,41,1,67,0,1,0,28,0,0,63,3,0,45,140,109,0,0
5455,LUCASAMJ,226,355,19,7,100,0,118,1,2,0,27,0,0,116,6,1,51,204,218,0,0
5456,LUCASAMK,273,464,45,10,115,1,168,2,1,0,47,0,0,95,8,0,64,217,284,0,0
5457,LUCASAMM,361,354,24,8,120,2,99,0,1,0,37,0,0,179,6,0,77,300,221,0,0
5458,LUCASAMN,170,185,17,2,46,1,79,0,1,0,33,0,0,53,2,0,45,134,126,0,0
5459,LUCASAMO,107,277,14,8,82,0,84,0,0,0,6,0,1,24,0,0,19,50,166,0,0
5460,LUCASAMP,305,423,50,8,141,0,131,0,0,0,49,0,1,112,10,0,75,247,272,0,0
5461,LUCASAMX,96,235,18,6,57,0,69,1,4,0,17,0,0,30,0,0,24,76,126,0,0
5462,LUCASAMZ,152,493,19,11,136,1,115,0,0,0,12,0,0,36,1,0,38,87,252,0,0
5463,LUCASANA,57,274,16,5,80,0,53,0,0,0,7,0,0,12,1,0,9,29,133,0,0
5464,LUCASANB,66,241,8,5,66,1,26,0,0,0,4,0,0,17,1,0,16,38,93,0,0
5465,LUCASAND,74,211,7,4,63,0,41,0,0,0,13,0,0,12,1,0,20,46,104,0,0
5466,LUCASANE,76,272,16,8,78,1,35,0,0,0,8,0,0,15,1,0,11,35,114,0,0
5467,LUCASANJ,92,382,17,9,94,1,64,0,0,0,4,1,0,22,2,0,15,44,159,0,0
5468,LUCASANO,103,243,19,6,75,0,52,0,1,0,6,0,1,16,2,1,20,47,127,0,0
5469,LUCASANP,127,265,12,9,80,0,63,1,1,0,7,0,3,24,3,0,48,87,143,0,0
5470,LUCASANQ,23,212,2,1,41,0,30,0,1,0,0,0,0,4,0,0,6,11,71,0,0
5471,LUCASANR,134,301,21,3,98,0,74,0,1,0,6,0,0,29,2,0,35,73,172,0,0
5472,LUCASANS,194,283,27,3,86,0,92,0,0,0,16,0,0,21,2,0,54,93,178,0,0
5473,LUCASANT,126,244,16,7,74,0,50,0,0,0,9,0,0,22,0,0,29,60,124,0,0
5474,LUCASANY,71,204,9,4,70,0,41,0,0,0,4,0,0,14,1,0,16,35,111,0,0
5475,LUCASANZ,169,388,21,11,97,2,84,0,0,0,11,0,0,34,1,0,54,100,183,0,0
5476,LUCASAOB,132,236,12,5,62,1,50,1,1,1,4,0,0,24,2,0,30,63,113,0,0
5477,LUCASAOC,78,226,23,4,61,2,46,0,0,2,8,1,0,18,1,0,20,50,109,0,0
5478,LUCASAOG,87,214,4,5,42,1,34,0,0,0,7,0,0,18,2,0,24,51,77,0,0
5479,LUCASAOJ,109,244,16,7,63,0,43,0,2,0,9,1,0,16,1,0,33,62,106,0,0
5480,LUCASAOL,194,419,14,7,141,5,72,0,0,0,16,0,0,38,2,0,45,101,218,0,0
5481,LUCASAOM,149,231,20,1,55,0,57,0,0,0,13,0,0,24,1,0,34,72,112,0,0
5482,LUCASAON,56,203,10,4,55,1,36,0,0,0,5,2,0,10,1,1,13,32,92,0,0
5483,LUCASAOO,157,270,29,6,68,2,71,0,1,0,14,0,0,24,0,0,40,79,141,0,0
5484,LUCASAOS,135,300,19,2,105,1,64,0,0,0,9,0,0,14,0,0,17,40,170,0,0
5485,LUCASAOU,227,362,25,13,87,0,107,0,1,0,27,1,1,83,10,0,46,169,194,0,0
5486,LUCASAOV,207,266,25,10,60,0,102,0,0,0,43,0,2,93,8,0,37,183,162,0,0
5487,LUCASAOW,251,291,19,9,93,1,74,0,2,0,38,0,0,98,9,0,50,197,168,0,0
5488,LUCASAOX,307,387,39,6,90,0,125,0,0,0,38,0,0,115,8,1,79,241,215,0,0
5489,LUCASAOY,215,305,28,7,74,0,81,0,1,0,10,0,0,64,4,0,41,120,155,0,0
5490,LUCASAOZ,177,204,22,8,60,3,61,0,0,0,15,0,1,58,2,0,41,117,124,0,0
5491,LUCASAPA,294,371,34,14,101,2,107,0,0,0,33,0,0,107,6,0,57,203,210,0,0
5492,LUCASAPB,250,394,39,8,101,0,131,0,0,0,42,0,0,87,8,0,61,198,232,0,0
5493,LUCASAPK,268,331,39,11,96,1,83,1,1,0,22,0,0,89,4,0,60,177,180,0,0
5494,LUCASAPL,266,357,35,12,80,0,132,0,1,0,29,0,0,100,5,0,55,190,212,0,0
5495,LUCASAPP,216,401,27,10,134,2,100,0,0,0,28,0,0,96,4,0,47,175,236,0,0
5496,LUCASAPQ,202,285,15,5,104,0,65,1,1,0,20,0,1,78,6,0,60,167,169,0,0
5497,LUCASAPR,230,375,17,5,119,0,90,0,2,1,12,0,1,103,0,0,88,207,209,0,0
5498,LUCASAPS,253,333,19,10,97,1,88,0,0,0,21,0,0,65,5,0,70,161,186,0,0
5499,LUCASAPT,287,289,21,5,92,1,76,0,0,0,34,0,0,76,4,1,78,193,169,0,0
5500,LUCASAPU,221,261,40,8,74,1,72,0,0,0,17,0,1,85,3,1,46,153,147,0,0
5501,LUCASAPV,326,325,27,4,101,2,66,0,0,0,33,1,0,146,3,0,88,271,169,0,0
5502,LUCASAPW,280,325,18,5,99,0,59,0,1,0,21,0,0,106,7,0,70,205,158,0,0
5503,LUCASAPX,165,252,15,8,77,0,65,0,0,0,18,0,0,56,2,0,29,105,142,0,0
5504,LUCASAQG,263,338,50,14,102,3,95,0,0,0,20,0,2,76,2,0,79,179,200,0,0
5505,LUCASAQH,303,361,29,11,120,0,101,1,1,0,28,0,0,110,7,1,81,229,221,0,0
5506,LUCASAQI,315,406,25,12,108,0,124,0,1,0,32,0,0,91,1,0,64,189,232,0,0
5507,LUCASAQJ,233,278,34,7,84,0,102,1,1,0,24,1,0,47,5,0,55,134,186,0,0
5508,LUCASAQK,318,314,18,7,104,1,93,0,0,0,37,0,0,105,6,0,99,247,198,0,0
5509,LUCASAQL,165,192,18,7,50,0,51,0,1,0,19,0,0,29,1,0,41,91,101,0,0
5510,LUCASAQM,279,285,20,4,93,0,72,0,0,1,26,0,0,55,3,0,71,156,165,0,0
5511,LUCASAQN,332,337,31,10,86,3,110,0,3,1,25,2,1,117,4,0,79,232,199,0,0
5512,LUCASAQO,220,300,25,10,96,2,77,0,0,0,22,0,0,35,2,1,63,123,175,0,0
5513,LUCASAQP,344,337,31,10,100,0,98,1,0,0,41,0,0,78,6,0,84,210,198,0,0
5514,LUCASAQQ,245,307,28,5,84,0,68,0,1,0,33,0,1,115,4,0,51,205,152,0,0
5515,LUCASAQR,248,259,21,3,60,2,62,0,0,0,24,0,0,55,3,0,58,140,124,0,0
5516,LUCASAQZ,223,495,38,9,128,0,100,0,2,0,13,0,1,64,7,0,40,127,228,0,0
5517,LUCASARA,209,284,20,10,67,0,69,1,0,0,20,0,0,77,5,1,46,150,136,0,0
5518,LUCASARB,258,353,27,7,121,0,89,0,1,0,33,0,0,87,1,0,54,176,210,0,0
5519,LUCASARD,286,517,20,6,165,1,85,2,3,0,23,0,0,124,6,0,70,228,251,0,0
5520,LUCASARE,125,431,17,8,125,0,81,1,0,0,10,0,1,34,1,0,23,70,206,0,0
5521,LUCASARF,183,275,13,10,76,1,66,0,0,0,21,0,1,76,2,0,45,145,143,0,0
5522,LUCASARG,177,239,17,5,78,1,55,0,0,0,5,0,0,38,2,0,67,112,134,0,0
5523,LUCASARH,118,553,16,6,171,0,96,1,0,0,6,0,0,45,1,0,32,85,267,0,0
5524,LUCASARI,242,319,21,4,123,1,68,0,2,0,30,1,0,116,6,0,54,209,192,0,0
5525,LUCASARJ,187,541,31,6,139,1,136,2,0,1,20,0,1,62,0,1,40,127,276,0,0
5526,LUCASARO,126,344,19,7,112,3,68,0,1,0,19,0,0,31,1,0,27,79,183,0,0
5527,LUCASARQ,243,136,15,5,36,3,45,0,4,0,39,0,0,58,4,0,73,178,84,0,0
5528,LUCASARR,334,228,30,6,56,0,66,1,0,0,42,0,0,64,3,0,75,185,122,0,0
5529,LUCASARS,346,212,22,7,68,1,55,0,0,0,21,0,0,64,6,0,96,187,124,0,0
5530,LUCASART,217,170,20,3,50,0,40,0,1,2,14,1,0,34,0,0,57,109,90,0,0
5531,LUCASARV,497,291,28,4,81,0,49,0,1,1,35,0,2,179,7,0,133,358,130,0,0
5532,LUCASARW,740,553,42,7,160,0,87,0,4,0,63,0,0,319,12,0,172,570,247,0,0
5533,LUCASARX,686,329,43,4,83,1,64,0,0,0,83,0,1,216,14,0,153,467,148,0,0
5534,LUCASARY,516,327,35,8,96,0,72,0,0,1,81,0,0,146,4,0,108,340,168,0,0
5535,LUCASASA,307,437,29,7,113,0,92,0,0,0,27,2,0,203,2,0,63,297,205,0,0
5536,LUCASASB,218,237,16,4,51,0,33,1,0,0,8,0,0,145,5,0,51,210,84,0,0
5537,LUCASASC,305,392,28,7,113,0,72,0,0,1,20,0,0,178,6,0,79,284,185,0,0
5538,LUCASASD,265,434,24,5,121,0,86,0,3,0,17,0,0,187,7,0,63,277,207,0,0
5539,LUCASASH,354,231,30,6,58,1,60,2,2,0,51,0,0,88,3,0,87,233,119,0,0
5540,LUCASASI,415,192,33,5,58,0,66,2,2,1,63,1,0,119,4,1,101,294,124,0,0
5541,LUCASASJ,354,199,25,1,36,0,43,0,0,0,52,0,0,95,2,0,87,236,79,0,0
5542,LUCASASK,567,325,29,4,89,1,96,1,2,0,66,1,0,152,6,0,149,377,186,0,0
5543,LUCASASM,234,173,17,4,38,0,38,1,0,0,44,0,0,48,2,0,52,147,76,0,0
5544,LUCASASN,145,229,14,6,72,0,55,0,0,0,16,0,0,22,0,0,33,71,127,0,0
5545,LUCASASO,414,428,37,8,151,1,78,1,5,1,35,0,0,119,5,0,96,262,230,0,0
5546,LUCASASP,198,171,24,9,40,1,55,0,0,0,15,0,0,27,2,0,38,82,96,0,0
5547,LUCASASQ,334,311,32,4,103,0,65,1,1,0,39,0,1,116,6,0,87,251,168,0,0
5548,LUCASASR,333,265,33,6,73,0,66,0,1,0,32,0,0,128,3,0,93,257,139,0,0
5549,LUCASASS,232,214,20,4,62,1,52,0,1,0,23,1,0,89,10,0,54,178,115,0,0
5550,LUCASAST,266,169,12,0,30,1,40,1,2,0,38,0,0,96,9,0,71,217,71,0,0
5551,LUCASASU,409,297,35,8,96,1,76,2,1,0,50,2,1,95,10,0,110,271,173,0,0
5552,LUCASASV,366,337,23,6,96,1,84,0,0,1,39,0,0,75,3,0,91,209,181,0,0
5553,LUCASASW,581,362,27,2,110,0,50,0,1,0,34,0,0,268,5,0,164,472,160,0,0
5554,LUCASASX,251,255,29,4,62,0,62,1,2,1,39,0,0,77,3,0,53,176,124,0,0
5555,LUCASASY,539,442,43,8,147,0,72,1,4,2,59,0,1,205,9,0,138,419,219,0,0
5556,LUCASASZ,414,505,35,10,136,1,110,0,0,0,48,0,2,116,9,0,107,282,247,0,0
5557,LUCASATC,362,402,22,8,118,0,98,0,3,0,40,0,0,102,4,2,82,233,216,0,0
5558,LUCASATD,237,404,30,7,103,0,83,0,0,0,23,0,1,75,6,0,64,169,186,0,0
5559,LUCASATE,302,344,44,10,93,2,94,0,1,1,30,0,0,54,4,2,73,165,189,0,0
5560,LUCASATF,237,209,20,4,54,0,59,0,0,0,26,0,1,45,2,0,51,125,113,0,0
5561,LUCASATG,246,325,19,2,71,2,62,1,1,0,26,1,0,91,1,2,46,169,135,0,0
5562,LUCASATH,304,256,25,6,70,0,48,1,5,0,36,0,1,104,7,0,91,245,118,0,0
5563,LUCASATI,363,225,24,7,65,0,62,0,2,0,62,0,0,136,5,0,67,272,127,0,0
5564,LUCASATJ,221,175,20,6,56,1,47,0,1,0,33,0,0,44,3,0,62,143,104,0,0
5565,LUCASATK,377,282,29,11,68,0,72,0,0,0,37,0,0,94,11,0,70,212,140,0,0
5566,LUCASATL,172,124,12,0,45,1,26,0,0,0,19,0,0,40,1,0,51,111,72,0,0
5567,LUCASATM,265,270,17,5,70,2,91,1,2,0,22,0,0,56,2,0,75,158,163,0,0
5568,LUCASATO,390,297,24,8,80,1,68,0,2,1,43,0,0,115,5,0,93,259,149,0,0
5569,LUCASATP,410,304,36,8,86,1,91,2,5,0,45,1,0,145,7,0,100,305,178,0,0
5570,LUCASATQ,429,371,18,8,61,0,72,0,1,0,35,1,0,228,4,0,91,360,133,0,0
5571,LUCASATR,551,390,51,7,82,0,91,0,2,0,57,0,0,226,14,1,125,425,173,0,0
5572,LUCASATS,361,374,14,4,87,0,65,1,0,0,23,0,0,150,5,0,89,268,152,0,0
5573,LUCASATT,277,243,31,6,45,0,78,0,2,0,28,0,0,148,7,0,63,248,123,0,0
5574,LUCASATU,386,331,23,10,86,0,71,0,1,0,46,0,0,174,6,0,88,315,157,0,0
5575,LUCASATV,335,352,26,6,94,1,85,0,1,0,23,0,1,171,3,0,79,278,180,0,0
5576,LUCASATY,341,348,28,11,120,2,64,0,0,0,24,0,0,147,6,0,80,257,186,0,0
5577,LUCASATZ,302,265,30,12,65,2,65,0,2,0,35,1,0,78,1,0,59,176,132,0,0
5578,LUCASAUA,264,237,22,3,72,0,50,0,0,1,21,0,0,104,2,0,68,196,122,0,0
5579,LUCASAUB,322,322,31,4,79,1,84,1,2,0,28,0,0,126,5,0,73,235,164,0,0
5580,LUCASAUD,549,463,26,10,94,0,81,1,1,0,39,0,0,254,6,0,96,397,175,0,0
5581,LUCASAUE,292,275,15,1,63,0,57,1,0,0,35,0,0,120,10,1,54,221,120,0,0
5582,LUCASAUF,233,202,18,2,40,0,33,2,2,0,19,0,0,133,1,0,45,202,73,0,0
5583,LUCASAUG,345,381,26,5,141,0,74,0,0,0,39,0,0,171,7,0,63,280,215,0,0
5584,LUCASAUH,212,338,16,11,100,0,78,0,0,0,23,0,0,71,6,0,51,151,178,0,0
5585,LUCASAUI,355,310,26,6,63,1,58,0,0,0,25,0,0,150,7,0,74,256,122,0,0
5586,LUCASAUJ,139,188,21,5,48,1,53,0,0,0,10,0,0,43,2,0,28,83,102,0,0
5587,LUCASAUK,356,364,19,6,83,0,66,0,2,0,34,0,0,180,13,0,86,315,149,0,0
5588,LUCASAUN,333,276,29,5,86,1,70,0,2,1,19,0,0,97,3,1,77,200,157,0,0
5589,LUCASAUO,295,269,13,3,77,2,70,0,2,0,24,0,0,54,3,0,74,157,149,0,0
5590,LUCASAUP,71,118,5,4,31,0,30,0,0,0,1,0,0,14,0,0,19,34,61,0,0
5591,LUCASAUR,372,282,40,9,89,2,67,2,5,1,49,0,0,152,6,0,90,305,158,0,0
5592,LUCASAUT,476,314,38,5,61,0,92,0,4,0,56,0,1,206,3,0,101,371,153,0,0
5593,LUCASAUU,428,348,41,11,81,0,90,1,3,0,63,1,0,146,7,0,87,308,171,0,0
5594,LUCASAUV,436,335,51,4,82,0,80,0,2,0,62,0,0,174,13,0,116,367,162,0,0
5595,LUCASAUW,490,318,46,8,75,2,71,0,1,0,49,0,0,155,9,0,99,313,148,0,0
5596,LUCASAUX,562,319,43,4,65,0,67,0,0,0,70,0,1,172,14,0,128,385,132,0,0
5597,LUCASAUY,337,228,21,11,67,0,51,0,1,0,32,0,1,115,3,1,57,210,118,0,0
5598,LUCASAUZ,345,167,25,5,38,0,53,1,1,0,55,0,0,98,3,0,76,234,91,0,0
5599,LUCASAVA,374,301,34,4,64,2,77,0,1,0,53,0,3,149,5,1,59,271,143,0,0
5600,LUCASAVD,356,250,32,2,63,1,51,0,1,0,49,0,0,147,4,0,98,299,115,0,0
5601,LUCASAVE,630,394,35,7,100,1,74,0,2,1,65,1,0,262,15,1,129,476,175,0,0
5602,LUCASAVJ,426,233,23,3,55,0,33,0,0,1,25,0,0,195,3,0,104,328,88,0,0
5603,LUCASAVK,501,276,29,6,55,0,44,2,0,1,31,0,0,241,13,0,115,403,99,0,0
5604,LUCASAVL,528,381,36,4,88,1,72,0,1,0,49,1,0,218,6,0,102,377,161,0,0
5605,LUCASAVT,220,272,13,1,61,1,47,0,0,0,19,0,0,97,5,0,56,177,109,0,0
5606,LUCASAVU,662,435,49,2,92,1,67,1,3,0,51,0,1,249,13,0,136,454,160,0,0
5607,LUCASAVV,413,277,32,10,66,0,61,1,1,0,36,0,0,171,4,0,84,297,127,0,0
5608,LUCASAVZ,227,541,43,18,159,1,140,0,3,0,26,0,1,51,2,0,51,134,300,0,0
5609,LUCASAWA,122,150,10,3,62,1,42,0,1,0,19,0,0,38,1,0,32,91,105,0,0
5610,MADISONAAA,184,102,19,3,16,0,22,2,0,1,14,0,0,47,4,0,48,116,38,0,0
5611,MADISONAAB,586,350,49,11,75,0,63,3,2,1,55,2,3,195,6,1,144,412,138,0,0
5612,MADISONAAC,645,378,38,6,121,0,68,1,3,1,57,0,2,227,9,0,162,462,189,0,0
5613,MADISONAAD,291,215,15,4,51,0,34,1,1,1,27,0,3,84,7,1,75,200,85,0,0
5614,MADISONAAE,515,319,43,4,78,0,52,1,7,1,58,1,1,193,9,0,110,381,130,0,0
5615,MADISONAAG,843,246,33,5,53,1,46,0,2,1,137,0,3,315,3,0,134,595,100,0,0
5616,MADISONAAH,440,190,38,3,54,0,47,0,4,0,47,1,1,154,8,0,84,299,101,0,0
5617,MADISONAAJ,500,225,32,4,64,0,47,1,1,0,77,0,0,240,19,0,83,421,111,0,0
5618,MADISONAAK,321,55,9,4,25,0,18,0,5,0,51,0,0,100,2,0,49,207,43,0,0
5619,MADISONAAL,295,151,8,4,43,0,20,0,0,0,36,0,1,113,1,0,78,229,63,0,0
5620,MADISONAAM,566,179,18,1,49,0,24,0,2,0,72,0,1,177,5,0,139,396,73,0,0
5621,MADISONAAN,595,313,28,1,86,0,61,1,0,0,52,0,1,167,9,0,149,379,147,0,0
5622,MADISONAAO,535,208,31,6,49,1,59,1,5,0,34,0,0,155,5,0,93,293,109,0,0
5623,MADISONAAP,608,214,30,9,47,2,40,0,4,0,88,0,0,213,15,0,124,444,89,0,0
5624,MADISONAAQ,528,201,22,1,49,0,40,0,0,0,42,0,0,193,7,0,137,379,89,0,0
5625,MADISONAAR,473,143,25,4,32,0,37,2,2,0,77,2,2,142,3,0,94,324,69,0,0
5626,MADISONAAS,206,65,6,4,23,2,16,1,1,1,22,0,0,74,2,0,53,154,41,0,0
5627,MADISONAAT,237,61,6,2,22,0,13,0,1,0,27,0,1,73,0,0,68,170,35,0,0
5628,MADISONAAU,175,39,10,1,7,0,8,1,0,0,28,0,0,67,4,1,29,130,15,0,0
5629,MADISONAAV,477,152,17,5,44,0,35,3,3,1,58,0,0,135,4,0,94,298,79,0,0
5630,MADISONAAW,461,135,20,8,37,0,27,1,2,0,42,0,0,147,3,0,105,300,64,0,0
5631,MADISONAAX,336,111,12,3,23,0,17,1,0,0,36,0,1,93,3,0,95,229,40,0,0
5632,MADISONAAY,388,138,29,5,38,1,19,2,3,1,49,0,0,161,6,0,93,315,58,0,0
5633,MADISONAAZ,375,229,26,5,56,0,39,1,3,0,34,0,0,177,5,1,111,332,95,0,0
5634,MADISONABB,385,142,12,3,38,0,41,0,0,0,38,0,1,158,3,0,88,288,79,0,0
5635,MADISONABC,191,52,6,1,15,0,14,0,2,1,22,0,1,45,0,0,52,123,29,0,0
5636,MADISONABD,475,166,18,3,45,0,30,0,2,0,41,0,2,145,3,0,122,315,75,0,0
5637,MAHONINGAAA,62,278,5,3,93,1,35,0,1,0,0,0,0,2,0,0,19,22,129,0,0
5638,MAHONINGAAB,65,272,5,5,128,3,43,0,1,0,6,0,0,7,0,0,17,31,174,0,0
5639,MAHONINGAAE,146,194,8,1,93,2,60,0,2,0,1,0,1,21,2,0,33,60,155,0,0
5640,MAHONINGAAF,142,255,11,5,107,3,61,0,0,0,2,0,0,18,0,0,52,72,171,0,0
5641,MAHONINGAAG,182,245,4,3,113,2,44,0,1,0,5,0,0,36,5,0,59,106,159,0,0
5642,MAHONINGAAI,134,310,8,4,133,0,59,0,1,0,1,0,0,17,2,0,36,57,192,0,0
5643,MAHONINGAAJ,117,235,7,6,86,1,66,1,0,0,5,0,0,16,1,0,29,52,153,0,0
5644,MAHONINGAAM,122,301,10,5,121,1,70,0,0,1,2,0,0,21,1,0,35,60,192,0,0
5645,MAHONINGAAN,139,382,3,6,175,0,77,0,0,0,8,0,0,34,2,0,29,73,252,0,0
5646,MAHONINGAAS,279,223,10,2,72,4,58,2,1,1,16,0,0,108,5,0,92,225,134,0,0
5647,MAHONINGAAW,362,232,18,4,79,3,74,1,1,0,19,0,0,102,3,0,114,240,156,0,0
5648,MAHONINGAAX,303,237,14,4,87,2,64,0,2,1,27,0,0,102,9,0,107,248,153,0,0
5649,MAHONINGAAY,337,285,13,4,106,1,75,0,1,0,13,0,0,117,7,0,121,259,182,0,0
5650,MAHONINGAAZ,303,199,12,1,68,0,47,0,0,2,23,0,1,90,8,0,109,233,115,0,0
5651,MAHONINGABB,354,226,12,2,74,0,62,1,2,2,22,0,0,117,7,0,119,270,136,0,0
5652,MAHONINGABC,393,226,17,7,66,3,80,0,0,0,26,1,0,121,11,0,147,306,149,0,0
5653,MAHONINGABF,82,118,0,2,50,0,32,1,0,0,4,0,0,10,1,0,31,47,82,0,0
5654,MAHONINGABJ,171,169,9,2,67,1,65,0,0,0,9,0,1,26,3,0,47,86,133,0,0
5655,MAHONINGABK,192,243,21,2,87,3,65,0,1,0,10,1,1,27,5,0,65,110,155,0,0
5656,MAHONINGABO,139,178,9,3,67,3,44,0,0,0,3,1,0,24,0,0,42,70,114,0,0
5657,MAHONINGABP,233,217,8,3,107,2,75,0,0,0,14,0,0,38,1,0,79,132,184,0,0
5658,MAHONINGABQ,167,243,10,2,111,4,74,0,1,0,4,0,0,40,2,1,53,101,189,0,0
5659,MAHONINGABT,260,283,12,2,118,7,82,0,1,1,14,0,1,47,2,0,81,147,207,0,0
5660,MAHONINGABU,252,220,9,2,114,5,80,0,1,0,7,0,0,36,1,0,87,132,199,0,0
5661,MAHONINGABY,74,400,9,6,134,0,61,0,0,0,4,0,0,13,1,0,13,31,195,0,0
5662,MAHONINGABZ,24,426,0,1,158,2,32,0,0,0,1,0,0,1,0,0,5,7,192,0,0
5663,MAHONINGACB,16,560,4,4,212,4,43,0,1,0,1,0,0,0,0,0,5,7,259,0,0
5664,MAHONINGACC,78,306,18,5,57,1,57,0,0,0,2,0,0,6,1,0,10,19,115,0,0
5665,MAHONINGACK,41,465,1,6,122,4,49,0,0,0,1,0,0,0,1,0,7,9,175,0,0
5666,MAHONINGACL,40,532,4,2,228,0,76,0,2,0,0,0,0,11,6,0,10,29,304,0,0
5667,MAHONINGACM,22,532,7,8,151,0,67,0,0,0,0,0,0,6,2,0,7,15,218,0,0
5668,MAHONINGACN,62,614,5,3,237,1,76,0,1,0,0,0,0,12,0,0,6,19,314,0,0
5669,MAHONINGACO,40,616,5,2,227,4,94,0,0,0,2,0,0,10,1,0,6,19,325,0,0
5670,MAHONINGADD,50,377,6,5,115,0,69,0,1,0,4,0,0,6,2,0,15,28,184,0,0
5671,MAHONINGADU,241,363,13,5,145,2,82,0,1,0,14,0,0,37,2,0,69,123,229,0,0
5672,MAHONINGADW,114,227,7,4,69,1,52,0,0,0,3,0,0,15,0,0,33,51,122,0,0
5673,MAHONINGAEX,118,434,10,6,164,2,107,0,0,0,11,1,0,35,2,1,31,81,273,0,0
5674,MAHONINGAFP,16,391,1,1,128,0,37,0,1,0,2,0,0,4,0,0,6,13,165,0,0
5675,MAHONINGAFR,26,448,1,3,175,1,38,0,0,0,0,0,0,3,0,0,6,9,214,0,0
5676,MAHONINGAFS,87,300,4,2,88,0,55,0,0,0,4,0,0,20,1,0,30,55,143,0,0
5677,MAHONINGAGJ,284,328,12,5,138,0,113,1,1,0,20,0,0,47,1,1,77,148,251,0,0
5678,MAHONINGAGK,69,196,5,5,60,2,43,0,0,0,2,0,0,12,0,0,24,38,105,0,0
5679,MAHONINGAHE,249,316,18,7,123,3,89,0,1,0,20,0,1,51,4,1,67,145,215,0,0
5680,MAHONINGAHF,320,278,18,1,131,4,84,0,5,0,15,0,0,63,8,0,99,190,219,0,0
5681,MAHONINGAHG,297,273,16,0,125,1,81,0,1,0,15,0,0,54,2,0,103,175,207,0,0
5682,MAHONINGAHH,215,203,11,3,88,1,78,1,0,0,11,0,0,24,7,0,75,118,167,0,0
5683,MAHONINGAHJ,323,318,10,4,131,1,64,0,1,0,25,0,0,60,4,0,101,191,196,0,0
5684,MAHONINGAHL,331,299,22,10,126,1,103,1,1,1,11,0,1,81,1,1,98,196,230,0,0
5685,MAHONINGAHM,174,218,18,9,74,0,72,0,1,0,9,0,0,40,5,0,46,101,146,0,0
5686,MAHONINGAHN,254,315,17,5,145,4,70,1,1,0,19,0,0,46,2,0,78,147,219,0,0
5687,MAHONINGAHP,268,338,25,4,109,1,92,0,0,0,15,0,0,52,5,0,84,156,202,0,0
5688,MAHONINGAHR,257,290,20,2,129,1,87,0,2,0,12,0,0,47,4,0,90,155,217,0,0
5689,MAHONINGAHT,226,276,11,1,77,2,78,0,2,2,7,0,0,36,2,0,68,117,157,0,0
5690,MAHONINGAHU,144,214,13,6,47,0,64,1,1,0,10,0,0,19,2,0,42,75,111,0,0
5691,MAHONINGAHV,335,304,10,2,116,0,94,0,0,0,18,0,0,73,7,0,114,212,210,0,0
5692,MAHONINGAHX,176,336,13,7,95,2,76,0,4,0,12,0,0,30,2,0,59,107,173,0,0
5693,MAHONINGAHY,193,286,17,3,125,4,85,0,0,0,14,0,1,38,5,0,60,118,214,0,0
5694,MAHONINGAHZ,288,317,10,6,152,1,89,1,1,0,16,0,0,71,3,0,95,187,242,0,0
5695,MAHONINGAIA,132,219,9,3,70,0,60,0,0,0,7,0,1,18,1,0,55,82,130,0,0
5696,MAHONINGAIB,228,347,16,5,114,1,88,0,0,0,10,0,1,51,5,0,77,144,203,0,0
5697,MAHONINGAIC,137,182,11,8,51,0,54,0,1,0,7,0,0,19,3,0,39,69,105,0,0
5698,MAHONINGAID,319,281,21,5,126,1,86,2,2,0,22,0,0,76,2,0,107,211,213,0,0
5699,MAHONINGAIK,234,287,22,10,96,1,110,0,1,0,9,1,0,39,3,0,62,115,207,0,0
5700,MAHONINGAIV,412,291,15,10,110,4,93,0,3,0,22,0,0,91,9,0,170,295,207,0,0
5701,MAHONINGAJG,310,284,14,2,114,0,94,0,4,1,10,1,0,55,5,2,110,188,208,0,0
5702,MAHONINGAJJ,296,265,10,2,88,0,76,1,1,0,19,0,1,59,4,1,117,203,164,0,0
5703,MAHONINGAJK,274,299,18,5,119,2,87,0,1,1,17,0,1,70,7,1,69,167,208,0,0
5704,MAHONINGAJL,160,200,6,3,76,3,50,0,1,0,4,0,0,39,2,0,51,97,129,0,0
5705,MAHONINGAJM,443,173,13,3,48,0,47,0,2,0,29,0,1,119,16,0,152,319,95,0,0
5706,MAHONINGAJN,399,216,14,8,69,2,57,1,0,0,21,1,0,110,11,0,163,307,128,0,0
5707,MAHONINGAJO,451,177,12,1,58,3,44,0,4,0,31,0,0,94,4,1,150,284,105,0,0
5708,MAHONINGAJP,578,251,17,8,73,2,50,0,7,2,29,1,2,167,6,1,143,358,125,0,0
5709,MAHONINGAJQ,363,285,18,6,122,0,85,1,2,1,11,0,2,115,1,0,111,244,207,0,0
5710,MAHONINGAJR,179,83,4,2,26,0,21,0,0,1,11,0,1,55,3,0,53,124,47,0,0
5711,MAHONINGAJS,191,126,6,2,54,5,31,1,0,0,7,0,0,49,3,0,62,122,90,0,0
5712,MAHONINGAJV,493,223,19,5,78,0,57,0,3,2,22,1,0,96,5,0,182,311,135,0,0
5713,MAHONINGAJW,345,135,11,5,29,1,51,0,0,1,15,0,0,66,0,0,117,199,81,0,0
5714,MAHONINGAJY,430,348,19,6,142,4,110,0,3,0,17,0,1,113,4,0,163,301,256,0,0
5715,MAHONINGAJZ,241,312,15,2,140,0,82,0,2,0,9,0,0,56,4,0,87,158,222,0,0
5716,MAHONINGAKA,212,247,19,2,81,0,75,0,1,0,13,1,1,49,2,0,60,127,156,0,0
5717,MAHONINGAKB,273,216,14,1,81,2,56,1,3,1,11,0,0,74,2,0,99,191,139,0,0
5718,MAHONINGAKD,196,244,9,3,94,2,74,0,0,0,6,0,0,37,1,0,60,104,170,0,0
5719,MAHONINGAKE,202,294,5,6,116,4,83,0,2,1,13,0,0,34,3,0,65,118,203,0,0
5720,MAHONINGAKF,228,179,6,4,68,2,64,0,3,1,8,0,0,69,8,0,78,167,134,0,0
5721,MAHONINGAKG,242,213,8,4,73,1,80,1,1,0,12,0,0,59,5,0,74,152,154,0,0
5722,MAHONINGAKH,381,389,27,5,121,3,128,0,0,2,23,0,1,93,12,0,123,254,252,0,0
5723,MAHONINGAKJ,388,282,16,4,99,2,87,1,1,0,23,0,0,102,5,0,128,260,188,0,0
5724,MAHONINGAKK,279,364,22,10,132,2,91,2,3,0,17,0,1,94,5,1,99,222,225,0,0
5725,MAHONINGAKM,361,345,22,9,124,2,96,0,4,0,12,0,1,95,14,0,121,247,222,0,0
5726,MAHONINGAKN,277,261,19,3,92,0,60,0,1,0,12,0,0,64,3,1,88,169,152,0,0
5727,MAHONINGAKP,405,224,10,4,84,1,47,0,2,0,31,0,0,130,7,0,140,310,132,0,0
5728,MAHONINGAKR,329,326,23,4,138,0,109,0,2,0,16,1,0,72,5,0,95,191,247,0,0
5729,MAHONINGAKS,366,324,15,7,109,4,102,0,0,1,28,0,0,89,9,0,126,253,215,0,0
5730,MAHONINGAKT,298,267,8,6,102,2,52,1,0,0,15,0,2,79,7,0,94,198,156,0,0
5731,MAHONINGAKU,275,291,7,5,121,0,78,0,1,0,16,0,0,71,5,0,89,182,199,0,0
5732,MAHONINGAKV,299,324,20,6,116,2,89,0,2,0,22,0,0,64,4,0,99,191,207,0,0
5733,MAHONINGAKW,243,168,10,1,63,1,59,0,2,0,12,0,0,79,6,0,83,182,123,0,0
5734,MAHONINGAKX,172,208,9,2,87,1,56,1,0,0,9,0,0,45,3,0,54,112,144,0,0
5735,MAHONINGAKY,253,222,14,3,106,2,54,0,0,1,9,1,0,65,6,0,85,167,162,0,0
5736,MAHONINGAKZ,200,194,12,2,75,0,56,0,0,1,11,0,1,44,4,0,63,124,131,0,0
5737,MAHONINGALB,344,391,17,7,109,2,92,0,0,0,19,0,0,95,5,0,106,225,203,0,0
5738,MAHONINGALC,289,317,17,7,132,4,78,0,5,0,13,1,1,88,7,1,88,204,214,0,0
5739,MAHONINGALF,292,268,16,2,125,2,72,2,4,1,8,0,1,88,1,0,99,204,199,0,0
5740,MAHONINGALQ,223,289,24,8,96,2,113,0,4,0,16,0,0,55,2,0,64,141,211,0,0
5741,MAHONINGAMB,235,398,15,10,119,2,118,0,2,1,11,1,3,71,10,0,66,165,239,0,0
5742,MAHONINGAMM,215,298,17,9,94,2,104,1,2,0,18,0,3,39,6,1,57,127,200,0,0
5743,MAHONINGAMS,217,220,13,6,81,1,60,0,1,0,12,0,3,39,2,0,69,126,142,0,0
5744,MAHONINGAMT,424,197,14,0,63,2,45,0,2,0,25,0,0,126,0,0,158,311,110,0,0
5745,MAHONINGAMV,256,233,8,6,61,0,55,0,1,1,4,0,0,68,4,1,82,161,116,0,0
5746,MAHONINGAMW,528,328,11,4,118,1,59,1,4,1,12,1,0,118,10,0,202,349,178,0,0
5747,MAHONINGAMX,394,231,6,1,117,6,61,3,1,0,18,1,2,112,8,0,123,268,184,0,0
5748,MAHONINGAMY,381,235,16,3,74,2,39,0,4,0,23,0,0,119,7,0,136,289,115,0,0
5749,MAHONINGAMZ,511,249,7,3,83,0,53,1,1,0,35,2,1,112,8,0,161,321,136,0,0
5750,MAHONINGANA,454,181,10,2,47,2,50,0,0,0,10,0,0,121,6,1,155,293,99,0,0
5751,MAHONINGAND,173,147,8,1,57,2,62,1,1,0,3,0,0,16,1,0,64,86,121,0,0
5752,MAHONINGANE,250,169,10,2,78,2,52,0,1,0,4,0,0,42,0,0,96,143,132,0,0
5753,MAHONINGANG,393,161,16,7,59,0,60,0,1,0,28,0,0,72,4,0,168,273,119,0,0
5754,MAHONINGANH,469,200,17,7,80,0,68,0,4,0,22,0,0,94,0,0,192,312,148,0,0
5755,MAHONINGANJ,413,101,14,2,34,0,26,0,4,1,36,0,1,78,8,0,131,259,60,0,0
5756,MAHONINGANK,458,159,20,2,41,1,43,1,4,0,43,0,0,107,5,0,110,270,85,0,0
5757,MAHONINGANL,328,107,11,0,33,0,36,0,2,0,30,0,1,68,6,1,94,202,69,0,0
5758,MAHONINGANP,393,150,13,3,48,1,57,1,4,2,23,0,1,92,4,0,122,249,106,0,0
5759,MAHONINGANQ,562,174,26,6,46,0,60,1,5,0,34,1,3,141,7,0,179,371,106,0,0
5760,MAHONINGANR,349,131,14,3,30,0,56,0,3,1,28,0,0,73,5,0,126,236,86,0,0
5761,MAHONINGANT,83,52,4,0,17,0,9,0,2,0,7,0,0,14,0,0,24,47,26,0,0
5762,MAHONINGANU,299,160,17,4,62,1,57,0,0,0,10,0,0,46,5,1,130,192,120,0,0
5763,MAHONINGANV,449,233,21,10,78,0,80,1,1,1,25,0,0,96,7,0,168,299,158,0,0
5764,MAHONINGANX,390,225,18,3,90,3,79,2,0,0,10,0,0,58,6,0,114,190,172,0,0
5765,MAHONINGANY,504,244,20,1,76,2,76,0,5,0,15,0,0,118,8,0,157,303,154,0,0
5766,MAHONINGAOA,278,219,20,7,72,5,68,0,3,1,15,0,1,52,1,0,90,163,145,0,0
5767,MAHONINGAOC,281,210,16,2,104,1,72,1,2,0,16,0,0,64,5,0,121,209,177,0,0
5768,MAHONINGAOE,418,199,16,2,68,2,43,0,4,0,24,0,0,166,12,0,132,338,113,0,0
5769,MAHONINGAOF,247,189,11,3,102,1,46,0,1,0,12,1,0,70,2,0,90,176,149,0,0
5770,MAHONINGAOG,340,252,13,1,111,0,65,4,4,0,11,1,1,113,9,0,135,278,176,0,0
5771,MAHONINGAON,573,338,15,5,152,5,104,3,3,1,19,1,0,154,7,0,202,390,261,0,0
5772,MAHONINGAOO,148,160,4,2,58,2,52,0,1,0,10,0,0,41,3,0,45,100,112,0,0
5773,MAHONINGAOP,258,153,14,3,58,2,51,3,0,2,8,0,0,74,7,1,100,195,111,0,0
5774,MAHONINGAOQ,511,278,20,6,90,1,80,0,1,1,17,0,0,149,11,0,202,381,171,0,0
5775,MAHONINGAOR,151,191,9,2,88,2,58,0,2,1,8,1,0,25,3,0,59,99,148,0,0
5776,MAHONINGAOS,333,248,17,0,129,1,66,2,0,0,21,2,1,93,4,0,119,242,196,0,0
5777,MAHONINGAOT,361,305,21,4,144,2,97,0,0,0,23,0,0,125,10,0,87,245,243,0,0
5778,MAHONINGAOU,360,293,19,5,128,3,86,0,3,0,24,1,0,135,5,0,129,297,217,0,0
5779,MAHONINGAOV,144,131,9,5,56,1,46,1,0,0,7,0,0,24,2,0,44,78,103,0,0
5780,MAHONINGAOW,122,172,2,1,87,1,35,1,0,0,8,0,0,31,1,0,33,74,123,0,0
5781,MAHONINGAOY,414,334,24,3,133,2,119,0,4,0,23,0,0,125,6,0,135,293,254,0,0
5782,MAHONINGAOZ,222,146,16,3,51,0,42,0,5,0,6,0,0,110,6,0,75,202,93,0,0
5783,MAHONINGAPA,222,194,9,1,71,0,49,0,2,2,12,0,0,94,4,0,81,195,120,0,0
5784,MAHONINGAPE,266,90,18,1,24,1,20,1,2,0,12,0,1,73,2,0,64,155,45,0,0
5785,MAHONINGAPF,314,73,13,2,19,0,24,1,1,0,34,0,1,62,1,0,99,199,43,0,0
5786,MAHONINGAPG,90,38,8,0,9,0,7,0,1,0,3,0,0,13,0,0,30,47,16,0,0
5787,MAHONINGAPH,321,87,7,1,26,0,27,1,0,0,23,1,0,94,1,0,68,188,53,0,0
5788,MAHONINGAPI,320,128,17,1,35,2,37,0,1,0,21,1,0,81,3,0,93,200,74,0,0
5789,MAHONINGAPJ,475,248,20,3,103,4,90,1,0,0,24,0,1,87,4,0,156,273,197,0,0
5790,MAHONINGAPK,413,151,13,2,58,1,53,1,2,0,30,0,0,108,5,0,119,265,112,0,0
5791,MAHONINGAPL,361,108,11,1,46,1,53,1,2,0,20,1,0,72,2,1,112,211,100,0,0
5792,MAHONINGAPM,454,265,12,5,98,5,78,1,1,0,26,0,0,115,12,0,133,288,181,0,0
5793,MAHONINGAPN,430,273,18,2,106,0,50,1,0,0,23,0,0,130,9,0,148,311,156,0,0
5794,MAHONINGAPO,275,119,21,2,46,1,42,0,0,1,15,1,0,45,4,0,97,163,89,0,0
5795,MAHONINGAPS,259,202,8,2,90,0,46,1,1,0,14,0,0,58,2,0,75,151,136,0,0
5796,MAHONINGAPT,243,159,10,4,55,0,63,0,2,1,13,1,2,62,6,0,54,141,118,0,0
5797,MAHONINGAPV,373,202,25,7,56,0,44,1,1,0,8,0,0,51,4,0,82,147,100,0,0
5798,MAHONINGAPW,192,193,10,6,85,1,23,3,6,1,9,0,3,153,8,0,31,214,109,0,0
5799,MAHONINGAPX,280,144,17,4,50,0,41,0,0,0,6,0,0,67,0,0,79,152,91,0,0
5800,MAHONINGAPY,213,134,14,9,39,0,32,0,0,0,2,0,0,57,0,0,46,105,71,0,0
5801,MAHONINGAQA,112,126,12,0,35,0,44,0,0,0,13,0,1,10,3,0,37,64,79,0,0
5802,MAHONINGAQB,168,172,8,2,69,2,53,0,1,0,15,0,0,23,4,0,53,96,124,0,0
5803,MAHONINGAQD,147,195,9,3,75,2,53,1,0,1,9,1,0,24,0,0,35,71,130,0,0
5804,MAHONINGAQF,195,233,12,7,103,2,63,0,0,0,5,0,1,33,1,0,53,93,168,0,0
5805,MAHONINGAQH,182,318,10,8,107,1,89,0,1,0,4,0,0,22,0,0,60,87,197,0,0
5806,MAHONINGAQI,83,401,3,2,114,2,60,0,0,0,5,0,0,8,0,0,23,36,176,0,0
5807,MAHONINGAQJ,117,454,6,4,161,1,84,1,0,0,5,0,1,11,0,0,39,57,246,0,0
5808,MAHONINGAQK,136,315,8,7,126,0,64,0,1,0,6,0,0,18,3,0,37,65,190,0,0
5809,MAHONINGAQL,146,268,7,5,106,1,66,0,3,1,10,0,0,21,4,0,56,95,173,0,0
5810,MAHONINGAQR,48,286,8,1,70,1,49,0,0,0,0,0,0,5,0,0,8,13,120,0,0
5811,MAHONINGAQS,42,359,2,3,100,1,48,0,1,1,1,0,1,3,1,0,10,18,149,0,0
5812,MAHONINGAQT,202,433,4,5,147,1,100,0,2,0,10,0,1,43,3,0,53,112,248,0,0
5813,MAHONINGAQU,23,397,1,1,144,0,55,0,0,0,1,0,1,8,1,0,3,14,199,0,0
5814,MAHONINGAQX,281,456,12,6,184,8,113,0,2,2,9,0,1,56,5,0,100,175,305,0,0
5815,MAHONINGAQY,367,413,17,9,202,6,120,0,0,0,21,0,1,73,8,0,123,226,328,0,0
5816,MAHONINGAQZ,394,418,24,6,199,3,157,0,1,1,11,0,1,80,7,0,123,224,359,0,0
5817,MAHONINGARA,227,351,11,8,139,2,105,0,0,0,7,0,3,39,3,0,68,120,246,0,0
5818,MAHONINGARB,283,391,21,8,182,5,124,0,2,0,7,0,1,70,5,1,101,187,311,0,0
5819,MAHONINGARC,40,365,4,6,133,1,53,0,1,0,3,0,0,11,1,0,7,23,187,0,0
5820,MAHONINGARL,236,332,16,5,123,2,96,0,0,0,10,0,0,37,0,0,64,111,221,0,0
5821,MAHONINGARM,198,419,23,9,117,1,112,0,1,0,8,0,0,27,1,0,65,102,230,0,0
5822,MAHONINGARN,226,374,9,8,146,4,109,0,1,0,8,1,0,31,1,0,77,119,259,0,0
5823,MAHONINGARO,135,321,6,8,121,2,71,0,0,1,2,0,0,17,1,0,41,62,194,0,0
5824,MAHONINGARX,65,507,12,14,188,3,99,0,2,1,1,0,0,28,2,0,23,57,290,0,0
5825,MAHONINGARY,58,517,1,3,203,1,73,2,3,0,2,0,0,20,2,1,5,35,277,0,0
5826,MAHONINGARZ,61,536,2,7,224,2,92,0,0,0,6,0,0,13,0,0,12,31,318,0,0
5827,MAHONINGASA,48,397,3,4,123,2,49,0,3,0,5,0,0,5,0,0,7,20,174,0,0
5828,MAHONINGASB,115,668,8,11,300,2,144,0,2,0,15,1,0,32,3,0,30,83,446,0,0
5829,MAHONINGASG,13,352,3,1,142,0,50,0,0,0,0,0,0,2,1,0,1,4,192,0,0
5830,MAHONINGASI,21,545,4,3,184,0,46,0,0,0,3,1,0,2,0,0,4,10,230,0,0
5831,MAHONINGASJ,58,391,7,4,135,0,49,0,0,0,5,0,0,6,1,0,25,37,184,0,0
5832,MAHONINGASL,334,234,16,6,94,2,66,0,0,1,22,0,0,119,6,0,104,252,162,0,0
5833,MAHONINGASM,161,194,5,9,77,2,60,0,1,0,9,0,0,41,0,0,62,113,139,0,0
5834,MAHONINGASN,250,252,19,3,99,2,91,0,0,0,14,0,0,77,2,0,101,194,192,0,0
5835,MAHONINGASO,241,319,12,0,120,1,97,0,1,0,8,0,0,36,3,0,87,135,218,0,0
5836,MAHONINGASP,344,300,14,4,133,0,99,0,3,1,14,0,1,63,2,0,139,223,232,0,0
5837,MAHONINGASQ,106,96,5,1,36,1,31,0,0,0,7,0,0,17,1,0,34,59,68,0,0
5838,MAHONINGASR,463,375,22,4,138,2,107,0,1,0,26,0,0,97,7,0,151,282,247,0,0
5839,MAHONINGASS,303,270,27,1,104,1,76,0,0,1,11,0,1,82,7,0,92,194,181,0,0
5840,MAHONINGASW,441,365,5,4,153,4,100,0,1,1,17,1,1,138,9,0,151,319,257,0,0
5841,MAHONINGASX,269,211,6,2,82,1,49,0,2,1,18,0,0,69,2,0,80,172,132,0,0
5842,MAHONINGASY,197,261,15,6,101,3,74,1,0,0,8,0,1,53,1,1,64,129,178,0,0
5843,MAHONINGASZ,207,172,11,5,68,3,47,0,1,0,14,0,0,63,7,0,70,155,118,0,0
5844,MAHONINGATA,400,353,24,7,133,4,87,1,1,0,17,0,0,102,6,0,127,254,224,0,0
5845,MAHONINGATB,373,199,13,5,79,0,55,0,0,0,14,0,1,74,5,0,137,231,134,0,0
5846,MAHONINGATC,370,297,13,5,105,1,67,0,1,0,12,1,0,101,4,0,124,243,173,0,0
5847,MAHONINGATG,390,233,15,3,66,0,46,0,1,0,22,0,0,144,4,0,146,317,112,0,0
5848,MAHONINGATH,520,233,13,0,75,1,54,0,3,0,36,0,0,155,13,0,171,378,130,0,0
5849,MARIONAAA,157,134,12,4,193,1,77,4,6,0,77,1,2,123,26,0,131,370,271,0,0
5850,MARIONAAC,171,135,5,2,39,1,39,0,2,0,17,0,1,43,2,0,37,102,79,0,0
5851,MARIONAAD,222,132,16,8,56,1,36,1,0,1,16,0,0,29,3,0,63,113,93,0,0
5852,MARIONAAE,163,117,13,7,48,0,25,1,1,0,15,0,0,37,0,0,43,97,73,0,0
5853,MARIONAAH,219,258,17,7,91,1,36,0,2,0,20,0,1,30,2,0,57,112,128,0,0
5854,MARIONAAJ,176,119,12,5,46,3,26,0,0,0,16,0,1,23,0,0,40,80,75,0,0
5855,MARIONAAN,146,124,9,2,41,1,19,2,0,0,9,0,0,20,0,0,32,63,61,0,0
5856,MARIONAAO,190,106,9,2,31,1,21,0,0,0,13,0,0,18,1,0,53,85,53,0,0
5857,MARIONAAP,135,77,16,6,27,0,22,0,0,0,16,0,1,23,1,0,31,72,49,0,0
5858,MARIONAAQ,171,83,8,4,40,2,20,0,2,0,19,0,0,17,2,0,47,87,62,0,0
5859,MARIONAAR,168,73,5,4,20,1,18,0,0,0,7,0,0,36,5,0,43,91,39,0,0
5860,MARIONAAS,136,64,11,1,20,0,16,0,1,0,16,0,0,14,2,0,40,73,36,0,0
5861,MARIONAAT,207,102,15,6,46,1,26,0,1,0,8,0,1,59,4,0,41,114,73,0,0
5862,MARIONAAU,88,80,6,3,23,2,33,0,0,0,12,0,1,11,0,0,16,40,58,0,0
5863,MARIONAAV,90,74,8,5,15,0,19,0,0,0,6,0,0,16,0,1,16,39,34,0,0
5864,MARIONAAW,222,130,21,7,37,4,45,0,1,0,24,0,0,38,2,0,50,115,86,0,0
5865,MARIONAAY,310,232,17,7,61,2,60,1,1,0,39,0,1,76,6,0,62,186,123,0,0
5866,MARIONAAZ,195,132,25,5,33,0,49,1,0,0,29,0,0,40,4,0,46,120,82,0,0
5867,MARIONABB,322,203,17,9,62,0,53,0,2,0,27,0,1,55,5,0,84,174,115,0,0
5868,MARIONABD,180,164,19,7,31,1,41,1,0,0,13,0,1,45,0,0,45,105,73,0,0
5869,MARIONABF,325,214,31,9,59,0,61,0,1,1,48,0,1,85,4,0,79,219,120,0,0
5870,MARIONABH,155,140,13,4,56,0,38,1,2,0,25,0,0,42,2,0,36,108,94,0,0
5871,MARIONABI,175,106,17,1,20,0,33,0,1,0,17,0,0,52,2,0,45,117,53,0,0
5872,MARIONABJ,414,222,14,4,69,0,29,0,2,0,48,0,1,190,5,0,101,347,98,0,0
5873,MARIONABK,232,107,10,2,40,0,8,1,1,1,33,0,0,95,0,0,61,192,48,0,0
5874,MARIONABL,210,136,9,3,48,0,21,0,0,0,27,0,0,89,3,0,49,168,69,0,0
5875,MARIONABM,164,113,13,1,35,0,29,2,0,0,16,0,2,50,1,0,28,99,64,0,0
5876,MARIONABN,407,235,33,9,68,1,81,1,0,1,32,0,3,108,5,0,102,252,150,0,0
5877,MARIONABP,215,153,9,1,42,0,34,0,2,0,16,0,0,75,1,0,59,153,76,0,0
5878,MARIONABQ,194,125,9,3,45,0,30,0,2,0,16,0,0,93,3,0,52,166,75,0,0
5879,MARIONABR,105,112,9,2,26,0,25,0,0,1,18,0,0,30,0,0,14,63,51,0,0
5880,MARIONABT,197,69,12,3,27,1,18,0,1,0,19,0,0,41,2,0,70,133,46,0,0
5881,MARIONABU,254,78,14,2,25,0,12,1,0,0,39,0,0,54,2,0,67,163,37,0,0
5882,MARIONABW,167,69,12,1,18,0,23,0,2,0,15,0,1,33,2,0,31,84,41,0,0
5883,MARIONABX,224,69,11,3,19,0,20,0,0,0,24,0,0,59,1,0,50,134,39,0,0
5884,MARIONABY,581,215,30,7,79,1,43,0,1,0,75,1,2,193,7,0,132,411,123,0,0
5885,MARIONACA,423,107,20,6,30,1,38,2,5,0,62,0,1,103,3,0,121,297,69,0,0
5886,MARIONACB,191,57,6,3,17,2,27,0,5,0,31,1,0,53,3,0,48,141,46,0,0
5887,MARIONACC,231,70,8,0,26,1,8,3,0,0,44,0,0,71,0,0,47,165,35,0,0
5888,MARIONACD,175,76,11,2,26,0,18,1,0,0,25,0,0,41,0,0,43,110,44,0,0
5889,MARIONACE,104,42,12,1,7,0,15,0,0,0,9,0,0,14,2,0,36,61,22,0,0
5890,MARIONACF,336,70,22,0,29,2,25,0,0,0,41,0,0,62,1,0,107,211,56,0,0
5891,MARIONACG,279,163,25,5,42,2,43,0,0,0,37,0,1,70,2,0,68,178,87,0,0
5892,MARIONACH,337,175,20,1,59,2,46,2,0,0,42,0,1,120,4,0,70,239,107,0,0
5893,MARIONACI,236,99,16,3,33,0,20,0,3,0,37,0,0,91,2,0,63,196,53,0,0
5894,MARIONACJ,193,82,15,2,23,0,16,0,0,1,34,0,0,78,0,0,61,174,39,0,0
5895,MARIONACK,223,84,10,1,30,1,26,0,0,1,24,0,0,75,4,0,56,160,57,0,0
5896,MARIONACL,316,194,15,8,65,0,49,0,1,0,22,2,4,74,3,0,76,182,114,0,0
5897,MARIONACN,514,221,50,5,74,0,58,0,0,0,54,0,0,113,5,1,113,286,132,0,0
5898,MARIONACP,179,68,8,4,24,1,10,0,1,0,19,0,0,43,2,0,42,107,35,0,0
5899,MARIONACQ,169,62,3,4,33,0,20,0,0,0,10,0,0,38,1,0,46,95,53,0,0
5900,MARIONACR,377,110,14,0,32,0,23,0,2,1,49,0,0,72,2,0,97,223,55,0,0
5901,MARIONACT,489,133,31,6,51,1,36,2,1,0,41,0,1,99,0,0,120,264,88,0,0
5902,MARIONACU,438,128,10,2,40,3,19,3,1,0,40,0,0,144,5,0,93,286,62,0,0
5903,MARIONACV,401,148,26,3,45,3,31,0,3,0,44,0,0,106,5,0,104,262,79,0,0
5904,MARIONACW,226,60,5,0,21,0,21,2,0,0,37,0,0,46,4,0,50,139,42,0,0
5905,MARIONACX,294,116,10,5,21,2,17,1,2,0,42,0,2,96,11,0,63,217,40,0,0
5906,MARIONACY,334,115,16,1,40,0,23,0,2,1,53,0,0,102,4,0,73,235,63,0,0
5907,MARIONACZ,289,118,12,2,36,0,23,0,2,0,28,0,0,95,7,0,82,214,59,0,0
5908,MARIONADA,385,84,15,3,22,0,19,1,0,1,34,0,1,107,3,0,113,260,41,0,0
5909,MARIONADC,397,138,25,1,41,4,37,0,1,0,56,1,1,109,10,0,76,254,82,0,0
5910,MARIONADE,317,90,12,2,21,0,28,0,1,1,35,0,0,87,3,0,73,200,49,0,0
5911,MARIONADF,459,145,28,3,54,1,32,1,2,0,59,0,0,166,8,0,93,329,87,0,0
5912,MARIONADI,513,114,16,4,33,0,30,0,2,0,72,0,0,127,4,2,105,312,63,0,0
5913,MARIONADK,449,157,18,5,33,2,44,1,4,0,65,1,0,133,3,0,86,293,79,0,0
5914,MEDINAAAA,583,381,31,9,117,4,86,1,0,0,52,2,1,193,5,0,136,390,207,0,0
5915,MEDINAAAB,382,245,25,7,83,1,59,1,0,0,26,0,1,105,2,0,97,232,143,0,0
5916,MEDINAAAC,661,426,36,8,112,0,80,0,1,0,39,0,1,193,9,0,173,416,192,0,0
5917,MEDINAAAE,388,225,15,1,67,2,65,1,2,0,30,0,0,98,5,0,92,228,134,0,0
5918,MEDINAAAG,615,379,35,4,89,0,75,0,2,3,38,1,0,237,9,0,170,460,164,0,0
5919,MEDINAAAI,358,234,23,9,68,1,56,1,1,0,20,0,0,89,5,0,93,209,125,0,0
5920,MEDINAAAJ,494,364,33,11,100,3,83,0,1,0,43,1,0,146,7,1,127,326,186,0,0
5921,MEDINAAAK,494,355,39,8,102,2,101,0,1,0,44,0,0,126,5,1,143,320,205,0,0
5922,MEDINAAAL,460,372,33,8,114,0,97,1,2,1,47,0,0,110,5,0,118,284,211,0,0
5923,MEDINAAAN,315,187,16,3,56,1,51,0,1,1,10,0,0,101,6,0,89,208,108,0,0
5924,MEDINAAAP,393,256,15,4,80,1,82,0,0,0,24,0,0,110,3,0,110,247,163,0,0
5925,MEDINAAAQ,462,343,24,5,81,0,68,0,2,0,27,0,1,150,2,0,144,326,149,0,0
5926,MEDINAAAR,447,252,37,6,71,0,46,1,0,0,43,0,0,165,8,1,132,350,117,0,0
5927,MEDINAAAS,258,245,21,3,72,1,63,1,1,0,23,0,0,81,6,0,56,168,136,0,0
5928,MEDINAAAU,432,302,18,10,71,0,70,0,0,0,26,0,0,119,7,0,112,264,141,0,0
5929,MEDINAAAW,409,318,28,5,87,2,55,0,0,0,32,0,0,93,9,0,94,228,144,0,0
5930,MEDINAAAX,411,304,25,2,87,0,46,2,2,0,39,1,1,119,6,0,108,278,133,0,0
5931,MEDINAAAY,560,397,34,11,104,3,94,1,0,1,44,0,0,136,9,0,151,342,201,0,0
5932,MEDINAAAZ,330,263,22,5,73,2,43,1,0,0,25,0,0,81,6,1,92,206,118,0,0
5933,MEDINAABA,434,301,17,5,73,0,63,0,2,1,42,0,0,152,5,0,114,316,136,0,0
5934,MEDINAABE,225,164,13,7,38,0,69,0,1,0,20,0,0,48,3,0,54,126,107,0,0
5935,MEDINAABF,166,232,23,6,48,0,42,0,1,0,8,0,0,41,3,0,43,96,90,0,0
5936,MEDINAABG,419,387,25,8,97,1,95,0,3,0,23,0,1,139,5,2,104,277,193,0,0
5937,MEDINAABH,519,295,27,5,55,0,74,0,0,1,46,0,3,121,6,0,119,296,129,0,0
5938,MEDINAABI,579,439,35,4,119,1,85,1,2,0,52,1,1,252,13,0,128,450,205,0,0
5939,MEDINAABJ,333,321,29,10,76,0,65,1,1,0,37,0,0,128,6,0,70,243,141,0,0
5940,MEDINAABL,359,284,19,6,75,2,50,3,1,0,21,0,3,141,8,0,73,250,127,0,0
5941,MEDINAABM,449,354,31,5,80,0,85,0,2,1,43,0,2,219,21,0,94,382,165,0,0
5942,MEDINAABP,350,285,30,9,66,1,74,0,0,0,26,0,2,135,9,0,60,232,141,0,0
5943,MEDINAABQ,423,301,31,6,54,1,88,3,2,0,35,0,1,161,11,0,103,316,143,0,0
5944,MEDINAABS,472,302,34,3,75,1,89,1,2,0,44,0,0,181,9,0,102,339,165,0,0
5945,MEDINAABU,486,414,35,11,82,0,56,0,1,1,35,0,0,231,10,0,97,375,138,0,0
5946,MEDINAABW,429,336,29,9,95,2,85,0,2,1,29,0,0,154,8,1,91,286,182,0,0
5947,MEDINAABX,548,395,36,9,101,2,83,0,3,0,46,0,0,232,17,0,129,427,186,0,0
5948,MEDINAABZ,397,208,27,6,49,3,53,3,2,0,35,1,0,128,4,0,98,271,105,0,0
5949,MEDINAACB,430,300,25,3,78,1,35,0,0,0,44,0,0,201,6,0,73,324,114,0,0
5950,MEDINAACD,349,264,33,5,71,1,60,1,0,0,43,0,0,115,7,0,74,240,132,0,0
5951,MEDINAACE,262,169,22,0,39,0,53,2,3,0,27,1,0,81,0,0,59,173,92,0,0
5952,MEDINAACF,454,309,9,7,79,1,50,2,2,1,40,0,4,166,7,1,100,323,130,0,0
5953,MEDINAACG,351,287,25,5,78,0,46,1,1,0,24,0,0,147,4,0,76,253,124,0,0
5954,MEDINAACJ,411,316,35,9,75,0,79,0,3,0,42,0,0,191,13,0,82,331,154,0,0
5955,MEDINAACK,294,197,19,6,37,0,59,3,2,0,32,0,0,109,4,0,71,221,96,0,0
5956,MEDINAACL,483,289,25,11,58,0,59,1,0,0,36,0,0,186,10,0,99,332,117,0,0
5957,MEDINAACM,448,344,27,4,77,0,62,0,3,2,36,0,1,220,12,0,112,386,139,0,0
5958,MEDINAACP,423,302,38,4,70,0,66,2,4,0,32,0,0,141,8,0,84,271,136,0,0
5959,MEDINAACQ,403,282,38,13,58,1,100,1,5,0,30,0,1,104,6,0,96,243,159,0,0
5960,MEDINAACS,586,357,32,10,80,3,68,0,0,0,62,0,1,215,13,0,123,414,151,0,0
5961,MEDINAACT,341,295,33,11,57,2,99,1,2,0,26,0,1,87,5,0,61,183,158,0,0
5962,MEDINAACU,508,347,29,4,63,1,67,0,2,0,43,2,1,166,9,0,112,335,131,0,0
5963,MEDINAACV,525,359,36,5,84,0,86,0,2,0,52,1,1,212,6,0,132,406,170,0,0
5964,MEDINAACY,449,265,12,5,84,2,60,1,2,0,39,0,1,132,1,0,131,307,146,0,0
5965,MEDINAACZ,604,335,39,4,85,1,59,0,2,1,36,0,0,193,9,0,154,395,145,0,0
5966,MEDINAADA,566,430,31,11,124,2,96,0,5,0,39,1,1,214,12,0,148,420,222,0,0
5967,MEDINAADB,440,249,24,6,83,1,41,0,3,0,40,0,2,131,6,0,120,302,125,0,0
5968,MEDINAADC,570,316,28,6,88,0,53,1,3,0,42,0,0,189,5,0,169,409,141,0,0
5969,MEDINAADD,453,196,13,3,55,1,48,0,2,0,39,0,2,133,10,0,124,310,104,0,0
5970,MEDINAADE,368,164,21,3,44,1,50,0,0,0,36,0,0,135,8,0,94,273,95,0,0
5971,MEDINAADF,360,226,15,8,48,0,47,0,1,0,20,0,2,168,5,0,101,297,95,0,0
5972,MEDINAADG,451,235,34,3,55,1,70,0,0,0,39,0,0,200,2,1,80,322,126,0,0
5973,MEDINAADH,554,221,29,4,50,1,40,0,3,0,49,0,0,193,10,0,171,426,91,0,0
5974,MEDINAADI,344,184,22,3,40,0,40,0,2,0,42,0,0,128,4,0,119,295,80,0,0
5975,MEDINAADJ,612,244,36,5,56,1,59,0,1,0,49,0,0,206,10,0,161,427,116,0,0
5976,MEDINAADL,577,239,24,1,58,0,68,1,2,0,65,0,0,198,15,0,136,417,126,0,0
5977,MEDINAADN,306,185,22,1,63,1,38,0,1,0,26,0,0,127,3,0,81,238,102,0,0
5978,MEDINAADO,410,244,20,3,61,1,54,0,2,0,33,0,2,145,10,0,80,272,116,0,0
5979,MEDINAADP,664,239,31,15,66,0,59,0,2,0,41,2,5,220,4,0,194,468,125,0,0
5980,MEDINAADR,300,143,26,8,36,1,42,0,3,0,7,0,1,73,2,1,81,168,79,0,0
5981,MEDINAADS,380,210,26,5,50,1,44,3,1,0,29,1,1,141,3,0,101,280,95,0,0
5982,MEDINAADU,767,335,15,11,67,0,86,0,2,0,71,0,0,261,13,0,218,565,153,0,0
5983,MEDINAADW,572,283,19,5,62,0,44,0,3,0,38,0,0,183,3,0,168,395,106,0,0
5984,MEDINAADX,617,293,34,2,68,1,65,1,0,0,48,1,0,228,7,0,170,455,134,0,0
5985,MEDINAADY,480,206,16,7,48,0,51,1,2,0,48,0,1,163,6,0,147,368,99,0,0
5986,MEDINAADZ,659,296,25,7,68,0,90,3,3,0,60,0,0,211,10,0,207,494,158,0,0
5987,MEDINAAEC,362,163,15,9,47,0,56,1,3,0,38,0,0,126,5,0,107,280,103,0,0
5988,MEDINAAED,546,223,19,4,52,3,57,0,2,0,37,0,0,182,6,0,157,384,112,0,0
5989,MEDINAAEE,511,232,23,8,48,0,61,0,1,0,53,1,0,157,4,0,100,316,109,0,0
5990,MEDINAAEF,422,172,26,7,39,0,38,0,0,0,31,0,0,121,10,0,96,258,77,0,0
5991,MEDINAAEH,447,203,13,5,66,1,52,0,0,0,30,0,3,139,4,0,123,299,119,0,0
5992,MEDINAAEI,197,124,9,7,39,0,34,0,1,0,13,0,1,65,1,1,66,148,73,0,0
5993,MEDINAAEJ,613,246,17,7,62,1,67,0,2,0,65,0,0,111,12,0,180,370,130,0,0
5994,MEDINAAEL,603,261,24,10,67,2,82,1,0,0,53,0,1,171,9,0,152,387,151,0,0
5995,MEDINAAEM,551,244,27,2,56,0,49,0,2,0,42,0,0,160,6,0,129,339,105,0,0
5996,MEDINAAEN,672,343,20,5,78,2,57,3,4,0,63,0,0,221,6,0,173,470,137,0,0
5997,MEDINAAEO,405,168,15,6,38,0,36,0,0,1,29,0,1,130,4,0,113,278,74,0,0
5998,MEDINAAEP,459,223,25,4,60,0,39,1,2,0,26,1,0,138,5,0,114,287,99,0,0
5999,MEDINAAEQ,480,211,13,3,57,1,50,0,0,0,48,0,0,187,9,0,139,383,108,0,0
6000,MEDINAAER,616,353,23,6,90,0,53,1,1,0,54,0,1,306,6,0,166,535,143,0,0
6001,MEDINAAES,500,357,34,5,94,0,53,1,0,1,38,0,1,217,13,0,127,398,147,0,0
6002,MEDINAAET,453,208,10,7,58,1,45,1,0,0,46,0,1,148,6,1,137,340,104,0,0
6003,MEDINAAEU,503,244,18,9,53,3,34,1,2,0,47,0,0,157,11,0,130,348,90,0,0
6004,MEDINAAEW,323,240,24,0,60,0,47,1,3,0,26,0,1,144,7,0,71,253,107,0,0
6005,MEDINAAEX,466,302,21,2,81,0,56,0,1,0,41,0,1,153,10,0,113,319,137,0,0
6006,MEDINAAEY,748,421,42,14,87,1,86,2,0,1,88,0,2,280,12,1,183,569,174,0,0
6007,MEDINAAEZ,873,322,35,3,58,0,63,2,3,0,68,1,0,310,15,0,204,603,121,0,0
6008,MEDINAAFA,736,380,41,5,85,0,66,0,6,0,77,1,0,308,14,0,165,571,151,0,0
6009,MEDINAAFB,425,331,27,9,75,1,61,0,2,0,38,0,0,191,6,0,76,313,137,0,0
6010,MEDINAAFC,516,298,29,6,64,1,48,0,0,0,56,2,2,252,14,0,105,431,113,0,0
6011,MEDINAAFD,600,342,32,8,75,1,62,1,1,1,52,1,2,239,7,0,145,449,138,0,0
6012,MEDINAAFE,483,219,25,7,59,0,50,0,1,0,43,0,0,158,11,0,127,340,109,0,0
6013,MEDINAAFF,610,294,31,12,60,0,40,0,2,0,48,0,0,240,11,0,145,446,100,0,0
6014,MEDINAAFG,360,199,17,2,65,0,39,0,0,1,34,0,0,128,2,0,111,276,104,0,0
6015,MEDINAAFH,602,231,26,10,67,1,68,0,4,0,47,0,1,139,8,0,159,358,136,0,0
6016,MEDINAAFI,192,91,20,1,23,1,24,1,1,0,26,0,1,54,1,0,45,129,48,0,0
6017,MEDINAAFJ,508,258,29,3,51,1,58,1,6,0,40,0,0,164,10,0,111,332,110,0,0
6018,MEDINAAFK,376,160,25,8,38,0,47,0,5,0,32,0,0,127,7,0,80,251,85,0,0
6019,MEDINAAFL,675,294,27,9,68,2,57,1,1,0,98,0,0,228,4,0,170,502,127,0,0
6020,MEDINAAFN,125,57,4,6,18,0,27,0,0,0,9,1,1,29,4,0,33,77,45,0,0
6021,MEDINAAFO,420,180,14,7,48,0,48,1,3,0,49,0,1,135,3,0,100,292,96,0,0
6022,MEDINAAFP,526,199,32,9,52,1,60,0,6,0,59,1,2,164,7,0,124,363,113,0,0
6023,MEDINAAFQ,485,235,29,2,62,0,41,2,2,0,49,1,1,247,13,0,127,442,103,0,0
6024,MEDINAAFR,656,280,28,9,80,0,66,2,4,1,55,1,0,198,11,0,172,444,146,0,0
6025,MEDINAAFT,791,399,31,6,106,1,82,0,4,0,53,1,0,207,9,0,208,482,189,0,0
6026,MEDINAAFV,280,238,12,4,61,0,48,0,1,1,26,1,0,82,1,0,84,196,109,0,0
6027,MEDINAAFW,379,295,24,2,72,0,66,0,0,0,30,0,0,157,5,0,89,281,138,0,0
6028,MEDINAAFY,428,282,22,4,54,0,38,0,0,0,29,0,0,163,10,0,111,313,92,0,0
6029,MEDINAAFZ,453,263,15,4,62,0,35,0,2,0,26,0,0,190,10,0,115,343,97,0,0
6030,MEDINAAGA,623,376,43,2,99,0,58,2,1,0,47,0,2,172,10,0,156,390,157,0,0
6031,MEIGSAAA,419,163,21,8,49,2,62,1,5,1,51,0,0,80,5,0,148,291,113,0,0
6032,MEIGSAAC,488,103,14,4,28,4,31,2,10,0,41,0,1,116,7,0,187,364,63,0,0
6033,MEIGSAAD,496,103,23,0,35,2,32,2,10,0,60,1,2,122,17,0,169,383,69,0,0
6034,MEIGSAAE,370,182,15,7,60,3,63,2,1,0,34,1,1,73,8,0,121,241,126,0,0
6035,MEIGSAAF,252,97,11,6,36,2,24,2,2,0,13,0,1,49,4,0,85,156,62,0,0
6036,MEIGSAAG,274,65,3,0,31,3,21,3,0,0,10,0,0,55,1,2,122,193,55,0,0
6037,MEIGSAAH,298,94,7,1,31,1,28,1,4,2,23,1,2,75,6,0,93,207,60,0,0
6038,MEIGSAAI,248,70,14,3,36,2,30,0,1,0,14,0,0,55,3,0,85,158,68,0,0
6039,MEIGSAAJ,417,92,15,2,35,3,41,2,6,0,30,0,0,88,9,0,129,264,79,0,0
6040,MEIGSAAK,266,72,12,1,14,3,25,3,6,0,21,0,1,69,6,0,81,187,42,0,0
6041,MEIGSAAL,154,41,3,0,19,1,9,3,1,1,14,1,1,31,1,0,50,103,29,0,0
6042,MEIGSAAM,337,81,10,6,27,1,39,2,6,0,31,0,1,66,5,0,112,223,67,0,0
6043,MEIGSAAN,314,75,9,3,25,3,29,3,6,2,34,0,2,47,2,0,108,204,57,0,0
6044,MEIGSAAO,219,58,5,1,30,3,15,1,2,0,30,0,1,45,1,0,75,155,48,0,0
6045,MEIGSAAP,229,65,5,0,21,1,14,1,3,1,34,0,0,52,11,0,50,152,36,0,0
6046,MEIGSAAQ,165,46,3,0,16,1,19,0,0,0,18,0,0,39,0,0,40,97,36,0,0
6047,MEIGSAAR,171,81,8,3,34,0,24,1,1,0,17,0,2,41,6,0,40,108,58,0,0
6048,MEIGSAAS,160,80,14,0,30,0,30,0,4,1,20,0,1,43,2,0,48,119,60,0,0
6049,MEIGSAAT,174,98,10,1,35,2,22,0,2,3,12,0,1,65,7,1,57,148,59,0,0
6050,MEIGSAAU,110,44,3,6,4,1,28,1,0,0,15,0,1,21,2,0,37,77,33,0,0
6051,MEIGSAAV,181,84,13,5,40,2,26,1,3,0,16,1,0,49,11,0,47,128,68,0,0
6052,MEIGSAAW,82,39,5,1,12,0,9,1,0,0,9,1,3,17,2,1,31,65,21,0,0
6053,MEIGSAAX,326,133,18,1,48,0,53,2,2,1,32,1,4,54,3,0,115,214,101,0,0
6054,MEIGSAAY,282,83,11,1,31,3,32,1,3,1,20,0,0,66,4,0,107,202,66,0,0
6055,MEIGSAAZ,328,62,6,4,19,3,24,5,6,0,27,0,3,84,9,1,102,237,46,0,0
6056,MEIGSABA,259,55,9,2,22,1,14,1,5,0,19,1,0,67,7,0,82,182,37,0,0
6057,MEIGSABB,290,94,13,0,39,0,31,1,3,1,23,0,1,91,11,0,90,221,70,0,0
6058,MERCERAAA,531,185,27,6,54,0,53,0,2,1,60,1,0,146,10,1,143,364,107,0,0
6059,MERCERAAD,456,169,12,3,54,1,37,4,2,1,70,0,2,154,9,0,98,340,92,0,0
6060,MERCERAAE,439,164,17,3,49,1,23,0,0,1,64,0,0,124,6,0,100,295,73,0,0
6061,MERCERAAF,399,157,29,3,41,2,45,0,2,0,46,0,1,67,4,0,99,219,88,0,0
6062,MERCERAAG,313,122,24,3,37,1,40,1,2,0,35,0,2,63,2,0,55,160,78,0,0
6063,MERCERAAH,335,156,21,6,42,2,53,3,3,1,49,0,0,80,2,0,58,196,97,0,0
6064,MERCERAAI,365,131,22,9,31,0,39,2,3,0,45,1,1,80,1,0,84,217,70,0,0
6065,MERCERAAJ,351,109,14,3,34,0,21,0,1,0,52,0,0,110,10,0,67,240,55,0,0
6066,MERCERAAK,236,40,9,3,10,2,11,0,2,2,33,0,1,47,1,0,49,135,23,0,0
6067,MERCERAAL,469,51,5,1,8,0,7,0,3,0,68,0,1,133,5,0,101,311,15,0,0
6068,MERCERAAM,547,59,14,2,18,1,20,0,1,0,75,0,0,148,8,1,88,321,39,0,0
6069,MERCERAAN,506,111,22,2,43,4,21,2,7,2,70,0,0,148,9,0,92,330,68,0,0
6070,MERCERAAO,386,82,5,4,32,1,33,0,1,0,43,0,0,96,6,0,73,219,66,0,0
6071,MERCERAAQ,444,114,13,5,37,1,32,0,4,0,61,1,7,104,3,0,66,246,70,0,0
6072,MERCERAAS,476,75,6,6,21,2,27,2,0,1,78,0,0,101,4,0,100,286,50,0,0
6073,MERCERAAT,475,92,12,1,32,1,32,0,1,2,77,0,2,111,5,0,112,310,65,0,0
6074,MERCERAAU,387,92,14,6,37,3,29,1,2,0,37,0,0,87,6,0,84,217,69,0,0
6075,MERCERAAW,546,135,13,2,44,0,16,2,1,0,50,0,0,132,8,0,137,330,60,0,0
6076,MERCERAAX,564,123,20,4,28,0,23,1,1,0,46,0,0,138,5,0,157,348,51,0,0
6077,MERCERAAY,546,23,4,2,14,0,3,2,2,0,71,0,3,119,4,0,118,319,17,0,0
6078,MERCERAAZ,406,24,6,0,10,0,8,0,2,0,33,0,0,131,4,1,54,225,18,0,0
6079,MERCERABC,708,97,32,5,26,1,37,0,5,3,63,0,0,231,9,0,109,420,64,0,0
6080,MERCERABD,510,76,12,1,20,1,12,0,3,0,32,0,0,167,8,1,83,294,33,0,0
6081,MERCERABE,449,80,12,5,28,0,18,1,2,0,54,0,0,114,8,0,87,266,46,0,0
6082,MERCERABF,308,63,5,2,25,0,16,0,0,0,42,0,1,55,6,0,73,177,41,0,0
6083,MERCERABG,325,118,20,1,33,4,20,1,2,1,28,0,0,108,5,1,73,219,57,0,0
6084,MERCERABH,507,110,14,4,25,0,29,0,3,1,70,0,0,108,7,1,148,338,54,0,0
6085,MERCERABI,376,60,13,2,21,1,18,1,1,1,41,1,1,60,3,0,80,189,40,0,0
6086,MERCERABL,792,83,27,3,31,0,21,3,4,1,83,0,0,262,9,1,114,477,52,0,0
6087,MERCERABM,854,50,24,1,22,3,21,0,6,0,106,0,0,246,9,1,135,503,46,0,0
6088,MERCERABN,651,84,20,4,34,1,13,3,10,1,51,0,2,168,9,1,120,365,48,0,0
6089,MERCERABO,670,42,11,2,11,1,6,0,4,0,73,0,2,189,8,0,112,388,18,0,0
6090,MERCERABQ,521,95,22,3,28,1,40,1,1,0,49,0,2,73,8,1,164,299,69,0,0
6091,MERCERABS,591,60,11,0,17,0,12,0,1,0,71,1,0,108,4,0,147,332,29,0,0
6092,MERCERABT,615,127,20,3,43,4,26,0,1,0,51,0,2,200,16,0,121,391,73,0,0
6093,MERCERABU,452,25,10,0,9,1,9,1,2,1,64,0,0,121,3,0,73,265,19,0,0
6094,MIAMIAAA,197,88,21,3,22,0,24,1,1,1,9,0,3,45,2,0,55,117,46,0,0
6095,MIAMIAAB,250,140,14,5,27,0,31,0,2,1,14,0,0,54,2,0,60,133,58,0,0
6096,MIAMIAAC,317,139,24,3,40,1,37,0,2,1,25,2,1,68,2,0,92,193,78,0,0
6097,MIAMIAAD,307,151,17,1,41,3,27,1,3,0,28,0,0,66,1,0,87,186,71,0,0
6098,MIAMIAAE,318,155,23,4,49,0,29,1,0,1,21,0,1,89,1,0,74,188,78,0,0
6099,MIAMIAAF,407,193,20,6,56,0,40,0,0,0,38,0,3,98,1,1,111,252,96,0,0
6100,MIAMIAAG,381,220,25,6,45,1,40,1,4,0,51,0,0,108,6,0,109,279,86,0,0
6101,MIAMIAAH,246,122,12,3,32,0,37,1,2,0,22,0,2,64,1,1,75,168,69,0,0
6102,MIAMIAAI,276,138,21,3,33,1,27,3,3,0,20,0,0,71,7,0,74,178,61,0,0
6103,MIAMIAAJ,377,163,23,0,37,2,21,1,4,0,27,2,0,90,1,1,100,226,60,0,0
6104,MIAMIAAK,284,125,19,3,29,0,34,0,2,0,17,0,0,79,1,0,81,180,63,0,0
6105,MIAMIAAL,332,148,25,8,34,0,38,1,2,0,29,1,0,73,7,0,81,194,72,0,0
6106,MIAMIAAM,364,157,17,0,39,0,27,2,2,1,26,1,0,98,4,0,105,239,66,0,0
6107,MIAMIAAN,391,124,7,4,32,2,19,1,1,1,28,3,0,165,7,0,119,325,53,0,0
6108,MIAMIAAO,437,162,11,2,40,0,17,3,1,1,46,2,2,166,7,0,110,338,57,0,0
6109,MIAMIAAP,335,146,11,2,36,0,16,0,2,0,29,1,4,113,7,0,92,248,52,0,0
6110,MIAMIAAQ,263,165,13,1,31,0,29,0,2,0,28,1,0,65,6,0,70,172,60,0,0
6111,MIAMIAAR,486,163,23,4,34,3,43,1,8,0,52,0,3,174,14,0,136,388,80,0,0
6112,MIAMIAAS,513,164,19,5,43,0,28,1,4,0,41,1,1,177,9,0,135,369,71,0,0
6113,MIAMIAAT,552,234,35,4,50,1,61,1,5,1,45,0,1,156,9,0,173,391,112,0,0
6114,MIAMIAAU,552,234,37,4,64,1,50,3,7,0,48,1,0,193,15,0,202,469,115,0,0
6115,MIAMIAAV,569,168,26,2,45,1,27,1,2,0,57,1,1,272,17,1,173,525,73,0,0
6116,MIAMIAAW,415,201,30,2,61,1,46,0,3,0,39,0,1,146,9,0,145,343,108,0,0
6117,MIAMIAAX,322,134,16,6,28,1,32,1,0,1,39,0,2,86,5,0,80,214,61,0,0
6118,MIAMIAAY,221,111,24,12,20,0,34,0,0,0,27,0,0,61,4,0,53,145,54,0,0
6119,MIAMIAAZ,417,173,21,7,42,0,39,0,2,0,38,0,1,122,6,1,144,314,81,0,0
6120,MIAMIABA,311,119,13,6,20,1,29,1,0,0,22,0,4,90,6,0,89,212,50,0,0
6121,MIAMIABB,455,199,23,2,52,0,24,2,2,0,41,0,2,187,9,0,138,381,76,0,0
6122,MIAMIABC,451,195,27,8,55,2,44,1,4,1,46,1,1,133,2,0,138,327,101,0,0
6123,MIAMIABD,270,257,27,4,47,1,64,2,4,0,37,0,0,64,4,0,82,193,112,0,0
6124,MIAMIABE,165,89,10,2,17,1,28,0,2,1,17,0,1,32,2,0,51,106,46,0,0
6125,MIAMIABF,302,124,29,7,33,0,40,2,4,1,45,0,2,64,5,0,73,196,73,0,0
6126,MIAMIABG,253,166,22,8,46,0,54,1,3,0,39,0,2,97,7,0,71,220,100,0,0
6127,MIAMIABH,774,240,44,6,61,2,48,1,6,0,94,0,1,271,25,0,198,596,111,0,0
6128,MIAMIABI,243,116,13,4,18,1,20,0,0,0,25,1,0,76,2,0,67,171,39,0,0
6129,MIAMIABJ,377,263,30,6,66,1,67,5,1,0,40,0,1,112,12,0,96,267,134,0,0
6130,MIAMIABL,405,248,29,4,59,2,41,3,3,1,42,0,1,159,5,0,103,317,102,0,0
6131,MIAMIABM,526,229,46,7,56,1,55,3,1,0,62,2,0,175,6,0,131,380,112,0,0
6132,MIAMIABN,260,134,26,3,19,0,17,3,1,0,16,0,1,104,8,0,50,183,36,0,0
6133,MIAMIABO,358,141,14,3,24,1,34,0,1,0,49,1,0,91,6,0,105,253,59,0,0
6134,MIAMIABP,442,174,32,5,45,1,64,1,3,2,47,2,0,138,13,0,144,350,110,0,0
6135,MIAMIABQ,544,141,25,1,29,1,34,0,1,1,49,2,1,114,8,1,175,352,64,0,0
6136,MIAMIABR,582,181,25,4,55,1,29,0,1,0,50,1,1,144,7,0,166,370,85,0,0
6137,MIAMIABS,435,98,20,1,31,0,26,1,0,0,39,0,1,128,6,0,117,292,57,0,0
6138,MIAMIABT,610,158,24,2,59,1,29,0,3,0,77,2,4,169,6,0,187,448,89,0,0
6139,MIAMIABU,595,159,21,1,53,0,30,0,1,2,64,0,4,194,5,1,164,435,83,0,0
6140,MIAMIABV,658,131,21,2,36,2,34,1,4,2,46,1,4,179,9,0,185,431,72,0,0
6141,MIAMIABW,299,128,23,2,27,0,22,0,0,1,30,0,0,157,3,0,89,280,49,0,0
6142,MIAMIABX,669,271,31,2,65,0,55,1,3,1,71,0,0,295,19,0,174,564,120,0,0
6143,MIAMIABY,404,89,16,1,29,2,20,0,3,0,22,0,0,131,3,0,124,283,51,0,0
6144,MIAMIABZ,364,134,13,2,41,1,22,2,0,0,36,2,1,188,17,0,89,335,64,0,0
6145,MIAMIACA,735,206,23,2,54,1,45,1,9,2,83,0,2,201,17,0,250,565,100,0,0
6146,MIAMIACB,760,182,25,5,41,1,48,1,10,1,91,1,2,209,14,0,261,590,90,0,0
6147,MIAMIACC,519,142,28,3,53,1,25,0,3,1,49,0,2,153,4,0,208,420,79,0,0
6148,MIAMIACD,385,98,21,5,28,2,33,1,2,1,37,0,2,136,7,0,158,344,63,0,0
6149,MIAMIACE,472,152,16,3,30,1,38,0,0,0,59,0,0,142,8,0,146,355,69,0,0
6150,MIAMIACF,622,201,30,7,46,0,37,4,4,1,62,1,1,211,7,1,211,503,83,0,0
6151,MIAMIACG,663,149,34,3,45,0,32,2,2,2,81,0,1,211,5,0,230,534,77,0,0
6152,MIAMIACH,575,132,15,1,29,2,25,0,5,1,52,0,0,156,10,0,183,407,56,0,0
6153,MIAMIACI,497,105,18,1,26,1,10,1,3,1,52,1,2,89,4,0,169,322,37,0,0
6154,MIAMIACJ,325,110,24,2,37,0,15,1,2,0,22,1,0,71,2,0,95,194,52,0,0
6155,MIAMIACK,369,103,22,7,24,0,25,3,2,0,28,0,1,106,4,0,94,238,49,0,0
6156,MIAMIACL,499,132,15,5,32,0,23,3,3,0,44,0,2,150,6,0,138,346,55,0,0
6157,MIAMIACM,580,120,26,8,18,0,19,1,3,0,77,0,3,155,7,1,176,423,37,0,0
6158,MIAMIACN,398,94,16,2,22,1,17,2,2,0,59,0,1,116,5,0,117,302,40,0,0
6159,MIAMIACO,475,116,24,3,34,1,24,2,6,1,82,0,1,122,11,0,126,351,59,0,0
6160,MIAMIACP,440,132,17,3,32,0,43,1,4,1,43,1,2,127,10,0,129,318,75,0,0
6161,MIAMIACQ,525,118,16,1,29,0,19,0,1,0,60,0,3,168,10,0,175,417,48,0,0
6162,MIAMIACR,367,131,12,4,37,0,24,0,4,1,43,1,0,112,5,0,120,286,61,0,0
6163,MIAMIACS,695,177,24,6,42,0,34,2,5,0,58,0,1,176,10,0,242,494,76,0,0
6164,MIAMIACT,439,94,20,2,31,5,21,0,0,0,42,0,0,107,4,0,151,304,57,0,0
6165,MIAMIACU,373,77,12,1,14,1,18,0,2,0,38,1,0,87,1,0,109,238,33,0,0
6166,MIAMIACV,435,72,12,1,19,1,14,0,5,0,50,0,0,79,7,0,140,281,34,0,0
6167,MIAMIACW,441,106,16,4,23,0,25,0,2,2,46,0,2,107,6,0,148,313,48,0,0
6168,MIAMIACX,551,173,33,5,42,0,49,1,3,0,52,1,0,146,3,0,155,361,91,0,0
6169,MIAMIACY,588,174,19,9,37,2,44,2,9,0,63,0,3,167,7,0,188,439,83,0,0
6170,MIAMIACZ,478,149,18,5,42,0,34,2,4,1,50,0,0,116,6,0,140,319,76,0,0
6171,MIAMIADA,707,180,17,2,43,2,28,1,3,0,49,0,1,206,6,2,226,494,73,0,0
6172,MIAMIADB,209,93,17,5,15,2,31,1,1,0,21,0,2,43,3,0,42,113,48,0,0
6173,MIAMIADC,480,269,22,5,63,1,49,0,2,0,49,0,1,187,10,0,141,390,113,0,0
6174,MIAMIADD,520,203,24,2,30,0,30,0,4,0,70,2,1,219,14,0,143,453,60,0,0
6175,MIAMIADE,591,321,44,6,63,2,39,2,2,0,51,0,2,168,15,0,146,386,104,0,0
6176,MIAMIADF,439,102,15,2,17,1,22,0,2,0,30,0,3,137,10,1,153,336,40,0,0
6177,MIAMIADG,352,87,11,2,15,1,17,2,1,1,42,2,2,127,13,0,98,288,33,0,0
6178,MIAMIADH,294,118,13,0,26,0,22,0,1,0,36,0,0,83,3,0,61,184,48,0,0
6179,MONROEAAA,224,84,4,1,45,9,41,0,2,0,15,0,1,17,1,1,56,93,95,0,0
6180,MONROEAAB,123,22,2,0,15,4,23,2,1,0,15,0,1,8,5,0,26,58,42,0,0
6181,MONROEAAC,117,16,5,0,18,1,15,0,0,0,14,0,2,16,0,0,20,52,34,0,0
6182,MONROEAAE,420,169,17,3,132,17,139,0,1,0,23,0,1,49,11,0,82,167,288,0,0
6183,MONROEAAG,314,118,13,2,80,10,84,0,2,0,20,1,1,39,7,0,61,131,174,0,0
6184,MONROEAAI,366,198,17,4,131,15,102,2,2,1,21,0,1,37,15,0,56,135,248,0,0
6185,MONROEAAK,152,42,4,5,36,0,25,0,0,0,12,0,0,17,4,0,34,67,61,0,0
6186,MONROEAAL,169,60,9,1,41,5,45,0,2,0,11,0,0,23,3,0,33,72,91,0,0
6187,MONROEAAM,162,50,3,1,42,8,37,1,2,0,8,0,1,11,1,0,33,57,87,0,0
6188,MONROEAAN,357,132,8,6,85,7,84,0,3,0,32,0,1,34,7,0,75,152,176,0,0
6189,MONROEAAQ,397,99,18,2,88,13,85,0,2,0,18,0,0,39,8,0,95,162,186,0,0
6190,MONROEAAR,328,127,15,1,88,10,101,0,3,0,19,0,2,45,3,0,78,150,199,0,0
6191,MONROEAAT,159,52,6,0,35,3,41,0,1,1,12,0,1,13,1,0,43,72,79,0,0
6192,MONROEAAV,316,97,9,4,68,12,70,0,0,0,24,0,1,27,6,0,79,137,150,0,0
6193,MONROEAAW,93,33,2,0,23,3,11,0,0,0,10,0,0,7,0,0,30,47,37,0,0
6194,MONROEAAX,239,90,5,2,72,13,62,1,0,0,12,0,0,19,3,1,49,85,147,0,0
6195,MONROEAAZ,491,115,16,2,82,9,92,1,1,1,66,1,2,43,6,0,100,221,183,0,0
6196,MONROEABA,159,60,2,1,41,8,31,0,0,1,19,0,0,17,1,0,46,84,80,0,0
6197,MONROEABB,156,56,5,1,46,2,34,0,1,0,11,0,1,17,2,0,34,66,82,0,0
6198,MONROEABC,126,42,2,0,32,1,29,0,2,0,12,0,0,16,2,0,22,54,62,0,0
6199,MONTGOMERYAAA,363,321,33,7,52,0,107,2,1,0,26,1,1,116,4,0,78,229,159,0,0
6200,MONTGOMERYAAC,519,438,42,12,95,0,88,0,1,0,59,0,0,227,7,0,154,448,183,0,0
6201,MONTGOMERYAAE,303,174,38,6,40,0,41,1,2,0,26,0,0,111,4,0,95,239,81,0,0
6202,MONTGOMERYAAF,497,467,40,9,100,1,111,0,1,0,34,0,1,166,7,0,120,329,212,0,0
6203,MONTGOMERYAAG,721,378,55,12,86,1,83,0,2,2,42,0,1,306,11,0,193,557,170,0,0
6204,MONTGOMERYAAH,481,358,24,5,68,0,68,0,2,0,48,0,0,254,6,0,146,456,136,0,0
6205,MONTGOMERYAAI,593,460,37,4,107,0,69,3,2,0,48,1,0,266,7,0,171,498,176,0,0
6206,MONTGOMERYAAK,681,405,48,9,76,0,77,0,2,0,62,0,0,229,11,0,200,504,153,0,0
6207,MONTGOMERYAAL,420,232,31,2,63,1,32,0,4,0,36,0,0,239,10,0,112,401,96,0,0
6208,MONTGOMERYAAM,572,308,47,4,83,0,64,0,0,1,39,0,1,256,9,0,181,487,147,0,0
6209,MONTGOMERYAAO,413,295,22,3,82,1,49,0,6,0,28,1,1,149,7,1,95,288,132,0,0
6210,MONTGOMERYAAP,464,397,34,10,125,0,60,0,2,0,39,0,1,288,15,0,92,437,185,0,0
6211,MONTGOMERYAAQ,659,425,22,3,125,0,42,1,0,0,52,1,0,302,21,0,197,574,167,0,0
6212,MONTGOMERYAAR,521,364,35,9,90,0,53,0,0,1,43,0,0,265,14,0,130,453,143,0,0
6213,MONTGOMERYAAS,462,323,25,5,91,0,31,1,2,3,31,1,0,260,21,0,124,443,122,0,0
6214,MONTGOMERYAAT,590,332,44,7,98,1,57,0,1,0,41,0,0,284,15,0,194,535,156,0,0
6215,MONTGOMERYABC,544,751,69,5,62,0,112,0,0,0,13,0,0,135,5,0,22,175,174,0,0
6216,MONTGOMERYABD,127,519,36,11,86,0,100,0,0,0,5,0,0,52,3,0,18,78,186,0,0
6217,MONTGOMERYABE,74,320,18,6,83,1,37,0,0,0,3,0,0,41,0,0,22,66,121,0,0
6218,MONTGOMERYABG,166,376,35,14,65,0,157,0,0,1,6,0,0,63,5,1,41,117,222,0,0
6219,MONTGOMERYABH,75,220,20,6,37,1,110,0,0,0,3,0,1,37,1,0,20,62,148,0,0
6220,MONTGOMERYABM,308,302,15,8,69,2,64,0,1,0,16,0,1,42,0,0,77,137,135,0,0
6221,MONTGOMERYABN,133,291,16,11,61,0,116,0,0,0,15,0,0,60,0,0,35,110,177,0,0
6222,MONTGOMERYABP,207,228,22,8,39,0,40,0,2,0,15,0,0,45,4,0,58,124,79,0,0
6223,MONTGOMERYABU,140,164,5,4,37,1,21,0,0,0,3,0,2,19,0,0,37,61,59,0,0
6224,MONTGOMERYABV,193,179,9,3,47,1,31,0,0,0,18,0,0,38,1,0,68,125,79,0,0
6225,MONTGOMERYABW,362,271,43,6,81,0,63,0,0,0,56,0,0,121,7,0,87,271,144,0,0
6226,MONTGOMERYABX,208,353,14,6,90,0,59,0,2,0,25,0,0,41,0,0,63,131,149,0,0
6227,MONTGOMERYABY,157,191,6,5,33,0,45,1,0,0,7,0,0,34,0,0,38,80,78,0,0
6228,MONTGOMERYABZ,326,375,24,8,116,0,97,0,4,0,28,3,0,136,1,0,86,258,213,0,0
6229,MONTGOMERYACA,301,195,14,2,45,1,40,1,1,0,17,1,0,57,1,0,93,171,86,0,0
6230,MONTGOMERYACB,288,240,8,1,67,2,56,0,0,0,9,0,0,51,3,1,71,135,125,0,0
6231,MONTGOMERYACC,527,497,42,5,158,0,93,0,1,0,47,0,0,148,9,0,155,360,251,0,0
6232,MONTGOMERYACD,339,345,16,8,82,0,66,1,1,0,25,0,0,91,5,0,112,235,148,0,0
6233,MONTGOMERYACE,553,435,33,3,112,0,93,0,4,1,63,0,0,203,17,0,131,419,205,0,0
6234,MONTGOMERYACF,319,229,20,7,60,0,51,2,0,0,36,0,0,96,5,0,78,217,111,0,0
6235,MONTGOMERYACK,70,318,8,2,89,0,57,0,1,0,16,0,0,31,0,0,14,62,146,0,0
6236,MONTGOMERYACL,120,352,17,5,85,1,62,0,1,0,22,0,1,31,3,0,25,83,148,0,0
6237,MONTGOMERYACM,61,346,7,4,87,0,49,1,0,0,6,0,0,20,4,0,16,47,136,0,0
6238,MONTGOMERYACO,60,270,7,9,89,1,85,0,0,0,4,0,0,31,1,0,13,49,175,0,0
6239,MONTGOMERYACR,24,405,4,5,104,2,56,0,1,0,0,1,0,8,0,0,7,17,162,0,0
6240,MONTGOMERYACT,40,365,9,9,101,0,47,0,0,0,2,0,0,19,1,1,13,36,148,0,0
6241,MONTGOMERYACU,7,271,1,4,85,0,35,0,0,0,0,0,0,2,0,0,4,6,120,0,0
6242,MONTGOMERYACV,15,283,3,3,87,1,30,0,0,0,3,1,0,8,1,0,4,17,118,0,0
6243,MONTGOMERYACW,51,462,15,8,155,1,85,0,0,0,3,0,0,20,1,0,11,35,241,0,0
6244,MONTGOMERYADA,16,567,4,5,203,1,51,0,0,0,1,0,0,7,0,0,3,11,255,0,0
6245,MONTGOMERYADB,7,321,1,0,98,0,19,0,0,0,0,0,0,1,0,0,0,1,117,0,0
6246,MONTGOMERYADC,9,658,11,7,210,0,37,0,0,0,0,0,0,7,0,0,2,9,247,0,0
6247,MONTGOMERYADD,6,312,1,6,110,0,26,0,0,0,1,0,0,2,0,0,0,3,136,0,0
6248,MONTGOMERYADJ,17,496,1,5,125,0,54,0,0,0,1,0,0,5,1,0,5,12,179,0,0
6249,MONTGOMERYADK,18,319,6,2,110,0,46,0,3,0,7,0,0,13,1,0,5,29,156,0,0
6250,MONTGOMERYADO,426,393,44,19,91,0,149,1,2,0,33,1,2,118,5,0,119,281,240,0,0
6251,MONTGOMERYADP,283,482,32,13,107,0,133,0,0,0,25,0,1,100,6,0,74,206,240,0,0
6252,MONTGOMERYADQ,175,264,22,17,52,1,99,0,0,0,9,0,0,46,1,0,51,107,152,0,0
6253,MONTGOMERYADS,293,337,21,10,53,2,106,0,0,0,20,0,0,67,3,0,76,166,161,0,0
6254,MONTGOMERYADY,356,411,28,9,83,2,101,0,0,0,33,1,2,150,5,0,87,278,186,0,0
6255,MONTGOMERYADZ,358,316,40,12,62,0,115,0,1,1,19,0,0,99,6,0,107,233,177,0,0
6256,MONTGOMERYAEA,274,249,39,9,64,0,84,1,3,0,29,0,0,86,6,0,88,213,148,0,0
6257,MONTGOMERYAEC,398,427,24,16,105,1,110,1,1,1,42,0,1,119,4,0,110,279,216,0,0
6258,MONTGOMERYAEH,275,255,38,8,48,0,92,0,2,0,23,0,0,74,6,0,74,179,140,0,0
6259,MONTGOMERYAEJ,190,198,17,12,44,0,61,0,0,1,22,0,1,56,2,2,57,141,105,0,0
6260,MONTGOMERYAEK,286,207,36,8,47,1,81,0,1,1,30,0,0,69,3,0,89,193,129,0,0
6261,MONTGOMERYAEM,272,189,22,17,31,0,60,0,3,0,14,0,0,70,3,0,67,157,91,0,0
6262,MONTGOMERYAEN,271,214,25,18,60,1,66,0,0,0,30,0,1,66,3,0,82,182,127,0,0
6263,MONTGOMERYAEQ,268,259,17,13,56,0,68,0,0,0,28,0,0,53,4,0,60,145,124,0,0
6264,MONTGOMERYAER,190,171,25,9,46,0,35,0,1,0,9,0,0,37,1,0,54,102,81,0,0
6265,MONTGOMERYAET,376,423,42,22,74,0,117,1,3,0,32,0,0,80,4,0,118,238,191,0,0
6266,MONTGOMERYAEU,291,277,46,8,58,0,68,0,1,0,20,0,0,75,4,0,84,184,126,0,0
6267,MONTGOMERYAEZ,334,303,39,19,65,2,101,0,3,0,33,1,0,86,2,0,92,217,168,0,0
6268,MONTGOMERYAFA,134,288,16,8,48,0,118,0,1,0,5,1,0,30,3,0,31,71,166,0,0
6269,MONTGOMERYAFC,117,254,13,5,44,0,46,1,0,0,6,0,1,46,0,1,32,87,90,0,0
6270,MONTGOMERYAFE,312,315,26,6,67,0,82,0,1,0,26,0,0,68,7,0,82,184,149,0,0
6271,MONTGOMERYAFH,11,548,5,6,191,2,48,0,0,0,0,0,0,8,0,0,4,12,241,0,0
6272,MONTGOMERYAFI,13,414,1,7,90,0,36,0,0,0,0,0,0,2,0,0,6,8,126,0,0
6273,MONTGOMERYAFO,43,545,6,5,209,1,54,0,1,0,3,0,0,12,0,0,8,24,264,0,0
6274,MONTGOMERYAFP,9,358,4,5,101,0,43,0,1,0,0,0,0,3,0,0,2,6,144,0,0
6275,MONTGOMERYAFQ,37,621,5,2,204,0,70,0,0,0,1,0,0,9,0,0,5,15,274,0,0
6276,MONTGOMERYAFR,10,474,4,2,157,0,47,0,1,0,0,0,0,4,0,0,1,6,204,0,0
6277,MONTGOMERYAFX,14,634,2,4,224,0,64,0,1,2,2,0,0,6,0,0,2,13,288,0,0
6278,MONTGOMERYAFY,21,734,2,1,269,0,90,0,1,0,1,0,0,7,0,0,3,12,359,0,0
6279,MONTGOMERYAFZ,12,457,2,1,154,1,46,0,0,0,1,0,0,7,0,0,2,10,201,0,0
6280,MONTGOMERYAGA,15,526,2,2,234,0,47,0,0,0,1,0,0,7,1,0,4,13,281,0,0
6281,MONTGOMERYAGG,25,548,5,8,189,1,72,0,0,1,2,0,0,11,0,0,6,20,262,0,0
6282,MONTGOMERYAGH,24,405,2,6,140,0,45,0,0,0,0,0,0,11,0,0,3,14,185,0,0
6283,MONTGOMERYAGI,20,549,5,5,172,2,58,0,0,0,2,0,1,3,1,0,3,10,232,0,0
6284,MONTGOMERYAGJ,27,851,7,4,361,0,79,0,0,0,6,0,0,13,0,0,8,27,440,0,0
6285,MONTGOMERYAGK,20,545,5,0,189,0,55,0,0,0,1,0,0,11,0,0,3,15,244,0,0
6286,MONTGOMERYAGO,64,353,8,5,101,1,65,0,1,0,1,0,0,24,0,0,15,41,167,0,0
6287,MONTGOMERYAGQ,57,597,9,6,180,0,90,0,0,0,6,0,0,23,2,0,14,45,270,0,0
6288,MONTGOMERYAGR,40,415,6,4,118,0,58,1,1,0,8,1,0,16,1,0,8,36,176,0,0
6289,MONTGOMERYAGS,76,503,15,7,137,0,89,0,0,0,3,0,0,16,0,0,16,35,226,0,0
6290,MONTGOMERYAGZ,25,386,7,2,114,1,60,0,0,0,1,0,0,13,1,0,8,23,175,0,0
6291,MONTGOMERYAHA,92,531,12,7,206,0,100,0,2,2,10,0,0,33,4,0,21,72,306,0,0
6292,MONTGOMERYAHB,81,404,5,6,89,0,55,1,0,0,6,0,1,24,2,0,21,55,144,0,0
6293,MONTGOMERYAHC,77,408,3,2,100,3,64,0,2,0,2,0,0,26,0,0,20,50,167,0,0
6294,MONTGOMERYAHH,0,183,1,2,47,1,17,0,0,0,0,0,0,0,0,0,1,1,65,0,0
6295,MONTGOMERYAHI,6,553,4,2,138,1,49,0,0,0,1,0,0,2,0,0,3,6,188,0,0
6296,MONTGOMERYAHJ,6,560,4,6,225,0,46,0,0,0,1,0,0,5,1,0,0,7,271,0,0
6297,MONTGOMERYAHK,9,254,1,3,87,2,26,0,0,0,1,0,0,2,0,0,1,4,115,0,0
6298,MONTGOMERYAHO,480,343,34,9,91,0,100,0,0,0,54,0,1,133,6,1,125,320,191,0,0
6299,MONTGOMERYAHP,440,326,49,14,71,1,124,0,0,0,49,0,1,94,7,0,119,270,196,0,0
6300,MONTGOMERYAHQ,467,270,28,5,75,0,71,0,2,0,28,0,0,104,5,0,153,292,146,0,0
6301,MONTGOMERYAHR,176,117,22,2,40,0,19,0,0,0,16,1,1,45,3,0,52,118,59,0,0
6302,MONTGOMERYAHW,21,364,3,4,115,0,33,0,0,0,4,0,0,3,0,0,4,11,148,0,0
6303,MONTGOMERYAHX,30,560,5,3,198,0,42,0,0,0,4,0,0,8,0,0,3,15,240,0,0
6304,MONTGOMERYAHY,24,692,3,3,269,0,68,0,1,0,0,0,0,8,0,0,9,18,337,0,0
6305,MONTGOMERYAID,47,718,9,2,282,1,122,0,1,0,7,1,0,43,2,0,10,64,405,0,0
6306,MONTGOMERYAIE,45,821,20,12,319,0,122,0,0,1,6,0,0,37,2,0,9,55,441,0,0
6307,MONTGOMERYAIF,19,757,5,4,304,0,76,0,0,0,2,0,0,15,1,0,1,19,380,0,0
6308,MONTGOMERYAIM,387,358,18,5,132,0,53,1,4,1,33,0,1,169,11,0,115,335,185,0,0
6309,MONTGOMERYAIN,558,342,37,6,95,0,86,0,2,0,41,0,1,161,7,0,164,376,181,0,0
6310,MONTGOMERYAIO,302,237,15,5,76,2,44,2,3,1,40,0,0,98,10,0,88,242,122,0,0
6311,MONTGOMERYAIP,462,427,32,4,121,2,90,0,1,0,44,1,0,128,5,0,154,333,213,0,0
6312,MONTGOMERYAIQ,310,346,16,4,112,2,68,0,2,2,32,1,1,99,3,0,98,238,182,0,0
6313,MONTGOMERYAIR,444,239,21,1,72,0,76,0,6,1,59,0,2,175,4,0,147,394,148,0,0
6314,MONTGOMERYAIS,432,272,26,3,95,0,58,0,3,1,32,0,1,167,9,1,153,367,153,0,0
6315,MONTGOMERYAIT,380,252,10,4,75,1,49,0,5,0,42,0,2,122,11,1,110,293,125,0,0
6316,MONTGOMERYAIV,330,319,13,8,106,0,51,2,2,2,26,0,0,121,3,0,85,241,157,0,0
6317,MONTGOMERYAIX,246,261,6,5,88,0,39,0,0,0,27,0,0,116,10,0,59,212,127,0,0
6318,MONTGOMERYAJA,348,192,12,5,50,1,37,2,2,1,24,0,0,68,3,2,95,197,88,0,0
6319,MONTGOMERYAJB,543,457,30,4,158,1,87,1,2,1,68,0,1,143,8,0,173,397,246,0,0
6320,MONTGOMERYAJC,174,369,9,12,87,0,55,0,2,1,15,0,0,55,2,1,47,123,142,0,0
6321,MONTGOMERYAJD,491,357,23,6,107,1,67,0,4,0,55,0,0,164,9,0,151,383,175,0,0
6322,MONTGOMERYAJF,249,191,15,1,60,0,33,1,1,0,30,0,2,63,2,0,87,186,93,0,0
6323,MONTGOMERYAJG,223,141,12,4,38,0,30,0,1,1,27,1,0,51,2,0,67,150,68,0,0
6324,MONTGOMERYAJI,584,460,38,8,129,1,78,1,3,0,55,0,1,163,9,0,167,399,208,0,0
6325,MONTGOMERYAJJ,531,393,23,5,117,0,80,0,4,1,53,0,1,181,7,0,184,431,197,0,0
6326,MONTGOMERYAJN,591,379,27,10,133,0,66,2,3,0,50,0,4,173,2,0,183,417,199,0,0
6327,MONTGOMERYAJO,135,288,13,13,55,1,70,0,1,0,15,0,0,32,2,0,21,71,126,0,0
6328,MONTGOMERYAJP,579,356,39,9,81,3,72,0,2,1,43,0,1,164,10,0,177,398,156,0,0
6329,MONTGOMERYAJQ,270,151,20,3,47,2,34,0,2,0,24,1,2,68,3,1,72,173,83,0,0
6330,MONTGOMERYAJU,437,302,33,4,90,2,78,0,0,0,39,0,0,96,5,1,155,296,170,0,0
6331,MONTGOMERYAJV,309,228,15,6,50,2,72,1,1,0,27,0,1,87,3,0,81,201,124,0,0
6332,MONTGOMERYAJW,502,397,33,8,107,4,94,0,3,0,35,0,1,138,3,0,123,303,205,0,0
6333,MONTGOMERYAJY,196,230,8,8,61,0,37,0,0,0,16,1,0,41,3,0,59,120,98,0,0
6334,MONTGOMERYAKB,459,318,27,5,75,0,74,0,1,1,28,0,0,93,5,0,120,248,149,0,0
6335,MONTGOMERYAKD,524,385,29,12,90,0,92,3,1,0,36,0,2,125,6,0,176,349,182,0,0
6336,MONTGOMERYAKF,468,424,38,10,106,2,74,1,3,0,38,1,1,96,6,1,153,300,182,0,0
6337,MONTGOMERYAKJ,638,387,24,4,116,2,62,1,3,0,49,0,2,153,8,0,216,432,180,0,0
6338,MONTGOMERYAKK,688,383,33,12,101,2,77,1,5,1,48,0,2,185,9,0,223,474,180,0,0
6339,MONTGOMERYAKM,593,420,51,8,125,1,74,0,0,0,72,0,1,163,10,0,160,406,200,0,0
6340,MONTGOMERYAKQ,284,307,29,5,47,0,95,1,2,0,23,0,0,85,3,0,75,189,142,0,0
6341,MONTGOMERYAKR,423,228,37,3,59,6,76,0,2,0,36,0,0,98,3,0,121,260,141,0,0
6342,MONTGOMERYAKS,376,237,45,7,40,1,61,1,1,0,21,0,0,142,6,0,108,279,102,0,0
6343,MONTGOMERYAKT,153,229,11,9,49,1,52,0,1,0,13,0,0,37,4,0,33,88,102,0,0
6344,MONTGOMERYAKU,394,237,26,7,57,2,87,0,2,0,42,0,1,107,6,0,132,290,146,0,0
6345,MONTGOMERYAKV,358,243,19,4,50,0,64,0,1,0,23,0,0,82,5,0,109,220,114,0,0
6346,MONTGOMERYAKW,489,295,39,14,73,2,101,0,3,0,40,0,1,114,7,1,142,308,176,0,0
6347,MONTGOMERYAKY,481,306,43,5,69,0,95,2,6,0,35,0,2,122,10,0,126,303,164,0,0
6348,MONTGOMERYAKZ,623,440,62,6,98,0,139,1,3,1,38,0,0,219,7,0,196,465,237,0,0
6349,MONTGOMERYALH,550,394,56,28,89,1,133,0,1,0,56,0,0,143,8,0,133,341,223,0,0
6350,MONTGOMERYALI,581,382,36,15,111,0,82,0,1,0,59,1,3,263,11,0,142,480,193,0,0
6351,MONTGOMERYALJ,437,308,52,4,73,2,72,1,1,0,47,1,1,211,8,0,95,365,147,0,0
6352,MONTGOMERYALK,537,400,56,14,81,0,117,0,1,0,50,0,1,154,8,0,120,334,198,0,0
6353,MONTGOMERYALL,618,395,29,4,74,2,75,1,3,3,74,0,1,236,11,0,168,497,151,0,0
6354,MONTGOMERYALN,397,241,28,0,55,0,62,1,1,0,38,0,0,138,3,0,128,309,117,0,0
6355,MONTGOMERYALO,483,340,42,11,85,0,82,0,0,0,51,2,1,225,7,0,150,436,167,0,0
6356,MONTGOMERYALP,203,149,10,3,35,0,31,1,0,0,17,0,0,89,1,0,39,147,66,0,0
6357,MONTGOMERYALQ,377,200,21,6,55,1,56,0,2,0,37,1,0,118,9,1,100,268,112,0,0
6358,MONTGOMERYAMB,376,335,21,7,92,0,69,0,4,0,18,0,0,140,5,0,110,277,161,0,0
6359,MONTGOMERYAMC,370,299,34,4,80,0,82,0,1,0,25,0,1,184,4,0,118,333,162,0,0
6360,MONTGOMERYAMD,246,339,44,9,47,0,104,1,1,0,25,0,0,78,8,0,73,186,151,0,0
6361,MONTGOMERYAME,445,344,24,6,83,1,89,1,1,0,31,1,1,190,3,0,115,343,173,0,0
6362,MONTGOMERYAMF,313,245,31,6,45,1,76,0,3,0,45,1,0,139,1,0,84,273,122,0,0
6363,MONTGOMERYAMH,395,301,37,9,51,2,103,0,1,0,34,0,1,114,5,0,124,279,156,0,0
6364,MONTGOMERYAMI,377,280,11,4,56,0,33,1,0,0,19,2,1,229,12,0,105,369,89,0,0
6365,MONTGOMERYAMK,391,279,19,5,80,2,52,2,4,1,34,1,0,188,5,0,115,350,134,0,0
6366,MONTGOMERYAML,609,368,42,5,117,0,79,0,2,0,78,2,0,268,14,0,153,517,196,0,0
6367,MONTGOMERYAMM,350,233,34,6,57,1,59,0,3,0,31,0,2,150,3,0,91,280,117,0,0
6368,MONTGOMERYAMO,358,241,30,1,72,2,59,0,2,0,29,0,0,202,8,0,91,332,133,0,0
6369,MONTGOMERYAMX,385,424,39,7,97,1,117,1,0,1,41,0,0,228,11,0,89,371,215,0,0
6370,MONTGOMERYAMY,434,514,55,19,104,0,162,0,3,2,43,0,2,168,7,0,134,359,266,0,0
6371,MONTGOMERYAMZ,320,214,17,0,65,0,57,0,1,0,25,1,0,124,4,0,90,245,122,0,0
6372,MONTGOMERYANA,307,320,33,7,75,1,89,1,4,0,38,0,1,160,9,0,87,300,165,0,0
6373,MONTGOMERYANB,351,286,35,6,54,0,80,1,3,0,31,0,1,158,3,1,97,295,134,0,0
6374,MONTGOMERYANC,342,364,26,6,97,2,97,1,1,0,28,0,0,200,1,0,92,323,196,0,0
6375,MONTGOMERYAND,504,387,32,2,115,1,67,0,1,0,42,1,0,319,5,0,141,509,183,0,0
6376,MONTGOMERYANE,365,254,24,5,60,2,66,1,2,0,34,0,0,86,3,0,109,235,128,0,0
6377,MONTGOMERYANF,396,378,29,8,83,1,108,0,2,1,40,2,1,187,7,2,94,336,192,0,0
6378,MONTGOMERYANG,413,404,22,8,92,0,74,2,2,0,24,1,1,196,10,0,102,338,166,0,0
6379,MONTGOMERYANH,269,237,33,4,70,3,63,1,0,0,25,0,0,99,3,0,90,218,136,0,0
6380,MONTGOMERYANU,632,290,34,7,57,1,76,0,3,1,47,0,3,157,12,0,183,406,134,0,0
6381,MONTGOMERYANV,548,202,20,5,47,1,60,0,0,0,36,0,1,94,7,0,186,324,108,0,0
6382,MONTGOMERYANX,423,179,32,3,40,1,50,0,2,0,23,0,0,111,10,0,121,267,91,0,0
6383,MONTGOMERYANZ,350,183,31,5,32,0,63,0,0,0,26,1,2,59,2,0,120,210,95,0,0
6384,MONTGOMERYAOA,473,174,14,5,45,1,48,2,3,0,15,0,0,79,6,0,158,263,94,0,0
6385,MONTGOMERYAOB,626,250,40,10,65,0,75,0,2,1,57,1,2,148,5,1,176,393,140,0,0
6386,MONTGOMERYAOE,570,315,24,6,73,0,51,0,4,0,46,0,0,153,3,0,172,378,124,0,0
6387,MONTGOMERYAOF,652,325,29,9,98,2,57,1,4,0,54,0,0,168,7,0,186,420,157,0,0
6388,MONTGOMERYAOG,491,323,34,7,93,0,55,2,3,0,43,1,0,161,10,0,121,341,148,0,0
6389,MONTGOMERYAOJ,492,216,34,5,50,1,38,0,4,2,43,0,1,120,1,0,165,336,89,0,0
6390,MONTGOMERYAOK,438,168,24,7,38,0,30,1,1,0,47,0,0,157,4,0,117,327,68,0,0
6391,MONTGOMERYAON,424,166,25,0,39,0,37,0,0,0,53,0,1,114,2,1,125,296,76,0,0
6392,MONTGOMERYAOO,611,242,15,2,62,1,30,0,1,0,39,0,2,170,7,2,173,394,93,0,0
6393,MONTGOMERYAOP,294,149,24,10,37,0,52,0,0,0,21,0,1,54,1,0,93,170,89,0,0
6394,MONTGOMERYAOR,422,254,19,7,91,0,55,0,3,2,37,1,1,100,5,1,137,287,146,0,0
6395,MONTGOMERYAOT,349,134,18,6,51,1,33,0,2,0,22,0,0,54,0,0,105,183,85,0,0
6396,MONTGOMERYAOU,375,445,28,10,106,2,104,0,3,0,23,1,0,98,4,0,100,229,212,0,0
6397,MONTGOMERYAOV,363,483,64,3,120,0,103,1,0,0,32,0,1,303,11,1,108,457,223,0,0
6398,MONTGOMERYAOW,440,472,46,8,105,1,109,1,5,0,27,1,0,304,8,0,128,474,215,0,0
6399,MONTGOMERYAOX,269,381,40,9,93,0,117,1,1,0,19,0,0,173,7,0,65,266,210,0,0
6400,MONTGOMERYAOY,305,446,44,3,119,0,116,0,1,0,27,0,1,250,10,0,77,366,235,0,0
6401,MONTGOMERYAOZ,239,362,26,9,114,0,87,0,1,0,15,0,0,163,5,0,71,255,201,0,0
6402,MONTGOMERYAPA,232,402,31,4,87,0,125,1,3,0,28,0,0,159,3,0,54,248,212,0,0
6403,MONTGOMERYAPB,468,472,33,4,115,0,95,2,2,0,33,1,0,323,7,0,120,488,210,0,0
6404,MONTGOMERYAPI,251,235,39,5,28,1,60,0,1,0,29,0,0,58,7,0,45,140,89,0,0
6405,MONTGOMERYAPJ,397,239,18,4,70,1,46,0,1,0,34,0,0,148,10,0,101,294,117,0,0
6406,MONTGOMERYAPK,536,232,20,4,68,1,35,1,2,1,32,0,1,68,4,0,169,278,104,0,0
6407,MONTGOMERYAPL,459,383,46,9,69,3,134,0,2,0,28,0,1,107,12,0,116,266,206,0,0
6408,MONTGOMERYAPM,619,294,24,5,66,0,83,1,1,2,44,1,1,157,4,0,171,382,149,0,0
6409,MONTGOMERYAPN,314,121,9,4,38,0,26,1,1,0,13,0,1,41,1,0,107,165,64,0,0
6410,MONTGOMERYAPP,293,176,18,2,59,1,32,0,0,1,21,0,0,72,4,0,85,183,92,0,0
6411,MONTGOMERYAPQ,226,168,11,8,43,1,42,0,0,0,11,0,0,29,1,0,61,102,86,0,0
6412,MONTGOMERYAPR,575,331,28,16,81,1,92,2,2,0,58,1,2,126,4,1,161,357,174,0,0
6413,MONTGOMERYAPS,323,161,17,9,45,0,52,0,2,0,16,0,0,87,3,0,108,216,97,0,0
6414,MONTGOMERYAPT,388,219,45,5,62,1,63,0,5,0,61,0,0,181,2,0,110,359,126,0,0
6415,MONTGOMERYAPU,517,287,42,9,62,3,88,0,1,0,38,0,1,120,4,0,143,307,153,0,0
6416,MONTGOMERYAPY,517,349,34,8,86,2,72,1,0,2,34,0,0,124,6,0,132,299,160,0,0
6417,MONTGOMERYAPZ,358,312,32,8,55,1,55,0,0,0,50,0,0,114,6,0,95,265,111,0,0
6418,MONTGOMERYAQI,178,614,13,5,253,2,91,1,0,0,19,0,0,66,1,0,52,139,346,0,0
6419,MONTGOMERYAQJ,108,522,10,4,183,0,74,0,1,1,10,0,1,43,3,0,34,93,257,0,0
6420,MONTGOMERYAQK,29,647,6,4,273,0,63,0,0,0,2,0,0,24,0,0,8,34,336,0,0
6421,MONTGOMERYAQL,24,587,3,5,207,0,63,0,0,0,0,0,1,10,0,0,0,11,270,0,0
6422,MONTGOMERYAQM,35,745,1,2,308,2,82,0,1,0,3,0,0,14,0,0,6,24,392,0,0
6423,MONTGOMERYAQN,15,362,3,1,156,0,35,0,2,0,1,0,0,4,0,0,3,10,191,0,0
6424,MONTGOMERYAQQ,71,641,9,4,221,0,75,0,2,0,4,0,0,24,0,0,19,49,296,0,0
6425,MONTGOMERYAQR,65,679,8,9,195,0,98,0,2,0,2,0,0,15,0,0,18,37,293,0,0
6426,MONTGOMERYAQS,54,578,9,5,208,0,35,0,3,0,5,0,0,30,1,0,15,54,243,0,0
6427,MONTGOMERYAQT,164,371,4,5,158,2,37,0,3,0,20,0,1,68,0,0,43,135,197,0,0
6428,MONTGOMERYAQU,27,553,6,5,246,0,61,0,1,0,1,0,0,15,0,0,12,29,307,0,0
6429,MONTGOMERYAQX,201,624,10,10,205,3,93,1,1,0,34,0,1,52,1,0,55,145,301,0,0
6430,MONTGOMERYAQY,379,629,8,6,207,3,89,1,1,0,39,1,0,83,5,0,116,246,299,0,0
6431,MONTGOMERYAQZ,208,313,7,2,104,1,42,2,1,1,11,0,0,27,3,0,72,117,147,0,0
6432,MONTGOMERYARD,57,884,8,8,355,0,86,0,1,0,4,0,0,20,2,0,14,41,441,0,0
6433,MONTGOMERYARE,59,690,0,9,220,0,70,0,0,0,1,0,1,17,0,0,8,27,290,0,0
6434,MONTGOMERYARF,61,403,6,1,108,2,32,0,1,0,5,0,0,7,0,0,15,28,142,0,0
6435,MONTGOMERYARI,600,229,29,10,55,2,66,2,2,0,40,1,0,124,8,0,213,390,123,0,0
6436,MONTGOMERYARJ,453,227,24,9,66,1,63,1,2,0,38,0,3,125,9,0,162,340,130,0,0
6437,MONTGOMERYARK,763,329,25,9,72,0,62,1,2,0,80,0,0,155,10,0,252,500,134,0,0
6438,MONTGOMERYARL,444,214,28,5,52,1,47,2,1,0,44,0,0,117,8,0,159,331,100,0,0
6439,MONTGOMERYARO,549,291,44,7,62,0,72,3,1,0,43,1,0,136,4,0,178,366,134,0,0
6440,MONTGOMERYARP,335,136,14,9,36,1,23,0,0,0,29,0,2,89,11,0,107,238,60,0,0
6441,MONTGOMERYARQ,575,279,32,5,81,0,55,1,1,0,56,0,2,162,7,0,177,406,136,0,0
6442,MONTGOMERYARR,377,252,21,5,54,0,51,0,5,0,36,0,1,121,10,0,116,289,105,0,0
6443,MONTGOMERYARS,378,143,25,6,38,2,44,0,1,0,31,0,0,99,3,0,95,229,84,0,0
6444,MONTGOMERYART,311,187,15,7,49,0,43,0,1,0,23,0,0,93,4,0,101,222,92,0,0
6445,MONTGOMERYARU,433,200,20,6,52,0,50,0,1,2,36,1,2,142,9,1,134,328,102,0,0
6446,MONTGOMERYARV,738,307,30,6,82,1,52,0,1,0,74,0,1,284,6,0,200,566,135,0,0
6447,MONTGOMERYARX,681,318,25,7,88,1,50,0,1,1,50,0,0,216,7,0,235,510,139,0,0
6448,MONTGOMERYASA,628,361,37,10,86,2,68,1,0,1,44,0,0,160,8,1,209,424,156,0,0
6449,MONTGOMERYASE,591,298,48,13,93,2,92,0,3,0,60,1,1,111,4,0,202,382,187,0,0
6450,MONTGOMERYASF,472,235,44,3,68,1,59,1,1,0,60,0,0,118,6,0,150,336,128,0,0
6451,MONTGOMERYASG,388,181,26,5,60,2,51,1,3,0,30,0,1,85,3,1,128,252,113,0,0
6452,MONTGOMERYASH,608,266,32,6,71,2,72,2,5,1,51,0,0,157,10,0,208,434,145,0,0
6453,MONTGOMERYASI,344,549,34,14,80,1,125,0,1,0,29,0,0,74,5,0,86,195,206,0,0
6454,MONTGOMERYASJ,497,387,33,7,103,3,84,0,5,2,35,0,2,109,8,0,127,288,190,0,0
6455,MONTGOMERYASK,498,327,31,3,90,2,80,1,1,1,52,0,2,146,8,0,137,348,172,0,0
6456,MONTGOMERYASU,775,258,27,6,75,0,65,0,5,0,63,0,0,210,5,0,237,520,140,0,0
6457,MONTGOMERYASV,336,190,12,1,71,1,28,0,1,0,39,0,0,69,5,0,111,225,100,0,0
6458,MONTGOMERYASW,618,230,27,3,55,1,43,0,0,0,60,0,1,195,6,1,192,455,99,0,0
6459,MONTGOMERYASX,528,283,29,2,94,0,51,1,0,0,42,0,0,186,4,0,170,403,145,0,0
6460,MONTGOMERYASZ,434,202,19,1,56,0,29,0,3,0,34,0,2,151,9,0,123,322,85,0,0
6461,MONTGOMERYATA,291,225,14,5,46,0,33,1,0,0,16,0,1,62,3,0,94,177,79,0,0
6462,MONTGOMERYATB,416,183,17,8,53,0,30,1,2,1,29,0,0,136,4,1,151,325,83,0,0
6463,MONTGOMERYATE,191,49,9,4,21,1,21,0,1,0,16,0,1,40,1,0,64,123,43,0,0
6464,MONTGOMERYATF,426,136,13,4,46,1,35,1,1,0,51,0,1,118,1,0,134,307,82,0,0
6465,MONTGOMERYATG,487,114,8,5,38,0,32,0,1,0,41,0,0,123,3,0,150,318,70,0,0
6466,MONTGOMERYATH,751,151,19,2,48,3,30,1,7,2,66,1,3,171,9,1,233,494,81,0,0
6467,MONTGOMERYATJ,498,204,18,4,64,1,29,2,0,0,33,0,4,131,3,0,122,295,94,0,0
6468,MONTGOMERYATK,651,213,40,7,47,0,57,0,2,0,48,0,0,169,4,0,170,393,104,0,0
6469,MONTGOMERYATL,594,173,25,5,41,1,49,0,1,0,72,0,0,162,6,0,173,414,91,0,0
6470,MONTGOMERYATM,570,140,27,8,25,0,27,0,4,0,54,0,0,135,10,2,167,372,52,0,0
6471,MONTGOMERYATO,796,180,13,4,64,2,46,0,4,0,85,0,0,163,5,0,262,519,112,0,0
6472,MONTGOMERYATP,643,130,20,7,52,3,51,0,5,1,66,0,2,109,3,0,223,409,106,0,0
6473,MONTGOMERYATR,719,261,42,7,76,1,80,1,5,2,64,1,3,171,8,0,245,500,157,0,0
6474,MONTGOMERYATS,788,281,24,9,72,2,66,1,5,0,62,0,1,142,16,0,240,467,140,0,0
6475,MONTGOMERYATU,499,153,20,2,34,0,53,1,0,0,41,0,2,128,2,0,160,334,87,0,0
6476,MONTGOMERYATX,215,104,13,5,32,2,39,0,0,0,9,0,1,18,0,0,73,101,73,0,0
6477,MONTGOMERYATZ,446,229,21,8,63,1,60,1,1,0,15,0,0,65,2,0,144,228,124,0,0
6478,MONTGOMERYAUB,311,294,25,5,65,3,47,0,2,0,14,1,0,30,7,0,93,147,115,0,0
6479,MONTGOMERYAUD,371,605,21,9,193,1,99,0,2,0,37,0,0,135,8,0,102,284,293,0,0
6480,MONTGOMERYAUE,218,114,5,3,26,0,22,0,1,0,7,0,0,46,0,0,62,116,48,0,0
6481,MONTGOMERYAUF,144,783,8,4,252,1,121,0,0,0,8,0,1,52,2,0,44,107,374,0,0
6482,MONTGOMERYAUG,92,597,10,8,177,1,68,1,0,0,11,0,0,23,3,0,23,61,246,0,0
6483,MONTGOMERYAUH,158,479,12,6,126,1,65,1,0,0,11,1,0,38,0,0,41,92,192,0,0
6484,MONTGOMERYAUI,93,738,9,6,301,1,108,0,4,0,8,0,0,41,0,0,34,87,410,0,0
6485,MONTGOMERYAUJ,63,581,13,12,136,1,75,0,1,0,13,0,0,32,0,0,13,59,212,0,0
6486,MONTGOMERYAUK,260,760,11,7,323,1,109,0,2,0,25,1,1,110,2,0,78,219,433,0,0
6487,MONTGOMERYAUL,58,551,11,10,228,0,74,0,0,0,2,0,0,38,1,0,13,54,302,0,0
6488,MONTGOMERYAUM,338,171,10,7,34,0,50,1,1,0,19,0,2,44,1,0,109,177,84,0,0
6489,MONTGOMERYAUN,35,378,6,2,101,0,53,0,0,0,3,0,0,17,0,0,4,24,154,0,0
6490,MONTGOMERYAUZ,370,112,16,3,32,0,28,1,3,0,35,0,1,87,3,0,122,252,60,0,0
6491,MONTGOMERYAVA,303,109,13,2,32,2,28,0,3,0,23,0,0,49,0,1,94,170,62,0,0
6492,MONTGOMERYAVB,466,188,28,3,62,2,52,0,2,0,37,0,2,93,9,0,122,265,116,0,0
6493,MONTGOMERYAVD,705,169,21,10,49,0,45,1,3,0,58,0,2,167,9,0,256,496,94,0,0
6494,MONTGOMERYAVE,444,106,13,3,29,0,27,0,1,0,29,1,0,87,3,0,189,310,56,0,0
6495,MONTGOMERYAVG,328,520,16,6,241,1,95,1,5,0,38,0,1,45,2,0,101,193,337,0,0
6496,MONTGOMERYAVH,155,471,9,5,151,0,70,0,1,0,6,0,0,14,0,0,59,80,221,0,0
6497,MONTGOMERYAVI,318,540,22,7,226,2,73,0,0,1,39,0,1,76,4,0,116,237,301,0,0
6498,MONTGOMERYAVJ,17,564,1,1,254,2,62,0,0,0,1,0,0,6,0,0,3,10,318,0,0
6499,MONTGOMERYAVP,475,253,39,7,54,2,67,1,2,0,43,0,1,133,10,0,131,321,123,0,0
6500,MONTGOMERYAVQ,559,358,48,12,96,0,74,1,1,0,39,0,0,179,14,0,164,398,170,0,0
6501,MONTGOMERYAVR,523,157,14,8,54,0,27,0,2,0,36,0,0,81,3,0,167,289,81,0,0
6502,MONTGOMERYAVS,329,330,34,10,59,0,96,0,3,0,31,0,0,91,4,0,77,206,155,0,0
6503,MONTGOMERYAVT,614,286,42,8,75,0,41,0,4,0,58,0,1,282,8,0,190,543,116,0,0
6504,MONTGOMERYAVU,205,150,13,4,41,0,18,1,1,0,23,1,3,71,1,0,49,150,59,0,0
6505,MONTGOMERYAVV,422,240,36,6,51,1,66,0,2,0,32,0,1,97,7,0,120,259,118,0,0
6506,MONTGOMERYAVW,385,253,32,9,69,2,66,0,1,0,26,0,1,86,7,0,110,231,137,0,0
6507,MONTGOMERYAVX,201,203,11,4,64,1,50,0,2,1,10,1,1,53,5,0,62,135,115,0,0
6508,MONTGOMERYAVY,434,137,18,4,39,0,17,0,6,0,55,0,1,70,3,0,137,272,56,0,0
6509,MONTGOMERYAVZ,610,379,38,3,96,0,68,3,1,0,50,0,0,222,8,0,178,462,164,0,0
6510,MONTGOMERYAWA,381,218,30,2,55,0,44,0,3,1,35,0,0,129,4,0,128,300,99,0,0
6511,MONTGOMERYAWC,453,208,15,5,46,1,41,0,5,1,24,0,0,187,6,0,134,357,88,0,0
6512,MONTGOMERYAWD,531,475,36,5,90,3,109,0,3,3,46,0,3,183,8,1,167,414,202,0,0
6513,MONTGOMERYAWE,194,254,24,8,48,1,54,0,3,0,16,0,1,46,2,0,30,98,103,0,0
6514,MONTGOMERYAWF,330,264,29,5,57,1,63,0,0,0,26,0,0,106,6,0,86,224,121,0,0
6515,MONTGOMERYAWG,209,228,16,5,45,1,47,0,0,1,13,1,1,64,7,0,58,145,93,0,0
6516,MONTGOMERYAWH,597,306,35,3,60,1,56,1,2,1,55,0,1,168,13,0,188,429,117,0,0
6517,MONTGOMERYAWI,604,322,45,12,55,0,90,1,2,0,38,1,0,142,13,0,141,338,145,0,0
6518,MONTGOMERYAWJ,336,223,20,5,42,0,44,0,0,0,30,0,1,101,2,0,84,218,86,0,0
6519,MONTGOMERYAWO,348,113,24,4,39,0,30,1,2,0,32,0,1,74,11,0,93,214,69,0,0
6520,MONTGOMERYAWQ,455,94,11,1,33,0,27,0,4,0,54,0,1,79,3,0,150,291,60,0,0
6521,MONTGOMERYAWR,489,131,12,6,49,1,32,0,2,0,53,0,0,110,1,0,153,319,82,0,0
6522,MONTGOMERYAWS,515,147,22,3,40,0,26,1,2,0,52,0,0,99,6,0,156,316,66,0,0
6523,MONTGOMERYAWT,447,163,22,3,42,0,32,0,3,0,50,1,1,137,9,0,159,360,74,0,0
6524,MONTGOMERYAWU,301,349,18,3,134,0,53,1,1,0,43,0,0,119,3,0,79,246,187,0,0
6525,MONTGOMERYAWV,475,242,25,6,77,0,51,0,1,0,44,1,0,166,15,0,163,390,128,0,0
6526,MONTGOMERYAWW,227,309,12,9,134,3,43,0,1,0,19,0,0,89,4,0,79,192,180,0,0
6527,MONTGOMERYAWY,310,285,18,9,76,0,68,0,2,0,41,0,0,94,3,0,117,257,144,0,0
6528,MONTGOMERYAWZ,401,419,31,9,137,3,82,0,1,0,48,0,2,196,9,0,109,365,222,0,0
6529,MONTGOMERYAXA,382,516,27,11,151,0,116,0,1,0,42,0,0,150,13,0,121,327,267,0,0
6530,MONTGOMERYAXD,345,355,17,3,143,0,71,2,4,0,41,0,1,153,11,0,91,303,214,0,0
6531,MONTGOMERYAXE,316,306,28,8,99,1,80,0,1,0,21,0,0,118,2,0,93,235,180,0,0
6532,MONTGOMERYAXF,386,561,29,7,176,1,114,1,1,0,38,0,0,109,7,0,102,258,291,0,0
6533,MONTGOMERYAXI,663,370,50,12,76,1,72,0,1,0,65,0,0,328,13,1,180,588,149,0,0
6534,MONTGOMERYAXK,613,324,47,6,71,1,44,0,2,0,53,1,0,292,10,0,186,544,116,0,0
6535,MONTGOMERYAXM,342,216,27,2,61,0,36,0,1,0,31,0,2,164,11,0,72,281,97,0,0
6536,MONTGOMERYAXO,571,357,28,12,71,0,71,0,0,0,45,0,0,250,11,1,168,475,142,0,0
6537,MONTGOMERYAXQ,604,373,31,4,88,0,56,1,0,0,43,2,0,281,2,1,184,514,144,0,0
6538,MONTGOMERYAXS,337,206,20,2,46,0,40,2,0,1,31,0,0,145,1,0,96,276,86,0,0
6539,MONTGOMERYAXU,637,397,45,12,107,1,67,0,2,1,58,0,0,326,10,1,169,567,175,0,0
6540,MONTGOMERYAXW,620,336,44,3,82,1,56,0,2,0,52,2,0,337,6,1,159,559,139,0,0
6541,MONTGOMERYAXY,333,332,25,11,71,2,76,1,1,0,23,0,1,125,4,0,100,255,149,0,0
6542,MONTGOMERYAYA,506,408,23,8,76,0,71,0,1,0,26,0,0,186,7,0,124,344,147,0,0
6543,MONTGOMERYAYC,661,383,32,4,74,0,53,1,2,1,59,0,0,280,6,0,228,577,127,0,0
6544,MONTGOMERYAYE,552,418,46,8,92,0,69,4,1,2,47,0,0,186,10,0,161,411,161,0,0
6545,MONTGOMERYAYF,537,266,32,1,44,0,42,1,1,0,39,0,0,254,4,0,127,426,86,0,0
6546,MONTGOMERYAYG,536,434,40,15,87,1,83,0,2,1,48,0,3,196,11,0,128,389,171,0,0
6547,MONTGOMERYAYH,592,384,24,3,64,0,30,1,1,0,23,1,0,280,4,0,156,466,94,0,0
6548,MONTGOMERYAYI,619,354,36,4,54,0,44,0,3,0,56,0,0,282,7,0,162,510,98,0,0
6549,MONTGOMERYAYJ,475,331,30,8,72,1,66,0,1,1,42,0,1,203,4,1,127,380,139,0,0
6550,MONTGOMERYAYL,531,378,36,2,86,0,47,0,3,0,35,0,0,224,13,1,153,429,133,0,0
6551,MONTGOMERYAYM,374,309,24,0,55,2,67,1,0,0,31,0,0,153,10,1,76,272,124,0,0
6552,MONTGOMERYAYN,306,198,18,5,40,0,34,0,0,0,14,0,0,193,6,0,70,283,74,0,0
6553,MONTGOMERYAYO,544,359,44,3,70,0,56,3,0,0,52,0,3,242,13,0,168,481,126,0,0
6554,MONTGOMERYAYP,285,258,30,2,66,0,53,0,0,0,28,0,0,116,5,0,86,235,119,0,0
6555,MONTGOMERYAYQ,385,244,21,6,51,0,46,1,0,0,31,0,0,170,8,0,119,329,97,0,0
6556,MONTGOMERYAYS,573,323,26,9,64,0,54,2,0,0,64,0,1,268,7,0,163,505,118,0,0
6557,MONTGOMERYAYZ,158,236,15,7,56,1,39,0,0,0,4,0,0,31,4,0,58,97,96,0,0
6558,MONTGOMERYAZG,138,474,27,8,143,0,115,0,0,0,9,0,0,77,4,0,28,118,258,0,0
6559,MORGANAAA,256,96,10,6,34,0,28,2,1,1,22,0,0,74,8,1,88,197,62,0,0
6560,MORGANAAB,364,95,10,0,33,0,19,1,3,0,44,0,1,86,10,0,119,264,52,0,0
6561,MORGANAAC,113,43,2,3,11,0,15,0,1,0,5,1,0,24,5,0,42,78,26,0,0
6562,MORGANAAD,251,58,11,1,22,0,8,1,6,0,39,0,1,49,0,0,60,156,30,0,0
6563,MORGANAAF,480,218,11,5,89,1,59,1,7,2,35,0,2,118,8,0,161,334,149,0,0
6564,MORGANAAI,577,196,20,3,65,1,55,7,6,3,58,0,2,176,15,0,159,426,121,0,0
6565,MORGANAAL,266,183,14,7,64,1,38,1,3,1,34,0,0,89,5,0,70,203,103,0,0
6566,MORGANAAN,371,100,17,3,23,1,33,5,3,2,48,0,1,111,18,0,122,310,57,0,0
6567,MORGANAAP,391,175,27,7,26,2,30,2,3,5,50,2,6,149,11,0,134,362,58,0,0
6568,MORGANAAQ,291,144,16,1,44,1,37,2,2,2,31,0,1,110,10,0,89,247,82,0,0
6569,MORGANAAS,198,94,21,2,21,1,20,1,3,2,38,0,4,66,5,0,70,189,42,0,0
6570,MORGANAAU,611,204,23,5,71,2,60,4,4,1,63,0,2,150,12,0,200,436,133,0,0
6571,MORGANAAW,262,130,10,2,67,2,31,1,3,0,19,1,2,45,3,0,74,148,100,0,0
6572,MORROWAAA,492,161,24,1,55,1,32,0,0,0,82,0,3,158,2,1,106,352,88,0,0
6573,MORROWAAC,575,199,37,2,71,1,52,1,7,3,74,0,1,176,5,0,149,416,124,0,0
6574,MORROWAAD,365,96,17,3,29,1,29,1,1,0,77,0,4,90,9,1,97,280,59,0,0
6575,MORROWAAE,408,132,23,3,40,1,36,2,3,0,86,1,1,171,2,0,79,345,77,0,0
6576,MORROWAAF,267,104,12,8,22,1,30,1,1,0,44,1,0,83,4,0,72,206,53,0,0
6577,MORROWAAG,242,92,12,2,19,1,25,0,1,0,39,0,0,53,2,0,68,163,45,0,0
6578,MORROWAAH,392,90,18,3,25,2,38,0,1,0,71,0,0,126,3,0,79,280,65,0,0
6579,MORROWAAI,294,99,11,1,27,0,35,1,2,0,47,0,1,70,3,0,60,184,62,0,0
6580,MORROWAAJ,498,120,11,6,34,2,29,3,4,0,133,0,3,139,2,0,124,408,65,0,0
6581,MORROWAAK,628,189,21,0,62,1,29,2,4,0,101,0,0,174,12,0,172,465,92,0,0
6582,MORROWAAL,585,167,27,3,49,0,48,2,6,1,105,0,1,163,4,0,164,446,97,0,0
6583,MORROWAAM,127,60,10,0,14,0,16,0,1,0,24,0,0,35,4,0,27,91,30,0,0
6584,MORROWAAN,260,61,8,3,19,0,12,0,4,1,44,2,0,97,2,1,73,224,31,0,0
6585,MORROWAAO,304,93,17,2,26,1,23,0,1,0,62,0,1,103,4,0,85,256,50,0,0
6586,MORROWAAP,306,86,8,2,21,2,29,1,1,0,48,0,0,110,9,2,77,248,52,0,0
6587,MORROWAAQ,198,95,21,4,31,0,31,0,2,0,29,0,0,65,3,0,55,154,62,0,0
6588,MORROWAAR,238,132,19,7,39,0,44,1,1,2,48,0,1,94,9,0,66,222,83,0,0
6589,MORROWAAS,318,130,23,7,39,2,34,0,3,0,65,0,0,96,7,0,58,229,75,0,0
6590,MORROWAAT,203,72,19,7,27,1,32,3,2,0,35,0,2,74,2,0,47,165,60,0,0
6591,MORROWAAV,379,121,14,3,33,2,41,1,1,0,72,0,0,93,6,0,100,273,76,0,0
6592,MORROWAAW,275,88,21,1,26,0,18,3,3,1,34,0,0,80,5,0,74,200,44,0,0
6593,MORROWAAX,388,133,15,1,35,4,42,0,3,0,54,0,0,104,1,0,81,243,81,0,0
6594,MORROWAAY,404,90,12,4,31,0,28,0,2,0,63,0,3,113,6,0,102,289,59,0,0
6595,MORROWAAZ,326,80,4,2,34,2,21,1,1,0,48,1,0,68,1,0,72,192,57,0,0
6596,MORROWABA,284,71,12,2,28,3,26,1,3,0,51,0,3,66,4,0,78,206,57,0,0
6597,MORROWABB,190,48,10,0,21,0,20,0,1,0,40,0,0,44,0,0,46,131,41,0,0
6598,MORROWABC,533,163,35,9,56,1,42,3,3,0,89,1,2,156,6,0,112,372,99,0,0
6599,MORROWABD,380,86,18,1,22,0,21,1,1,0,77,0,0,122,1,0,93,295,43,0,0
6600,MORROWABE,314,105,17,0,30,1,26,1,0,0,64,1,0,99,3,0,70,238,57,0,0
6601,MORROWABF,443,125,11,2,46,2,41,0,3,1,100,1,0,101,5,1,120,332,89,0,0
6602,MORROWABH,419,154,19,4,58,3,42,1,8,0,62,0,1,106,3,0,113,294,103,0,0
6603,MORROWABI,416,150,23,5,46,3,40,0,0,0,55,0,0,122,7,0,130,314,89,0,0
6604,MORROWABJ,497,169,20,4,60,0,40,1,2,0,78,0,0,122,4,0,158,365,100,0,0
6605,MUSKINGUMAAA,237,200,13,7,50,0,51,2,4,0,9,0,0,65,2,0,54,136,101,0,0
6606,MUSKINGUMAAB,296,229,34,7,65,3,56,0,2,0,26,0,0,66,5,0,78,177,124,0,0
6607,MUSKINGUMAAE,401,290,21,14,90,4,65,1,1,2,21,0,2,94,9,1,99,230,159,0,0
6608,MUSKINGUMAAF,204,257,17,13,75,1,57,2,1,0,12,0,1,50,2,0,51,119,133,0,0
6609,MUSKINGUMAAI,251,256,17,12,67,0,47,1,0,0,16,0,0,46,1,0,64,128,114,0,0
6610,MUSKINGUMAAJ,124,313,13,8,88,0,40,0,3,1,5,0,1,18,2,0,26,56,128,0,0
6611,MUSKINGUMAAL,173,350,24,9,94,0,52,1,3,0,18,0,0,41,3,0,48,114,146,0,0
6612,MUSKINGUMAAN,383,287,30,4,82,1,59,6,1,0,26,0,0,126,6,0,83,248,142,0,0
6613,MUSKINGUMAAO,382,256,27,4,73,2,66,0,2,0,35,0,2,140,8,0,101,288,141,0,0
6614,MUSKINGUMAAQ,213,187,12,5,45,0,37,0,2,0,13,1,0,45,7,0,52,120,82,0,0
6615,MUSKINGUMAAS,304,228,26,5,53,0,47,2,4,1,14,1,0,99,4,0,79,204,100,0,0
6616,MUSKINGUMAAT,342,282,22,10,82,0,71,2,3,1,38,0,1,125,9,0,77,256,153,0,0
6617,MUSKINGUMAAU,324,219,30,5,56,1,39,3,1,0,30,0,0,140,8,0,70,252,96,0,0
6618,MUSKINGUMAAX,137,29,5,2,5,1,9,0,0,0,18,0,0,28,1,0,39,86,15,0,0
6619,MUSKINGUMAAY,238,76,4,2,20,1,17,1,0,0,16,1,0,42,2,0,55,117,38,0,0
6620,MUSKINGUMAAZ,357,125,4,1,52,0,27,5,1,0,14,0,1,76,1,0,78,176,79,0,0
6621,MUSKINGUMABB,560,176,20,7,44,1,47,0,2,0,49,0,1,139,7,0,133,331,92,0,0
6622,MUSKINGUMABC,227,115,14,5,23,0,27,0,0,0,16,0,0,27,3,0,69,115,50,0,0
6623,MUSKINGUMABD,395,177,17,1,44,1,37,1,2,1,25,1,0,121,4,0,112,267,82,0,0
6624,MUSKINGUMABE,473,221,31,3,71,0,43,1,1,0,45,0,3,164,11,0,134,359,114,0,0
6625,MUSKINGUMABF,258,143,12,4,37,0,25,1,3,1,17,0,1,63,8,0,80,174,62,0,0
6626,MUSKINGUMABG,612,245,35,4,72,1,38,4,3,0,41,0,0,266,8,0,169,491,111,0,0
6627,MUSKINGUMABH,412,269,19,1,75,0,34,3,3,1,41,0,2,199,10,0,102,361,109,0,0
6628,MUSKINGUMABJ,299,93,12,2,25,0,29,0,0,0,17,0,1,85,2,0,101,206,54,0,0
6629,MUSKINGUMABL,310,160,15,2,54,0,30,0,0,1,33,0,1,88,8,0,94,225,84,0,0
6630,MUSKINGUMABM,221,142,17,1,30,0,31,0,1,0,16,0,0,96,5,0,70,188,61,0,0
6631,MUSKINGUMABN,463,159,30,3,48,3,45,0,2,0,24,0,4,98,3,0,123,254,96,0,0
6632,MUSKINGUMABP,361,75,15,1,30,1,20,1,1,0,34,1,1,97,3,0,95,233,51,0,0
6633,MUSKINGUMABQ,341,106,15,6,18,0,48,0,2,0,33,0,0,78,7,0,89,209,66,0,0
6634,MUSKINGUMABR,367,145,6,3,37,1,40,1,2,0,20,0,0,83,10,0,98,214,78,0,0
6635,MUSKINGUMABS,435,123,14,1,38,0,33,0,3,0,58,0,1,111,7,0,111,291,71,0,0
6636,MUSKINGUMABT,363,125,24,6,45,3,37,0,3,0,30,0,1,75,4,0,86,199,85,0,0
6637,MUSKINGUMABU,423,102,19,1,40,1,37,1,3,0,37,0,0,96,2,0,97,236,78,0,0
6638,MUSKINGUMABV,303,95,16,2,28,2,27,1,3,0,25,0,0,76,5,0,66,176,57,0,0
6639,MUSKINGUMABW,276,100,13,1,31,0,17,0,0,1,13,0,1,77,4,0,54,150,48,0,0
6640,MUSKINGUMABX,468,120,18,5,29,1,35,0,2,0,45,0,0,107,4,0,116,274,65,0,0
6641,MUSKINGUMABY,412,163,30,6,49,2,31,1,2,1,39,1,2,143,3,1,102,295,82,0,0
6642,MUSKINGUMABZ,143,35,7,0,12,0,9,0,4,0,15,0,0,27,2,0,32,80,21,0,0
6643,MUSKINGUMACA,89,6,3,0,3,0,4,0,0,0,5,0,0,11,0,0,42,58,7,0,0
6644,MUSKINGUMACB,173,28,6,0,6,1,12,1,0,1,10,0,0,35,0,0,64,111,19,0,0
6645,MUSKINGUMACC,543,214,21,5,56,0,36,0,2,0,45,0,1,153,12,0,135,348,92,0,0
6646,MUSKINGUMACD,477,224,34,5,60,1,43,2,2,0,30,0,0,159,12,0,125,330,104,0,0
6647,MUSKINGUMACE,568,159,26,4,34,2,22,0,0,0,64,0,0,162,9,0,138,373,58,0,0
6648,MUSKINGUMACF,261,110,10,2,36,0,19,1,2,0,10,0,0,63,2,0,67,145,55,0,0
6649,MUSKINGUMACG,157,53,8,0,15,0,22,0,0,0,10,0,1,27,0,0,46,84,37,0,0
6650,MUSKINGUMACH,359,138,18,2,35,1,34,1,3,0,25,1,0,65,5,0,89,189,70,0,0
6651,MUSKINGUMACI,406,165,18,3,51,1,32,1,1,0,26,0,0,93,7,0,120,248,84,0,0
6652,MUSKINGUMACJ,427,105,16,8,29,1,21,0,3,1,33,1,0,78,5,0,122,243,51,0,0
6653,MUSKINGUMACK,408,111,21,3,25,2,21,0,6,0,32,1,0,118,3,0,105,265,48,0,0
6654,MUSKINGUMACL,621,200,21,4,61,0,29,1,4,0,56,0,1,188,9,0,187,446,90,0,0
6655,MUSKINGUMACM,228,41,7,1,14,0,10,1,0,0,28,0,0,58,3,0,57,147,24,0,0
6656,MUSKINGUMACN,325,74,20,0,21,1,9,0,2,1,16,0,2,93,8,0,90,212,31,0,0
6657,MUSKINGUMACO,405,124,11,1,29,0,31,0,4,0,33,0,2,89,6,0,99,233,60,0,0
6658,MUSKINGUMACP,350,167,17,2,47,1,32,2,0,0,32,1,1,70,3,5,89,203,80,0,0
6659,MUSKINGUMACQ,509,249,28,5,57,1,36,0,6,0,27,0,1,155,8,0,114,311,94,0,0
6660,MUSKINGUMACR,285,68,16,1,18,0,14,0,1,0,22,0,0,59,8,0,77,167,32,0,0
6661,MUSKINGUMACT,372,221,22,4,55,3,35,1,4,0,19,0,0,85,4,0,99,212,93,0,0
6662,MUSKINGUMACV,438,129,13,3,43,0,32,0,5,0,29,0,2,146,2,1,132,317,75,0,0
6663,MUSKINGUMACW,280,92,12,1,25,0,14,1,1,0,18,1,0,93,1,1,74,190,39,0,0
6664,MUSKINGUMACX,402,299,40,7,75,0,91,0,4,0,28,1,1,150,3,0,84,271,166,0,0
6665,MUSKINGUMACZ,439,149,17,3,45,1,27,0,1,0,43,0,0,104,6,1,93,248,73,0,0
6666,MUSKINGUMADA,392,135,20,2,41,0,26,1,0,1,39,0,0,114,7,0,107,269,67,0,0
6667,MUSKINGUMADB,439,167,24,5,65,0,38,0,2,0,34,0,1,127,13,0,120,297,103,0,0
6668,MUSKINGUMADD,429,199,27,7,65,1,53,0,1,1,30,0,0,132,5,0,131,300,119,0,0
6669,MUSKINGUMADE,254,132,11,2,36,2,23,1,0,1,21,0,0,55,7,0,46,131,61,0,0
6670,MUSKINGUMADF,504,182,15,2,50,0,36,0,7,1,32,2,0,138,6,0,118,304,86,0,0
6671,MUSKINGUMADG,516,150,26,0,34,1,28,0,2,0,53,0,2,146,13,0,109,325,63,0,0
6672,MUSKINGUMADH,512,359,18,6,106,1,56,2,2,0,29,0,0,176,12,1,140,362,163,0,0
6673,NOBLEAAA,203,56,4,2,13,2,8,1,1,1,21,0,1,26,3,0,55,109,23,0,0
6674,NOBLEAAB,458,109,11,2,56,2,42,2,3,1,40,0,0,96,3,0,122,267,100,0,0
6675,NOBLEAAC,538,129,11,4,67,4,36,2,2,0,39,0,0,103,6,3,163,318,107,0,0
6676,NOBLEAAD,269,49,8,4,27,2,21,3,2,1,17,1,2,50,5,0,65,146,50,0,0
6677,NOBLEAAF,233,44,3,3,15,2,22,0,2,0,22,1,0,31,3,0,52,111,39,0,0
6678,NOBLEAAH,130,26,3,0,10,2,6,0,0,0,22,0,1,7,0,0,38,68,18,0,0
6679,NOBLEAAI,181,47,11,1,20,2,30,2,0,0,11,0,0,42,3,0,49,107,52,0,0
6680,NOBLEAAJ,184,45,5,2,20,3,16,2,4,1,22,0,2,29,2,0,33,95,39,0,0
6681,NOBLEAAK,103,25,6,2,6,3,4,0,1,0,9,0,1,5,1,0,33,50,13,0,0
6682,NOBLEAAL,223,57,7,1,13,1,18,2,1,0,15,0,0,41,5,0,47,111,32,0,0
6683,NOBLEAAN,143,57,5,0,21,2,21,0,0,0,5,0,0,38,3,0,26,72,44,0,0
6684,NOBLEAAP,260,61,13,1,20,3,30,1,1,0,16,0,3,41,5,0,72,139,53,0,0
6685,NOBLEAAR,240,64,9,1,34,3,14,1,0,0,21,1,1,34,2,0,69,129,51,0,0
6686,NOBLEAAS,341,97,15,2,60,3,26,2,2,1,19,0,1,86,8,0,82,201,89,0,0
6687,NOBLEAAT,322,121,12,4,52,1,40,2,3,0,24,0,0,81,10,0,108,228,93,0,0
6688,NOBLEAAV,264,106,12,4,34,1,32,2,4,2,18,0,0,74,5,1,80,186,67,0,0
6689,NOBLEAAY,145,29,4,0,14,2,14,0,0,0,16,0,1,20,0,0,36,73,30,0,0
6690,NOBLEAAZ,114,40,6,0,18,2,17,0,0,0,4,0,0,7,0,0,18,29,37,0,0
6691,NOBLEABA,198,59,7,1,25,3,20,0,2,0,14,0,2,43,3,0,48,112,48,0,0
6692,OTTAWAAAA,295,311,36,3,104,2,67,1,1,0,28,0,0,87,1,1,93,212,173,0,0
6693,OTTAWAAAD,362,333,40,11,120,1,99,0,1,1,40,0,0,102,11,0,89,244,220,0,0
6694,OTTAWAAAH,334,312,46,3,125,3,105,1,1,0,26,0,0,86,8,0,100,222,233,0,0
6695,OTTAWAAAL,283,284,25,7,112,1,67,0,1,2,25,0,0,76,1,0,79,184,180,0,0
6696,OTTAWAAAM,270,241,27,0,60,1,63,1,0,0,27,0,1,81,5,1,58,174,124,0,0
6697,OTTAWAAAO,442,263,43,6,54,1,92,1,1,1,49,0,2,102,6,1,93,256,147,0,0
6698,OTTAWAAAP,391,288,22,8,87,0,67,0,3,0,37,0,0,91,7,1,88,227,154,0,0
6699,OTTAWAAAT,369,240,29,5,80,4,64,0,3,1,20,0,1,77,9,1,109,221,148,0,0
6700,OTTAWAAAU,386,250,28,3,73,1,87,0,1,0,26,0,1,107,5,0,84,224,161,0,0
6701,OTTAWAAAW,403,256,38,9,70,4,70,1,0,0,33,0,0,84,4,0,77,199,144,0,0
6702,OTTAWAAAY,409,230,23,1,77,1,60,0,1,0,20,1,0,65,5,0,101,193,138,0,0
6703,OTTAWAAAZ,329,210,23,5,57,2,58,1,0,2,26,0,0,61,3,0,83,176,117,0,0
6704,OTTAWAABB,304,133,15,7,36,2,25,0,3,2,31,0,0,118,3,0,76,233,63,0,0
6705,OTTAWAABC,427,204,28,2,73,0,37,0,0,3,25,4,0,158,12,0,109,311,110,0,0
6706,OTTAWAABF,399,227,13,0,71,0,42,2,1,1,24,0,1,157,8,0,111,305,113,0,0
6707,OTTAWAABG,511,241,27,2,68,2,41,1,2,0,28,1,0,173,8,0,120,333,111,0,0
6708,OTTAWAABH,421,221,27,3,71,1,43,0,1,0,47,0,1,86,2,0,77,214,115,0,0
6709,OTTAWAABL,427,276,30,6,81,1,75,0,3,1,42,0,0,87,4,0,108,245,157,0,0
6710,OTTAWAABO,294,253,29,4,93,0,43,3,4,2,46,0,1,71,6,0,45,178,136,0,0
6711,OTTAWAABP,253,176,25,1,69,2,42,1,1,1,21,0,0,73,2,0,62,161,113,0,0
6712,OTTAWAABR,478,228,17,4,78,1,41,1,1,1,34,0,0,124,7,0,117,285,120,0,0
6713,OTTAWAABT,304,293,14,2,68,4,41,1,2,0,18,0,0,119,8,0,62,210,113,0,0
6714,OTTAWAABW,313,165,14,4,59,1,36,0,1,0,28,0,1,67,8,0,72,177,96,0,0
6715,OTTAWAABX,347,212,19,2,60,0,34,0,6,1,23,0,1,75,8,0,109,223,94,0,0
6716,OTTAWAACA,339,196,17,1,63,2,42,0,0,0,21,0,1,101,7,1,79,210,107,0,0
6717,OTTAWAACC,317,182,23,5,55,3,56,0,1,0,18,0,0,48,3,0,97,167,114,0,0
6718,OTTAWAACE,289,164,33,3,53,0,40,2,1,0,47,0,1,77,2,0,66,196,93,0,0
6719,OTTAWAACG,305,125,25,4,46,2,33,1,1,0,38,0,1,89,3,0,69,202,81,0,0
6720,OTTAWAACH,372,299,44,5,90,2,91,1,4,1,60,0,0,127,5,0,69,267,183,0,0
6721,OTTAWAACL,403,242,20,6,75,3,70,0,3,0,31,0,1,86,5,1,77,204,148,0,0
6722,OTTAWAACQ,305,210,33,11,62,1,54,0,1,1,17,0,0,94,4,1,62,180,117,0,0
6723,OTTAWAACS,447,225,26,2,71,1,68,0,1,1,39,0,0,114,10,0,104,269,140,0,0
6724,OTTAWAACU,375,278,28,5,86,2,58,0,2,1,26,0,0,98,3,0,94,224,146,0,0
6725,OTTAWAACV,243,164,30,0,41,1,31,2,4,0,25,0,2,81,4,0,51,169,73,0,0
6726,OTTAWAACW,257,192,28,3,56,2,52,0,1,1,31,0,1,48,3,0,66,151,110,0,0
6727,OTTAWAACY,250,161,12,4,47,1,48,0,1,1,24,0,3,43,2,0,50,124,96,0,0
6728,PAULDINGAAB,447,211,20,4,81,2,41,0,5,1,44,0,2,102,7,0,102,263,124,0,0
6729,PAULDINGAAC,423,94,15,4,35,3,20,0,3,0,64,1,0,120,10,0,78,276,58,0,0
6730,PAULDINGAAE,285,41,7,0,13,1,7,1,2,0,63,0,1,67,5,0,54,193,21,0,0
6731,PAULDINGAAF,651,174,35,10,61,4,46,5,2,0,73,1,2,151,10,0,172,416,111,0,0
6732,PAULDINGAAJ,483,171,18,5,54,1,55,0,2,0,96,1,2,139,9,0,78,327,110,0,0
6733,PAULDINGAAM,449,229,27,10,77,0,57,1,2,1,50,1,3,136,17,0,80,291,134,0,0
6734,PAULDINGAAO,451,148,13,6,51,2,40,1,3,0,62,1,0,101,13,2,93,276,93,0,0
6735,PAULDINGAAP,308,96,9,3,37,2,26,1,6,0,31,0,0,80,3,0,73,194,65,0,0
6736,PAULDINGAAQ,544,179,18,5,50,2,43,1,1,1,75,2,1,156,18,1,102,358,95,0,0
6737,PAULDINGAAU,394,110,20,5,45,3,34,1,3,1,66,0,1,116,6,1,76,271,82,0,0
6738,PAULDINGAAV,226,132,20,3,39,1,41,1,5,0,23,0,0,55,9,1,45,139,81,0,0
6739,PAULDINGAAX,357,58,12,2,21,1,20,1,3,0,45,0,0,86,12,0,74,221,42,0,0
6740,PAULDINGAAY,511,99,14,10,39,1,23,5,3,0,73,0,0,130,6,0,99,316,63,0,0
6741,PAULDINGABD,401,154,19,2,69,6,36,2,3,0,43,1,2,114,9,0,86,260,111,0,0
6742,PAULDINGABE,293,145,20,7,46,3,41,1,1,1,43,1,2,65,3,0,58,175,90,0,0
6743,PAULDINGABG,277,52,12,2,12,0,18,1,1,0,26,0,1,52,4,0,56,141,30,0,0
6744,PERRYAAA,475,136,12,2,53,5,31,1,0,0,43,0,3,82,2,0,131,262,89,0,0
6745,PERRYAAC,442,170,19,4,57,2,47,0,2,0,32,2,2,97,4,0,108,247,106,0,0
6746,PERRYAAF,208,115,7,0,41,1,27,0,0,0,17,0,0,34,3,0,47,101,69,0,0
6747,PERRYAAG,247,98,9,0,39,1,25,0,1,0,23,0,0,34,3,0,67,128,65,0,0
6748,PERRYAAH,184,89,14,3,27,1,23,0,0,1,10,0,0,41,2,0,46,100,51,0,0
6749,PERRYAAI,223,90,10,1,29,2,23,0,0,0,14,0,0,41,1,0,73,129,54,0,0
6750,PERRYAAK,322,165,14,5,55,2,42,1,2,0,14,0,0,36,4,1,91,149,99,0,0
6751,PERRYAAL,144,118,13,5,37,2,25,0,1,0,12,0,0,20,2,0,36,71,64,0,0
6752,PERRYAAM,381,98,16,8,37,1,35,1,0,0,42,0,0,83,8,0,90,224,73,0,0
6753,PERRYAAO,511,149,13,7,49,1,39,0,3,0,70,0,1,119,4,0,134,331,89,0,0
6754,PERRYAAP,300,112,14,0,40,2,26,1,0,1,24,0,1,60,7,0,87,181,68,0,0
6755,PERRYAAQ,206,86,11,0,38,1,27,0,1,0,18,1,0,33,2,0,51,106,66,0,0
6756,PERRYAAR,344,83,8,1,31,0,30,0,1,0,44,0,2,80,4,0,86,217,61,0,0
6757,PERRYAAS,411,100,12,3,38,1,25,0,5,0,44,0,0,74,7,0,114,244,64,0,0
6758,PERRYAAT,258,47,4,2,15,0,24,0,1,0,47,0,1,42,2,0,42,135,39,0,0
6759,PERRYAAV,370,165,11,3,71,1,45,0,1,0,32,2,0,38,6,1,114,194,117,0,0
6760,PERRYAAX,229,131,8,1,37,0,27,0,1,0,22,0,0,55,0,0,71,149,64,0,0
6761,PERRYAAY,398,225,25,3,99,6,56,4,0,1,29,0,1,106,6,1,86,234,161,0,0
6762,PERRYAAZ,318,113,8,4,58,1,19,1,0,0,20,0,0,54,3,0,88,166,78,0,0
6763,PERRYABA,293,118,15,1,45,4,40,0,1,2,33,0,0,86,6,0,56,184,89,0,0
6764,PERRYABB,344,98,13,6,27,1,35,1,0,0,42,0,0,96,4,0,71,214,63,0,0
6765,PERRYABC,419,110,10,3,28,1,29,1,0,0,43,0,0,109,6,1,81,241,58,0,0
6766,PERRYABE,408,192,24,5,65,1,56,2,5,0,39,0,1,118,9,0,75,249,122,0,0
6767,PERRYABH,280,180,21,1,79,0,50,0,1,0,27,0,2,42,0,0,76,148,129,0,0
6768,PERRYABI,376,109,16,0,33,0,42,0,0,0,40,0,0,78,2,0,110,230,75,0,0
6769,PERRYABJ,361,150,13,3,46,3,26,1,3,0,34,0,0,111,7,1,96,253,75,0,0
6770,PERRYABK,240,93,4,0,35,2,19,0,0,1,21,0,2,54,1,0,58,137,56,0,0
6771,PERRYABM,136,114,4,6,38,1,24,0,0,0,7,0,1,24,0,0,42,74,63,0,0
6772,PERRYABN,244,143,14,8,57,2,46,0,0,0,16,0,1,41,6,0,51,115,105,0,0
6773,PERRYABO,176,84,8,1,30,1,15,1,0,2,9,0,0,38,4,0,30,84,46,0,0
6774,PERRYABR,353,241,16,7,100,1,51,1,2,0,30,1,0,73,4,0,95,206,152,0,0
6775,PERRYABT,410,143,13,4,31,0,26,0,1,0,26,0,0,127,3,0,116,273,57,0,0
6776,PERRYABU,217,73,6,6,18,0,30,0,0,0,22,0,1,50,1,0,53,127,48,0,0
6777,PICKAWAYAAA,486,260,22,2,98,3,52,1,1,1,49,0,1,217,8,0,101,379,153,0,0
6778,PICKAWAYAAB,264,179,11,4,64,0,46,1,2,0,32,0,0,101,5,0,53,194,110,0,0
6779,PICKAWAYAAC,308,145,11,3,47,0,38,0,1,1,51,0,0,144,5,0,48,250,85,0,0
6780,PICKAWAYAAD,381,209,15,6,68,0,46,0,2,0,43,0,2,178,6,0,82,313,114,0,0
6781,PICKAWAYAAE,478,301,26,3,119,4,84,1,1,0,38,0,2,128,5,0,101,276,207,0,0
6782,PICKAWAYAAF,346,148,21,6,46,0,47,0,2,0,40,0,0,113,10,0,69,234,93,0,0
6783,PICKAWAYAAI,349,194,18,3,80,1,41,0,1,0,30,0,0,131,2,0,70,234,122,0,0
6784,PICKAWAYAAJ,251,182,13,6,67,0,49,3,0,0,24,0,0,74,4,0,60,165,116,0,0
6785,PICKAWAYAAM,260,176,21,7,70,1,59,0,0,1,26,0,0,69,1,0,59,156,130,0,0
6786,PICKAWAYAAN,182,110,20,2,35,1,27,0,2,0,32,1,0,57,1,1,31,125,63,0,0
6787,PICKAWAYAAP,229,96,11,3,38,1,21,0,2,0,32,0,0,97,1,0,43,175,60,0,0
6788,PICKAWAYAAQ,191,68,8,0,24,0,12,1,1,0,32,0,0,60,3,0,36,133,36,0,0
6789,PICKAWAYAAR,414,229,21,3,82,1,60,0,0,0,40,0,0,147,8,0,99,294,143,0,0
6790,PICKAWAYAAS,380,110,9,9,31,0,23,0,0,0,59,0,0,79,1,0,98,237,54,0,0
6791,PICKAWAYAAT,415,150,17,8,46,0,31,0,0,0,49,0,1,133,4,0,97,284,77,0,0
6792,PICKAWAYAAU,330,87,13,3,21,1,24,2,2,0,36,0,0,88,4,0,63,195,46,0,0
6793,PICKAWAYAAW,456,202,25,5,83,1,52,0,2,1,44,0,0,111,6,0,121,285,136,0,0
6794,PICKAWAYAAX,446,158,8,5,55,0,34,0,2,0,60,0,0,111,3,0,102,278,89,0,0
6795,PICKAWAYAAY,536,228,31,5,69,4,50,0,5,0,41,0,1,140,5,1,102,295,123,0,0
6796,PICKAWAYABA,387,109,14,6,40,1,36,0,1,1,51,0,0,99,4,0,73,229,77,0,0
6797,PICKAWAYABB,556,203,33,6,34,0,57,0,5,1,67,0,0,112,6,0,110,301,91,0,0
6798,PICKAWAYABC,330,128,12,9,35,2,28,0,0,0,34,0,0,69,3,0,65,171,65,0,0
6799,PICKAWAYABD,477,127,23,2,44,3,29,0,1,0,52,0,0,149,3,0,87,292,76,0,0
6800,PICKAWAYABG,449,132,23,8,43,1,39,0,2,1,53,0,1,132,5,0,98,292,83,0,0
6801,PICKAWAYABI,344,99,8,1,28,0,26,0,2,0,43,0,0,77,6,0,77,205,54,0,0
6802,PICKAWAYABJ,395,118,15,2,36,3,33,1,0,0,31,0,2,83,9,0,100,226,72,0,0
6803,PICKAWAYABL,499,183,29,4,80,1,52,0,3,0,65,0,1,137,8,0,95,309,133,0,0
6804,PICKAWAYABM,308,124,13,2,37,1,43,0,2,0,32,0,1,111,1,0,76,223,81,0,0
6805,PICKAWAYABN,434,145,16,1,56,2,48,0,0,0,65,1,0,93,4,0,102,265,106,0,0
6806,PICKAWAYABO,546,149,32,4,43,3,58,1,4,0,82,0,0,123,7,0,123,340,104,0,0
6807,PICKAWAYABQ,731,260,41,7,63,0,67,1,0,0,108,0,1,199,12,0,163,484,130,0,0
6808,PICKAWAYABT,594,154,17,9,50,1,40,1,1,1,85,0,0,156,4,0,148,396,91,0,0
6809,PICKAWAYABU,645,179,18,2,56,2,52,0,0,0,100,1,3,183,5,0,126,418,110,0,0
6810,PICKAWAYABV,598,146,23,7,60,0,32,0,1,0,59,1,2,180,7,0,141,391,92,0,0
6811,PICKAWAYABW,293,113,8,3,27,0,35,2,0,0,42,1,0,129,6,0,51,231,62,0,0
6812,PICKAWAYABX,510,127,15,7,43,0,45,0,0,1,72,0,1,156,0,0,111,341,88,0,0
6813,PICKAWAYABY,436,132,22,4,38,2,40,0,1,1,61,0,0,149,7,1,87,307,80,0,0
6814,PICKAWAYABZ,166,58,6,2,21,1,16,1,0,0,21,1,0,57,4,0,24,108,38,0,0
6815,PICKAWAYACA,522,149,12,3,41,2,42,0,1,0,72,0,0,175,3,0,107,358,85,0,0
6816,PICKAWAYACB,193,86,9,1,36,1,15,0,1,0,19,0,0,54,2,0,52,128,52,0,0
6817,PICKAWAYACC,425,128,17,4,45,0,30,3,3,1,53,0,0,89,4,0,109,262,75,0,0
6818,PICKAWAYACD,536,248,29,3,49,1,67,1,0,0,70,0,1,172,13,0,105,362,117,0,0
6819,PIKEAAA,207,152,14,0,48,4,39,0,0,0,18,1,1,44,5,0,35,104,91,0,0
6820,PIKEAAB,310,243,15,1,90,2,42,1,5,3,28,1,2,144,7,1,59,251,134,0,0
6821,PIKEAAE,219,125,10,2,42,3,47,1,2,0,20,0,1,37,4,0,46,111,92,0,0
6822,PIKEAAF,175,87,5,2,31,3,29,0,0,0,10,0,1,33,5,0,37,86,63,0,0
6823,PIKEAAG,227,150,11,0,47,1,38,0,1,0,11,1,0,48,1,0,50,112,86,0,0
6824,PIKEAAH,376,155,6,1,62,4,30,0,2,0,31,0,3,46,5,0,98,185,96,0,0
6825,PIKEAAI,117,44,4,1,25,0,14,0,0,0,11,1,0,18,0,0,29,59,39,0,0
6826,PIKEAAJ,483,177,16,2,59,7,45,0,2,0,36,0,1,66,2,0,78,185,111,0,0
6827,PIKEAAK,296,121,9,0,57,4,39,0,1,0,21,0,1,18,1,0,53,95,100,0,0
6828,PIKEAAL,329,189,6,5,32,1,22,1,0,0,3,0,0,16,2,0,27,49,55,0,0
6829,PIKEAAM,NA,NA,NA,NA,27,0,20,0,1,0,13,0,0,39,4,0,68,125,47,0,0
6830,PIKEAAN,364,132,5,8,69,2,33,0,2,0,18,0,1,34,4,1,99,159,104,0,0
6831,PIKEAAO,286,117,11,4,55,1,29,0,2,0,22,0,1,33,6,0,76,140,85,0,0
6832,PIKEAAP,624,203,20,4,79,4,59,2,7,2,49,0,0,68,9,0,126,263,142,0,0
6833,PIKEAAQ,682,270,32,6,85,6,103,1,5,0,45,0,1,117,7,0,130,306,194,0,0
6834,PIKEAAR,615,238,27,5,103,6,72,1,2,0,57,0,2,87,10,0,139,298,181,0,0
6835,PIKEAAS,164,72,3,2,22,1,10,0,1,0,7,0,0,24,2,0,47,81,33,0,0
6836,PIKEAAT,305,151,18,0,64,5,46,1,0,1,19,0,1,40,3,0,62,127,115,0,0
6837,PIKEAAU,316,187,14,2,64,4,41,3,1,1,11,0,0,50,3,0,74,143,109,0,0
6838,PIKEAAV,394,111,12,2,45,2,35,0,5,0,25,0,3,45,8,1,69,156,82,0,0
6839,PIKEAAW,406,142,6,1,35,1,29,0,2,0,33,0,0,43,4,0,120,202,65,0,0
6840,PIKEAAX,557,262,18,8,117,4,75,3,0,1,40,0,1,79,9,0,113,246,196,0,0
6841,PIKEAAY,450,211,21,2,90,3,63,0,1,0,36,0,2,84,7,0,114,244,156,0,0
6842,PORTAGEAAA,255,225,26,8,58,2,56,0,2,0,18,0,0,66,2,1,75,164,116,0,0
6843,PORTAGEAAB,403,315,32,1,86,3,49,3,0,1,29,0,0,173,11,0,106,323,138,0,0
6844,PORTAGEAAC,434,303,23,4,64,0,50,1,1,0,35,0,0,206,9,1,81,334,114,0,0
6845,PORTAGEAAD,485,307,15,8,82,0,70,1,0,0,46,1,0,190,7,0,116,361,152,0,0
6846,PORTAGEAAE,415,294,22,1,80,0,24,0,1,0,18,1,0,174,11,0,103,308,104,0,0
6847,PORTAGEAAF,461,367,22,2,88,0,55,0,0,0,37,1,0,203,11,0,127,379,143,0,0
6848,PORTAGEAAG,349,267,18,3,66,0,44,1,0,1,23,2,1,196,6,0,71,301,110,0,0
6849,PORTAGEAAH,464,406,41,6,90,0,64,0,2,0,27,0,1,224,18,0,106,378,154,0,0
6850,PORTAGEAAJ,329,275,9,3,75,0,29,0,1,0,25,0,0,148,5,0,84,263,104,0,0
6851,PORTAGEAAK,327,211,11,2,57,0,42,0,0,0,16,0,0,141,3,0,77,237,99,0,0
6852,PORTAGEAAL,430,262,15,3,62,1,35,0,0,0,20,0,0,204,7,0,103,334,98,0,0
6853,PORTAGEAAM,399,292,23,2,74,0,37,0,0,1,32,0,1,220,10,0,85,349,111,0,0
6854,PORTAGEAAN,370,283,23,4,66,1,45,0,0,0,27,0,0,175,6,0,90,298,112,0,0
6855,PORTAGEAAO,270,441,31,17,110,3,131,0,1,0,35,0,0,136,4,0,45,221,244,0,0
6856,PORTAGEAAP,117,442,14,5,124,0,210,1,1,0,7,1,0,72,4,0,29,115,334,0,0
6857,PORTAGEAAQ,197,260,17,13,64,0,94,1,1,0,11,0,1,68,5,0,37,124,158,0,0
6858,PORTAGEAAT,283,490,28,6,151,0,121,1,3,0,36,0,0,101,13,0,68,222,272,0,0
6859,PORTAGEAAU,183,357,21,10,106,1,119,0,1,0,13,0,2,56,1,0,36,109,226,0,0
6860,PORTAGEAAV,142,323,17,15,72,3,97,0,0,1,10,0,0,59,4,0,34,108,172,0,0
6861,PORTAGEAAW,120,373,31,9,74,0,188,0,4,0,11,0,1,46,2,0,25,89,262,0,0
6862,PORTAGEAAZ,180,400,23,17,91,1,106,1,2,0,13,0,1,54,1,0,50,122,198,0,0
6863,PORTAGEABA,128,300,22,16,57,2,133,1,0,0,8,0,1,40,4,0,32,86,192,0,0
6864,PORTAGEABB,129,296,9,11,59,2,118,0,1,0,5,1,0,31,3,0,32,73,179,0,0
6865,PORTAGEABC,67,252,8,7,55,0,65,0,0,0,1,0,0,33,2,0,15,51,120,0,0
6866,PORTAGEABE,248,769,46,38,14,0,118,1,0,0,2,0,0,29,4,0,4,40,132,0,0
6867,PORTAGEABG,84,252,26,9,48,1,97,0,1,0,4,0,0,28,0,0,13,46,146,0,0
6868,PORTAGEABH,91,307,18,15,73,1,135,0,0,0,4,0,1,42,2,0,28,77,209,0,0
6869,PORTAGEABJ,82,244,19,10,63,0,118,0,1,0,2,0,1,21,2,1,24,52,181,0,0
6870,PORTAGEABK,101,393,19,12,106,0,143,0,1,0,4,0,1,60,3,1,15,85,249,0,0
6871,PORTAGEABL,41,149,10,6,18,0,37,0,0,0,1,0,0,13,1,0,3,18,55,0,0
6872,PORTAGEABN,160,200,18,7,61,1,72,0,0,0,17,0,1,36,1,0,42,97,134,0,0
6873,PORTAGEABO,184,214,19,4,79,2,72,0,0,0,11,0,0,34,3,0,47,95,153,0,0
6874,PORTAGEABQ,161,183,15,8,66,2,52,0,1,0,18,0,1,39,2,0,54,115,120,0,0
6875,PORTAGEABR,271,270,18,4,104,2,76,1,2,1,17,0,0,83,4,0,77,185,182,0,0
6876,PORTAGEABS,214,248,19,3,76,3,69,1,0,0,24,0,0,48,1,1,50,125,148,0,0
6877,PORTAGEABV,197,185,14,3,53,2,79,1,2,0,13,0,1,36,4,0,55,112,134,0,0
6878,PORTAGEABW,228,209,17,5,83,2,72,0,2,0,12,0,0,49,2,0,58,123,157,0,0
6879,PORTAGEABX,344,280,26,6,109,1,92,0,2,0,30,0,0,72,7,0,77,188,202,0,0
6880,PORTAGEACA,168,181,20,5,62,1,53,0,2,0,6,0,1,28,2,0,67,106,116,0,0
6881,PORTAGEACB,293,252,21,7,114,0,85,1,0,0,16,1,0,105,6,0,81,210,199,0,0
6882,PORTAGEACD,224,198,11,2,61,0,43,1,1,0,14,0,0,51,1,0,62,130,104,0,0
6883,PORTAGEACE,289,188,14,3,68,4,35,1,1,0,14,0,1,55,1,1,78,152,107,0,0
6884,PORTAGEACG,368,409,14,4,120,1,88,0,0,1,24,1,0,113,7,0,85,231,209,0,0
6885,PORTAGEACH,150,254,12,3,41,0,57,0,0,0,11,0,1,46,2,0,24,84,98,0,0
6886,PORTAGEACI,337,417,20,4,113,0,67,2,3,0,22,0,0,113,4,1,78,223,180,0,0
6887,PORTAGEACK,220,178,14,5,52,1,41,0,0,1,10,0,0,57,5,0,84,157,94,0,0
6888,PORTAGEACL,444,346,23,7,126,0,64,1,2,1,31,0,2,159,6,2,106,310,190,0,0
6889,PORTAGEACN,301,227,18,3,53,0,39,2,0,0,18,1,0,145,6,0,72,244,92,0,0
6890,PORTAGEACO,330,238,21,8,78,1,58,0,1,1,18,1,1,77,3,0,115,217,137,0,0
6891,PORTAGEACP,301,368,26,7,85,0,69,0,3,0,17,0,0,90,8,0,64,182,154,0,0
6892,PORTAGEACQ,452,167,21,11,55,3,58,0,0,0,30,0,1,99,1,1,159,291,116,0,0
6893,PORTAGEACR,473,159,12,7,52,2,57,1,3,0,35,0,1,71,0,0,139,250,111,0,0
6894,PORTAGEACT,342,338,20,10,100,2,101,0,3,0,24,0,1,96,6,0,85,215,203,0,0
6895,PORTAGEACU,400,426,32,6,114,2,117,3,1,0,39,0,1,130,9,0,100,283,233,0,0
6896,PORTAGEACV,574,451,52,6,103,5,123,0,2,0,26,1,0,159,15,0,178,381,231,0,0
6897,PORTAGEACW,442,239,19,7,55,1,60,0,1,0,43,1,0,136,5,1,137,324,116,0,0
6898,PORTAGEACX,473,290,24,5,77,2,74,0,3,2,38,0,0,120,4,0,147,314,153,0,0
6899,PORTAGEACY,463,259,16,3,89,2,91,0,1,0,36,0,1,87,6,0,149,280,182,0,0
6900,PORTAGEACZ,344,200,12,11,69,3,78,2,2,1,27,1,0,62,4,0,93,192,150,0,0
6901,PORTAGEADE,248,127,13,5,44,1,36,0,4,0,19,0,2,59,1,0,67,152,81,0,0
6902,PORTAGEADF,192,137,11,2,49,2,48,1,0,0,14,0,1,31,1,0,47,95,99,0,0
6903,PORTAGEADG,365,131,24,2,45,2,55,1,2,1,31,0,0,54,3,0,104,196,102,0,0
6904,PORTAGEADH,495,204,16,6,55,4,65,0,0,0,27,1,1,96,8,0,161,294,124,0,0
6905,PORTAGEADJ,451,200,24,6,45,1,69,0,2,0,12,0,1,97,8,0,133,253,115,0,0
6906,PORTAGEADK,456,174,18,11,54,1,59,0,2,0,34,0,0,104,7,0,132,279,114,0,0
6907,PORTAGEADL,105,120,10,4,51,2,37,0,2,0,9,0,0,24,0,0,34,69,90,0,0
6908,PORTAGEADM,277,217,17,7,52,0,70,0,0,0,24,2,0,84,4,0,67,181,122,0,0
6909,PORTAGEADN,266,413,30,4,131,1,112,0,0,0,16,0,0,136,10,0,77,239,244,0,0
6910,PORTAGEADO,250,260,29,7,76,1,119,1,1,1,11,0,0,83,0,0,59,156,196,0,0
6911,PORTAGEADP,162,338,19,12,69,3,94,0,1,0,12,0,0,57,1,0,41,112,166,0,0
6912,PORTAGEADQ,163,329,24,7,87,1,95,0,2,0,16,0,0,97,3,0,46,164,183,0,0
6913,PORTAGEADU,421,200,27,4,70,2,66,0,1,0,33,0,0,79,6,0,123,242,138,0,0
6914,PORTAGEADV,428,216,11,2,84,1,57,1,2,0,30,2,1,90,4,0,122,252,142,0,0
6915,PORTAGEADX,396,246,19,5,71,2,72,0,2,0,33,1,0,89,2,0,121,248,145,0,0
6916,PORTAGEADY,239,167,22,5,57,0,41,0,0,0,16,0,3,78,8,0,61,166,98,0,0
6917,PORTAGEADZ,104,319,10,13,61,0,157,1,0,1,13,0,1,56,6,0,18,96,218,0,0
6918,PORTAGEAEA,421,229,26,3,62,1,72,0,4,0,27,0,0,108,1,0,109,249,135,0,0
6919,PORTAGEAEB,455,197,13,2,45,0,66,2,3,0,34,0,0,156,5,0,110,310,111,0,0
6920,PORTAGEAED,455,173,13,5,45,0,44,0,0,0,31,0,0,102,5,0,128,266,89,0,0
6921,PORTAGEAEE,454,177,30,8,42,1,65,1,1,1,31,0,0,97,4,1,145,281,108,0,0
6922,PORTAGEAEF,390,175,18,7,54,1,47,1,1,1,22,0,1,92,5,0,124,247,102,0,0
6923,PORTAGEAEG,400,156,19,5,38,1,44,1,0,0,29,0,1,109,6,0,121,267,83,0,0
6924,PORTAGEAEJ,273,172,22,4,48,1,65,0,1,0,22,0,1,92,0,0,85,201,114,0,0
6925,PORTAGEAEL,300,197,12,3,52,0,51,1,0,1,17,0,3,81,0,0,77,180,103,0,0
6926,PORTAGEAEN,372,176,13,5,73,2,49,1,0,0,39,0,1,78,3,0,105,227,124,0,0
6927,PORTAGEAEO,463,152,19,9,43,2,85,0,3,0,36,1,1,89,4,0,136,270,130,0,0
6928,PORTAGEAEQ,322,104,7,9,32,0,39,1,1,0,17,0,1,66,5,0,91,182,71,0,0
6929,PORTAGEAER,332,128,12,3,38,1,42,0,2,2,28,0,0,57,7,0,107,203,81,0,0
6930,PORTAGEAET,259,127,7,7,53,2,45,0,2,0,12,0,0,53,4,0,81,152,100,0,0
6931,PORTAGEAEU,261,124,10,4,47,1,46,0,0,0,18,0,1,53,1,0,91,164,94,0,0
6932,PORTAGEAEV,444,206,12,5,75,5,73,1,2,0,20,0,0,87,3,0,180,293,153,0,0
6933,PORTAGEAEW,443,192,14,5,64,0,68,0,2,1,26,0,0,85,6,0,141,261,132,0,0
6934,PORTAGEAEX,481,226,15,7,68,1,72,1,1,1,34,0,1,98,4,0,146,286,141,0,0
6935,PORTAGEAEY,478,219,20,8,49,1,78,1,2,1,35,0,1,97,12,0,142,291,128,0,0
6936,PORTAGEAFB,300,210,16,4,68,1,45,1,1,0,21,0,0,66,5,0,90,184,114,0,0
6937,PORTAGEAFC,214,276,9,9,77,1,65,0,1,0,11,0,0,40,3,0,57,112,143,0,0
6938,PORTAGEAFD,254,164,12,7,64,0,61,0,1,1,14,0,1,45,1,0,66,129,125,0,0
6939,PORTAGEAFE,248,156,18,8,57,1,62,1,0,0,5,0,0,61,4,0,59,130,120,0,0
6940,PORTAGEAFF,373,311,25,12,106,3,89,0,4,0,24,0,0,95,6,1,111,241,198,0,0
6941,PORTAGEAFG,308,249,13,2,90,3,64,0,0,0,18,0,0,69,1,0,88,176,157,0,0
6942,PORTAGEAFH,436,229,17,9,75,2,74,1,2,0,29,0,2,101,1,0,120,256,151,0,0
6943,PORTAGEAFL,513,291,35,8,106,3,111,0,3,1,46,0,1,140,6,0,154,351,220,0,0
6944,PORTAGEAFM,378,218,19,6,62,1,74,0,1,0,34,0,0,88,9,0,117,249,137,0,0
6945,PORTAGEAFN,298,199,22,5,57,3,66,0,4,0,14,1,0,68,2,0,79,168,126,0,0
6946,PORTAGEAFO,232,233,24,5,65,1,72,1,2,4,22,1,0,60,3,0,61,154,138,0,0
6947,PORTAGEAFP,347,150,13,4,51,5,65,0,2,0,24,0,0,83,5,0,97,211,121,0,0
6948,PORTAGEAFQ,390,231,13,11,76,2,78,0,2,0,34,0,0,80,3,1,108,228,156,0,0
6949,PORTAGEAFR,461,227,21,4,85,3,75,0,2,0,23,0,0,108,4,0,119,256,163,0,0
6950,PORTAGEAFS,416,205,28,5,63,4,53,0,1,0,28,0,0,62,4,1,113,209,120,0,0
6951,PORTAGEAFT,323,169,21,9,56,0,49,0,1,0,28,0,1,78,3,0,104,215,105,0,0
6952,PORTAGEAFU,334,131,20,5,45,2,55,1,1,0,28,0,0,50,2,0,97,179,102,0,0
6953,PORTAGEAFV,467,194,13,4,53,1,55,0,2,0,25,0,1,117,7,0,137,289,109,0,0
6954,PORTAGEAFX,471,242,13,2,59,1,65,0,1,0,37,0,0,100,6,0,161,305,125,0,0
6955,PORTAGEAFY,428,207,14,4,76,2,48,0,4,0,27,0,2,115,0,0,115,263,126,0,0
6956,PORTAGEAFZ,473,194,15,1,52,0,46,1,1,0,44,0,0,117,9,1,152,325,98,0,0
6957,PORTAGEAGA,374,223,9,11,66,2,51,0,2,1,24,0,1,91,5,0,121,245,119,0,0
6958,PORTAGEAGB,445,213,16,7,79,1,62,1,2,0,40,0,2,80,6,0,142,273,142,0,0
6959,PORTAGEAGE,63,71,6,1,18,0,15,0,0,0,6,0,0,36,2,0,19,63,33,0,0
6960,PORTAGEAGF,217,102,15,0,30,0,37,1,1,0,9,0,1,40,6,0,72,130,67,0,0
6961,PORTAGEAGG,304,155,4,6,63,1,40,0,1,0,12,0,0,45,3,0,91,152,104,0,0
6962,PORTAGEAGH,113,82,6,5,30,1,30,0,1,1,7,0,0,17,0,0,30,56,61,0,0
6963,PORTAGEAGI,192,182,7,5,64,1,46,0,0,0,13,0,0,42,2,0,57,114,111,0,0
6964,PORTAGEAGJ,169,398,23,5,126,0,137,0,1,0,6,0,0,69,0,0,47,123,263,0,0
6965,PORTAGEAGK,105,356,20,11,15,0,104,0,0,0,3,0,0,23,2,0,7,35,119,0,0
6966,PORTAGEAGL,175,579,29,15,14,0,97,0,0,0,1,0,0,28,2,0,8,39,111,0,0
6967,PORTAGEAGM,87,360,10,11,34,0,71,0,1,0,1,0,0,30,1,0,6,39,105,0,0
6968,PORTAGEAGP,364,118,15,2,39,2,42,0,1,0,20,0,0,71,1,1,117,211,83,0,0
6969,PORTAGEAGQ,260,260,23,4,75,1,59,1,1,0,24,0,0,57,2,0,67,152,135,0,0
6970,PORTAGEAGR,328,263,16,3,88,0,58,1,0,0,26,0,0,84,2,0,90,203,146,0,0
6971,PORTAGEAGS,359,192,22,2,67,1,40,0,0,0,33,0,2,105,4,0,89,233,108,0,0
6972,PREBLEAAA,292,117,15,3,40,0,30,0,7,0,38,1,2,99,4,0,96,247,70,0,0
6973,PREBLEAAB,412,103,16,8,21,1,31,0,6,0,47,0,1,73,3,0,127,257,53,0,0
6974,PREBLEAAC,242,80,8,1,20,1,20,1,2,2,38,1,4,73,8,0,65,194,41,0,0
6975,PREBLEAAD,452,150,14,12,41,0,48,2,1,0,46,0,2,120,8,0,115,294,89,0,0
6976,PREBLEAAE,260,103,14,4,31,1,28,0,2,0,21,0,1,47,1,0,63,135,60,0,0
6977,PREBLEAAF,252,91,8,4,34,0,18,3,0,1,22,0,1,71,3,0,77,178,52,0,0
6978,PREBLEAAG,408,165,20,5,57,1,29,3,2,1,30,0,1,127,8,0,130,302,87,0,0
6979,PREBLEAAH,358,138,19,2,39,1,28,1,3,0,23,0,2,85,3,0,120,237,68,0,0
6980,PREBLEAAI,227,67,9,1,17,0,11,1,1,1,27,1,1,82,4,0,71,189,28,0,0
6981,PREBLEAAJ,221,55,7,0,14,0,11,1,1,0,27,0,1,52,4,0,79,165,25,0,0
6982,PREBLEAAK,701,175,24,5,58,0,38,1,3,2,83,1,2,131,14,2,241,480,96,0,0
6983,PREBLEAAL,635,204,18,1,65,2,64,1,3,0,49,0,2,157,9,0,217,438,131,0,0
6984,PREBLEAAM,317,86,11,3,29,1,30,0,0,0,29,0,0,47,2,0,126,204,60,0,0
6985,PREBLEAAN,572,142,25,7,32,0,39,0,2,0,43,1,1,91,6,0,199,343,71,0,0
6986,PREBLEAAP,797,191,35,5,43,1,50,0,3,0,57,0,1,103,11,1,258,434,94,0,0
6987,PREBLEAAQ,457,109,13,3,31,0,17,1,2,1,47,0,2,110,4,1,174,342,48,0,0
6988,PREBLEAAR,321,51,11,5,10,1,11,0,0,0,22,0,0,68,2,0,123,215,22,0,0
6989,PREBLEAAS,389,74,12,1,23,1,17,0,1,1,21,0,0,68,3,2,137,233,41,0,0
6990,PREBLEAAT,401,112,13,7,30,2,31,2,3,1,35,0,1,69,7,0,121,239,63,0,0
6991,PREBLEAAU,256,74,4,3,18,1,20,0,1,0,19,0,1,54,0,0,98,173,39,0,0
6992,PREBLEAAV,173,49,11,1,12,2,21,1,0,0,22,0,0,57,2,0,50,132,35,0,0
6993,PREBLEAAW,310,111,8,1,22,3,20,2,1,1,47,0,1,91,4,0,91,238,45,0,0
6994,PREBLEAAX,436,117,16,7,27,0,27,1,3,1,34,0,0,135,12,0,138,324,54,0,0
6995,PREBLEAAY,413,107,12,2,33,3,20,1,4,0,60,0,0,74,4,0,123,266,56,0,0
6996,PREBLEAAZ,285,81,5,4,28,0,12,1,0,0,22,0,0,66,2,0,95,186,40,0,0
6997,PREBLEABA,172,83,10,2,24,1,21,2,0,0,9,0,0,46,1,0,48,106,46,0,0
6998,PREBLEABB,219,102,4,1,20,0,23,0,0,0,19,0,0,51,6,0,65,141,43,0,0
6999,PREBLEABC,606,142,27,2,39,0,44,2,3,0,81,0,2,149,7,0,221,465,83,0,0
7000,PREBLEABD,540,120,19,1,21,1,35,0,2,1,96,0,0,102,10,0,180,391,57,0,0
7001,PREBLEABF,295,107,11,3,36,0,23,0,3,0,32,0,0,65,5,0,106,211,59,0,0
7002,PREBLEABG,441,117,12,2,26,2,14,2,3,1,44,0,1,129,2,0,127,309,42,0,0
7003,PREBLEABH,203,42,10,1,17,0,16,0,0,1,15,0,2,52,2,0,72,144,33,0,0
7004,PREBLEABI,114,50,7,0,9,1,12,0,0,0,8,0,0,26,2,0,43,79,22,0,0
7005,PREBLEABK,387,116,4,1,24,0,33,0,3,0,40,1,1,67,1,0,126,239,57,0,0
7006,PREBLEABL,385,84,11,2,22,1,22,0,1,0,44,0,0,89,1,0,117,252,45,0,0
7007,PREBLEABM,322,100,12,3,34,0,29,0,1,1,26,0,1,48,4,0,98,179,63,0,0
7008,PREBLEABN,234,57,18,5,22,0,9,2,2,0,37,0,0,35,1,0,74,151,31,0,0
7009,PREBLEABP,469,90,10,3,34,0,24,1,5,1,58,1,0,92,3,0,154,315,58,0,0
7010,PREBLEABQ,516,96,12,0,24,1,27,0,2,0,40,0,1,102,9,0,176,330,52,0,0
7011,PREBLEABR,172,52,9,2,16,0,19,1,0,0,28,0,2,31,7,0,66,135,35,0,0
7012,PREBLEABS,340,94,9,2,21,1,18,1,3,0,57,1,0,83,3,1,135,284,40,0,0
7013,PREBLEABT,444,121,20,1,27,0,29,1,3,1,46,1,1,130,4,0,128,315,56,0,0
7014,PUTNAMAAB,572,100,25,5,25,1,37,3,7,1,106,1,0,197,15,2,115,447,63,0,0
7015,PUTNAMAAC,688,91,26,1,33,1,34,2,9,0,104,1,1,266,18,1,124,526,68,0,0
7016,PUTNAMAAF,467,67,14,2,23,0,27,1,5,1,52,0,1,124,7,0,109,300,50,0,0
7017,PUTNAMAAG,931,166,36,2,40,0,45,2,2,2,122,0,2,293,5,0,197,625,85,0,0
7018,PUTNAMAAK,748,139,18,3,40,4,48,1,2,1,148,0,2,240,19,0,120,533,92,0,0
7019,PUTNAMAAN,795,159,47,7,43,4,55,2,5,1,125,2,2,180,18,0,167,502,102,0,0
7020,PUTNAMAAO,552,111,29,1,26,3,35,0,1,1,48,0,0,168,8,0,117,343,64,0,0
7021,PUTNAMAAP,405,104,15,3,30,0,24,1,0,0,27,1,1,163,3,1,85,282,54,0,0
7022,PUTNAMAAQ,684,129,33,6,38,3,47,3,4,1,120,0,1,254,15,0,123,521,88,0,0
7023,PUTNAMAAT,1044,137,49,4,38,1,67,4,5,1,199,0,1,383,21,1,153,768,106,0,0
7024,PUTNAMAAU,704,185,33,1,74,2,47,3,6,2,83,0,1,287,20,1,109,512,123,0,0
7025,PUTNAMAAV,392,123,27,3,37,5,41,2,3,1,44,0,0,122,13,2,59,246,83,0,0
7026,PUTNAMAAX,493,183,33,4,54,1,46,1,3,0,75,0,0,173,7,1,81,341,101,0,0
7027,PUTNAMABA,524,90,13,2,29,0,43,1,1,1,74,0,0,156,12,1,108,354,72,0,0
7028,PUTNAMABE,429,67,21,3,23,1,17,1,2,0,70,0,0,117,5,0,95,290,41,0,0
7029,PUTNAMABF,860,84,30,1,20,2,32,1,7,2,148,2,0,293,19,1,160,633,54,0,0
7030,PUTNAMABH,786,165,43,1,49,1,54,1,6,2,112,0,2,245,19,1,154,542,104,0,0
7031,PUTNAMABK,517,71,19,1,14,1,21,2,4,0,109,0,0,179,7,0,90,391,36,0,0
7032,PUTNAMABM,467,133,17,2,32,6,40,5,3,0,72,0,2,173,4,0,92,351,78,0,0
7033,PUTNAMABO,537,73,23,3,16,2,27,2,11,0,95,0,2,141,7,1,124,383,45,0,0
7034,PUTNAMABQ,846,102,21,5,29,1,40,1,4,1,142,1,2,322,23,1,141,638,70,0,0
7035,PUTNAMABR,631,128,20,3,33,2,34,3,4,0,91,0,0,286,9,0,110,503,69,0,0
7036,PUTNAMABT,310,62,13,3,20,0,29,0,0,0,43,0,1,89,5,0,61,199,49,0,0
7037,PUTNAMABW,579,253,33,6,54,2,49,6,6,0,53,1,2,204,11,1,107,391,105,0,0
7038,RICHLANDAAA,518,225,18,3,59,0,53,3,2,0,67,1,0,192,5,0,138,408,112,0,0
7039,RICHLANDAAB,494,182,22,2,56,3,46,1,4,0,73,0,1,194,12,1,118,404,105,0,0
7040,RICHLANDAAC,284,194,23,7,57,4,47,0,7,0,49,0,0,83,1,1,49,190,108,0,0
7041,RICHLANDAAD,564,339,19,8,105,3,81,0,4,0,95,0,3,198,16,1,139,456,189,0,0
7042,RICHLANDAAE,581,353,17,6,115,0,72,2,8,1,86,1,2,189,12,0,123,424,187,0,0
7043,RICHLANDAAF,290,161,21,2,41,2,28,1,2,0,52,0,1,128,3,0,64,251,71,0,0
7044,RICHLANDAAG,307,237,27,2,71,0,72,0,0,0,61,0,0,117,3,0,80,261,143,0,0
7045,RICHLANDAAH,275,209,19,5,53,0,63,0,2,3,43,0,1,55,4,0,70,178,116,0,0
7046,RICHLANDAAI,179,169,16,4,46,0,40,0,0,0,17,1,0,33,3,1,53,108,86,0,0
7047,RICHLANDAAJ,506,252,31,9,88,0,64,2,3,0,83,0,1,208,8,0,131,436,152,0,0
7048,RICHLANDAAK,491,327,26,6,125,1,71,0,1,0,87,0,0,182,13,0,93,376,197,0,0
7049,RICHLANDAAL,503,244,20,9,96,0,60,0,5,1,69,0,2,132,17,1,125,352,156,0,0
7050,RICHLANDAAM,175,220,27,10,56,0,52,1,1,0,22,1,3,44,2,0,47,121,108,0,0
7051,RICHLANDAAN,293,254,34,16,67,0,87,2,4,2,51,0,0,77,11,0,64,211,154,0,0
7052,RICHLANDAAO,373,277,17,8,89,1,65,0,6,0,66,0,0,117,2,0,84,275,155,0,0
7053,RICHLANDAAP,339,317,36,7,93,0,87,0,1,0,69,0,0,116,5,0,72,263,180,0,0
7054,RICHLANDAAQ,441,327,19,1,111,3,60,2,1,0,64,0,0,158,5,0,93,323,174,0,0
7055,RICHLANDAAR,308,176,16,5,62,3,49,1,0,0,33,0,1,47,1,0,75,158,114,0,0
7056,RICHLANDAAS,219,267,11,9,84,0,60,0,3,0,31,0,1,35,4,0,47,121,144,0,0
7057,RICHLANDAAT,101,308,8,2,112,1,45,0,3,0,6,0,0,20,4,0,23,56,158,0,0
7058,RICHLANDAAU,134,244,15,2,73,0,35,0,0,0,14,0,0,15,2,0,33,64,108,0,0
7059,RICHLANDAAV,127,329,12,5,126,1,36,0,0,1,9,0,0,19,2,0,18,49,163,0,0
7060,RICHLANDAAW,253,180,16,2,62,1,46,0,2,0,33,0,1,30,2,0,44,112,109,0,0
7061,RICHLANDAAX,89,252,5,5,91,2,37,0,2,0,11,0,0,15,3,0,20,51,130,0,0
7062,RICHLANDAAY,101,308,4,4,97,3,40,1,1,0,13,0,1,16,2,0,18,52,140,0,0
7063,RICHLANDAAZ,124,144,8,4,62,2,34,0,1,1,13,0,0,19,4,0,27,65,98,0,0
7064,RICHLANDABA,305,164,21,3,53,1,34,0,0,0,35,0,0,34,2,0,80,151,88,0,0
7065,RICHLANDABB,163,329,19,5,135,2,50,0,2,0,24,0,0,20,1,0,48,95,187,0,0
7066,RICHLANDABC,397,205,18,5,86,1,60,2,1,0,46,0,1,79,6,1,105,241,147,0,0
7067,RICHLANDABD,363,113,25,4,25,1,41,0,2,0,63,0,3,61,6,1,80,216,67,0,0
7068,RICHLANDABE,360,144,15,5,49,2,37,1,0,0,41,1,2,101,5,0,97,248,88,0,0
7069,RICHLANDABF,365,111,21,3,34,1,31,1,3,0,45,0,0,78,6,0,96,229,66,0,0
7070,RICHLANDABG,351,116,12,3,34,1,34,0,4,0,39,0,0,63,6,0,80,192,69,0,0
7071,RICHLANDABH,319,110,21,4,28,2,52,0,4,0,42,0,0,62,4,1,63,176,82,0,0
7072,RICHLANDABI,229,91,13,7,25,0,35,0,2,0,27,0,1,32,0,0,45,107,60,0,0
7073,RICHLANDABJ,455,168,21,4,54,2,40,0,5,0,61,1,0,107,6,0,122,302,96,0,0
7074,RICHLANDABK,423,165,18,4,57,3,31,0,6,0,56,0,0,151,9,0,102,324,91,0,0
7075,RICHLANDABL,293,76,14,4,20,3,25,1,4,0,63,0,0,59,4,0,62,193,48,0,0
7076,RICHLANDABM,231,50,5,1,10,1,16,1,3,0,33,0,0,52,2,0,50,141,27,0,0
7077,RICHLANDABN,397,77,14,3,35,2,41,0,1,2,63,0,0,67,4,1,92,230,78,0,0
7078,RICHLANDABO,662,140,18,1,44,4,51,1,4,0,98,0,0,126,4,1,170,404,99,0,0
7079,RICHLANDABP,496,131,15,2,45,1,39,1,4,1,58,1,0,116,9,0,129,319,85,0,0
7080,RICHLANDABQ,572,139,21,2,55,3,41,3,4,0,83,0,0,144,8,0,163,405,99,0,0
7081,RICHLANDABR,851,224,37,7,62,2,68,2,3,0,162,1,2,281,12,0,224,687,132,0,0
7082,RICHLANDABS,504,111,11,2,52,1,47,1,3,0,99,0,1,119,7,0,134,364,100,0,0
7083,RICHLANDABT,741,176,18,3,56,1,77,0,5,1,146,1,1,178,8,0,206,546,134,0,0
7084,RICHLANDABU,597,203,37,6,66,2,63,2,4,0,81,0,1,91,12,0,131,322,131,0,0
7085,RICHLANDABV,455,160,33,3,44,4,58,0,3,1,66,2,2,71,1,1,119,266,106,0,0
7086,RICHLANDABW,666,212,21,9,70,1,60,2,1,0,108,0,2,124,14,0,143,394,131,0,0
7087,RICHLANDABX,545,183,21,5,56,5,48,1,3,0,76,0,1,67,4,0,126,278,109,0,0
7088,RICHLANDABY,550,213,33,7,65,3,67,1,4,0,85,0,0,90,9,1,132,322,135,0,0
7089,RICHLANDABZ,453,207,20,5,78,4,70,2,3,0,65,0,0,92,5,0,97,264,152,0,0
7090,RICHLANDACA,348,130,11,5,46,2,32,0,1,0,43,0,1,61,6,0,88,200,80,0,0
7091,RICHLANDACB,465,162,13,6,58,1,52,1,0,0,66,0,1,102,1,0,122,293,111,0,0
7092,RICHLANDACC,379,145,8,5,59,0,43,3,5,0,58,0,1,58,4,0,119,248,102,0,0
7093,RICHLANDACD,471,216,13,2,80,1,52,0,5,1,53,0,0,145,5,0,108,317,133,0,0
7094,RICHLANDACE,478,216,21,5,80,1,71,1,2,0,68,0,0,99,1,0,126,297,152,0,0
7095,RICHLANDACG,631,127,22,0,44,0,34,0,4,1,95,1,2,95,5,0,180,383,78,0,0
7096,RICHLANDACH,566,165,25,6,54,1,59,0,1,0,104,0,0,140,7,0,146,398,114,0,0
7097,RICHLANDACI,513,103,9,4,48,1,37,3,3,0,93,0,1,127,8,0,140,375,86,0,0
7098,RICHLANDACJ,583,156,29,5,53,1,47,3,2,1,89,1,1,106,3,0,142,348,101,0,0
7099,RICHLANDACK,381,133,15,2,42,4,43,0,0,0,61,0,1,75,3,0,105,245,89,0,0
7100,RICHLANDACL,397,95,17,4,38,1,38,1,5,0,54,0,1,106,9,0,95,271,77,0,0
7101,RICHLANDACM,476,279,21,10,103,1,42,5,5,1,63,0,2,114,9,0,121,320,146,0,0
7102,RICHLANDACN,506,207,32,2,51,2,39,0,6,1,93,0,1,106,12,0,133,352,92,0,0
7103,RICHLANDACO,619,249,17,7,93,1,58,1,2,0,94,0,1,188,15,0,144,445,152,0,0
7104,RICHLANDACP,669,220,22,5,65,0,39,1,5,0,123,1,0,208,13,0,141,492,104,0,0
7105,RICHLANDACQ,345,109,17,0,40,0,30,0,2,0,61,0,0,69,8,0,90,230,70,0,0
7106,RICHLANDACR,697,186,23,5,61,1,46,0,4,1,133,0,1,165,10,0,169,483,108,0,0
7107,RICHLANDACS,463,160,18,4,46,0,53,0,1,0,63,1,0,86,6,0,120,277,99,0,0
7108,RICHLANDACT,371,175,9,2,52,1,42,0,2,0,54,0,0,138,1,0,80,275,95,0,0
7109,RICHLANDACU,487,212,30,7,54,0,63,1,6,1,76,1,3,157,6,0,96,347,117,0,0
7110,RICHLANDACV,563,170,30,5,57,2,35,1,3,0,84,0,2,217,6,1,156,470,94,0,0
7111,RICHLANDACW,680,272,26,13,79,2,77,0,5,0,120,0,0,242,16,0,166,549,158,0,0
7112,RICHLANDACX,503,172,19,2,45,1,43,0,6,1,87,0,0,162,14,0,106,376,89,0,0
7113,RICHLANDACY,618,183,12,3,62,0,54,1,5,1,127,0,0,160,5,0,182,481,116,0,0
7114,RICHLANDACZ,470,153,17,3,50,2,46,0,4,0,97,0,1,112,7,0,117,338,98,0,0
7115,RICHLANDADA,475,188,25,2,52,0,58,0,4,0,97,1,1,140,12,0,121,376,110,0,0
7116,RICHLANDADB,562,235,31,7,89,1,65,1,5,1,99,1,3,169,5,0,148,432,155,0,0
7117,RICHLANDADC,441,131,10,6,46,0,39,0,3,3,94,0,0,104,3,0,115,322,85,0,0
7118,RICHLANDADE,734,173,22,4,71,0,47,0,9,1,157,0,0,187,11,0,163,528,118,0,0
7119,RICHLANDADF,753,168,24,3,54,3,52,3,3,1,141,0,3,181,10,0,164,506,109,0,0
7120,RICHLANDADG,333,74,13,1,32,3,33,2,3,1,60,0,3,60,7,0,108,244,68,0,0
7121,RICHLANDADH,421,132,19,2,43,2,60,0,2,0,75,0,0,72,4,0,112,265,105,0,0
7122,RICHLANDADI,380,76,8,0,39,0,28,0,3,1,82,1,0,66,2,0,112,267,67,0,0
7123,ROSSAAA,387,289,21,5,97,1,74,3,3,1,36,0,0,140,11,0,105,299,172,0,0
7124,ROSSAAB,261,174,8,6,61,2,37,1,1,0,24,1,0,108,4,0,55,194,100,0,0
7125,ROSSAAC,320,222,19,4,88,0,38,0,1,3,35,0,0,166,10,0,73,288,126,0,0
7126,ROSSAAD,289,175,11,1,76,0,23,0,1,0,42,0,0,120,5,0,77,245,99,0,0
7127,ROSSAAG,310,270,17,1,87,0,73,1,7,0,23,0,1,101,8,0,82,223,160,0,0
7128,ROSSAAH,181,172,19,5,68,4,43,0,2,0,20,0,1,53,6,0,45,127,115,0,0
7129,ROSSAAI,269,202,11,3,70,0,49,0,2,0,29,0,0,114,11,0,66,222,119,0,0
7130,ROSSAAJ,254,253,8,4,93,0,50,2,3,0,33,0,1,132,5,0,46,222,143,0,0
7131,ROSSAAL,157,166,15,7,56,0,59,1,3,0,14,0,0,60,5,0,39,122,115,0,0
7132,ROSSAAM,138,166,8,3,53,0,26,1,1,0,14,1,0,49,3,0,43,112,79,0,0
7133,ROSSAAN,115,141,13,2,48,0,39,1,1,0,8,0,0,38,4,0,26,78,87,0,0
7134,ROSSAAO,313,213,22,7,82,2,60,3,1,1,30,0,0,95,5,0,80,215,144,0,0
7135,ROSSAAQ,137,153,11,2,52,1,29,0,0,0,12,1,0,25,2,0,27,67,82,0,0
7136,ROSSAAR,118,143,15,7,36,3,39,0,0,0,8,0,0,20,2,0,33,63,78,0,0
7137,ROSSAAS,220,222,17,6,69,0,68,1,4,0,27,0,0,58,2,0,58,150,137,0,0
7138,ROSSAAU,104,135,10,1,50,1,54,0,2,0,12,0,1,48,1,0,41,105,105,0,0
7139,ROSSAAV,251,188,25,4,53,3,52,0,2,0,27,0,2,86,2,0,41,160,108,0,0
7140,ROSSAAW,261,201,25,4,70,2,53,2,1,0,27,0,1,88,8,0,66,193,125,0,0
7141,ROSSAAX,140,145,8,3,37,0,44,0,1,1,9,0,0,59,7,0,43,120,81,0,0
7142,ROSSABA,160,179,11,3,62,1,43,1,0,0,17,0,0,26,2,0,45,91,106,0,0
7143,ROSSABB,124,107,8,5,39,1,29,0,1,0,18,0,3,35,2,0,27,86,69,0,0
7144,ROSSABC,179,208,18,10,77,2,53,2,2,0,20,0,0,42,4,0,47,117,132,0,0
7145,ROSSABE,234,103,16,3,42,1,26,0,1,0,21,1,0,49,2,0,54,128,69,0,0
7146,ROSSABF,228,162,16,3,48,1,35,0,2,0,17,0,1,49,5,0,54,128,84,0,0
7147,ROSSABH,267,112,10,1,51,1,30,0,1,1,45,0,2,43,0,0,60,152,82,0,0
7148,ROSSABJ,343,111,13,1,40,0,28,0,2,0,61,0,0,67,6,0,108,244,68,0,0
7149,ROSSABK,221,79,8,2,25,1,31,1,2,0,22,0,0,55,7,0,76,163,57,0,0
7150,ROSSABL,267,165,19,7,67,2,40,1,3,0,28,0,0,78,8,0,86,204,109,0,0
7151,ROSSABM,420,149,21,1,54,0,44,1,4,0,55,1,2,140,10,0,94,307,98,0,0
7152,ROSSABN,401,144,15,3,45,2,44,2,4,1,59,0,1,94,3,0,128,292,91,0,0
7153,ROSSABP,291,118,7,2,42,0,28,1,2,0,31,0,1,95,8,0,69,207,70,0,0
7154,ROSSABQ,172,59,5,1,21,1,17,0,1,0,33,0,0,34,7,0,52,127,39,0,0
7155,ROSSABR,240,87,4,3,34,0,18,0,0,0,18,0,1,45,1,0,73,138,52,0,0
7156,ROSSABS,291,147,18,0,42,4,51,0,1,0,32,1,0,67,3,0,92,196,97,0,0
7157,ROSSABT,380,142,13,0,46,2,44,0,2,0,41,1,0,109,6,2,107,268,92,0,0
7158,ROSSABU,488,203,26,5,100,4,61,0,1,0,69,0,1,115,7,0,130,323,165,0,0
7159,ROSSABV,350,150,13,4,36,2,46,0,0,1,36,0,0,70,4,1,91,203,84,0,0
7160,ROSSABW,452,152,21,2,39,1,45,0,2,0,35,2,2,78,7,0,90,216,85,0,0
7161,ROSSABX,474,195,33,0,72,5,53,0,3,0,42,0,1,104,5,0,129,284,130,0,0
7162,ROSSABY,245,126,5,3,42,0,42,1,1,1,28,0,1,42,3,0,66,143,84,0,0
7163,ROSSABZ,354,158,4,2,47,0,48,0,0,1,22,0,0,52,5,0,79,159,95,0,0
7164,ROSSACA,351,132,16,1,44,7,42,2,3,0,33,1,3,98,12,0,98,250,93,0,0
7165,ROSSACB,343,135,17,4,49,2,31,0,2,2,34,0,0,77,8,1,109,233,82,0,0
7166,ROSSACC,448,212,10,3,80,1,52,0,2,0,49,0,1,82,5,0,105,244,133,0,0
7167,ROSSACD,346,121,13,7,32,2,27,0,3,0,29,0,1,70,4,0,80,187,61,0,0
7168,ROSSACE,191,97,7,5,36,1,22,1,0,2,15,0,0,26,4,0,60,108,59,0,0
7169,ROSSACF,298,105,12,4,47,2,26,0,1,0,25,0,0,57,1,0,84,168,75,0,0
7170,ROSSACG,263,147,20,5,53,3,40,1,0,0,30,0,1,67,7,0,63,169,96,0,0
7171,ROSSACJ,60,44,3,0,8,0,14,1,2,0,2,0,0,13,1,0,14,33,22,0,0
7172,ROSSACK,381,218,28,4,73,0,61,0,4,0,42,0,2,136,4,0,111,299,134,0,0
7173,ROSSACL,270,151,10,3,76,2,37,0,1,0,25,0,0,50,3,0,82,161,115,0,0
7174,ROSSACM,262,227,20,3,71,1,56,2,2,1,20,0,0,81,5,0,52,163,128,0,0
7175,ROSSACN,487,234,28,6,92,0,67,2,4,0,53,1,0,129,9,1,123,322,159,0,0
7176,ROSSACO,259,114,4,2,61,0,32,3,3,0,26,0,0,62,2,0,75,171,93,0,0
7177,ROSSACP,278,98,11,1,41,2,20,0,1,0,25,0,0,55,3,1,77,162,63,0,0
7178,ROSSACQ,194,71,6,1,40,0,16,1,0,0,15,1,0,43,1,0,51,112,56,0,0
7179,ROSSACR,248,154,5,4,65,0,32,0,4,0,34,0,1,63,4,0,67,173,97,0,0
7180,ROSSACS,327,110,9,1,35,0,43,0,0,0,25,0,1,89,1,0,76,192,78,0,0
7181,ROSSACT,283,148,14,2,49,0,19,2,0,0,25,0,1,100,8,1,72,209,68,0,0
7182,ROSSACU,378,159,10,4,50,2,34,1,1,0,39,0,2,113,5,0,80,241,86,0,0
7183,ROSSACV,153,68,8,0,32,1,13,0,1,0,22,0,0,42,2,0,43,110,46,0,0
7184,ROSSACW,542,272,36,6,80,3,62,1,5,1,66,0,0,143,13,0,128,357,145,0,0
7185,ROSSACX,445,207,17,2,71,1,48,0,1,0,44,1,0,85,6,0,125,262,120,0,0
7186,ROSSACY,521,224,22,0,61,2,54,1,2,1,50,0,0,154,9,0,122,339,117,0,0
7187,ROSSADA,518,222,21,5,71,2,57,1,2,0,54,1,0,113,11,0,140,322,130,0,0
7188,SANDUSKYAAA,457,225,31,5,62,1,45,0,1,0,33,0,0,164,16,0,117,331,108,0,0
7189,SANDUSKYAAC,282,162,13,8,44,3,50,1,2,0,28,1,0,59,2,0,86,179,97,0,0
7190,SANDUSKYAAD,168,81,11,2,31,0,22,0,1,1,17,0,0,40,2,0,32,93,53,0,0
7191,SANDUSKYAAE,351,186,25,4,65,2,47,2,5,1,36,0,2,87,4,3,94,234,114,0,0
7192,SANDUSKYAAG,349,187,38,3,49,0,54,3,2,2,52,2,1,113,5,0,123,303,103,0,0
7193,SANDUSKYAAI,265,146,17,9,40,2,58,3,1,0,33,0,1,86,7,1,72,204,100,0,0
7194,SANDUSKYAAJ,227,120,22,3,41,1,46,0,1,0,31,0,2,58,0,0,61,153,88,0,0
7195,SANDUSKYAAK,270,146,30,5,47,1,51,0,2,1,31,0,0,72,4,0,68,178,99,0,0
7196,SANDUSKYAAL,455,251,34,6,87,0,61,3,1,0,67,3,2,157,12,0,108,353,148,0,0
7197,SANDUSKYAAM,163,221,28,12,57,0,50,2,2,0,12,1,2,49,6,1,40,115,107,0,0
7198,SANDUSKYAAO,169,208,20,14,63,3,51,1,2,0,15,1,0,51,4,0,52,126,117,0,0
7199,SANDUSKYAAQ,114,148,21,4,41,2,32,0,0,0,16,0,0,40,1,0,37,94,75,0,0
7200,SANDUSKYAAR,227,169,23,6,51,1,39,2,3,2,29,0,0,99,11,0,53,199,91,0,0
7201,SANDUSKYAAT,162,165,16,12,43,1,39,2,1,2,17,1,0,58,6,0,44,131,83,0,0
7202,SANDUSKYAAU,151,189,18,5,53,1,54,0,2,0,18,1,0,36,5,0,32,94,108,0,0
7203,SANDUSKYAAW,212,211,23,6,67,1,35,3,1,0,27,1,0,85,3,1,44,165,103,0,0
7204,SANDUSKYAAY,124,165,9,4,34,0,40,2,0,0,14,1,0,48,6,0,19,90,74,0,0
7205,SANDUSKYABA,176,244,16,5,75,1,51,0,0,0,13,0,0,49,5,0,58,125,127,0,0
7206,SANDUSKYABC,361,297,25,4,99,3,55,0,5,0,37,0,1,103,12,1,78,237,157,0,0
7207,SANDUSKYABE,286,253,24,4,74,2,43,2,1,0,26,4,1,97,9,0,55,195,119,0,0
7208,SANDUSKYABH,249,193,16,7,47,0,56,1,0,0,23,0,0,92,7,1,51,175,103,0,0
7209,SANDUSKYABJ,212,191,35,11,68,1,62,0,4,0,22,0,1,86,7,2,57,179,131,0,0
7210,SANDUSKYABL,84,114,9,3,18,0,28,1,1,0,11,0,0,22,3,0,14,52,46,0,0
7211,SANDUSKYABM,150,188,25,5,46,0,53,0,5,1,17,0,0,63,2,0,32,120,99,0,0
7212,SANDUSKYABN,433,195,21,6,60,1,45,0,5,0,45,0,0,190,8,0,115,363,106,0,0
7213,SANDUSKYABO,247,110,6,0,29,0,23,2,1,0,20,0,0,82,4,0,63,172,52,0,0
7214,SANDUSKYABP,273,138,24,4,42,1,34,0,1,1,23,0,3,106,3,0,75,212,77,0,0
7215,SANDUSKYABR,387,267,27,7,73,0,58,1,8,1,38,2,1,191,10,0,85,337,131,0,0
7216,SANDUSKYABS,350,239,13,9,60,0,52,1,5,0,49,1,0,128,9,0,92,285,112,0,0
7217,SANDUSKYABV,329,133,12,5,45,0,29,2,2,0,36,0,1,118,7,0,100,266,74,0,0
7218,SANDUSKYABW,281,174,11,5,54,0,39,1,2,0,20,1,1,104,6,1,77,213,93,0,0
7219,SANDUSKYABX,168,96,9,3,37,1,32,3,2,0,21,0,1,38,3,1,46,115,70,0,0
7220,SANDUSKYABY,234,119,16,2,38,0,34,2,1,0,27,0,0,71,7,0,52,160,72,0,0
7221,SANDUSKYABZ,281,104,12,6,22,1,29,1,1,1,28,0,0,78,12,0,69,190,52,0,0
7222,SANDUSKYACA,324,137,16,7,40,2,43,0,6,0,33,0,0,80,8,0,97,224,85,0,0
7223,SANDUSKYACB,272,122,16,5,32,1,42,0,3,2,25,2,0,80,2,0,84,198,75,0,0
7224,SANDUSKYACC,322,159,14,2,66,0,41,1,3,0,53,0,0,94,3,0,107,261,107,0,0
7225,SANDUSKYACD,214,67,10,3,12,1,19,1,2,0,25,0,1,52,3,0,60,144,32,0,0
7226,SANDUSKYACE,389,197,46,3,56,1,43,1,1,0,57,0,2,112,3,0,85,261,100,0,0
7227,SANDUSKYACG,252,190,38,7,49,0,61,0,0,0,32,0,2,77,4,0,63,178,110,0,0
7228,SANDUSKYACI,342,220,33,2,67,2,44,3,2,0,47,0,1,101,12,1,75,242,113,0,0
7229,SANDUSKYACK,352,180,33,7,54,0,66,1,3,0,42,0,1,84,5,0,99,235,120,0,0
7230,SANDUSKYACM,412,208,29,8,47,0,57,0,3,0,49,1,0,138,5,1,129,326,104,0,0
7231,SANDUSKYACO,274,159,13,6,41,1,31,0,0,0,32,0,0,89,5,0,73,199,73,0,0
7232,SANDUSKYACP,199,99,6,3,31,0,12,1,0,0,33,2,0,65,4,0,50,155,43,0,0
7233,SANDUSKYACQ,242,251,23,6,67,1,55,2,3,1,21,0,1,81,7,0,67,183,123,0,0
7234,SANDUSKYACS,407,195,21,1,64,0,33,1,7,1,47,0,4,139,10,0,123,332,97,0,0
7235,SANDUSKYACV,442,164,43,5,42,1,50,1,2,0,62,1,2,102,7,0,113,290,93,0,0
7236,SANDUSKYACX,508,205,25,13,74,6,52,3,3,0,60,0,5,117,4,0,111,303,132,0,0
7237,SANDUSKYACZ,80,33,2,2,18,0,3,1,2,0,12,0,0,14,0,0,18,47,21,0,0
7238,SANDUSKYADA,148,68,17,2,20,0,15,0,1,0,19,0,0,62,3,0,41,126,35,0,0
7239,SANDUSKYADB,260,92,23,2,24,1,22,1,1,1,36,1,0,68,5,0,60,173,47,0,0
7240,SANDUSKYADC,331,193,22,8,44,1,44,1,4,1,61,0,1,108,6,0,87,269,89,0,0
7241,SANDUSKYADE,476,191,29,1,62,1,67,2,2,0,85,0,2,122,2,0,128,343,130,0,0
7242,SANDUSKYADG,370,270,48,11,92,2,79,1,1,1,51,0,2,129,9,1,92,287,173,0,0
7243,SANDUSKYADI,222,176,22,2,44,0,53,1,3,0,21,0,1,55,6,0,54,141,97,0,0
7244,SANDUSKYADJ,378,148,26,4,50,0,37,2,6,0,68,1,0,95,8,0,80,260,87,0,0
7245,SANDUSKYADK,453,170,28,7,49,2,47,0,3,0,58,0,1,123,8,0,107,300,98,0,0
7246,SCIOTOAAA,194,186,5,2,66,1,46,2,1,0,9,0,0,44,7,1,72,136,113,0,0
7247,SCIOTOAAB,133,128,10,8,43,1,62,1,1,1,11,0,1,33,3,0,41,92,106,0,0
7248,SCIOTOAAC,237,202,13,2,50,1,69,1,0,2,14,1,0,67,6,0,57,148,120,0,0
7249,SCIOTOAAI,69,69,3,3,19,0,21,0,0,0,7,0,0,11,1,0,26,45,40,0,0
7250,SCIOTOAAJ,48,164,4,2,56,0,33,0,0,1,5,0,0,4,2,0,10,22,89,0,0
7251,SCIOTOAAK,127,163,20,1,28,1,51,0,0,0,8,0,0,18,4,0,26,56,80,0,0
7252,SCIOTOAAO,194,109,10,0,52,6,21,1,3,0,8,0,1,105,6,0,41,165,79,0,0
7253,SCIOTOAAP,108,140,10,5,51,1,45,0,0,0,13,0,0,16,1,0,30,60,97,0,0
7254,SCIOTOAAQ,314,236,15,3,70,1,85,1,4,0,16,0,2,90,10,0,83,206,156,0,0
7255,SCIOTOAAR,372,233,6,2,86,3,60,0,5,1,25,0,0,118,13,1,114,277,149,0,0
7256,SCIOTOAAX,164,147,7,8,57,1,56,0,0,0,7,0,0,21,2,0,48,78,114,0,0
7257,SCIOTOAAY,183,157,11,10,46,5,61,1,2,0,6,0,1,16,2,0,43,71,112,0,0
7258,SCIOTOABD,137,96,2,1,35,1,29,0,2,0,9,1,0,25,1,0,41,79,65,0,0
7259,SCIOTOABE,191,92,9,7,40,1,34,0,0,0,11,0,0,48,4,0,61,124,75,0,0
7260,SCIOTOABF,225,104,4,2,29,0,34,1,0,0,16,0,0,90,12,0,49,168,63,0,0
7261,SCIOTOABG,186,125,14,2,35,1,40,0,1,1,20,0,1,43,2,0,46,114,76,0,0
7262,SCIOTOABJ,157,96,7,2,44,1,31,1,1,1,10,0,0,20,3,1,47,84,76,0,0
7263,SCIOTOABK,245,102,8,8,43,1,37,0,0,0,17,0,1,48,8,0,72,146,81,0,0
7264,SCIOTOABL,247,160,15,9,40,1,69,0,0,1,29,0,0,52,3,0,67,152,110,0,0
7265,SCIOTOABQ,331,99,10,1,38,1,31,2,3,0,19,1,1,47,4,0,107,184,70,0,0
7266,SCIOTOABR,285,104,11,0,40,4,19,0,1,0,35,0,1,45,6,0,75,163,63,0,0
7267,SCIOTOABS,225,95,7,2,39,3,33,1,4,0,9,0,0,47,5,0,50,116,75,0,0
7268,SCIOTOABU,386,110,10,3,44,1,45,0,0,0,33,0,0,35,6,0,123,197,90,0,0
7269,SCIOTOABV,410,186,18,7,70,0,62,0,5,0,20,0,1,81,9,0,119,235,132,0,0
7270,SCIOTOABW,279,114,7,3,38,1,43,1,1,0,22,0,2,40,1,1,60,128,82,0,0
7271,SCIOTOABX,219,90,6,2,31,1,28,2,2,0,15,0,0,42,8,0,59,128,60,0,0
7272,SCIOTOABY,243,111,3,0,43,1,45,0,1,0,20,0,1,54,4,0,81,161,89,0,0
7273,SCIOTOACB,291,95,9,3,49,3,42,0,2,0,25,0,0,65,7,0,89,188,94,0,0
7274,SCIOTOACC,261,80,6,3,29,2,33,0,0,0,14,0,0,34,2,0,82,132,64,0,0
7275,SCIOTOACD,297,115,5,0,60,1,40,0,3,0,24,0,0,40,0,0,102,169,101,0,0
7276,SCIOTOACE,194,68,5,4,33,1,21,1,1,0,29,0,1,38,5,0,44,119,55,0,0
7277,SCIOTOACF,284,123,10,3,64,0,38,1,1,0,20,0,1,49,2,0,86,160,102,0,0
7278,SCIOTOACG,290,88,6,0,39,0,26,0,4,0,18,0,0,45,7,0,88,162,65,0,0
7279,SCIOTOACH,339,94,8,2,28,0,35,0,2,0,31,0,0,69,10,0,76,188,63,0,0
7280,SCIOTOACI,290,115,11,2,43,1,38,1,4,1,29,1,0,40,5,0,79,160,82,0,0
7281,SCIOTOACJ,208,74,10,4,32,2,32,0,2,0,16,0,0,35,0,0,55,108,66,0,0
7282,SCIOTOACK,241,88,4,1,30,0,22,0,1,0,19,0,0,44,6,0,63,133,52,0,0
7283,SCIOTOACL,370,112,8,0,50,1,39,0,0,0,24,0,1,60,4,0,118,207,90,0,0
7284,SCIOTOACM,195,76,6,0,29,2,31,0,0,0,23,0,0,15,2,0,61,101,62,0,0
7285,SCIOTOACN,292,77,6,4,32,1,28,0,0,0,21,0,1,64,8,1,87,182,61,0,0
7286,SCIOTOACO,327,101,8,2,33,1,41,0,3,0,30,0,1,54,7,0,75,170,75,0,0
7287,SCIOTOACP,331,90,12,3,39,0,26,2,3,0,25,0,0,50,5,0,105,190,65,0,0
7288,SCIOTOACQ,322,73,11,2,23,1,35,0,3,0,35,0,0,56,5,1,73,173,59,0,0
7289,SCIOTOACR,406,123,7,2,59,1,38,2,4,0,44,1,0,80,11,0,112,254,98,0,0
7290,SCIOTOACS,300,158,12,2,68,2,26,0,0,0,13,0,1,30,3,0,68,115,96,0,0
7291,SCIOTOACT,253,164,13,4,62,2,46,2,1,0,12,0,0,43,1,0,77,136,110,0,0
7292,SCIOTOACU,198,164,17,2,66,2,51,0,1,0,13,0,0,20,2,0,49,85,119,0,0
7293,SCIOTOACW,166,147,9,2,63,1,47,0,1,0,11,0,0,15,2,0,45,74,111,0,0
7294,SCIOTOADC,274,131,6,2,59,0,38,1,3,0,18,0,0,54,2,0,91,169,97,0,0
7295,SCIOTOADD,425,181,12,2,83,1,46,0,1,0,21,0,0,96,6,0,125,249,130,0,0
7296,SCIOTOADE,87,23,2,0,11,0,11,0,0,0,4,0,0,9,0,0,27,40,22,0,0
7297,SCIOTOADF,410,133,21,2,66,2,64,0,5,0,39,0,1,82,7,0,134,268,132,0,0
7298,SCIOTOADG,357,158,10,5,60,3,47,0,5,0,24,0,3,53,7,0,105,197,110,0,0
7299,SCIOTOADH,334,134,14,3,56,1,37,0,2,0,20,0,1,67,11,0,103,204,94,0,0
7300,SCIOTOADI,219,83,3,0,51,1,23,0,2,0,13,0,0,35,4,0,59,113,75,0,0
7301,SCIOTOADJ,196,85,10,2,33,1,28,0,2,0,9,0,0,57,4,0,62,134,62,0,0
7302,SCIOTOADK,423,140,6,1,56,1,37,1,3,0,38,0,2,99,10,0,120,273,94,0,0
7303,SCIOTOADL,546,166,15,5,84,1,48,2,4,0,42,0,0,107,11,0,130,296,133,0,0
7304,SCIOTOADM,356,125,12,3,57,4,38,1,2,1,30,0,7,90,12,0,138,281,99,0,0
7305,SCIOTOADN,375,137,12,3,52,3,34,1,1,0,27,0,1,71,10,0,109,220,89,0,0
7306,SCIOTOADR,334,84,7,2,28,1,37,0,0,0,14,1,0,26,0,1,104,146,66,0,0
7307,SCIOTOADT,245,99,9,1,38,1,30,0,1,0,15,0,0,42,6,0,78,142,69,0,0
7308,SCIOTOADU,275,96,8,2,45,1,22,0,1,0,28,0,0,35,4,0,76,144,68,0,0
7309,SCIOTOADV,254,127,11,2,55,1,28,1,1,0,22,0,0,61,4,0,84,173,84,0,0
7310,SCIOTOADW,371,166,11,4,57,3,64,0,2,0,39,1,0,31,2,0,90,165,124,0,0
7311,SCIOTOADX,271,100,9,4,18,2,37,2,1,1,27,0,0,41,3,0,73,148,57,0,0
7312,SCIOTOADY,413,103,7,1,38,1,32,0,3,1,18,0,2,95,5,0,133,257,71,0,0
7313,SCIOTOADZ,222,87,8,7,37,2,25,0,1,1,10,0,1,34,6,0,60,113,64,0,0
7314,SCIOTOAEA,201,50,7,1,14,0,22,0,1,0,14,1,1,32,5,0,55,109,36,0,0
7315,SCIOTOAEC,194,88,2,4,47,1,20,0,1,0,9,0,1,12,2,0,53,78,68,0,0
7316,SCIOTOAED,424,142,13,3,52,7,56,1,1,0,41,0,0,65,7,1,115,231,115,0,0
7317,SCIOTOAEE,304,140,16,2,72,2,56,1,1,0,15,2,1,42,2,0,97,161,130,0,0
7318,SCIOTOAEF,365,124,13,4,59,4,39,1,1,0,12,0,0,37,6,0,87,144,102,0,0
7319,SCIOTOAEG,267,96,6,4,50,2,32,0,3,0,10,0,1,37,4,0,76,131,84,0,0
7320,SCIOTOAEH,183,72,7,2,29,1,30,1,0,0,6,0,0,28,3,0,55,93,60,0,0
7321,SCIOTOAEI,328,158,9,5,54,2,62,0,2,1,21,0,1,42,2,0,98,167,118,0,0
7322,SCIOTOAEP,133,61,5,1,21,1,17,0,2,0,3,0,0,24,3,0,32,64,39,0,0
7323,SENECAAAA,303,262,23,15,70,1,77,0,4,0,23,0,0,78,10,0,66,181,148,0,0
7324,SENECAAAC,204,254,19,6,72,0,50,2,3,1,23,0,0,48,3,0,48,128,122,0,0
7325,SENECAAAE,203,234,21,11,56,2,54,1,0,0,15,0,0,45,4,0,47,112,112,0,0
7326,SENECAAAF,184,177,27,6,54,2,41,0,0,0,13,0,0,43,2,0,41,99,97,0,0
7327,SENECAAAI,233,223,36,12,58,2,81,1,0,0,17,0,3,51,3,1,57,133,141,0,0
7328,SENECAAAL,181,181,22,3,48,2,49,1,2,1,8,1,1,62,2,2,36,116,99,0,0
7329,SENECAAAM,118,111,34,8,22,0,47,1,2,0,9,1,1,40,6,0,30,90,69,0,0
7330,SENECAAAN,284,249,40,7,46,0,75,0,5,0,37,1,2,79,7,1,79,211,121,0,0
7331,SENECAAAO,285,181,38,4,68,0,49,0,2,0,32,1,0,96,9,1,75,216,117,0,0
7332,SENECAAAR,338,191,43,13,41,1,64,2,3,2,32,0,1,91,5,1,85,222,106,0,0
7333,SENECAAAS,143,132,24,7,33,0,47,0,2,0,13,0,1,36,1,0,33,86,80,0,0
7334,SENECAAAT,385,268,39,8,83,0,81,3,3,3,26,3,0,117,3,1,101,260,164,0,0
7335,SENECAAAW,195,164,23,3,42,0,45,3,1,0,28,0,1,47,0,0,42,122,87,0,0
7336,SENECAAAX,223,145,24,4,37,0,43,1,3,0,29,0,1,67,5,0,55,161,80,0,0
7337,SENECAAAY,218,147,17,1,54,3,28,1,3,0,17,1,1,96,6,0,44,169,85,0,0
7338,SENECAAAZ,216,144,25,3,46,0,28,1,3,0,23,0,2,73,8,1,52,163,74,0,0
7339,SENECAABB,369,187,29,3,48,1,49,2,2,0,44,0,1,170,19,2,77,317,98,0,0
7340,SENECAABC,511,343,39,7,106,1,85,2,3,1,67,0,2,244,19,2,116,456,192,0,0
7341,SENECAABE,295,171,41,4,50,0,50,1,4,0,33,0,1,98,9,1,63,210,100,0,0
7342,SENECAABG,206,116,16,4,25,1,35,1,3,0,28,0,0,87,6,0,56,181,61,0,0
7343,SENECAABI,174,69,15,2,19,2,23,0,3,1,12,0,3,30,4,0,43,96,44,0,0
7344,SENECAABJ,433,150,31,8,41,2,43,1,1,1,66,1,0,90,3,0,114,277,86,0,0
7345,SENECAABL,81,36,7,3,9,1,18,0,0,1,8,0,0,23,2,0,17,51,28,0,0
7346,SENECAABM,553,121,41,2,28,1,34,0,1,0,65,0,1,185,11,0,126,389,63,0,0
7347,SENECAABO,287,104,17,2,27,4,38,0,1,1,35,0,0,85,0,0,68,190,69,0,0
7348,SENECAABP,215,75,34,4,25,1,34,0,4,1,25,0,0,65,4,1,51,151,60,0,0
7349,SENECAABQ,273,109,15,1,25,0,24,1,1,0,22,0,1,101,9,1,69,205,49,0,0
7350,SENECAABR,259,111,20,1,45,1,22,1,1,0,33,0,1,97,4,0,56,193,68,0,0
7351,SENECAABS,385,198,32,3,59,2,58,0,1,0,43,1,0,157,14,0,103,319,119,0,0
7352,SENECAABT,299,118,20,2,39,2,22,1,3,0,37,1,1,107,5,0,68,223,63,0,0
7353,SENECAABU,212,86,21,4,22,0,25,0,2,3,16,1,0,109,2,0,43,176,47,0,0
7354,SENECAABV,459,174,40,3,45,0,49,2,4,0,39,1,0,185,11,3,129,374,94,0,0
7355,SENECAABX,274,94,33,2,40,0,30,0,4,0,30,1,0,92,6,0,71,204,70,0,0
7356,SENECAABY,338,140,31,9,50,1,40,3,6,0,30,1,0,101,4,2,75,222,91,0,0
7357,SENECAABZ,348,105,30,3,26,0,22,2,2,1,36,0,1,134,8,0,89,273,48,0,0
7358,SENECAACA,270,94,26,4,33,0,31,0,1,0,22,1,0,84,4,0,81,193,64,0,0
7359,SENECAACB,438,212,24,4,73,4,66,1,4,0,48,1,2,137,5,0,114,312,143,0,0
7360,SENECAACD,177,86,13,1,22,0,30,0,2,0,19,0,0,42,3,0,36,102,52,0,0
7361,SENECAACE,296,94,11,2,24,1,21,0,2,1,31,0,2,98,1,1,85,221,46,0,0
7362,SENECAACF,241,81,13,4,25,1,24,0,2,0,21,0,0,50,1,0,66,140,50,0,0
7363,SENECAACG,416,207,41,9,55,1,58,3,5,0,30,2,2,129,7,1,93,272,114,0,0
7364,SENECAACH,232,71,23,1,21,1,19,1,1,0,36,0,1,66,4,0,44,153,41,0,0
7365,SENECAACJ,564,203,35,14,50,1,54,3,3,0,82,1,2,184,11,1,158,445,105,0,0
7366,SENECAACL,290,87,12,3,26,1,22,1,0,0,25,0,0,89,5,0,76,196,49,0,0
7367,SENECAACM,418,129,28,6,44,2,56,1,2,0,39,0,1,141,2,0,92,278,102,0,0
7368,SENECAACN,182,58,15,3,17,1,14,1,3,0,21,0,0,34,0,0,50,109,32,0,0
7369,SENECAACP,343,108,19,1,33,1,34,2,3,0,31,0,1,111,3,0,87,238,68,0,0
7370,SENECAACQ,233,49,25,3,5,0,16,0,0,0,34,0,0,75,3,0,48,160,21,0,0
7371,SENECAACR,414,171,28,5,64,2,50,0,2,0,50,2,0,101,5,0,107,267,116,0,0
7372,SENECAACT,282,101,11,1,25,1,37,1,1,1,20,0,1,83,5,0,72,184,63,0,0
7373,SENECAACU,345,83,11,3,26,0,16,1,2,0,25,1,1,106,5,0,86,227,42,0,0
7374,SHELBYAAA,599,173,25,5,47,1,41,3,7,1,54,0,1,221,19,0,131,437,89,0,0
7375,SHELBYAAB,428,147,16,10,39,2,47,2,2,1,49,0,0,69,5,0,112,240,88,0,0
7376,SHELBYAAF,677,208,28,3,50,1,40,4,6,0,68,0,0,282,14,0,181,555,91,0,0
7377,SHELBYAAH,353,114,17,10,27,4,38,1,1,0,24,0,0,73,5,0,93,197,69,0,0
7378,SHELBYAAJ,467,155,17,4,51,1,42,1,3,0,43,2,1,136,8,0,133,327,94,0,0
7379,SHELBYAAL,282,104,17,1,35,1,21,1,2,0,37,0,1,97,6,0,55,199,57,0,0
7380,SHELBYAAM,497,188,24,4,57,2,57,0,1,0,49,0,0,114,15,1,126,306,116,0,0
7381,SHELBYAAN,395,254,21,3,68,3,49,1,2,0,27,0,0,67,4,0,104,205,120,0,0
7382,SHELBYAAQ,713,239,30,10,71,4,61,3,1,1,47,0,1,139,15,0,176,383,136,0,0
7383,SHELBYAAS,327,139,27,5,29,5,53,2,3,0,28,0,1,61,4,0,78,177,87,0,0
7384,SHELBYAAT,311,143,18,3,42,2,45,0,7,0,31,0,1,81,7,0,73,200,89,0,0
7385,SHELBYAAU,391,138,15,3,50,0,40,0,4,0,30,0,1,85,7,1,104,232,90,0,0
7386,SHELBYAAY,515,162,22,3,60,0,28,3,7,0,49,0,0,187,12,0,147,405,88,0,0
7387,SHELBYAAZ,363,126,11,3,53,2,24,3,3,1,33,2,3,103,7,0,97,252,79,0,0
7388,SHELBYABC,429,44,5,0,9,1,21,0,5,0,41,0,0,87,10,0,115,258,31,0,0
7389,SHELBYABD,537,91,10,1,30,1,28,1,2,0,43,1,0,132,4,0,114,297,59,0,0
7390,SHELBYABE,545,149,14,3,55,2,38,2,4,0,46,1,4,129,8,0,142,336,95,0,0
7391,SHELBYABF,718,78,12,4,24,1,27,0,2,1,100,0,0,178,11,0,158,450,52,0,0
7392,SHELBYABH,541,74,20,2,15,2,23,1,0,1,55,1,0,148,5,0,114,325,40,0,0
7393,SHELBYABK,810,144,25,3,39,1,34,1,1,0,80,0,1,224,20,2,213,542,74,0,0
7394,SHELBYABM,438,56,2,1,19,1,15,2,3,0,37,0,0,65,4,0,160,271,35,0,0
7395,SHELBYABO,446,51,15,4,12,2,18,2,1,0,35,0,1,86,7,0,149,281,32,0,0
7396,SHELBYABQ,534,120,28,7,35,1,25,1,1,0,34,0,1,108,7,0,123,275,61,0,0
7397,SHELBYABS,477,88,13,3,27,2,25,2,1,0,69,0,1,112,3,0,135,323,54,0,0
7398,SHELBYABU,711,83,10,3,22,2,20,0,2,2,124,0,1,243,18,0,101,491,44,0,0
7399,SHELBYABV,841,130,10,4,44,2,35,1,3,0,78,0,2,211,14,0,173,482,81,0,0
7400,SHELBYABX,737,119,15,2,56,6,30,1,1,1,84,0,2,196,12,1,118,416,92,0,0
7401,SHELBYABZ,584,125,10,3,39,1,27,1,3,0,75,1,2,154,4,0,166,406,67,0,0
7402,SHELBYACB,407,71,6,5,23,0,22,1,2,0,40,0,0,91,5,0,130,269,45,0,0
7403,SHELBYACD,467,91,19,0,33,1,37,1,4,0,48,0,2,93,4,0,159,311,71,0,0
7404,SHELBYACF,474,91,14,3,28,0,24,0,2,0,59,0,0,147,11,1,134,354,52,0,0
7405,SHELBYACG,701,96,13,3,31,0,33,1,4,0,74,0,0,183,4,0,173,439,64,0,0
7406,SHELBYACJ,474,51,14,0,12,0,13,0,1,0,54,0,0,125,4,0,112,296,25,0,0
7407,SHELBYACL,626,79,20,1,27,3,46,0,3,1,82,0,1,183,11,0,135,416,76,0,0
7408,SHELBYACN,775,122,31,6,38,3,29,1,4,3,67,0,0,177,9,0,221,482,70,0,0
7409,STARKAAA,128,138,7,3,28,1,32,0,2,1,7,0,0,20,1,0,42,73,61,0,0
7410,STARKAAB,159,124,14,2,32,0,49,0,1,0,7,0,3,28,3,0,35,77,81,0,0
7411,STARKAAC,249,190,15,2,52,1,44,0,1,1,10,1,1,48,2,0,81,145,97,0,0
7412,STARKAAD,70,201,5,4,62,2,38,0,0,0,5,0,0,11,1,0,15,32,102,0,0
7413,STARKAAF,323,261,19,4,88,1,71,1,4,0,15,0,3,60,1,0,72,156,160,0,0
7414,STARKAAG,103,151,11,3,43,0,26,0,0,0,5,0,1,14,0,0,25,45,69,0,0
7415,STARKAAH,85,186,6,4,52,0,28,0,4,0,2,0,0,20,0,0,19,45,80,0,0
7416,STARKAAI,153,154,11,3,32,1,23,1,0,0,8,0,1,66,6,0,33,115,56,0,0
7417,STARKAAJ,234,193,16,4,63,0,47,0,2,0,18,0,0,80,7,0,72,179,110,0,0
7418,STARKAAK,198,167,15,4,39,0,45,0,0,0,10,0,1,40,4,1,35,91,84,0,0
7419,STARKAAM,415,338,34,14,106,2,72,0,5,2,28,0,2,120,6,0,104,267,180,0,0
7420,STARKAAN,406,248,22,6,76,0,60,0,3,1,30,0,1,158,8,0,85,286,136,0,0
7421,STARKAAO,241,157,12,8,36,0,33,1,1,0,14,0,0,84,2,0,68,170,69,0,0
7422,STARKAAP,389,272,12,7,80,0,49,1,4,0,13,0,0,167,9,0,109,303,129,0,0
7423,STARKAAQ,272,187,8,5,61,0,29,0,3,1,14,0,1,116,6,0,73,214,90,0,0
7424,STARKAAR,254,147,11,2,38,0,49,2,5,0,11,0,0,97,0,2,45,162,87,0,0
7425,STARKAAS,233,145,12,2,39,1,36,1,0,1,13,0,1,66,4,0,59,145,76,0,0
7426,STARKAAW,216,288,26,13,89,4,89,0,4,0,22,0,0,65,2,0,60,153,182,0,0
7427,STARKAAX,166,296,16,7,101,0,83,0,4,0,12,1,0,58,1,0,50,126,184,0,0
7428,STARKAAY,85,216,9,2,55,0,47,0,1,0,5,0,0,16,0,0,22,44,102,0,0
7429,STARKAAZ,158,279,27,6,91,1,68,0,1,0,12,0,0,37,0,0,42,92,160,0,0
7430,STARKABA,69,155,8,5,63,1,38,0,1,0,1,0,0,9,0,0,26,37,102,0,0
7431,STARKABB,66,221,8,10,86,2,60,1,1,1,1,0,1,25,0,0,20,50,148,0,0
7432,STARKABC,88,192,14,5,47,0,42,0,1,0,8,0,2,11,0,0,26,48,89,0,0
7433,STARKABD,33,252,7,4,68,1,33,0,0,0,0,0,0,5,1,0,2,8,102,0,0
7434,STARKABE,84,286,9,2,95,1,58,1,0,0,3,0,0,6,0,0,22,32,154,0,0
7435,STARKABF,27,235,4,2,75,2,37,0,0,0,1,0,0,3,0,1,10,15,114,0,0
7436,STARKABH,122,139,8,13,46,1,47,2,2,0,7,0,1,24,1,0,27,64,94,0,0
7437,STARKABI,415,443,28,12,156,3,124,2,4,0,26,0,0,127,6,0,116,281,283,0,0
7438,STARKABL,271,283,21,8,78,2,75,1,1,0,22,1,1,52,5,0,65,148,155,0,0
7439,STARKABM,171,247,15,5,73,1,62,0,1,0,14,0,0,42,2,0,41,100,136,0,0
7440,STARKABN,357,412,31,6,165,4,114,1,5,1,23,0,0,99,8,1,95,233,283,0,0
7441,STARKABP,57,270,2,3,118,0,37,0,1,0,5,0,0,12,1,0,23,42,155,0,0
7442,STARKABQ,37,302,7,3,86,0,49,0,0,1,0,0,0,6,0,0,3,10,135,0,0
7443,STARKABR,52,498,1,3,235,0,72,0,0,0,2,0,0,15,0,0,11,28,307,0,0
7444,STARKABS,27,273,3,2,88,1,36,0,0,0,3,0,0,5,0,0,2,10,125,0,0
7445,STARKABT,24,169,0,2,73,0,23,0,2,0,0,0,0,0,0,0,4,6,96,0,0
7446,STARKABU,81,342,6,8,93,1,53,0,0,0,2,0,0,11,1,0,20,34,147,0,0
7447,STARKABV,65,190,5,3,47,1,40,0,0,0,0,0,0,16,3,0,19,38,88,0,0
7448,STARKABX,279,350,25,6,93,0,109,1,3,2,18,0,1,58,2,0,65,150,202,0,0
7449,STARKABY,118,161,15,2,46,1,44,0,0,0,6,2,0,24,1,0,24,57,91,0,0
7450,STARKABZ,269,230,17,9,71,3,51,1,1,0,8,0,0,31,3,1,75,120,125,0,0
7451,STARKACC,233,328,22,8,104,2,99,0,1,1,12,0,1,40,2,0,52,109,205,0,0
7452,STARKACD,175,516,18,5,176,2,97,0,5,0,15,0,1,41,0,0,40,102,275,0,0
7453,STARKACF,115,410,9,6,136,3,73,0,0,0,4,0,0,16,4,0,28,52,212,0,0
7454,STARKACG,199,411,16,3,141,3,94,0,1,0,7,1,0,31,1,0,47,88,238,0,0
7455,STARKACI,104,188,8,1,76,1,28,1,2,0,4,0,0,18,1,1,24,51,105,0,0
7456,STARKACK,140,209,15,6,71,0,59,0,0,0,13,0,0,43,4,0,35,95,130,0,0
7457,STARKACL,103,149,6,7,47,1,44,1,2,0,4,0,1,30,2,0,29,69,92,0,0
7458,STARKACM,178,251,24,8,72,2,68,2,3,0,13,0,0,50,2,0,46,116,142,0,0
7459,STARKACN,97,129,9,1,39,2,38,0,0,0,6,0,0,20,0,1,33,60,79,0,0
7460,STARKACO,178,151,17,6,49,0,59,0,1,0,12,0,0,55,5,0,49,122,108,0,0
7461,STARKACP,173,209,17,6,77,0,60,2,2,3,27,0,1,104,10,0,40,189,137,0,0
7462,STARKACQ,217,245,26,5,84,1,51,0,2,0,22,0,1,116,7,0,66,214,136,0,0
7463,STARKACR,107,179,13,3,45,0,29,1,0,0,5,0,0,40,1,1,20,68,74,0,0
7464,STARKACS,128,174,8,0,63,3,49,0,2,0,9,0,0,48,1,0,33,93,115,0,0
7465,STARKACT,332,365,18,5,101,4,99,0,2,0,23,0,0,109,4,0,97,235,204,0,0
7466,STARKACU,243,297,30,8,82,0,71,0,3,0,16,0,2,88,9,0,68,186,153,0,0
7467,STARKACW,253,380,28,6,109,0,106,0,4,0,22,0,0,112,2,0,44,184,215,0,0
7468,STARKACY,452,456,14,9,171,0,92,0,2,0,35,1,0,208,6,1,123,376,263,0,0
7469,STARKADB,366,459,22,5,164,1,83,0,1,2,22,1,0,191,7,1,81,306,248,0,0
7470,STARKADC,141,148,18,1,43,0,26,1,0,0,18,0,0,56,1,0,21,97,69,0,0
7471,STARKADD,268,211,13,1,83,0,39,0,3,1,17,0,0,107,0,0,82,210,122,0,0
7472,STARKADE,76,254,8,2,91,0,43,0,0,1,4,0,0,13,1,0,19,38,134,0,0
7473,STARKADF,155,250,20,5,72,0,76,0,3,0,14,0,0,51,5,0,27,100,148,0,0
7474,STARKADG,131,256,16,6,87,1,57,0,4,0,3,0,2,36,1,0,36,82,145,0,0
7475,STARKADH,150,214,15,5,70,1,77,0,2,0,13,0,0,53,0,0,39,107,148,0,0
7476,STARKADI,42,194,10,4,60,0,38,0,3,0,4,0,0,17,2,0,12,38,98,0,0
7477,STARKADJ,109,262,10,9,72,0,68,1,2,0,15,0,0,40,2,0,27,87,140,0,0
7478,STARKADK,116,253,12,8,72,2,76,0,0,0,4,0,1,40,5,0,37,87,150,0,0
7479,STARKADL,508,463,24,7,161,4,120,0,1,1,40,0,1,202,12,0,140,397,285,0,0
7480,STARKADM,398,193,23,4,66,1,61,0,5,0,34,1,0,143,7,1,113,304,128,0,0
7481,STARKADN,261,143,25,4,45,1,39,2,3,0,20,0,0,72,5,0,66,168,85,0,0
7482,STARKADP,429,282,12,7,101,0,63,2,2,1,28,0,0,183,9,0,128,353,164,0,0
7483,STARKADQ,447,215,22,3,70,1,49,0,5,2,26,0,0,141,13,0,140,327,120,0,0
7484,STARKADR,477,232,43,4,93,3,75,0,5,0,32,0,0,148,9,0,127,321,171,0,0
7485,STARKADS,295,167,23,6,59,1,52,1,3,0,29,1,0,112,9,0,64,219,112,0,0
7486,STARKADT,307,234,23,1,99,2,59,1,1,1,21,1,1,129,4,0,86,245,160,0,0
7487,STARKADU,208,181,16,6,62,0,54,0,0,0,20,0,0,66,5,0,57,148,116,0,0
7488,STARKADV,247,199,28,11,56,0,64,1,0,0,16,0,0,88,5,0,69,179,120,0,0
7489,STARKADW,270,196,20,1,66,1,51,0,1,0,23,0,0,94,7,0,74,199,118,0,0
7490,STARKADX,293,230,16,6,97,1,47,0,3,0,28,0,0,130,4,0,86,251,145,0,0
7491,STARKADY,247,224,27,4,65,2,55,1,2,1,23,0,0,77,4,0,76,184,122,0,0
7492,STARKADZ,253,187,14,3,65,2,42,3,1,0,15,0,0,72,2,0,75,168,109,0,0
7493,STARKAEA,219,260,12,7,79,0,77,1,4,0,17,0,1,58,2,2,55,140,156,0,0
7494,STARKAEB,244,192,13,2,56,3,65,0,0,0,17,0,0,42,3,1,67,130,124,0,0
7495,STARKAEC,193,188,11,4,64,0,81,0,4,0,16,0,0,42,1,0,44,107,145,0,0
7496,STARKAED,256,221,13,3,98,1,71,2,1,0,19,1,1,92,6,0,83,205,170,0,0
7497,STARKAEE,256,266,15,1,101,0,56,2,0,0,21,0,4,68,4,0,77,176,157,0,0
7498,STARKAEF,177,170,6,2,66,0,34,0,2,0,14,0,1,26,1,0,51,95,100,0,0
7499,STARKAEG,356,245,16,4,93,1,56,0,2,2,27,0,0,197,5,0,104,337,150,0,0
7500,STARKAEH,28,71,5,3,23,0,18,1,0,0,3,0,0,8,0,1,3,16,41,0,0
7501,STARKAEI,111,326,18,1,122,1,55,1,0,0,10,0,1,13,0,0,38,63,178,0,0
7502,STARKAEJ,104,323,11,6,100,0,56,0,0,0,2,0,0,17,3,0,30,52,156,0,0
7503,STARKAEL,255,117,9,2,49,0,39,1,2,0,19,0,0,49,1,0,69,141,88,0,0
7504,STARKAEM,357,307,36,5,99,3,114,2,2,1,25,0,1,79,2,0,107,219,216,0,0
7505,STARKAEN,211,151,18,5,47,2,53,0,2,1,14,0,0,19,3,0,73,112,102,0,0
7506,STARKAEO,528,242,12,6,88,0,79,2,4,0,31,0,0,155,5,0,136,333,167,0,0
7507,STARKAEP,338,199,21,0,63,3,59,0,0,0,30,2,0,92,4,1,94,223,125,0,0
7508,STARKAEQ,293,249,25,6,80,6,69,0,4,1,27,0,1,72,4,0,80,189,155,0,0
7509,STARKAER,336,233,18,12,94,2,77,1,2,0,27,0,2,90,6,1,84,213,173,0,0
7510,STARKAET,251,186,15,8,38,0,41,1,1,0,14,0,0,95,6,0,74,191,79,0,0
7511,STARKAEV,263,186,23,3,34,0,41,0,2,0,19,0,0,114,6,0,45,186,75,0,0
7512,STARKAEW,494,351,35,10,87,2,77,1,3,0,57,1,0,191,12,0,124,389,166,0,0
7513,STARKAEX,212,192,16,4,66,1,19,3,5,1,13,0,1,97,2,0,55,177,86,0,0
7514,STARKAEZ,350,254,14,4,91,0,52,0,1,1,14,0,1,212,11,0,102,342,143,0,0
7515,STARKAFA,575,399,40,12,102,2,89,1,4,3,44,0,0,236,6,0,126,420,193,0,0
7516,STARKAFB,300,253,15,4,56,0,49,0,2,0,16,1,6,138,3,0,69,235,105,0,0
7517,STARKAFD,399,290,23,3,94,1,54,2,2,1,30,0,0,230,7,0,101,373,149,0,0
7518,STARKAFE,460,342,45,13,79,0,94,0,0,0,36,0,3,251,4,0,116,410,173,0,0
7519,STARKAFF,547,345,24,5,80,0,70,0,2,0,25,0,0,279,5,0,173,484,150,0,0
7520,STARKAFH,409,324,39,11,83,1,59,1,2,0,40,0,0,195,7,1,115,361,143,0,0
7521,STARKAFI,357,279,20,1,83,0,55,0,0,0,20,0,2,202,7,0,84,315,138,0,0
7522,STARKAFK,498,343,34,6,86,0,93,0,1,2,33,0,0,180,13,0,136,365,179,0,0
7523,STARKAFL,137,68,2,1,33,3,13,0,1,0,8,0,0,36,1,0,31,77,49,0,0
7524,STARKAFM,448,158,21,4,49,3,58,0,2,1,48,0,0,123,9,0,148,331,110,0,0
7525,STARKAFN,446,165,22,5,57,2,51,1,3,0,31,2,0,133,2,0,117,289,110,0,0
7526,STARKAFO,299,137,15,4,45,1,41,0,3,0,24,0,1,77,2,0,80,187,87,0,0
7527,STARKAFR,555,270,25,8,82,2,97,2,5,0,42,1,2,141,6,0,167,366,181,0,0
7528,STARKAFT,304,163,11,2,74,3,56,2,1,0,24,0,1,77,3,0,91,199,133,0,0
7529,STARKAFU,490,282,24,4,118,3,90,2,3,0,35,0,0,122,5,2,142,311,211,0,0
7530,STARKAFX,583,395,45,6,149,2,117,0,6,1,42,1,0,174,15,0,156,395,268,0,0
7531,STARKAFY,355,433,28,10,154,1,105,0,1,0,31,1,1,102,2,0,101,239,260,0,0
7532,STARKAGA,628,339,31,6,146,4,76,2,4,0,32,0,2,211,8,0,173,432,226,0,0
7533,STARKAGB,372,323,25,4,148,3,65,0,5,0,24,0,2,90,2,0,112,235,216,0,0
7534,STARKAGE,496,320,24,3,136,3,69,1,6,1,38,0,0,132,5,0,151,334,208,0,0
7535,STARKAGF,251,194,4,4,75,0,28,3,0,0,11,1,0,113,3,0,71,202,103,0,0
7536,STARKAGH,309,216,24,4,62,0,58,0,1,0,19,0,1,106,1,0,82,210,120,0,0
7537,STARKAGI,296,274,28,8,68,0,76,0,2,0,19,1,1,123,2,0,88,236,144,0,0
7538,STARKAGK,276,193,19,3,66,1,54,1,0,0,20,0,0,101,10,0,69,201,121,0,0
7539,STARKAGL,536,338,25,7,86,1,101,0,4,0,38,1,2,185,14,0,133,377,188,0,0
7540,STARKAGM,416,288,36,13,88,0,63,2,4,0,21,1,1,193,8,0,126,356,151,0,0
7541,STARKAGN,498,335,26,5,98,3,49,0,3,0,31,1,1,239,7,0,146,428,150,0,0
7542,STARKAGP,557,310,29,4,93,0,93,0,0,0,46,1,1,260,6,0,159,473,186,0,0
7543,STARKAGR,349,176,11,2,51,2,35,0,3,0,15,0,2,200,4,0,95,319,88,0,0
7544,STARKAGS,560,368,33,3,90,0,65,0,0,0,36,0,0,332,9,0,164,541,155,0,0
7545,STARKAGT,432,320,29,4,86,1,80,0,3,0,30,1,0,198,6,1,127,366,167,0,0
7546,STARKAGU,340,215,14,11,57,2,51,1,2,0,39,0,0,155,7,0,100,304,110,0,0
7547,STARKAGV,372,222,21,5,75,3,66,0,2,0,21,0,0,161,7,0,101,292,144,0,0
7548,STARKAGW,585,335,33,8,88,0,60,4,7,0,34,1,0,276,6,0,151,479,148,0,0
7549,STARKAGX,606,372,21,4,125,0,84,1,0,0,45,0,1,221,7,1,150,426,209,0,0
7550,STARKAGY,779,382,35,4,119,1,61,0,3,1,35,0,0,373,15,1,231,659,181,0,0
7551,STARKAHA,272,181,20,4,51,1,50,0,0,0,17,0,0,118,4,2,73,214,102,0,0
7552,STARKAHC,289,252,17,8,89,1,42,2,0,0,12,2,1,107,5,1,81,211,132,0,0
7553,STARKAHD,310,293,21,7,104,0,46,3,2,1,25,0,6,167,5,1,71,281,150,0,0
7554,STARKAHE,353,207,17,2,70,2,43,1,2,0,21,0,1,193,11,0,103,332,115,0,0
7555,STARKAHF,270,175,22,7,62,1,43,0,1,0,34,0,0,107,1,0,83,226,106,0,0
7556,STARKAHG,744,350,28,11,95,0,98,0,4,0,59,2,0,299,16,0,202,582,193,0,0
7557,STARKAHH,358,257,27,6,89,0,69,2,3,0,24,1,0,144,4,0,102,280,158,0,0
7558,STARKAHI,593,350,44,9,111,2,99,0,8,0,39,0,1,271,13,0,163,495,212,0,0
7559,STARKAHJ,451,204,15,2,40,0,28,0,0,1,18,0,0,227,13,0,135,394,68,0,0
7560,STARKAHK,672,457,45,13,113,0,76,0,9,0,34,0,1,316,13,2,173,548,189,0,0
7561,STARKAHM,599,302,20,5,92,0,61,1,2,0,45,0,1,317,11,0,178,555,153,0,0
7562,STARKAHN,299,189,6,5,65,0,51,0,1,0,19,0,0,98,3,0,94,215,116,0,0
7563,STARKAHO,362,252,13,6,85,0,55,0,2,0,22,0,0,189,4,0,117,334,140,0,0
7564,STARKAHP,242,175,18,6,62,3,35,0,0,0,15,0,0,102,3,0,82,202,100,0,0
7565,STARKAHQ,275,226,12,1,70,2,47,0,3,1,16,0,0,94,4,0,87,205,119,0,0
7566,STARKAHS,373,150,15,4,43,1,44,3,1,0,29,0,2,135,8,0,93,271,88,0,0
7567,STARKAHT,266,191,21,4,39,1,44,0,1,0,21,0,0,79,7,0,75,183,84,0,0
7568,STARKAHU,226,164,10,3,66,0,36,0,1,0,17,0,1,86,3,0,68,176,102,0,0
7569,STARKAHV,290,176,21,3,54,2,52,1,4,0,27,1,2,116,3,0,74,228,108,0,0
7570,STARKAHW,287,165,17,7,50,1,47,1,0,0,36,1,1,99,1,0,58,197,98,0,0
7571,STARKAHX,501,229,14,8,45,0,55,0,1,0,42,0,0,154,14,0,119,330,100,0,0
7572,STARKAHY,449,246,12,2,66,0,55,0,2,0,30,1,1,157,8,0,110,309,121,0,0
7573,STARKAIA,468,241,33,5,73,1,50,0,0,0,41,0,0,149,7,0,101,298,124,0,0
7574,STARKAIB,441,206,17,7,45,0,52,0,2,0,38,0,0,121,3,0,100,264,97,0,0
7575,STARKAIC,524,287,28,6,67,0,64,0,3,0,68,0,1,166,5,0,111,354,131,0,0
7576,STARKAID,365,167,24,3,47,1,44,0,1,0,26,0,3,138,8,0,90,266,92,0,0
7577,STARKAIE,670,263,41,10,67,0,71,2,3,1,65,0,0,239,10,0,121,441,138,0,0
7578,STARKAIF,689,245,27,8,67,0,61,1,1,0,60,1,2,219,7,0,176,467,128,0,0
7579,STARKAIG,461,290,29,2,85,1,58,1,0,0,40,0,2,192,10,0,88,333,144,0,0
7580,STARKAIH,496,198,17,6,53,1,52,1,1,0,67,1,1,175,7,0,131,384,106,0,0
7581,STARKAII,574,211,24,6,54,2,42,0,4,0,53,0,0,187,8,0,152,404,98,0,0
7582,STARKAIK,355,201,20,5,50,2,32,1,4,0,25,0,0,169,9,0,82,290,84,0,0
7583,STARKAIL,405,227,16,4,52,0,42,0,4,1,31,0,1,156,6,0,99,298,94,0,0
7584,STARKAIN,636,273,35,10,68,1,79,0,2,0,51,0,0,227,8,0,123,411,148,0,0
7585,STARKAIO,699,250,33,2,84,1,73,1,1,2,72,0,1,180,7,0,189,453,158,0,0
7586,STARKAIQ,656,350,29,10,115,2,117,0,2,0,40,0,0,179,5,0,222,448,234,0,0
7587,STARKAIS,735,283,34,7,86,4,75,0,8,0,67,0,1,224,9,1,206,516,165,0,0
7588,STARKAIT,439,240,22,1,82,0,57,1,1,0,43,0,1,143,6,0,140,335,139,0,0
7589,STARKAIU,373,183,24,7,51,1,57,0,3,0,21,0,1,110,4,0,120,259,109,0,0
7590,STARKAIX,330,183,26,1,67,1,49,0,3,0,31,0,1,97,8,0,94,234,117,0,0
7591,STARKAIY,335,217,29,3,73,2,72,1,3,0,31,0,1,117,10,1,92,256,147,0,0
7592,STARKAIZ,373,231,25,7,77,1,77,0,2,0,39,0,0,106,6,1,85,239,155,0,0
7593,STARKAJA,476,317,33,5,104,0,68,1,8,1,30,0,1,180,7,0,150,378,172,0,0
7594,STARKAJB,455,200,27,7,62,2,75,0,3,1,35,0,1,147,3,0,136,326,139,0,0
7595,STARKAJC,421,152,21,4,49,2,46,0,2,0,34,0,1,119,9,0,112,277,97,0,0
7596,STARKAJD,424,138,8,1,41,2,42,0,1,0,31,0,0,104,4,0,123,263,85,0,0
7597,STARKAJE,318,177,21,9,58,1,38,0,2,0,14,0,0,60,3,0,92,171,97,0,0
7598,STARKAJJ,746,210,22,11,64,1,59,1,6,1,76,0,1,212,4,0,180,481,124,0,0
7599,STARKAJK,555,191,25,5,62,2,32,0,2,0,73,0,0,180,7,0,118,380,96,0,0
7600,STARKAJL,453,163,17,3,50,1,36,0,3,0,60,0,0,120,5,0,110,298,87,0,0
7601,STARKAJO,367,134,18,2,50,1,59,0,4,0,29,1,0,70,5,0,114,223,110,0,0
7602,STARKAJP,390,136,20,5,37,2,40,0,4,0,29,1,0,145,6,0,94,279,79,0,0
7603,STARKAJQ,516,243,25,1,74,3,62,1,4,3,36,0,1,190,19,0,125,379,139,0,0
7604,STARKAJR,602,225,29,6,89,2,80,0,3,0,51,0,2,181,9,0,183,429,171,0,0
7605,STARKAJS,751,260,23,3,94,5,70,2,6,0,74,0,3,211,4,0,218,518,169,0,0
7606,STARKAJU,497,194,15,2,61,2,52,0,2,1,45,1,2,149,14,1,133,348,115,0,0
7607,STARKAJW,422,222,20,5,86,3,50,1,4,1,38,1,3,119,3,0,101,271,139,0,0
7608,STARKAJX,307,111,12,2,45,1,26,0,0,0,17,0,0,75,5,0,86,183,72,0,0
7609,STARKAJY,525,177,21,1,61,0,52,0,6,0,50,0,2,135,8,0,150,351,113,0,0
7610,STARKAJZ,518,250,27,7,100,2,75,1,5,0,40,0,1,126,4,0,167,344,177,0,0
7611,STARKAKD,483,213,27,9,76,5,70,0,0,1,35,0,0,116,4,0,131,287,151,0,0
7612,STARKAKF,286,120,18,5,41,3,33,1,2,0,24,1,2,84,0,0,94,208,77,0,0
7613,STARKAKG,475,197,18,3,69,0,44,1,4,0,59,1,0,153,4,0,130,352,113,0,0
7614,STARKAKH,466,153,23,3,55,1,43,3,5,1,38,0,2,119,6,0,135,309,99,0,0
7615,STARKAKK,215,121,16,2,33,0,37,2,2,1,17,0,0,54,3,0,56,135,70,0,0
7616,STARKAKL,334,140,18,5,53,0,43,2,4,0,20,1,1,90,5,0,85,208,96,0,0
7617,STARKAKO,192,202,17,4,69,4,53,0,4,0,14,0,1,45,2,0,39,105,126,0,0
7618,STARKAKQ,440,261,28,6,80,2,67,1,1,0,23,1,1,162,10,0,106,305,149,0,0
7619,STARKAKR,437,338,27,4,126,0,89,1,3,0,34,0,0,125,3,0,132,298,215,0,0
7620,STARKAKT,510,212,25,10,81,5,75,0,2,1,47,1,0,157,3,1,178,390,161,0,0
7621,STARKAKU,530,332,25,4,120,2,80,0,5,0,41,0,2,214,10,0,164,436,202,0,0
7622,STARKAKV,461,337,28,10,115,3,103,0,6,1,28,1,1,93,3,0,135,268,221,0,0
7623,STARKAKX,482,336,35,6,112,3,88,2,1,0,28,0,1,143,3,0,119,297,203,0,0
7624,STARKAKZ,432,339,19,10,117,4,113,0,1,0,28,0,1,119,5,0,117,271,234,0,0
7625,STARKALB,304,213,21,3,91,3,54,0,3,0,23,0,1,91,7,0,92,217,148,0,0
7626,STARKALC,438,342,33,8,106,3,108,2,5,1,32,0,0,119,3,0,114,276,217,0,0
7627,STARKALD,532,287,22,5,101,2,92,0,3,0,31,0,2,139,2,0,132,309,195,0,0
7628,STARKALF,332,271,29,7,114,1,70,1,2,0,24,1,0,80,16,0,105,229,185,0,0
7629,STARKALH,353,193,8,7,56,1,63,0,0,2,27,0,1,114,5,0,97,246,120,0,0
7630,STARKALJ,159,129,10,1,45,1,24,1,1,0,14,0,0,57,2,0,40,115,70,0,0
7631,STARKALK,513,328,20,6,104,1,80,1,0,0,34,1,1,157,4,1,137,336,185,0,0
7632,STARKALM,265,181,15,3,59,0,28,0,1,0,24,0,2,62,1,0,85,175,87,0,0
7633,STARKALN,776,378,50,7,137,2,82,1,3,0,41,0,0,167,17,0,171,400,221,0,0
7634,STARKALO,217,177,14,2,56,2,44,4,2,1,15,0,0,80,4,0,59,165,102,0,0
7635,STARKALP,427,368,33,9,133,0,101,1,4,0,35,1,2,130,11,0,118,302,234,0,0
7636,STARKALU,456,218,27,7,80,3,64,0,3,1,25,1,1,122,2,0,129,284,147,0,0
7637,STARKALW,399,176,18,7,53,2,72,0,3,0,33,0,0,120,12,0,126,294,127,0,0
7638,STARKALY,397,197,31,4,73,4,67,2,3,0,26,0,2,116,10,0,105,264,144,0,0
7639,STARKAMA,308,267,21,6,65,1,60,2,0,0,20,0,0,71,3,2,99,197,126,0,0
7640,STARKAMC,323,241,23,0,85,2,47,1,0,0,24,1,0,138,4,0,94,262,134,0,0
7641,STARKAMD,325,262,21,5,83,0,48,0,0,0,25,0,2,157,4,0,80,268,131,0,0
7642,STARKAME,283,257,26,8,92,1,74,0,1,0,17,0,1,77,3,1,62,162,167,0,0
7643,STARKAMF,468,392,21,2,134,0,93,2,4,1,32,1,1,194,11,1,153,400,227,0,0
7644,STARKAMG,247,217,12,0,86,0,48,0,1,0,15,0,1,110,5,1,71,204,134,0,0
7645,STARKAMI,402,257,26,1,58,1,45,0,5,0,33,0,2,199,5,0,92,336,104,0,0
7646,STARKAMJ,242,302,10,2,101,0,75,0,0,0,22,0,1,59,2,0,63,147,176,0,0
7647,STARKAMM,306,239,15,5,60,0,33,1,1,0,20,0,1,181,2,0,76,282,93,0,0
7648,STARKAMN,316,187,22,3,51,0,43,0,3,1,25,1,0,161,0,0,84,275,94,0,0
7649,STARKAMP,518,351,32,4,119,1,73,0,1,0,40,0,0,180,9,0,144,374,193,0,0
7650,STARKAMQ,367,355,18,4,119,0,95,2,1,0,19,0,1,129,10,0,98,260,214,0,0
7651,STARKAMR,238,199,15,4,70,0,43,1,0,0,14,0,0,106,2,0,67,190,113,0,0
7652,STARKAMS,210,149,14,2,39,0,41,0,3,0,16,0,0,96,8,0,48,171,80,0,0
7653,STARKAMT,607,352,31,6,119,1,101,1,6,1,61,1,1,190,6,1,144,412,221,0,0
7654,STARKAMU,433,306,25,4,92,0,63,2,3,0,51,0,3,167,15,0,124,365,155,0,0
7655,STARKAMV,166,218,19,4,83,2,36,1,0,0,12,0,0,24,1,0,41,79,121,0,0
7656,STARKAMX,555,305,36,3,99,0,71,0,3,1,44,1,0,222,9,0,142,422,170,0,0
7657,STARKAMY,374,250,19,2,99,1,41,0,4,0,50,0,1,120,12,0,118,305,141,0,0
7658,STARKAMZ,566,440,25,4,105,1,108,1,3,0,38,0,1,221,4,0,181,449,214,0,0
7659,STARKANA,322,253,27,8,81,3,68,0,2,0,20,0,1,130,9,0,84,246,152,0,0
7660,STARKANB,424,227,27,2,64,0,43,1,2,0,46,0,0,148,10,0,116,323,107,0,0
7661,STARKANC,275,123,15,1,35,0,30,0,1,0,26,0,1,101,5,0,69,203,65,0,0
7662,STARKAND,245,194,17,3,45,0,50,0,2,0,20,0,1,102,8,0,58,191,95,0,0
7663,STARKANF,323,219,18,3,58,0,37,0,1,1,20,0,1,166,7,1,81,278,95,0,0
7664,STARKANG,252,129,15,4,38,2,28,2,0,0,16,0,2,48,2,1,89,160,68,0,0
7665,STARKANH,182,217,15,3,58,0,54,0,1,0,16,0,0,51,3,0,40,111,112,0,0
7666,STARKANI,218,171,19,5,68,1,38,0,1,0,12,0,0,82,3,0,62,160,107,0,0
7667,STARKANJ,261,170,11,2,54,2,33,1,0,0,15,0,0,141,9,0,85,251,89,0,0
7668,STARKANK,665,428,37,5,139,1,53,0,2,0,40,0,0,294,5,0,161,502,193,0,0
7669,STARKANM,500,198,24,5,58,5,66,0,1,0,16,0,1,145,9,0,134,306,129,0,0
7670,STARKANO,539,258,23,2,99,4,81,1,7,0,32,0,2,121,2,0,145,310,184,0,0
7671,STARKANP,481,134,6,6,31,2,44,2,2,0,56,2,1,115,3,0,138,319,77,0,0
7672,STARKANQ,482,153,26,5,51,3,62,0,5,1,43,0,0,120,4,0,149,322,116,0,0
7673,STARKANT,320,112,11,1,49,1,30,0,1,0,13,0,0,75,0,0,94,183,80,0,0
7674,STARKANU,301,142,31,2,56,1,43,0,1,1,19,0,1,83,4,0,77,186,100,0,0
7675,STARKANV,362,143,24,9,40,2,40,1,1,0,21,0,0,80,4,0,108,215,82,0,0
7676,STARKANW,105,18,3,1,9,0,7,0,1,0,16,0,0,27,1,0,13,58,16,0,0
7677,STARKANX,426,120,11,6,35,1,35,1,1,0,42,0,0,103,5,0,119,271,71,0,0
7678,STARKANY,590,206,23,8,64,3,65,0,1,0,69,0,0,145,12,0,146,373,132,0,0
7679,STARKAOB,719,229,19,3,82,2,51,1,2,0,74,0,3,200,20,0,177,477,135,0,0
7680,STARKAOC,433,128,19,3,46,1,53,0,6,0,26,0,2,123,10,0,127,294,100,0,0
7681,STARKAOH,585,174,27,5,53,0,56,0,4,1,46,0,0,190,15,0,145,401,109,0,0
7682,STARKAOI,455,153,14,5,40,2,42,1,3,0,39,1,1,148,5,0,114,312,84,0,0
7683,STARKAOJ,641,273,22,4,70,2,69,0,1,0,55,0,0,244,10,0,149,459,141,0,0
7684,STARKAOO,419,274,28,3,81,0,36,1,1,0,29,0,0,218,5,0,161,415,117,0,0
7685,STARKAOP,403,206,23,1,74,1,59,0,3,0,27,1,3,107,1,1,117,260,134,0,0
7686,STARKAOQ,524,325,22,3,129,1,67,0,2,0,52,0,1,184,10,0,165,414,197,0,0
7687,STARKAOR,301,200,29,3,62,0,34,2,4,0,20,0,0,174,6,1,97,304,96,0,0
7688,STARKAOS,409,252,19,4,71,0,45,1,1,0,19,0,0,220,6,0,103,350,116,0,0
7689,STARKAOT,340,193,10,2,76,1,67,1,1,0,18,0,0,99,1,0,87,207,144,0,0
7690,STARKAOU,727,229,33,10,46,1,58,0,2,0,70,0,2,248,13,0,144,479,105,0,0
7691,STARKAOV,444,203,28,3,51,0,56,1,1,0,33,0,2,210,9,0,100,356,107,0,0
7692,STARKAOW,380,173,16,2,55,0,48,0,1,0,30,0,0,132,8,0,69,240,103,0,0
7693,SUMMITAAA,61,320,9,12,81,1,109,0,0,0,3,0,0,19,0,0,13,35,191,0,0
7694,SUMMITAAC,38,149,7,0,8,0,27,0,0,0,1,0,0,5,1,0,5,12,35,0,0
7695,SUMMITAAE,151,521,13,11,162,1,188,0,2,2,8,0,1,66,2,0,36,117,351,0,0
7696,SUMMITAAF,61,447,12,11,153,0,144,0,1,0,5,0,0,24,2,0,20,52,297,0,0
7697,SUMMITAAG,426,324,15,5,103,0,57,0,3,1,22,2,0,185,9,0,116,338,160,0,0
7698,SUMMITAAH,217,418,13,3,119,0,89,0,2,0,8,0,2,64,3,1,41,121,208,0,0
7699,SUMMITAAJ,154,485,14,22,156,0,184,1,3,0,7,0,0,40,3,0,46,100,340,0,0
7700,SUMMITAAL,143,409,24,20,52,1,157,0,2,0,10,0,1,29,2,0,33,77,210,0,0
7701,SUMMITAAN,220,545,26,11,218,0,152,0,0,0,23,0,1,128,7,0,66,225,370,0,0
7702,SUMMITAAP,247,546,21,12,190,0,162,0,0,0,14,0,1,146,2,0,59,222,352,0,0
7703,SUMMITAAR,128,496,27,16,144,0,195,1,1,0,6,0,0,77,1,0,34,120,339,0,0
7704,SUMMITABE,138,195,8,1,58,0,55,0,1,0,5,0,0,28,1,0,34,69,113,0,0
7705,SUMMITABH,175,318,16,10,103,1,96,0,0,1,15,0,0,41,1,0,36,94,200,0,0
7706,SUMMITABI,157,437,10,6,166,1,71,0,1,0,11,0,0,41,3,0,44,100,238,0,0
7707,SUMMITABJ,166,318,17,8,90,0,91,0,1,1,8,1,0,35,0,0,40,86,181,0,0
7708,SUMMITABK,205,390,9,5,131,1,113,0,0,0,17,0,1,69,4,0,52,143,245,0,0
7709,SUMMITABL,188,323,15,8,95,0,107,0,2,0,7,0,0,34,5,0,44,92,202,0,0
7710,SUMMITABN,155,349,9,12,90,2,76,0,1,0,3,0,2,38,1,1,52,98,168,0,0
7711,SUMMITABW,26,421,3,3,118,1,61,1,0,0,5,0,0,10,0,0,3,19,180,0,0
7712,SUMMITABX,39,353,5,6,75,1,76,0,1,0,3,0,1,9,1,0,8,23,152,0,0
7713,SUMMITABY,42,537,2,8,222,0,76,0,1,1,4,0,0,12,1,0,4,23,298,0,0
7714,SUMMITACA,80,454,5,2,196,0,71,0,1,0,7,1,0,21,2,0,13,45,267,0,0
7715,SUMMITACB,21,482,4,1,151,2,69,1,0,0,1,0,0,0,0,0,1,3,222,0,0
7716,SUMMITACC,14,542,1,3,234,0,80,0,0,0,1,1,0,4,0,0,4,10,314,0,0
7717,SUMMITACE,14,517,3,6,193,0,79,0,1,0,0,0,0,2,0,0,3,6,272,0,0
7718,SUMMITACG,15,589,3,2,203,0,91,0,0,1,1,0,0,2,0,0,4,8,294,0,0
7719,SUMMITACH,40,531,8,2,225,1,71,1,0,0,2,1,0,8,0,0,10,22,297,0,0
7720,SUMMITACO,25,452,1,2,141,1,65,1,0,0,2,0,0,5,2,0,1,11,207,0,0
7721,SUMMITACR,34,661,6,0,280,1,134,0,0,0,5,0,0,18,0,0,6,29,415,0,0
7722,SUMMITACT,130,567,18,6,215,0,123,1,2,0,15,0,0,85,5,0,22,130,338,0,0
7723,SUMMITACV,45,588,9,3,217,0,101,0,0,0,5,0,0,12,1,0,11,29,318,0,0
7724,SUMMITACW,160,489,16,5,143,0,120,2,1,0,15,2,0,101,7,0,25,153,263,0,0
7725,SUMMITACY,135,485,13,10,170,1,101,0,3,1,12,0,0,47,0,0,24,87,272,0,0
7726,SUMMITACZ,12,527,1,1,219,0,61,0,2,0,1,1,0,5,0,0,2,11,280,0,0
7727,SUMMITADA,114,438,16,6,128,0,180,0,0,0,11,0,0,41,2,0,30,84,308,0,0
7728,SUMMITADB,18,593,1,6,260,0,97,0,0,0,2,0,0,4,1,0,1,8,357,0,0
7729,SUMMITADD,22,584,3,4,251,0,71,0,0,0,2,0,0,9,0,0,3,14,322,0,0
7730,SUMMITADO,63,395,4,1,136,1,67,1,2,0,2,0,0,9,0,0,7,21,204,0,0
7731,SUMMITADP,95,189,4,5,39,2,55,0,0,0,7,0,1,12,1,0,25,46,96,0,0
7732,SUMMITADQ,42,466,5,7,149,0,75,0,0,1,3,0,0,7,0,0,11,22,224,0,0
7733,SUMMITADS,61,406,2,9,132,0,70,0,0,0,1,0,0,5,1,0,12,19,202,0,0
7734,SUMMITADT,46,273,3,4,59,1,56,0,0,0,2,0,1,7,1,0,12,23,116,0,0
7735,SUMMITADU,47,352,7,7,96,1,81,0,0,0,1,0,0,17,2,0,5,25,178,0,0
7736,SUMMITADV,50,375,9,2,108,0,42,0,1,0,2,0,1,9,2,0,18,33,150,0,0
7737,SUMMITADY,54,467,5,5,154,0,79,0,1,0,2,0,0,21,2,0,18,44,233,0,0
7738,SUMMITAEF,328,250,21,5,68,1,74,0,0,0,16,0,0,67,0,1,76,160,143,0,0
7739,SUMMITAEG,280,259,22,2,76,0,85,0,1,0,17,0,2,40,5,0,66,131,161,0,0
7740,SUMMITAEH,273,270,30,4,75,3,81,0,1,0,15,0,1,68,1,0,70,156,159,0,0
7741,SUMMITAEJ,371,295,19,9,97,1,65,0,1,0,26,1,0,67,3,0,114,212,163,0,0
7742,SUMMITAEL,312,240,12,6,64,2,78,0,2,1,18,0,1,51,5,0,75,153,144,0,0
7743,SUMMITAEN,363,307,19,6,101,1,67,1,2,0,25,0,1,96,5,0,129,259,169,0,0
7744,SUMMITAEQ,366,284,13,0,92,1,82,1,2,0,28,0,0,63,4,0,97,195,175,0,0
7745,SUMMITAER,292,329,19,8,90,3,80,1,2,0,29,0,0,74,3,0,73,182,173,0,0
7746,SUMMITAEU,296,309,20,18,96,1,96,0,0,0,20,1,1,76,6,0,69,173,193,0,0
7747,SUMMITAEV,281,331,13,3,78,0,90,0,1,0,19,1,0,60,5,0,84,170,168,0,0
7748,SUMMITAFF,191,359,15,9,110,1,78,0,1,0,14,0,1,29,7,0,51,103,189,0,0
7749,SUMMITAFK,236,356,25,3,116,2,97,0,2,0,20,0,0,77,4,0,63,166,215,0,0
7750,SUMMITAFL,150,296,20,3,78,1,73,0,0,0,9,1,0,29,2,0,43,84,152,0,0
7751,SUMMITAFM,87,372,8,7,114,1,74,0,4,0,9,0,0,15,0,0,15,43,189,0,0
7752,SUMMITAFN,157,344,9,8,80,1,73,0,0,0,8,0,0,44,3,0,40,95,154,0,0
7753,SUMMITAFO,279,373,12,3,110,1,112,0,2,0,12,0,0,87,2,1,79,183,223,0,0
7754,SUMMITAFQ,140,305,17,8,83,1,78,0,0,0,11,0,0,26,5,0,43,85,162,0,0
7755,SUMMITAFR,356,376,27,3,133,1,94,1,1,0,17,0,2,98,5,0,108,232,228,0,0
7756,SUMMITAFS,222,389,21,3,128,3,94,1,2,1,15,0,0,83,1,0,44,147,225,0,0
7757,SUMMITAGH,212,337,13,5,103,1,73,0,3,0,10,0,0,104,4,0,55,176,177,0,0
7758,SUMMITAGN,345,490,19,4,160,0,99,1,3,1,14,1,0,196,4,0,76,296,259,0,0
7759,SUMMITAGP,157,497,13,7,170,0,141,0,1,0,4,0,0,82,6,0,28,121,311,0,0
7760,SUMMITAGQ,132,476,15,7,169,1,97,1,1,0,22,0,0,54,6,0,22,106,267,0,0
7761,SUMMITAGS,305,310,14,1,127,0,34,3,5,1,22,1,0,146,9,0,81,268,161,0,0
7762,SUMMITAGT,281,516,20,5,194,1,115,0,1,1,15,0,0,146,4,0,52,219,310,0,0
7763,SUMMITAGU,252,367,11,6,113,0,97,0,1,0,16,1,1,130,2,0,69,220,210,0,0
7764,SUMMITAGV,135,506,13,5,163,1,108,0,1,0,8,1,0,79,3,0,38,130,272,0,0
7765,SUMMITAGW,147,420,26,8,78,1,102,0,2,0,6,1,1,40,6,1,24,81,181,0,0
7766,SUMMITAGY,203,536,13,9,153,0,140,1,1,0,14,0,0,93,3,0,48,160,293,0,0
7767,SUMMITAGZ,198,460,27,6,158,1,118,0,0,0,7,0,2,133,3,1,47,193,277,0,0
7768,SUMMITAHA,343,423,9,2,145,0,83,0,1,0,12,0,1,220,6,0,74,314,228,0,0
7769,SUMMITAHB,233,361,12,3,124,0,67,1,0,0,11,0,0,108,2,0,72,194,191,0,0
7770,SUMMITAHC,322,404,24,7,138,0,65,1,0,1,9,1,0,170,8,0,84,274,203,0,0
7771,SUMMITAHJ,221,387,16,6,120,1,102,1,1,0,17,0,0,63,4,0,55,141,223,0,0
7772,SUMMITAHK,160,390,12,6,122,0,72,0,1,0,5,0,1,31,3,0,42,83,194,0,0
7773,SUMMITAHL,154,375,8,9,121,1,94,0,1,0,12,0,0,45,2,0,27,87,216,0,0
7774,SUMMITAHN,311,292,15,8,90,0,92,1,1,0,33,0,1,63,2,0,69,170,182,0,0
7775,SUMMITAHO,228,379,17,8,125,2,118,0,4,0,15,0,0,45,1,0,51,116,245,0,0
7776,SUMMITAHP,195,271,10,8,62,0,79,1,0,0,8,0,2,35,3,0,57,106,141,0,0
7777,SUMMITAHR,261,301,23,12,79,2,88,0,0,0,21,1,0,51,3,0,71,147,169,0,0
7778,SUMMITAHS,303,254,15,8,70,2,82,0,1,1,20,0,0,52,2,0,75,151,154,0,0
7779,SUMMITAIF,260,288,14,5,79,0,74,0,1,0,16,1,0,43,0,0,61,122,153,0,0
7780,SUMMITAIG,209,430,18,4,142,2,80,0,5,0,15,1,0,43,2,1,62,129,224,0,0
7781,SUMMITAIH,77,349,11,5,103,0,62,0,0,0,4,0,0,14,4,0,19,41,165,0,0
7782,SUMMITAII,60,314,4,3,80,0,66,0,0,0,4,0,1,21,0,0,22,48,146,0,0
7783,SUMMITAIM,212,392,12,7,116,0,117,0,0,0,14,0,2,55,2,0,68,141,233,0,0
7784,SUMMITAIN,268,354,30,11,107,2,97,0,2,0,28,0,0,71,2,0,65,168,206,0,0
7785,SUMMITAIP,130,392,5,6,126,2,101,1,3,0,8,0,2,23,1,0,28,66,229,0,0
7786,SUMMITAIQ,232,429,15,7,130,1,98,0,2,0,19,0,0,37,3,0,61,122,229,0,0
7787,SUMMITAJA,314,197,22,5,80,2,77,1,3,0,33,1,2,59,5,0,71,175,159,0,0
7788,SUMMITAJD,258,223,17,7,88,2,58,0,2,0,14,0,0,42,1,0,69,128,148,0,0
7789,SUMMITAJG,298,267,32,7,89,3,80,0,0,0,16,0,0,74,5,0,50,145,172,0,0
7790,SUMMITAJH,340,289,20,6,111,2,70,0,2,0,21,1,0,102,7,0,95,228,183,0,0
7791,SUMMITAJL,125,437,12,7,109,0,104,0,0,1,11,0,0,34,3,0,23,72,213,0,0
7792,SUMMITAJM,242,374,12,4,136,1,69,2,5,0,13,0,2,66,1,0,47,136,206,0,0
7793,SUMMITAJO,411,336,20,4,153,2,63,0,3,0,26,0,2,137,9,1,96,274,218,0,0
7794,SUMMITAJR,143,183,15,5,52,1,62,0,1,0,14,0,0,25,1,0,39,80,115,0,0
7795,SUMMITAJT,194,191,21,6,64,1,59,0,1,0,15,0,0,34,1,0,50,101,124,0,0
7796,SUMMITAJV,278,210,20,5,71,1,75,1,1,0,21,0,0,34,4,1,58,120,147,0,0
7797,SUMMITAJW,249,237,15,10,91,2,83,1,0,0,13,0,0,43,4,0,67,128,176,0,0
7798,SUMMITAKA,330,238,12,2,89,0,74,2,2,0,27,0,2,92,4,0,71,200,163,0,0
7799,SUMMITAKC,229,175,21,4,56,2,55,0,2,0,12,0,0,36,2,0,71,123,113,0,0
7800,SUMMITAKF,292,397,27,11,111,1,91,0,1,1,15,0,1,77,5,0,68,168,203,0,0
7801,SUMMITAKG,249,399,27,7,96,0,93,0,0,2,13,1,1,89,9,0,44,159,189,0,0
7802,SUMMITAKJ,299,341,31,12,82,1,72,1,2,0,21,1,1,79,5,0,68,178,155,0,0
7803,SUMMITAKO,209,333,19,8,83,0,93,1,0,0,14,0,1,54,4,0,54,128,176,0,0
7804,SUMMITAKP,230,318,23,4,99,1,99,0,3,0,14,0,1,83,4,1,66,172,199,0,0
7805,SUMMITAKS,247,317,29,3,74,3,103,0,1,0,18,1,0,112,2,0,77,211,180,0,0
7806,SUMMITAKV,294,286,17,10,80,1,91,0,1,0,22,0,1,119,6,1,77,227,172,0,0
7807,SUMMITAKW,275,349,21,9,103,1,89,2,2,1,14,1,0,108,9,0,49,186,193,0,0
7808,SUMMITAKZ,312,348,21,7,89,1,108,0,1,0,26,0,0,123,4,0,82,236,198,0,0
7809,SUMMITALA,302,310,14,8,72,0,92,0,1,1,23,0,0,129,9,0,84,247,164,0,0
7810,SUMMITALE,172,257,20,10,52,0,78,0,1,0,12,2,2,39,6,0,41,103,130,0,0
7811,SUMMITALF,266,316,13,10,82,0,99,1,1,2,18,0,0,78,2,0,79,181,181,0,0
7812,SUMMITALH,264,329,31,8,78,0,102,0,1,1,10,0,0,99,4,0,79,194,180,0,0
7813,SUMMITALN,164,261,20,6,45,0,66,0,2,0,16,0,0,42,3,1,27,91,111,0,0
7814,SUMMITALO,303,322,14,7,103,1,60,1,2,0,18,0,3,148,8,1,85,266,164,0,0
7815,SUMMITALP,281,363,16,7,95,2,75,1,3,1,11,1,0,107,6,0,60,190,172,0,0
7816,SUMMITALQ,290,327,29,9,78,1,81,1,3,1,25,1,1,119,6,0,55,212,160,0,0
7817,SUMMITALV,302,294,16,4,84,0,74,0,0,0,28,0,1,94,3,0,71,197,158,0,0
7818,SUMMITALW,304,290,20,7,80,0,55,1,5,0,16,1,1,127,3,0,70,224,135,0,0
7819,SUMMITALY,261,287,28,6,74,0,99,0,0,0,17,0,1,72,1,1,69,161,173,0,0
7820,SUMMITAMC,272,324,20,8,78,3,100,0,0,0,23,0,2,93,4,0,61,183,181,0,0
7821,SUMMITAME,225,241,21,5,56,1,72,0,1,0,15,0,0,50,3,0,60,129,129,0,0
7822,SUMMITAMG,247,242,16,4,62,0,77,0,1,0,23,0,0,112,3,0,80,219,139,0,0
7823,SUMMITAMH,286,291,17,6,78,2,75,0,1,0,21,0,1,64,4,0,78,169,155,0,0
7824,SUMMITAMJ,440,291,20,5,73,2,57,3,1,0,26,0,0,161,12,0,101,304,132,0,0
7825,SUMMITAMK,315,304,18,12,72,1,92,0,1,1,33,0,0,121,3,0,87,246,165,0,0
7826,SUMMITAMM,416,352,18,4,85,1,74,1,6,2,48,3,0,177,13,0,92,342,160,0,0
7827,SUMMITAMN,310,269,21,7,85,1,71,1,1,0,30,0,1,127,9,0,92,261,157,0,0
7828,SUMMITAMO,492,361,26,8,63,1,81,0,3,0,18,0,0,201,5,0,114,341,145,0,0
7829,SUMMITAMS,375,351,19,8,118,0,42,0,0,0,26,0,0,180,6,0,83,295,160,0,0
7830,SUMMITAMU,383,428,18,5,143,1,74,1,0,0,30,1,0,178,10,0,112,332,218,0,0
7831,SUMMITAMW,308,376,14,6,114,0,93,1,0,0,22,1,0,114,9,0,69,216,207,0,0
7832,SUMMITAMY,191,373,22,14,94,1,106,0,1,0,13,0,0,77,5,1,45,142,201,0,0
7833,SUMMITANA,262,348,12,7,109,0,73,2,1,0,22,1,0,131,5,0,49,211,182,0,0
7834,SUMMITANC,410,295,25,6,60,2,53,0,4,0,27,0,4,141,8,0,110,294,115,0,0
7835,SUMMITANE,349,443,13,5,112,0,62,1,1,0,29,0,0,106,3,0,66,206,174,0,0
7836,SUMMITANG,266,197,6,4,58,1,30,0,1,1,30,0,0,78,4,0,64,178,89,0,0
7837,SUMMITANH,304,312,12,3,94,0,54,1,1,0,15,0,0,96,4,0,68,185,148,0,0
7838,SUMMITANI,385,251,17,6,50,0,49,0,1,1,22,1,0,132,8,0,85,250,99,0,0
7839,SUMMITANJ,283,380,15,4,113,1,62,0,0,0,19,0,0,127,3,0,67,216,176,0,0
7840,SUMMITANK,300,234,15,0,69,0,34,0,0,0,16,1,0,83,6,0,72,178,103,0,0
7841,SUMMITANO,324,184,13,3,56,2,57,0,0,0,28,1,0,86,4,0,101,220,115,0,0
7842,SUMMITANP,295,214,9,3,83,0,77,1,4,1,25,0,1,65,3,0,88,188,160,0,0
7843,SUMMITANS,297,225,26,3,98,0,57,1,1,0,19,0,0,81,5,0,101,208,155,0,0
7844,SUMMITANU,281,199,11,2,78,0,41,0,1,1,21,0,0,89,5,0,68,185,119,0,0
7845,SUMMITAOA,359,193,20,4,63,1,55,0,3,1,22,1,1,95,6,0,136,265,119,0,0
7846,SUMMITAOC,303,167,16,2,72,5,64,0,4,1,30,0,0,67,3,0,82,187,141,0,0
7847,SUMMITAOD,313,365,22,5,123,1,82,0,2,0,17,1,0,140,9,1,68,238,206,0,0
7848,SUMMITAOE,306,311,9,8,82,0,70,0,1,0,26,0,0,109,6,0,67,209,152,0,0
7849,SUMMITAOG,314,276,26,14,71,2,84,0,0,1,19,0,0,124,4,0,76,224,157,0,0
7850,SUMMITAOI,388,339,26,2,90,1,54,1,0,0,25,1,0,183,7,0,103,320,145,0,0
7851,SUMMITAOJ,295,302,18,4,77,0,60,1,2,0,20,0,1,112,8,0,68,212,137,0,0
7852,SUMMITAOO,396,317,32,3,74,0,63,1,2,0,36,0,2,188,11,0,92,332,137,0,0
7853,SUMMITAOP,312,355,19,4,64,0,68,0,0,0,27,0,0,142,6,0,71,246,132,0,0
7854,SUMMITAOR,377,337,20,3,86,1,52,1,0,2,16,1,2,178,4,0,82,286,139,0,0
7855,SUMMITAOS,378,330,32,5,67,0,82,0,0,0,26,0,0,172,4,1,62,265,149,0,0
7856,SUMMITAOT,340,346,20,8,85,0,70,0,1,0,16,0,0,168,10,0,75,270,155,0,0
7857,SUMMITAOY,166,222,14,0,46,1,62,0,0,0,15,0,1,55,3,0,32,106,109,0,0
7858,SUMMITAOZ,317,340,23,10,73,1,63,2,0,1,20,0,0,129,13,0,77,242,137,0,0
7859,SUMMITAPB,302,311,24,9,76,1,77,0,5,1,26,0,1,82,2,0,89,206,154,0,0
7860,SUMMITAPC,357,351,13,3,70,0,65,1,0,1,25,1,1,133,11,1,79,253,135,0,0
7861,SUMMITAPI,313,336,37,6,72,0,67,1,2,0,36,0,1,134,8,0,69,251,139,0,0
7862,SUMMITAPK,310,351,20,1,88,0,68,1,0,0,19,0,0,153,10,0,72,255,156,0,0
7863,SUMMITAPL,333,289,33,7,45,0,86,0,4,1,18,0,1,107,4,0,98,233,131,0,0
7864,SUMMITAPM,308,307,32,3,83,0,81,2,1,1,33,1,0,141,7,1,74,261,164,0,0
7865,SUMMITAPN,379,347,33,4,90,0,88,0,2,0,36,0,0,161,8,0,101,308,178,0,0
7866,SUMMITAPQ,303,349,11,1,127,2,68,1,0,0,22,0,0,131,4,0,68,226,197,0,0
7867,SUMMITAPR,309,289,17,3,83,1,67,0,2,1,29,0,1,114,8,0,84,239,151,0,0
7868,SUMMITAPS,192,258,5,5,74,1,59,0,2,0,6,0,1,43,4,0,58,114,134,0,0
7869,SUMMITAPV,325,284,20,5,94,0,68,2,1,0,30,0,1,112,4,1,86,237,162,0,0
7870,SUMMITAPX,382,249,24,3,61,3,58,2,0,0,24,0,0,156,2,0,104,288,122,0,0
7871,SUMMITAPZ,392,267,18,5,85,1,70,1,2,0,10,1,0,125,8,0,113,260,156,0,0
7872,SUMMITAQC,301,225,27,6,60,1,78,0,3,0,13,0,0,71,4,0,85,176,139,0,0
7873,SUMMITAQE,314,228,22,6,69,0,57,1,3,0,32,1,0,82,4,0,87,210,126,0,0
7874,SUMMITAQF,333,243,19,5,87,1,62,0,2,1,18,0,0,122,6,0,82,231,150,0,0
7875,SUMMITAQG,299,256,27,4,74,0,77,2,4,0,21,0,1,107,6,0,70,211,151,0,0
7876,SUMMITAQH,267,269,16,4,77,1,53,0,1,0,20,0,0,93,3,0,69,186,131,0,0
7877,SUMMITAQI,249,316,24,16,89,2,64,0,0,0,12,1,0,77,1,0,76,167,155,0,0
7878,SUMMITAQL,263,330,22,3,92,0,59,0,2,0,25,0,0,116,5,0,59,207,151,0,0
7879,SUMMITAQN,269,295,17,6,93,1,64,0,0,1,14,1,1,75,4,0,66,162,158,0,0
7880,SUMMITAQP,264,295,29,5,84,1,53,1,0,1,13,1,0,96,2,0,65,179,138,0,0
7881,SUMMITAQQ,322,319,15,6,92,1,74,0,3,0,15,0,0,124,4,0,73,219,167,0,0
7882,SUMMITAQS,311,394,24,2,121,1,55,0,1,2,20,0,1,132,8,0,69,233,177,0,0
7883,SUMMITAQT,292,457,17,2,115,0,46,1,0,0,14,1,0,164,8,1,47,236,161,0,0
7884,SUMMITAQV,308,316,19,4,80,1,54,0,1,0,21,1,2,174,8,0,55,262,135,0,0
7885,SUMMITAQW,190,481,18,1,129,1,79,0,1,0,9,0,0,81,3,0,39,133,209,0,0
7886,SUMMITAQX,263,454,31,2,107,0,77,1,3,0,13,0,0,135,6,0,36,194,184,0,0
7887,SUMMITAQY,196,351,10,2,134,2,45,1,1,0,9,0,0,63,4,0,44,122,181,0,0
7888,SUMMITAQZ,194,186,11,2,40,0,33,0,1,0,20,0,0,38,3,0,60,122,73,0,0
7889,SUMMITARA,200,183,10,6,55,0,43,0,0,1,12,1,0,92,4,0,56,166,98,0,0
7890,SUMMITARB,432,323,23,5,85,1,45,3,0,0,27,0,0,212,3,1,120,366,131,0,0
7891,SUMMITARC,234,195,17,4,58,0,36,0,1,2,7,0,1,137,3,0,57,208,94,0,0
7892,SUMMITARD,455,270,17,9,68,0,68,0,0,0,30,0,1,186,2,0,122,341,136,0,0
7893,SUMMITARE,505,325,40,6,70,0,53,0,0,0,22,0,1,249,9,0,122,403,123,0,0
7894,SUMMITARH,354,382,23,6,78,1,84,1,7,0,21,1,0,198,4,0,67,299,163,0,0
7895,SUMMITARI,382,365,20,10,79,0,73,1,0,0,25,0,0,207,8,0,108,349,152,0,0
7896,SUMMITARK,371,335,21,3,72,1,75,0,1,0,33,1,0,196,10,1,97,339,148,0,0
7897,SUMMITARO,134,198,9,1,46,1,65,0,1,0,11,0,0,82,2,0,24,120,112,0,0
7898,SUMMITARP,192,190,17,3,57,0,42,0,0,1,21,0,1,75,2,0,41,141,99,0,0
7899,SUMMITARR,473,317,18,11,78,0,68,0,1,0,36,0,2,178,2,0,142,361,146,0,0
7900,SUMMITARS,425,181,33,3,66,3,55,1,4,1,33,0,0,111,11,0,132,293,124,0,0
7901,SUMMITARW,301,430,11,8,126,0,93,2,4,1,30,0,1,114,7,0,68,227,219,0,0
7902,SUMMITARX,257,392,19,5,101,0,91,0,1,0,29,0,0,77,8,0,67,182,192,0,0
7903,SUMMITARY,280,413,21,6,140,0,84,0,0,0,39,0,0,84,3,0,70,196,224,0,0
7904,SUMMITARZ,346,278,19,8,80,3,67,0,4,1,25,1,2,92,4,1,96,226,150,0,0
7905,SUMMITASA,320,222,21,10,86,0,74,0,2,0,16,0,0,48,1,0,89,156,160,0,0
7906,SUMMITASD,373,342,15,10,89,1,72,0,3,0,33,0,0,95,4,0,118,253,162,0,0
7907,SUMMITASE,436,317,28,6,87,2,71,2,2,2,20,0,0,155,6,0,116,303,160,0,0
7908,SUMMITASF,383,403,27,5,97,0,59,0,0,0,28,0,0,196,3,0,71,298,156,0,0
7909,SUMMITASG,378,455,33,4,118,0,61,0,1,2,20,0,0,183,9,0,79,294,179,0,0
7910,SUMMITASH,332,361,29,4,100,2,70,1,0,0,19,0,0,165,9,0,58,252,172,0,0
7911,SUMMITASI,302,270,23,9,72,2,83,2,0,0,14,1,0,80,7,0,82,186,157,0,0
7912,SUMMITASK,338,269,16,11,78,0,86,0,0,0,15,0,0,98,4,0,100,217,164,0,0
7913,SUMMITASL,358,257,11,9,91,2,97,1,3,0,18,0,3,66,3,0,106,200,190,0,0
7914,SUMMITASO,365,281,21,6,112,4,80,2,1,0,21,0,1,94,10,0,101,230,196,0,0
7915,SUMMITASP,412,271,21,5,86,0,79,1,8,0,32,1,2,82,8,0,147,281,165,0,0
7916,SUMMITASR,324,273,15,6,90,3,78,0,0,1,24,1,1,77,2,0,98,204,171,0,0
7917,SUMMITASW,289,216,9,4,64,1,51,0,1,0,9,0,0,80,10,0,94,194,116,0,0
7918,SUMMITASZ,376,260,27,8,99,1,84,0,1,0,26,0,1,126,7,0,143,304,184,0,0
7919,SUMMITATA,362,246,32,7,93,2,84,2,3,1,28,0,1,110,4,0,134,283,179,0,0
7920,SUMMITATB,388,303,28,7,96,1,76,2,0,0,21,0,1,129,8,1,140,302,173,0,0
7921,SUMMITATC,414,232,19,4,77,1,88,2,3,1,41,0,1,132,11,0,113,304,166,0,0
7922,SUMMITATE,446,204,15,5,87,2,63,2,5,2,28,0,2,71,6,0,141,257,152,0,0
7923,SUMMITATF,419,191,23,7,71,2,87,0,1,2,32,0,0,106,4,1,141,287,160,0,0
7924,SUMMITATG,382,247,23,7,76,2,99,3,1,0,36,0,1,99,3,0,109,252,177,0,0
7925,SUMMITATN,395,268,20,11,104,0,76,0,0,0,31,1,3,88,1,0,102,226,180,0,0
7926,SUMMITATO,389,256,21,3,78,0,81,0,2,1,34,0,3,77,4,0,75,196,159,0,0
7927,SUMMITATS,234,223,16,2,61,1,44,0,0,0,23,0,1,91,2,0,55,172,106,0,0
7928,SUMMITATV,222,237,19,7,75,0,57,0,4,0,12,1,0,85,1,0,47,150,132,0,0
7929,SUMMITATW,253,247,14,2,76,1,53,4,3,1,18,0,0,108,8,0,73,215,130,0,0
7930,SUMMITATZ,190,162,14,4,58,0,37,1,0,1,13,0,0,41,0,0,50,106,95,0,0
7931,SUMMITAUA,197,156,17,3,40,0,44,0,1,0,12,0,0,64,0,0,54,131,84,0,0
7932,SUMMITAUB,208,198,13,5,50,0,42,0,1,0,14,0,0,52,3,1,45,116,92,0,0
7933,SUMMITAUE,270,423,17,5,113,0,60,0,2,0,8,0,0,65,3,0,40,118,173,0,0
7934,SUMMITAUF,369,260,19,6,83,0,44,0,1,0,28,0,0,128,1,0,92,250,127,0,0
7935,SUMMITAUG,321,264,18,3,68,0,44,0,0,0,34,0,0,115,6,0,77,232,112,0,0
7936,SUMMITAUI,234,521,17,6,113,1,58,1,1,0,24,0,0,115,6,0,48,195,172,0,0
7937,SUMMITAUJ,325,247,21,4,63,0,39,0,1,0,22,1,1,116,5,0,75,221,102,0,0
7938,SUMMITAUL,472,344,23,6,80,0,53,0,1,1,32,0,0,216,6,0,126,382,133,0,0
7939,SUMMITAUM,484,287,20,11,82,4,72,2,3,0,36,0,1,173,7,0,119,341,158,0,0
7940,SUMMITAUN,424,264,26,8,65,3,68,0,2,2,28,0,0,126,8,0,115,281,136,0,0
7941,SUMMITAUQ,455,269,24,4,59,0,40,0,1,0,35,2,0,183,3,0,105,329,99,0,0
7942,SUMMITAUS,445,264,23,4,74,1,44,0,1,0,40,0,1,150,4,0,97,293,119,0,0
7943,SUMMITAUT,359,342,22,7,96,0,63,1,1,2,29,1,0,157,10,0,78,279,159,0,0
7944,SUMMITAUU,368,381,20,7,115,1,59,0,1,0,27,1,1,174,13,0,85,302,175,0,0
7945,SUMMITAUX,407,317,22,4,93,0,48,0,1,0,22,0,0,165,10,1,101,300,141,0,0
7946,SUMMITAUY,335,406,18,4,111,0,45,0,0,0,36,0,1,173,10,0,59,279,156,0,0
7947,SUMMITAUZ,16,22,2,0,7,0,3,0,0,0,0,0,0,1,0,0,3,4,10,0,0
7948,SUMMITAVC,343,308,21,2,84,0,72,2,2,0,16,0,1,111,7,0,83,222,156,0,0
7949,SUMMITAVF,224,204,5,2,57,0,47,0,0,0,15,0,0,101,0,0,50,166,104,0,0
7950,SUMMITAVG,226,196,12,7,48,2,47,1,0,0,12,0,0,123,4,0,74,214,97,0,0
7951,SUMMITAVH,406,179,20,3,69,2,68,1,1,1,23,0,0,77,2,0,128,233,139,0,0
7952,SUMMITAVI,356,201,23,3,71,1,68,1,3,0,27,0,1,71,4,0,107,214,140,0,0
7953,SUMMITAVK,387,279,14,9,100,0,77,0,1,0,42,0,0,122,4,0,105,274,177,0,0
7954,SUMMITAVN,487,301,13,5,91,0,68,1,3,0,33,0,1,153,5,0,129,325,159,0,0
7955,SUMMITAVO,479,270,18,6,97,2,70,1,1,0,35,0,4,135,4,0,140,320,169,0,0
7956,SUMMITAVS,348,175,27,6,61,1,61,2,3,0,16,0,0,44,7,0,119,191,123,0,0
7957,SUMMITAVT,214,159,8,4,60,0,35,0,0,1,23,0,0,57,4,0,56,141,95,0,0
7958,SUMMITAVX,437,369,13,1,90,0,37,0,1,0,21,0,0,167,6,0,87,282,127,0,0
7959,SUMMITAVY,38,382,7,4,125,0,79,0,1,0,4,0,0,14,2,0,3,24,204,0,0
7960,SUMMITAVZ,472,215,26,7,61,0,43,0,2,0,20,2,0,200,12,0,107,343,104,0,0
7961,SUMMITAWA,366,228,19,8,64,2,55,0,1,0,28,0,1,74,6,0,112,222,121,0,0
7962,SUMMITAWB,442,246,19,7,46,3,54,0,4,0,39,0,0,128,11,0,102,284,103,0,0
7963,SUMMITAWH,353,211,25,9,43,0,79,0,0,0,21,0,1,134,3,0,96,255,122,0,0
7964,SUMMITAWI,369,263,24,5,69,1,47,1,0,1,26,0,0,128,7,0,123,286,117,0,0
7965,SUMMITAWJ,351,237,24,3,76,0,32,0,0,0,30,0,0,99,3,0,83,215,108,0,0
7966,SUMMITAWK,397,234,20,6,57,1,57,1,6,1,30,0,0,143,3,0,113,297,115,0,0
7967,SUMMITAWM,429,246,32,3,79,0,53,1,4,3,43,1,2,154,10,0,114,332,132,0,0
7968,SUMMITAWN,398,298,24,5,99,1,58,2,1,0,34,0,3,196,2,0,96,334,158,0,0
7969,SUMMITAWP,443,295,42,4,88,1,84,1,1,0,20,1,1,151,2,0,128,305,173,0,0
7970,SUMMITAWQ,386,309,26,1,83,1,74,0,3,1,25,0,2,168,2,0,111,312,158,0,0
7971,SUMMITAWU,402,280,21,5,64,1,66,0,0,0,34,0,0,130,5,0,102,271,131,0,0
7972,SUMMITAWV,376,291,26,2,72,0,60,0,3,1,24,0,0,130,7,0,114,279,132,0,0
7973,SUMMITAWX,353,270,21,8,80,0,81,0,3,0,19,0,0,126,3,0,94,245,161,0,0
7974,SUMMITAWY,383,254,19,4,78,4,49,2,2,0,22,1,0,130,7,0,104,268,131,0,0
7975,SUMMITAXA,291,324,23,4,86,0,56,2,0,1,29,0,1,197,5,0,56,291,142,0,0
7976,SUMMITAXB,282,424,24,8,92,0,86,3,2,0,12,1,1,209,6,0,70,304,178,0,0
7977,SUMMITAXC,321,320,13,6,70,1,55,1,0,0,20,0,1,225,3,0,67,317,126,0,0
7978,SUMMITAXH,371,331,29,4,71,1,61,0,1,0,24,0,0,186,10,0,77,298,133,0,0
7979,SUMMITAXI,394,254,25,5,48,0,46,0,0,0,28,1,1,205,7,1,73,316,94,0,0
7980,SUMMITAXJ,333,289,13,7,64,0,52,0,1,0,27,1,0,180,6,0,95,310,116,0,0
7981,SUMMITAXO,362,302,22,5,68,2,56,1,0,0,25,1,0,201,4,0,89,321,126,0,0
7982,SUMMITAXQ,364,301,24,7,58,0,58,1,0,0,21,0,2,170,7,0,100,301,116,0,0
7983,SUMMITAXS,365,302,29,4,58,1,44,0,0,0,24,0,0,216,10,0,78,328,103,0,0
7984,SUMMITAXV,356,248,18,2,56,0,30,0,2,0,10,0,0,247,5,0,71,335,86,0,0
7985,SUMMITAXX,327,288,20,3,69,0,41,0,1,0,32,1,2,220,7,0,68,331,110,0,0
7986,SUMMITAYA,338,312,28,1,71,0,60,0,0,0,42,0,0,224,6,0,55,327,131,0,0
7987,SUMMITAYD,314,178,20,1,53,4,56,0,4,0,25,0,2,72,4,0,90,197,113,0,0
7988,SUMMITAYE,374,163,14,3,56,1,56,0,2,0,9,0,1,108,4,0,100,224,113,0,0
7989,SUMMITAYH,282,387,14,4,113,1,46,1,4,0,19,1,1,140,6,0,45,217,160,0,0
7990,SUMMITAYI,306,329,24,3,96,0,44,3,2,0,24,1,1,185,8,0,74,298,140,0,0
7991,SUMMITAYJ,72,371,15,5,84,1,118,0,1,1,2,1,0,15,5,0,13,38,203,0,0
7992,SUMMITAYK,115,254,20,9,15,0,74,0,0,0,3,0,0,19,2,0,4,28,89,0,0
7993,SUMMITAYL,102,244,5,3,73,2,54,0,0,0,3,0,1,21,2,0,23,50,129,0,0
7994,SUMMITAYM,174,302,10,9,85,0,71,0,0,0,9,0,0,30,2,0,54,95,156,0,0
7995,SUMMITAYN,232,326,15,6,94,1,97,1,0,0,13,0,1,65,3,0,48,131,192,0,0
7996,SUMMITAYO,176,326,10,7,100,0,66,0,0,0,16,0,0,42,0,0,31,89,166,0,0
7997,SUMMITAYP,201,406,28,4,128,0,114,0,1,0,8,0,0,45,4,0,57,115,242,0,0
7998,SUMMITAYQ,131,294,16,8,82,1,69,1,1,0,15,0,1,43,1,0,37,99,152,0,0
7999,SUMMITAYR,37,509,5,2,195,0,69,0,0,1,3,0,0,9,0,0,8,21,264,0,0
8000,SUMMITAYS,38,420,8,4,144,3,51,0,0,0,6,0,0,4,0,0,13,23,198,0,0
8001,SUMMITAYT,85,341,16,6,68,1,76,0,0,0,4,0,0,15,2,0,7,28,145,0,0
8002,SUMMITAYU,55,155,11,6,19,0,44,0,0,0,1,0,0,9,1,0,12,23,63,0,0
8003,SUMMITAYV,48,191,11,6,27,0,62,0,0,0,2,0,0,8,1,0,6,17,89,0,0
8004,SUMMITAYW,24,367,4,5,131,0,74,0,0,0,3,0,0,4,0,0,5,12,205,0,0
8005,SUMMITAYX,51,550,5,12,224,0,129,0,1,0,13,0,0,29,1,0,11,55,353,0,0
8006,SUMMITAYY,30,569,3,4,232,2,81,0,1,0,0,0,0,8,0,0,9,18,315,0,0
8007,SUMMITAYZ,79,520,8,5,190,0,84,0,0,0,5,1,0,26,0,0,19,51,274,0,0
8008,SUMMITAZA,171,485,19,6,162,0,124,0,0,0,18,1,0,78,4,0,29,130,286,0,0
8009,SUMMITAZB,11,604,2,2,257,1,87,0,1,0,0,0,0,7,0,0,1,9,345,0,0
8010,SUMMITAZC,25,402,4,1,127,0,70,0,1,0,2,0,0,3,1,0,2,9,197,0,0
8011,SUMMITAZD,84,370,4,6,118,0,55,0,1,0,4,0,0,15,1,0,19,40,173,0,0
8012,SUMMITAZE,24,427,2,4,127,0,56,0,0,0,0,0,0,3,0,0,6,9,183,0,0
8013,SUMMITAZF,112,333,5,5,90,3,68,0,1,0,7,0,0,18,0,1,31,58,161,0,0
8014,SUMMITAZG,50,278,2,2,40,0,37,1,0,0,2,0,0,7,0,0,10,20,77,0,0
8015,SUMMITAZH,53,218,10,3,46,0,58,0,0,0,3,1,0,12,0,0,9,25,104,0,0
8016,SUMMITAZI,306,284,15,4,64,1,79,0,1,0,21,0,4,60,6,0,76,168,144,0,0
8017,SUMMITAZJ,367,311,14,3,102,0,85,1,2,0,24,1,3,88,8,2,98,227,187,0,0
8018,SUMMITAZK,229,338,21,3,103,0,77,0,3,1,7,0,0,40,1,0,52,104,180,0,0
8019,SUMMITAZL,286,376,20,5,138,2,116,0,0,0,18,1,0,85,4,1,87,196,256,0,0
8020,SUMMITAZM,72,283,12,10,81,2,47,0,1,0,4,0,0,14,0,1,11,31,130,0,0
8021,SUMMITAZN,207,411,7,3,131,1,72,1,1,0,10,0,2,49,4,0,53,120,204,0,0
8022,SUMMITAZO,198,362,20,8,128,0,92,0,0,0,11,0,0,52,1,0,52,116,220,0,0
8023,SUMMITAZP,114,377,9,5,108,0,88,0,1,0,9,0,0,45,1,0,32,88,196,0,0
8024,SUMMITAZQ,230,500,32,8,167,0,123,0,1,0,24,0,1,134,9,0,37,206,290,0,0
8025,SUMMITAZR,221,483,19,10,181,0,96,1,5,1,18,1,0,98,4,0,74,202,277,0,0
8026,SUMMITAZS,284,310,16,2,116,0,50,1,0,2,10,1,0,134,1,0,79,228,166,0,0
8027,SUMMITAZT,212,317,16,4,85,1,92,0,0,0,11,0,0,50,4,0,44,109,178,0,0
8028,SUMMITAZU,289,303,22,9,110,1,76,0,0,0,26,1,0,49,3,0,84,163,187,0,0
8029,SUMMITAZV,209,292,17,11,80,1,79,1,3,1,24,0,1,41,2,0,45,118,160,0,0
8030,SUMMITAZW,125,319,15,3,109,2,72,0,1,0,11,0,1,20,0,0,29,62,183,0,0
8031,SUMMITAZX,162,327,36,5,64,0,86,1,0,0,14,1,0,34,0,0,31,81,150,0,0
8032,SUMMITAZY,231,348,18,4,112,1,101,0,0,1,20,0,0,52,2,0,44,119,214,0,0
8033,SUMMITAZZ,46,139,2,4,54,0,31,0,0,0,4,0,0,0,0,0,10,14,85,0,0
8034,SUMMITBAA,212,304,16,17,82,0,88,0,0,0,6,1,1,37,1,0,55,101,170,0,0
8035,SUMMITBAB,300,224,13,6,65,3,82,0,2,0,22,1,1,50,2,0,73,151,150,0,0
8036,SUMMITBAC,259,256,17,1,89,3,64,0,3,0,15,0,0,49,1,0,54,122,156,0,0
8037,SUMMITBAD,242,237,15,2,80,2,72,1,1,0,12,0,0,54,3,0,66,137,154,0,0
8038,SUMMITBAE,230,213,18,8,56,1,92,2,0,0,17,0,0,38,2,0,56,115,149,0,0
8039,SUMMITBAF,297,237,17,5,96,2,74,0,3,0,25,0,0,68,1,0,67,164,172,0,0
8040,SUMMITBAG,337,322,29,6,89,1,103,2,4,0,25,0,3,76,5,0,83,198,193,0,0
8041,SUMMITBAH,262,305,32,5,70,1,93,0,2,0,21,0,0,74,6,0,69,172,164,0,0
8042,SUMMITBAI,235,275,24,8,76,0,97,1,0,0,16,1,0,96,6,0,68,188,173,0,0
8043,SUMMITBAJ,295,335,27,8,67,0,104,0,2,0,17,1,1,106,10,0,66,203,171,0,0
8044,SUMMITBAK,246,336,20,8,73,1,105,0,1,0,18,0,0,104,6,0,63,192,179,0,0
8045,SUMMITBAL,272,285,30,4,81,2,88,3,3,0,22,0,1,93,2,0,57,181,171,0,0
8046,SUMMITBAM,170,295,12,8,79,1,60,2,1,1,9,0,1,56,1,0,46,117,140,0,0
8047,SUMMITBAN,249,276,23,10,93,1,89,0,2,0,15,1,0,82,5,0,60,165,183,0,0
8048,SUMMITBAO,262,287,23,12,72,1,101,0,0,2,22,0,0,76,5,0,74,179,174,0,0
8049,SUMMITBAP,273,269,35,13,77,2,83,1,1,0,30,0,1,99,8,0,55,195,162,0,0
8050,SUMMITBAQ,199,210,16,1,52,0,42,0,1,0,17,1,0,69,3,1,52,144,94,0,0
8051,SUMMITBAR,398,306,14,3,92,2,56,1,1,1,27,0,1,170,8,0,98,307,150,0,0
8052,SUMMITBAS,359,237,16,3,84,1,59,0,1,0,31,1,0,98,7,0,103,241,144,0,0
8053,SUMMITBAT,472,251,16,3,71,1,64,0,1,0,35,0,1,129,8,1,116,291,136,0,0
8054,SUMMITBAU,385,239,20,4,75,1,66,0,1,0,19,0,0,108,3,0,131,262,142,0,0
8055,SUMMITBAV,335,291,29,6,73,0,28,0,2,0,21,0,3,229,5,0,82,342,101,0,0
8056,SUMMITBAW,373,337,14,7,96,1,34,6,3,0,19,0,0,242,4,0,78,352,131,0,0
8057,SUMMITBAX,346,350,35,4,89,0,50,0,0,0,26,0,0,203,6,0,104,339,139,0,0
8058,SUMMITBAY,377,235,17,2,30,0,24,0,1,1,24,0,1,210,5,0,93,335,54,0,0
8059,SUMMITBAZ,290,335,30,4,79,0,81,0,0,0,45,0,0,165,5,0,60,275,160,0,0
8060,SUMMITBBA,364,255,28,4,47,0,42,0,0,0,43,0,1,188,11,2,75,320,89,0,0
8061,SUMMITBBB,362,259,25,6,57,0,44,0,3,0,16,1,0,217,5,0,59,301,101,0,0
8062,SUMMITBBC,242,237,10,1,65,0,30,2,0,0,13,1,0,93,7,0,52,168,95,0,0
8063,SUMMITBBD,281,332,13,4,99,1,54,0,1,0,14,0,0,135,7,2,54,213,154,0,0
8064,SUMMITBBE,190,197,10,3,60,0,31,0,1,0,19,0,0,68,2,0,43,133,91,0,0
8065,SUMMITBBF,277,284,11,3,104,2,53,0,0,0,12,0,0,124,1,1,62,200,159,0,0
8066,SUMMITBBG,161,154,7,2,45,0,38,0,1,0,10,0,0,55,6,0,36,108,83,0,0
8067,SUMMITBBH,237,239,22,1,63,3,52,0,0,0,16,0,0,86,4,0,54,160,118,0,0
8068,SUMMITBBI,264,210,17,4,56,1,51,0,2,1,22,0,0,101,5,0,60,191,108,0,0
8069,SUMMITBBJ,219,250,18,6,91,2,43,1,1,0,13,0,1,59,2,0,60,137,136,0,0
8070,SUMMITBBK,216,243,18,2,66,0,75,0,2,0,35,0,0,81,2,0,44,164,141,0,0
8071,SUMMITBBL,307,196,14,4,80,0,45,0,0,1,19,0,0,73,3,0,102,198,125,0,0
8072,SUMMITBBM,379,259,18,2,93,1,99,0,4,0,36,0,0,123,4,0,118,285,193,0,0
8073,SUMMITBBN,460,199,15,1,70,3,76,1,3,1,41,0,0,141,3,0,143,333,149,0,0
8074,SUMMITBBO,339,195,20,3,72,0,58,0,1,0,22,0,3,78,4,0,94,202,130,0,0
8075,SUMMITBBP,354,143,16,8,44,1,74,0,5,0,17,0,0,88,4,0,120,234,119,0,0
8076,SUMMITBBQ,309,177,6,1,53,0,44,0,4,1,22,0,0,95,6,0,79,207,97,0,0
8077,SUMMITBBR,286,210,10,5,78,2,55,1,1,0,27,0,0,94,3,0,89,215,135,0,0
8078,SUMMITBBS,327,316,25,5,82,1,70,1,3,0,32,3,0,76,3,0,85,203,153,0,0
8079,SUMMITBBT,362,323,21,11,74,1,87,1,2,1,32,1,1,139,5,1,91,274,162,0,0
8080,SUMMITBBU,371,350,28,4,98,0,72,0,1,0,39,0,1,155,9,0,83,288,170,0,0
8081,SUMMITBBV,385,326,21,3,78,1,45,2,0,0,38,0,0,179,16,1,93,329,124,0,0
8082,SUMMITBBW,334,292,27,9,87,1,56,1,1,1,38,0,1,105,3,0,78,228,144,0,0
8083,SUMMITBBX,281,273,21,3,52,0,80,0,2,0,29,2,1,93,6,0,67,200,132,0,0
8084,SUMMITBBY,206,315,33,6,76,1,89,0,1,0,21,0,0,81,2,0,50,155,166,0,0
8085,SUMMITBBZ,362,320,21,5,73,0,71,0,3,0,34,0,0,143,5,0,104,289,144,0,0
8086,SUMMITBCA,227,263,19,14,87,0,65,2,4,0,18,0,2,93,5,0,56,180,152,0,0
8087,SUMMITBCB,378,312,31,3,82,0,56,0,0,1,39,1,2,151,14,1,96,305,138,0,0
8088,SUMMITBCC,282,291,22,4,98,1,57,0,0,0,19,1,0,98,4,0,91,213,156,0,0
8089,SUMMITBCD,319,306,14,4,90,2,59,2,1,1,20,0,5,106,6,1,80,222,151,0,0
8090,SUMMITBCE,262,321,28,4,90,0,75,0,1,1,10,0,0,105,8,0,73,198,165,0,0
8091,SUMMITBCF,272,412,20,3,126,0,69,1,0,1,15,0,0,125,3,0,59,204,195,0,0
8092,SUMMITBCG,297,380,13,6,91,1,61,0,1,0,28,0,1,104,3,0,72,209,153,0,0
8093,SUMMITBCH,346,356,9,2,95,2,42,1,0,1,17,1,0,164,14,0,80,278,139,0,0
8094,SUMMITBCI,267,319,15,6,95,3,51,2,1,0,21,0,0,110,6,0,59,199,149,0,0
8095,SUMMITBCJ,317,358,25,10,82,1,65,0,1,0,25,0,0,101,3,0,68,198,148,0,0
8096,SUMMITBCK,399,305,28,9,91,1,74,0,2,0,35,1,1,175,6,0,109,329,166,0,0
8097,SUMMITBCL,466,352,25,10,77,0,81,0,2,0,19,3,0,221,6,0,137,388,158,0,0
8098,SUMMITBCM,267,418,37,1,125,0,75,0,2,0,19,0,1,177,2,0,38,239,200,0,0
8099,SUMMITBCN,437,358,31,10,90,0,67,0,1,0,26,0,0,172,4,0,100,303,157,0,0
8100,SUMMITBCO,358,378,29,1,114,0,57,0,1,0,29,0,1,205,6,0,75,317,171,0,0
8101,SUMMITBCP,344,413,25,7,97,1,57,0,0,0,27,1,0,200,12,0,76,316,155,0,0
8102,SUMMITBCQ,362,232,19,6,73,1,67,0,4,0,24,1,1,89,5,0,143,267,141,0,0
8103,SUMMITBCR,409,258,11,7,77,1,86,0,2,0,15,1,2,97,5,0,120,242,164,0,0
8104,SUMMITBCS,344,263,12,5,76,3,44,0,1,0,32,0,0,103,4,0,77,217,123,0,0
8105,SUMMITBCT,333,270,17,7,75,1,62,1,2,1,28,0,0,105,4,0,95,236,138,0,0
8106,SUMMITBCU,422,321,19,5,79,0,56,1,0,1,32,0,0,189,12,0,93,328,135,0,0
8107,SUMMITBCV,226,169,16,2,44,1,39,0,2,1,11,0,1,75,3,1,73,167,84,0,0
8108,SUMMITBCW,347,248,31,2,67,1,59,0,0,1,33,0,0,161,4,0,87,286,127,0,0
8109,SUMMITBCX,405,271,20,3,103,0,57,1,4,0,33,1,2,105,8,0,128,282,160,0,0
8110,SUMMITBCY,422,209,19,4,62,0,65,1,2,0,41,1,3,113,5,0,126,292,127,0,0
8111,SUMMITBCZ,307,229,17,7,90,1,68,0,0,0,18,0,0,68,4,0,87,177,159,0,0
8112,SUMMITBDA,191,338,20,2,101,0,40,0,0,1,15,0,0,101,3,0,26,146,141,0,0
8113,TRUMBULLAAA,299,343,8,2,158,5,151,1,0,0,7,0,0,58,2,1,101,170,314,0,0
8114,TRUMBULLAAB,234,329,9,5,131,1,122,0,2,0,10,0,0,28,1,0,56,97,254,0,0
8115,TRUMBULLAAE,253,384,10,6,195,3,121,0,0,1,10,2,0,59,3,0,77,152,319,0,0
8116,TRUMBULLAAF,261,334,11,6,155,5,132,0,0,0,10,0,0,47,3,0,72,132,292,0,0
8117,TRUMBULLAAI,202,293,6,13,105,3,99,0,0,0,14,0,0,23,1,0,58,96,207,0,0
8118,TRUMBULLAAL,247,296,10,7,128,1,128,1,1,0,15,0,0,48,3,0,79,147,257,0,0
8119,TRUMBULLAAM,165,286,14,3,113,4,77,0,1,0,13,0,2,21,1,0,42,80,194,0,0
8120,TRUMBULLAAO,148,234,12,6,87,1,91,0,2,0,7,0,2,21,1,0,47,80,179,0,0
8121,TRUMBULLAAQ,259,182,9,2,92,3,79,0,1,0,12,0,0,44,4,0,87,148,174,0,0
8122,TRUMBULLAAR,216,203,13,2,100,2,52,0,1,1,15,0,0,52,4,0,70,143,154,0,0
8123,TRUMBULLAAT,349,273,17,10,128,4,117,1,2,0,20,0,2,53,9,0,123,210,249,0,0
8124,TRUMBULLAAU,345,318,11,6,144,4,118,0,1,0,14,0,0,76,5,0,123,219,266,0,0
8125,TRUMBULLAAW,209,208,7,7,90,4,58,0,0,0,8,0,0,42,0,0,59,109,152,0,0
8126,TRUMBULLAAX,193,195,15,3,86,4,60,0,0,0,12,0,0,44,4,0,46,106,150,0,0
8127,TRUMBULLAAZ,211,177,12,3,106,3,76,0,1,0,11,0,1,29,4,0,70,116,185,0,0
8128,TRUMBULLABA,221,289,10,2,151,2,84,0,0,1,9,0,0,40,4,0,69,123,237,0,0
8129,TRUMBULLABD,272,285,7,3,157,4,122,1,4,0,13,1,0,47,3,0,98,167,283,0,0
8130,TRUMBULLABF,291,376,24,5,201,5,114,0,1,0,16,0,1,53,5,0,87,163,320,0,0
8131,TRUMBULLABG,334,329,18,7,158,5,115,1,2,0,16,0,2,60,0,1,100,182,278,0,0
8132,TRUMBULLABJ,308,415,21,4,244,9,152,1,0,0,10,0,0,83,2,0,97,193,405,0,0
8133,TRUMBULLABK,294,309,20,4,176,2,135,0,2,0,14,0,0,61,5,0,100,182,313,0,0
8134,TRUMBULLABL,275,357,20,3,185,4,141,0,0,0,9,1,0,32,3,0,94,139,330,0,0
8135,TRUMBULLABN,209,263,16,3,165,4,92,0,0,0,9,0,0,36,3,0,73,121,261,0,0
8136,TRUMBULLABP,278,340,22,5,182,5,132,2,2,1,18,0,3,49,4,0,80,159,319,0,0
8137,TRUMBULLABR,263,324,14,6,137,6,139,0,2,0,8,0,1,31,5,1,72,120,282,0,0
8138,TRUMBULLABS,297,321,20,14,133,4,161,0,0,0,16,0,0,48,11,0,82,157,298,0,0
8139,TRUMBULLABX,279,246,25,4,109,6,104,0,3,0,11,1,0,57,5,0,92,169,219,0,0
8140,TRUMBULLABZ,255,266,19,6,121,11,143,0,1,0,18,0,0,42,12,1,71,145,275,0,0
8141,TRUMBULLACA,293,345,18,10,163,5,174,0,2,0,8,0,0,63,2,1,62,138,342,0,0
8142,TRUMBULLACF,320,475,24,9,207,5,131,1,1,0,13,0,1,54,7,2,76,155,343,0,0
8143,TRUMBULLACG,174,299,21,3,96,3,67,0,1,2,10,0,0,29,0,0,44,86,166,0,0
8144,TRUMBULLACJ,156,376,13,6,132,5,115,0,0,1,12,0,0,28,1,0,40,82,252,0,0
8145,TRUMBULLACL,280,444,25,6,222,3,109,0,0,1,26,0,0,52,5,0,81,165,334,0,0
8146,TRUMBULLACS,234,315,15,6,107,6,99,1,1,0,11,1,0,33,1,0,75,123,212,0,0
8147,TRUMBULLACV,186,323,13,16,125,3,114,1,1,0,8,0,0,20,2,0,53,85,242,0,0
8148,TRUMBULLACW,101,307,7,4,104,3,73,0,1,0,4,0,0,16,2,0,29,52,180,0,0
8149,TRUMBULLADA,236,305,10,9,128,3,111,1,1,0,20,0,0,42,4,0,67,135,242,0,0
8150,TRUMBULLADD,289,390,13,13,181,1,118,0,1,1,11,0,0,47,2,0,91,153,300,0,0
8151,TRUMBULLADF,254,320,24,4,147,7,117,0,3,0,8,0,0,57,10,0,80,158,271,0,0
8152,TRUMBULLADG,470,410,6,4,191,13,152,1,0,0,13,0,1,125,10,0,116,266,356,0,0
8153,TRUMBULLADH,336,414,19,6,187,13,124,2,3,1,23,1,0,71,7,0,109,217,324,0,0
8154,TRUMBULLADI,225,326,35,6,124,10,120,0,3,0,13,0,1,30,1,0,54,102,254,0,0
8155,TRUMBULLADL,176,265,16,11,81,3,84,0,0,0,7,0,0,32,2,1,65,107,168,0,0
8156,TRUMBULLADN,38,331,4,0,137,1,60,0,0,0,2,0,0,2,0,0,11,15,198,0,0
8157,TRUMBULLADT,254,301,24,3,102,3,119,0,1,0,19,0,0,41,3,0,79,143,224,0,0
8158,TRUMBULLADU,190,327,13,8,128,2,108,0,1,0,7,1,1,36,2,1,49,98,238,0,0
8159,TRUMBULLADV,187,310,17,4,156,0,69,0,1,0,10,0,0,35,4,0,52,102,225,0,0
8160,TRUMBULLADW,90,348,8,9,134,0,81,0,2,1,4,0,0,16,1,0,23,47,215,0,0
8161,TRUMBULLADZ,283,318,12,3,152,2,94,2,0,0,13,0,1,67,8,0,90,181,248,0,0
8162,TRUMBULLAEC,33,509,8,5,199,2,81,1,1,1,2,0,1,6,2,0,6,20,282,0,0
8163,TRUMBULLAEE,49,440,7,9,176,0,87,0,0,0,3,0,0,7,1,0,11,22,263,0,0
8164,TRUMBULLAEH,72,406,5,6,168,2,85,0,0,0,2,0,0,7,1,0,18,28,255,0,0
8165,TRUMBULLAEI,99,542,10,8,218,1,104,0,0,0,6,0,0,19,3,0,21,49,323,0,0
8166,TRUMBULLAEK,206,414,22,6,148,2,115,0,0,0,20,1,0,45,2,0,50,118,265,0,0
8167,TRUMBULLAEL,146,225,7,6,74,6,76,0,0,0,9,0,0,23,2,0,32,66,156,0,0
8168,TRUMBULLAER,533,398,22,8,168,4,122,0,1,1,30,0,1,116,8,0,177,334,294,0,0
8169,TRUMBULLAES,318,178,14,3,85,2,66,0,0,0,15,1,1,55,7,0,112,191,153,0,0
8170,TRUMBULLAET,379,228,14,2,79,4,57,0,2,0,21,0,0,114,6,1,132,276,140,0,0
8171,TRUMBULLAEV,302,171,11,6,53,1,78,0,2,0,28,0,0,70,4,0,102,206,132,0,0
8172,TRUMBULLAEW,563,331,28,7,129,7,139,0,2,0,28,0,0,109,1,0,207,347,275,0,0
8173,TRUMBULLAEX,299,83,12,4,27,0,34,1,3,0,27,1,0,88,3,0,75,198,61,0,0
8174,TRUMBULLAEZ,380,231,21,2,93,4,83,0,3,0,24,0,2,80,5,0,98,212,180,0,0
8175,TRUMBULLAFA,403,228,18,5,82,3,82,0,2,0,25,0,2,53,5,1,123,211,167,0,0
8176,TRUMBULLAFB,460,213,32,5,72,4,88,1,3,0,55,1,2,83,5,0,139,289,164,0,0
8177,TRUMBULLAFD,509,161,14,11,58,2,83,0,4,0,45,1,1,118,10,0,163,342,143,0,0
8178,TRUMBULLAFE,332,209,18,5,81,4,66,0,0,1,11,0,0,63,3,0,106,184,151,0,0
8179,TRUMBULLAFG,182,296,16,6,119,3,79,1,0,1,8,0,0,36,2,0,41,89,201,0,0
8180,TRUMBULLAFH,265,265,19,1,105,3,96,0,0,0,11,1,0,35,5,0,88,140,204,0,0
8181,TRUMBULLAFK,365,208,9,4,82,0,79,0,3,0,10,0,0,64,4,0,151,232,161,0,0
8182,TRUMBULLAFM,437,333,13,4,137,9,117,0,0,0,18,0,0,80,8,0,161,267,263,0,0
8183,TRUMBULLAFN,221,150,8,2,62,2,57,1,0,0,9,0,0,32,1,0,70,113,121,0,0
8184,TRUMBULLAFQ,474,270,16,4,108,3,110,0,2,1,13,0,0,80,2,0,181,279,221,0,0
8185,TRUMBULLAFR,488,330,19,6,154,6,95,0,2,1,35,0,1,124,6,1,131,301,255,0,0
8186,TRUMBULLAFS,402,259,19,7,111,8,99,0,1,0,33,2,1,99,4,0,102,242,218,0,0
8187,TRUMBULLAFT,343,257,27,14,111,1,111,1,2,0,14,0,2,72,3,0,101,195,223,0,0
8188,TRUMBULLAFV,391,296,22,4,101,4,115,0,1,1,24,1,3,103,12,1,123,269,220,0,0
8189,TRUMBULLAFW,454,312,22,10,109,2,123,0,1,0,26,0,1,85,10,0,128,251,234,0,0
8190,TRUMBULLAFX,480,295,17,9,101,1,124,0,0,1,46,1,1,136,2,0,131,318,226,0,0
8191,TRUMBULLAGA,297,189,12,1,82,2,70,0,4,0,26,1,0,63,5,0,80,179,154,0,0
8192,TRUMBULLAGC,475,151,21,4,57,2,75,3,2,3,39,0,1,92,4,0,144,288,134,0,0
8193,TRUMBULLAGD,147,36,10,2,7,0,27,0,1,1,13,0,0,30,1,0,47,93,34,0,0
8194,TRUMBULLAGE,469,162,21,4,75,6,78,1,3,0,26,0,1,95,3,0,138,267,159,0,0
8195,TRUMBULLAGG,495,222,21,10,85,6,96,2,4,0,30,0,0,81,9,0,175,301,187,0,0
8196,TRUMBULLAGH,312,95,11,1,32,3,53,1,9,0,21,1,0,49,8,1,107,197,88,0,0
8197,TRUMBULLAGI,290,150,20,4,60,6,73,1,0,0,23,1,0,72,4,0,75,176,139,0,0
8198,TRUMBULLAGK,340,193,18,4,73,4,79,0,0,1,19,0,0,67,3,0,116,206,156,0,0
8199,TRUMBULLAGL,394,188,20,2,74,5,80,0,0,0,23,0,0,89,1,0,122,235,159,0,0
8200,TRUMBULLAGN,239,259,8,3,112,3,84,1,0,0,8,0,1,50,1,1,64,126,199,0,0
8201,TRUMBULLAGO,222,220,20,3,76,2,67,0,1,1,17,0,0,36,2,0,70,127,145,0,0
8202,TRUMBULLAGR,289,264,16,9,109,1,99,0,0,0,14,0,1,56,6,0,81,158,209,0,0
8203,TRUMBULLAGU,509,318,19,1,140,3,99,1,2,0,21,0,0,165,9,0,177,375,242,0,0
8204,TRUMBULLAGV,441,306,14,5,141,13,105,0,1,0,20,0,1,105,9,1,153,290,259,0,0
8205,TRUMBULLAGW,185,167,2,2,72,1,67,0,0,0,9,0,0,25,3,0,64,101,140,0,0
8206,TRUMBULLAGY,417,296,17,1,110,5,98,1,4,0,20,0,1,120,6,0,153,305,213,0,0
8207,TRUMBULLAHB,420,399,22,9,190,3,123,0,0,0,33,0,0,79,7,0,146,265,316,0,0
8208,TRUMBULLAHC,351,287,18,0,140,7,88,1,2,1,15,0,1,82,2,0,106,210,235,0,0
8209,TRUMBULLAHE,416,234,12,4,100,5,90,0,0,0,21,0,0,117,11,0,146,295,195,0,0
8210,TRUMBULLAHF,407,318,26,7,135,6,116,2,0,1,17,1,1,76,7,0,136,241,257,0,0
8211,TRUMBULLAHG,270,199,8,2,81,1,92,1,1,0,12,0,2,63,4,0,100,183,174,0,0
8212,TRUMBULLAHH,534,370,19,7,164,3,116,0,0,0,31,2,1,144,9,3,188,378,283,0,0
8213,TRUMBULLAHI,429,356,13,7,160,2,104,2,2,0,21,0,0,111,10,0,127,273,266,0,0
8214,TRUMBULLAHJ,451,289,15,4,138,5,116,0,0,0,27,0,0,98,1,1,138,265,259,0,0
8215,TRUMBULLAHK,344,288,22,4,130,3,91,1,1,0,13,0,0,59,4,0,113,191,224,0,0
8216,TRUMBULLAHM,469,249,20,13,97,4,111,1,2,0,19,0,1,105,5,0,161,294,212,0,0
8217,TRUMBULLAHO,343,279,15,5,129,5,118,0,1,0,14,0,0,57,5,0,101,178,252,0,0
8218,TRUMBULLAHR,356,136,21,2,58,5,66,0,3,0,26,0,0,67,5,1,116,218,129,0,0
8219,TRUMBULLAHS,342,101,8,6,31,2,57,0,0,0,25,0,0,68,5,0,126,224,90,0,0
8220,TRUMBULLAHT,322,133,17,3,48,2,55,0,3,0,13,0,1,72,4,0,111,204,105,0,0
8221,TRUMBULLAHV,304,115,15,2,49,0,59,2,3,1,27,1,1,88,4,0,90,217,108,0,0
8222,TRUMBULLAHW,220,122,8,2,43,1,47,1,2,0,12,0,0,45,2,0,68,130,91,0,0
8223,TRUMBULLAHX,288,337,13,7,159,5,112,0,0,0,13,1,0,81,5,1,81,182,276,0,0
8224,TRUMBULLAHY,291,447,11,7,196,4,108,0,4,1,15,0,1,96,5,1,97,220,308,0,0
8225,TRUMBULLAHZ,262,498,8,8,205,5,136,0,1,0,11,0,0,59,2,0,108,181,346,0,0
8226,TRUMBULLAIA,327,391,10,5,140,3,129,0,0,1,10,0,0,44,6,0,125,186,272,0,0
8227,TRUMBULLAIC,181,526,7,7,182,1,145,0,0,1,13,0,0,35,2,0,60,111,328,0,0
8228,TRUMBULLAIE,412,365,10,2,140,8,93,1,1,0,17,0,0,136,8,1,139,303,241,0,0
8229,TRUMBULLAIG,212,185,13,4,99,0,80,0,3,0,12,0,0,38,3,0,81,137,179,0,0
8230,TRUMBULLAII,374,516,18,9,215,5,143,1,0,0,22,0,1,74,2,0,124,224,363,0,0
8231,TRUMBULLAIP,328,192,8,2,97,7,68,0,2,0,19,0,0,55,8,1,96,181,172,0,0
8232,TRUMBULLAIQ,415,270,25,5,125,4,107,2,2,0,22,2,0,59,7,0,116,210,236,0,0
8233,TRUMBULLAIR,326,207,16,12,76,3,88,2,1,0,22,0,1,71,2,0,103,202,167,0,0
8234,TRUMBULLAIT,452,187,20,4,80,1,85,1,1,2,26,0,0,93,6,1,141,271,166,0,0
8235,TRUMBULLAIU,361,160,12,4,62,4,84,0,2,1,12,0,1,68,4,0,136,224,150,0,0
8236,TRUMBULLAIW,302,95,4,5,28,1,30,0,2,1,63,1,0,48,4,0,51,170,59,0,0
8237,TRUMBULLAIY,418,220,27,6,86,2,102,0,2,1,19,0,1,63,5,1,112,204,190,0,0
8238,TRUMBULLAIZ,321,211,10,4,101,6,72,1,2,0,16,0,0,45,5,0,110,179,179,0,0
8239,TRUMBULLAJB,495,249,24,8,100,7,109,2,0,0,35,0,0,98,14,0,172,321,216,0,0
8240,TRUMBULLAJD,291,225,18,8,93,1,77,1,2,2,13,1,2,56,1,0,90,168,171,0,0
8241,TRUMBULLAJF,243,98,14,3,38,1,65,0,0,0,15,1,1,35,2,0,80,134,104,0,0
8242,TRUMBULLAJG,280,221,12,6,94,3,84,1,3,0,22,0,0,53,3,0,92,174,181,0,0
8243,TRUMBULLAJH,250,182,15,7,75,1,64,0,1,0,14,0,0,44,4,0,88,151,140,0,0
8244,TRUMBULLAJJ,343,180,21,6,60,1,87,2,1,0,23,1,0,73,8,0,83,191,148,0,0
8245,TRUMBULLAJK,437,191,30,10,82,3,71,2,3,1,18,0,0,89,8,1,144,266,156,0,0
8246,TRUMBULLAJL,338,176,24,6,74,4,81,0,0,0,13,0,0,59,2,0,106,180,159,0,0
8247,TRUMBULLAJM,443,182,18,8,56,2,79,1,2,1,30,1,0,104,3,0,149,291,137,0,0
8248,TRUMBULLAJO,512,287,24,2,113,3,124,0,2,0,21,0,0,107,7,0,189,326,240,0,0
8249,TRUMBULLAJP,513,300,23,7,130,7,126,0,4,3,32,0,1,97,8,1,179,325,263,0,0
8250,TRUMBULLAJQ,393,177,18,6,80,4,78,1,3,0,18,0,0,67,4,0,155,248,162,0,0
8251,TRUMBULLAJU,337,215,24,6,97,2,73,0,3,1,27,1,2,72,2,1,83,192,172,0,0
8252,TRUMBULLAJW,179,359,10,4,148,2,80,0,2,0,8,0,1,34,2,0,42,89,230,0,0
8253,TRUMBULLAJX,314,230,21,6,95,2,90,0,3,0,20,0,0,51,2,0,101,177,187,0,0
8254,TRUMBULLAJY,230,134,14,1,52,4,40,1,1,0,6,1,0,29,2,0,55,95,96,0,0
8255,TRUMBULLAKA,318,248,21,5,84,5,93,0,0,0,18,0,1,57,5,0,96,177,182,0,0
8256,TRUMBULLAKB,323,217,10,3,84,1,74,0,0,0,16,0,0,48,2,0,110,176,159,0,0
8257,TRUMBULLAKC,152,123,3,3,45,2,55,0,0,0,9,0,0,10,1,0,56,76,102,0,0
8258,TRUMBULLAKD,451,328,31,7,149,9,125,1,0,0,24,0,0,91,7,0,142,265,283,0,0
8259,TRUMBULLAKE,297,252,8,4,127,4,109,1,1,0,6,0,0,53,3,0,90,154,240,0,0
8260,TRUMBULLAKG,264,241,12,8,111,4,94,0,1,0,12,0,0,43,5,0,90,151,209,0,0
8261,TRUMBULLAKI,295,243,9,0,95,5,74,0,0,0,17,0,0,60,0,0,95,172,174,0,0
8262,TRUMBULLAKM,300,300,14,5,143,4,112,1,2,1,13,0,1,52,4,0,88,162,259,0,0
8263,TRUMBULLAKN,211,216,16,5,75,3,102,0,1,0,15,0,0,41,1,0,60,118,180,0,0
8264,TRUMBULLAKO,309,332,10,6,176,5,132,0,2,0,10,0,0,45,1,0,89,147,313,0,0
8265,TRUMBULLAKQ,439,256,14,3,100,1,75,0,5,1,24,0,0,123,4,1,114,272,176,0,0
8266,TRUMBULLAKS,383,287,12,2,107,0,92,1,0,0,23,0,0,93,4,0,136,257,199,0,0
8267,TRUMBULLAKT,394,319,35,5,127,4,100,1,3,1,35,0,0,95,4,0,114,253,231,0,0
8268,TRUMBULLAKV,298,202,17,8,69,2,60,1,1,0,19,0,1,73,4,0,82,181,131,0,0
8269,TRUMBULLAKW,342,243,18,4,77,1,79,0,0,0,28,0,0,84,1,1,134,248,157,0,0
8270,TRUMBULLAKX,357,241,21,7,93,1,82,1,3,0,14,1,0,93,9,0,126,247,176,0,0
8271,TUSCARAWASAAA,260,166,39,3,38,5,87,0,3,0,23,1,0,57,3,1,55,143,130,0,0
8272,TUSCARAWASAAB,312,182,25,2,54,2,56,1,1,0,34,0,1,59,6,1,71,174,112,0,0
8273,TUSCARAWASAAC,443,238,26,2,90,1,77,1,0,1,30,0,0,124,19,0,92,267,168,0,0
8274,TUSCARAWASAAE,322,209,23,3,81,1,74,1,3,0,34,0,0,97,11,1,69,216,156,0,0
8275,TUSCARAWASAAF,482,252,29,1,92,7,67,1,1,1,25,2,4,185,11,1,107,338,166,0,0
8276,TUSCARAWASAAG,459,288,18,4,104,3,78,1,2,0,51,0,1,155,4,1,95,310,185,0,0
8277,TUSCARAWASAAI,273,143,19,2,53,2,43,0,1,0,32,0,0,61,3,0,53,150,98,0,0
8278,TUSCARAWASAAJ,243,171,22,6,47,5,84,0,1,0,16,0,0,48,6,0,56,127,136,0,0
8279,TUSCARAWASAAK,274,214,26,8,82,3,64,0,6,0,22,0,0,99,5,0,61,193,149,0,0
8280,TUSCARAWASAAM,166,114,11,2,46,0,34,2,1,0,8,0,0,24,1,0,41,77,80,0,0
8281,TUSCARAWASAAN,205,139,14,7,57,2,46,0,5,0,12,0,1,31,1,0,43,93,105,0,0
8282,TUSCARAWASAAO,241,206,17,6,82,5,42,1,3,0,18,0,0,83,4,0,53,162,129,0,0
8283,TUSCARAWASAAQ,224,154,20,8,57,1,58,1,2,0,15,0,2,34,2,0,33,89,116,0,0
8284,TUSCARAWASAAR,231,154,26,3,57,0,57,2,1,1,27,0,0,57,4,0,58,150,114,0,0
8285,TUSCARAWASAAS,264,201,20,4,80,6,47,0,1,0,26,0,0,72,5,0,50,154,133,0,0
8286,TUSCARAWASAAT,197,145,18,0,67,3,52,1,2,0,21,0,0,29,2,1,43,99,122,0,0
8287,TUSCARAWASAAX,274,212,31,6,68,0,88,0,2,0,19,0,4,76,11,0,57,169,156,0,0
8288,TUSCARAWASAAY,343,190,16,1,83,2,59,1,1,0,20,0,0,108,6,0,70,206,144,0,0
8289,TUSCARAWASAAZ,431,211,22,5,91,2,52,2,4,0,35,0,2,132,13,0,96,284,145,0,0
8290,TUSCARAWASABA,252,141,13,5,51,4,56,0,0,1,29,0,2,56,2,1,64,155,111,0,0
8291,TUSCARAWASABE,170,157,25,7,56,3,56,1,1,1,10,0,1,22,2,0,39,77,115,0,0
8292,TUSCARAWASABF,183,129,14,3,46,3,58,0,0,0,24,0,0,35,3,0,41,103,107,0,0
8293,TUSCARAWASABG,121,98,15,6,23,1,42,1,0,0,8,0,0,21,1,0,32,63,66,0,0
8294,TUSCARAWASABH,237,162,18,8,68,3,56,0,6,1,17,0,1,30,3,0,54,112,127,0,0
8295,TUSCARAWASABK,315,200,15,2,81,3,44,0,3,0,19,1,0,95,5,0,78,201,128,0,0
8296,TUSCARAWASABL,370,206,16,4,94,3,72,0,2,0,34,1,0,85,3,0,81,206,169,0,0
8297,TUSCARAWASABM,462,299,24,5,112,1,65,0,4,0,44,1,4,136,9,0,119,317,178,0,0
8298,TUSCARAWASABO,249,153,10,4,57,7,63,0,1,0,17,0,1,34,2,1,39,95,127,0,0
8299,TUSCARAWASABQ,182,116,18,5,49,1,48,0,1,0,8,0,0,18,1,0,48,76,98,0,0
8300,TUSCARAWASABS,203,152,22,2,51,1,66,0,0,0,13,1,0,18,2,0,33,67,118,0,0
8301,TUSCARAWASABU,247,184,18,3,90,0,43,1,6,0,17,1,0,17,4,1,64,111,133,0,0
8302,TUSCARAWASABW,293,73,15,1,29,2,24,0,3,2,31,0,0,42,2,0,66,146,55,0,0
8303,TUSCARAWASABX,215,49,8,5,16,0,26,0,2,0,22,0,0,39,4,0,36,103,42,0,0
8304,TUSCARAWASABY,310,67,6,3,16,0,18,0,1,0,34,0,0,64,2,0,67,168,34,0,0
8305,TUSCARAWASABZ,225,102,16,3,51,3,36,0,2,0,19,0,1,32,2,0,43,99,90,0,0
8306,TUSCARAWASACA,408,169,34,6,72,3,61,2,3,1,26,0,0,77,4,0,100,213,136,0,0
8307,TUSCARAWASACD,415,190,28,3,61,2,43,0,4,0,48,0,0,142,8,0,90,292,106,0,0
8308,TUSCARAWASACE,401,155,22,2,56,1,50,0,4,1,36,0,2,107,5,0,105,260,107,0,0
8309,TUSCARAWASACF,552,180,31,2,48,3,63,2,2,0,58,0,2,173,11,1,108,357,114,0,0
8310,TUSCARAWASACG,307,159,19,2,46,1,76,0,3,0,23,0,1,61,3,0,85,176,123,0,0
8311,TUSCARAWASACI,598,163,28,7,63,2,75,0,1,2,61,1,0,96,8,0,164,333,140,0,0
8312,TUSCARAWASACK,769,205,21,5,77,3,67,3,2,1,50,0,1,140,6,0,179,382,147,0,0
8313,TUSCARAWASACM,510,199,36,3,75,3,53,1,1,0,60,0,0,129,12,0,103,306,131,0,0
8314,TUSCARAWASACN,415,188,17,1,69,4,52,1,3,1,34,0,1,63,10,0,92,205,125,0,0
8315,TUSCARAWASACP,171,70,12,0,30,0,24,0,2,0,3,0,0,20,4,0,39,68,54,0,0
8316,TUSCARAWASACR,361,155,30,2,57,2,66,1,5,0,33,0,0,70,5,0,81,195,125,0,0
8317,TUSCARAWASACS,344,177,19,4,48,1,69,0,1,1,20,0,0,66,9,0,85,182,118,0,0
8318,TUSCARAWASACT,347,140,23,5,54,2,46,0,0,0,23,0,2,59,4,0,77,165,102,0,0
8319,TUSCARAWASACU,375,129,22,0,55,3,47,0,2,0,24,0,3,88,5,0,86,208,105,0,0
8320,TUSCARAWASACX,382,95,20,5,34,1,60,1,0,0,28,0,1,74,6,1,100,211,95,0,0
8321,TUSCARAWASACZ,315,150,17,6,59,0,48,1,3,0,27,0,0,75,2,0,100,208,107,0,0
8322,TUSCARAWASADA,749,230,21,3,85,5,74,1,5,0,54,0,0,161,11,0,242,474,164,0,0
8323,TUSCARAWASADB,271,131,21,2,40,1,29,1,2,1,27,0,0,88,4,0,75,198,70,0,0
8324,TUSCARAWASADC,501,174,27,2,49,3,56,1,1,0,39,0,1,153,7,0,123,325,108,0,0
8325,TUSCARAWASADE,300,146,37,8,46,2,59,0,6,0,31,0,1,74,6,0,68,186,107,0,0
8326,TUSCARAWASADG,545,226,30,7,100,5,98,0,3,2,37,0,1,55,6,0,154,258,203,0,0
8327,TUSCARAWASADI,290,156,16,2,63,4,57,0,2,0,25,0,0,34,3,0,68,132,124,0,0
8328,TUSCARAWASADJ,245,171,29,3,78,3,70,1,0,0,16,0,1,21,6,0,55,100,151,0,0
8329,TUSCARAWASADM,390,77,14,3,24,0,33,0,2,0,41,0,0,67,4,0,96,210,57,0,0
8330,TUSCARAWASADN,380,149,17,3,48,1,39,1,5,0,38,0,1,70,4,0,93,212,88,0,0
8331,TUSCARAWASADO,285,114,13,5,42,2,37,1,1,0,27,0,2,26,5,0,67,129,81,0,0
8332,TUSCARAWASADP,235,117,19,9,45,1,30,0,2,0,16,0,0,33,6,0,42,99,76,0,0
8333,TUSCARAWASADS,123,66,8,1,26,0,16,1,0,0,11,0,0,30,1,0,26,69,42,0,0
8334,TUSCARAWASADT,268,75,15,2,35,5,38,0,0,0,17,0,0,24,6,0,65,112,78,0,0
8335,TUSCARAWASADV,406,122,20,1,56,4,30,0,4,1,55,0,1,58,3,0,92,214,90,0,0
8336,TUSCARAWASADW,158,37,7,0,24,2,16,0,2,0,8,0,0,24,2,0,26,62,42,0,0
8337,TUSCARAWASADY,151,67,14,1,28,6,17,0,1,0,11,0,0,24,1,0,44,81,51,0,0
8338,TUSCARAWASADZ,308,162,15,8,63,4,51,1,3,1,22,0,1,58,3,0,77,166,118,0,0
8339,TUSCARAWASAEA,326,143,7,3,42,1,34,0,0,0,19,0,0,72,4,0,75,170,77,0,0
8340,TUSCARAWASAEC,472,79,10,5,32,2,20,0,2,0,58,0,0,96,3,0,79,238,54,0,0
8341,TUSCARAWASAED,548,110,30,5,34,3,43,1,4,1,73,0,3,124,10,0,81,297,80,0,0
8342,TUSCARAWASAEE,316,65,12,0,25,1,15,0,4,0,38,0,0,81,6,0,68,197,41,0,0
8343,TUSCARAWASAEG,428,160,16,3,61,4,73,1,1,0,33,0,0,62,5,0,112,214,138,0,0
8344,TUSCARAWASAEI,437,138,16,3,49,2,53,0,1,0,32,0,0,85,7,0,112,237,104,0,0
8345,TUSCARAWASAEJ,239,108,11,4,53,0,28,0,3,0,15,0,1,31,2,0,60,112,81,0,0
8346,TUSCARAWASAEK,284,125,26,3,60,2,62,0,0,0,16,0,0,32,8,0,56,112,124,0,0
8347,TUSCARAWASAEM,299,137,30,3,51,3,45,0,0,1,21,0,0,41,4,0,60,127,99,0,0
8348,TUSCARAWASAEN,257,64,11,0,26,1,22,0,3,0,14,0,0,45,1,0,67,130,49,0,0
8349,TUSCARAWASAEO,591,101,16,2,24,1,24,0,4,0,84,0,3,108,4,0,109,312,49,0,0
8350,TUSCARAWASAEP,482,184,32,3,82,2,69,0,2,0,42,0,1,133,8,2,115,303,153,0,0
8351,TUSCARAWASAEU,286,153,12,1,55,0,46,4,3,0,34,0,1,90,9,0,64,205,101,0,0
8352,UNIONAAA,614,315,55,10,60,0,69,1,2,0,59,0,0,181,5,0,116,364,129,0,0
8353,UNIONAAB,552,258,54,8,54,1,57,1,0,0,56,0,0,191,11,0,97,356,112,0,0
8354,UNIONAAD,666,357,60,9,89,0,75,1,7,0,89,0,1,252,8,2,134,494,164,0,0
8355,UNIONAAE,342,187,27,5,36,1,38,1,1,0,38,0,1,94,5,0,80,220,75,0,0
8356,UNIONAAG,538,251,35,5,54,3,55,0,2,0,37,1,0,204,10,0,95,349,112,0,0
8357,UNIONAAH,337,145,20,4,34,1,43,0,1,0,48,0,0,117,3,0,64,233,78,0,0
8358,UNIONAAI,723,350,29,13,73,2,60,0,3,0,62,0,1,284,11,0,156,517,135,0,0
8359,UNIONAAJ,468,266,45,10,53,0,82,2,1,0,45,0,0,194,7,0,78,327,135,0,0
8360,UNIONAAK,381,264,37,11,51,0,75,0,1,1,47,0,1,151,5,0,84,290,126,0,0
8361,UNIONAAL,261,145,28,2,42,1,19,4,1,0,25,1,0,174,8,0,38,251,62,0,0
8362,UNIONAAM,420,151,29,2,25,1,31,0,1,0,54,0,1,207,13,0,86,362,57,0,0
8363,UNIONAAN,408,101,28,1,25,1,22,0,1,0,54,0,0,143,4,0,96,298,48,0,0
8364,UNIONAAP,489,152,14,8,38,1,29,0,2,0,64,0,1,177,5,0,107,356,68,0,0
8365,UNIONAAQ,292,117,18,5,38,0,24,0,0,0,44,0,1,65,4,0,74,188,62,0,0
8366,UNIONAAS,302,111,16,8,32,2,32,0,4,0,33,0,0,67,1,0,68,173,66,0,0
8367,UNIONAAV,448,164,19,7,33,0,30,0,1,0,51,0,0,194,5,0,89,340,63,0,0
8368,UNIONAAW,525,135,36,3,32,0,27,0,2,0,89,0,0,226,4,0,97,418,59,0,0
8369,UNIONAAX,366,114,17,6,26,0,25,0,1,0,52,0,1,137,3,0,83,277,51,0,0
8370,UNIONAAY,456,191,17,4,42,0,46,1,2,0,68,0,2,168,4,0,88,333,88,0,0
8371,UNIONAAZ,348,81,13,1,22,3,20,1,2,0,58,0,0,84,4,0,79,228,45,0,0
8372,UNIONABA,695,255,35,0,45,0,47,0,2,0,99,0,0,300,11,0,135,547,92,0,0
8373,UNIONABB,189,103,12,3,33,0,9,0,1,0,30,1,0,75,4,0,53,164,42,0,0
8374,UNIONABC,410,295,29,5,41,2,40,0,1,1,22,1,0,215,4,0,62,306,83,0,0
8375,UNIONABD,414,284,18,1,45,0,33,1,0,0,25,0,0,193,8,0,82,309,78,0,0
8376,UNIONABE,258,82,18,0,25,0,23,0,2,0,45,1,0,102,0,0,51,201,48,0,0
8377,UNIONABF,374,91,14,3,14,0,14,0,0,0,54,0,0,175,4,0,68,301,28,0,0
8378,UNIONABH,530,173,33,6,45,2,46,4,2,0,74,0,0,167,6,0,136,389,93,0,0
8379,UNIONABI,381,79,17,0,25,0,25,1,1,0,55,0,0,70,3,0,119,249,50,0,0
8380,UNIONABJ,438,112,30,7,25,1,32,0,3,0,69,0,0,132,5,0,81,290,58,0,0
8381,UNIONABK,573,191,33,4,44,0,53,1,3,3,111,0,0,239,8,0,118,483,97,0,0
8382,UNIONABL,628,231,46,8,54,2,44,2,4,0,87,1,1,284,7,0,123,509,100,0,0
8383,UNIONABO,268,95,9,3,24,0,25,1,2,0,57,1,0,127,10,0,102,300,49,0,0
8384,UNIONABP,333,119,18,4,27,0,20,0,0,0,31,0,0,52,3,0,48,134,47,0,0
8385,UNIONABQ,234,76,15,2,21,3,22,1,3,0,32,1,0,74,1,0,58,170,46,0,0
8386,UNIONABS,415,107,20,3,25,0,26,0,1,1,58,1,0,180,3,0,80,324,51,0,0
8387,UNIONABT,312,87,16,1,15,0,27,2,1,0,43,0,0,73,2,0,100,221,42,0,0
8388,UNIONABU,508,132,25,5,34,1,29,0,2,0,68,0,1,126,2,0,119,318,64,0,0
8389,UNIONABV,658,354,54,9,64,1,66,1,2,0,64,0,0,260,15,1,119,462,131,0,0
8390,UNIONABW,606,158,33,8,30,0,31,0,2,0,87,0,1,232,7,0,117,446,61,0,0
8391,UNIONABX,561,360,20,6,45,0,25,0,0,0,20,0,0,339,6,0,99,464,70,0,0
8392,UNIONABY,375,479,27,7,73,0,43,0,0,0,31,0,0,230,5,0,64,330,116,0,0
8393,VAN WERTAAA,133,49,6,1,6,2,12,1,1,0,12,0,0,34,0,0,33,81,20,0,0
8394,VAN WERTAAB,210,44,11,2,22,1,6,0,3,0,17,0,4,43,4,0,50,121,29,0,0
8395,VAN WERTAAC,202,49,11,2,18,0,9,1,0,0,17,0,0,30,3,0,40,91,27,0,0
8396,VAN WERTAAD,146,53,10,3,13,0,12,1,2,0,29,0,0,32,2,0,40,106,25,0,0
8397,VAN WERTAAE,249,65,12,2,20,1,17,1,1,0,23,0,0,73,1,1,70,170,38,0,0
8398,VAN WERTAAF,170,67,11,7,12,0,20,1,0,0,19,0,5,34,5,0,42,106,32,0,0
8399,VAN WERTAAG,176,47,6,7,13,0,14,1,3,0,16,0,0,30,12,0,39,101,27,0,0
8400,VAN WERTAAH,149,57,13,4,12,1,18,3,3,0,18,0,0,34,4,0,34,96,31,0,0
8401,VAN WERTAAI,185,38,7,0,10,0,7,1,3,0,19,0,0,29,7,0,40,99,17,0,0
8402,VAN WERTAAJ,210,78,13,3,16,0,23,0,6,0,28,0,1,44,7,1,41,128,39,0,0
8403,VAN WERTAAK,196,68,16,4,22,1,17,1,2,1,23,1,0,35,5,1,44,113,40,0,0
8404,VAN WERTAAL,254,91,6,3,33,0,18,4,3,0,26,0,0,68,13,1,63,178,51,0,0
8405,VAN WERTAAM,160,54,11,5,14,0,22,0,1,0,23,0,1,41,4,0,46,116,36,0,0
8406,VAN WERTAAN,210,72,13,2,11,2,17,2,2,0,29,0,2,60,8,0,35,138,30,0,0
8407,VAN WERTAAO,330,97,14,6,38,2,26,5,5,0,54,1,1,91,20,0,72,249,66,0,0
8408,VAN WERTAAP,236,96,7,1,22,1,13,3,5,0,23,0,0,83,8,0,52,174,36,0,0
8409,VAN WERTAAQ,147,81,5,0,28,0,16,0,1,0,15,0,1,48,3,0,30,98,44,0,0
8410,VAN WERTAAR,243,89,13,1,27,1,15,0,5,0,38,0,0,58,5,0,48,154,43,0,0
8411,VAN WERTAAS,275,87,9,2,16,0,12,0,2,0,31,0,0,101,16,0,65,215,28,0,0
8412,VAN WERTAAT,428,143,17,2,20,0,25,1,6,0,41,0,2,217,26,0,100,393,45,0,0
8413,VAN WERTAAU,433,121,13,2,27,0,23,2,6,0,87,0,1,118,3,0,103,320,50,0,0
8414,VAN WERTAAV,284,44,9,3,11,1,12,2,3,0,55,1,0,35,7,0,76,179,24,0,0
8415,VAN WERTAAW,223,26,10,0,11,0,6,3,1,0,40,0,1,59,4,0,34,142,17,0,0
8416,VAN WERTAAX,261,37,13,4,8,1,9,0,3,0,46,0,2,56,5,1,62,175,18,0,0
8417,VAN WERTAAY,398,59,12,2,15,2,20,1,3,0,50,0,4,105,6,0,109,278,37,0,0
8418,VAN WERTAAZ,233,65,8,4,16,1,18,1,3,2,31,0,2,54,4,0,58,155,35,0,0
8419,VAN WERTABA,251,49,6,2,17,2,7,2,1,0,26,2,1,77,8,0,76,193,26,0,0
8420,VAN WERTABB,322,74,11,3,20,2,20,1,5,0,58,0,4,113,12,0,74,267,42,0,0
8421,VAN WERTABC,245,95,11,1,34,1,17,1,1,1,42,1,2,83,11,0,53,195,52,0,0
8422,VAN WERTABD,544,128,19,4,28,1,35,3,9,1,70,1,2,142,12,0,121,361,64,0,0
8423,VAN WERTABF,431,74,15,0,20,1,20,5,0,1,74,0,0,88,16,0,121,305,41,0,0
8424,VAN WERTABG,299,109,13,3,30,3,25,2,1,1,43,1,2,57,6,1,80,194,58,0,0
8425,VAN WERTABI,388,67,9,1,19,2,24,1,5,0,67,0,1,81,10,0,86,251,45,0,0
8426,VAN WERTABJ,389,57,10,2,13,0,11,0,5,0,44,0,0,116,6,0,72,243,24,0,0
8427,VAN WERTABK,318,39,9,2,5,0,10,1,3,3,38,1,0,96,3,0,55,200,15,0,0
8428,VAN WERTABL,190,54,12,1,13,3,19,3,2,0,18,0,0,31,5,0,51,110,35,0,0
8429,VAN WERTABM,355,79,16,9,25,2,26,1,1,1,59,0,1,64,6,0,66,199,53,0,0
8430,VAN WERTABN,238,46,10,2,19,2,4,0,1,0,39,0,0,65,3,0,57,165,25,0,0
8431,VAN WERTABO,358,49,12,3,8,1,9,1,8,2,51,0,3,82,7,0,109,263,18,0,0
8432,VINTONAAA,95,31,6,1,10,0,16,0,0,1,9,0,0,12,5,0,26,53,26,0,0
8433,VINTONAAB,312,96,11,3,58,4,31,0,0,1,17,1,2,50,10,0,92,173,93,0,0
8434,VINTONAAD,119,51,8,1,20,2,17,0,0,0,12,0,0,8,2,0,33,55,39,0,0
8435,VINTONAAE,82,42,5,0,16,0,11,1,2,0,8,0,0,18,0,0,18,47,27,0,0
8436,VINTONAAF,144,75,7,0,13,0,23,0,0,0,13,0,0,17,1,0,47,78,36,0,0
8437,VINTONAAG,447,113,23,7,41,5,43,2,7,2,35,3,1,88,10,0,121,269,89,0,0
8438,VINTONAAH,192,76,11,4,27,4,44,0,1,1,10,0,1,28,3,0,45,89,75,0,0
8439,VINTONAAI,207,80,12,2,25,1,25,0,1,0,19,0,0,52,4,0,42,118,51,0,0
8440,VINTONAAJ,109,24,4,1,7,0,17,0,1,1,9,0,0,21,2,0,27,61,24,0,0
8441,VINTONAAK,352,84,15,2,31,1,32,1,3,0,37,0,1,68,6,0,97,213,64,0,0
8442,VINTONAAL,243,75,13,2,28,3,24,0,4,0,37,0,1,36,3,0,54,135,55,0,0
8443,VINTONAAM,150,107,5,4,28,0,41,0,0,0,18,0,0,26,0,0,44,88,69,0,0
8444,VINTONAAN,106,48,2,1,29,0,18,0,1,0,15,0,0,14,0,0,31,61,47,0,0
8445,VINTONAAO,71,39,3,0,27,0,7,1,0,0,1,0,0,17,0,0,20,39,34,0,0
8446,VINTONAAP,266,65,10,1,31,3,27,0,0,0,32,0,0,29,3,0,79,143,61,0,0
8447,VINTONAAQ,226,88,8,5,25,0,34,0,5,0,21,0,0,27,0,0,53,106,59,0,0
8448,VINTONAAR,331,92,11,6,30,4,45,1,3,2,28,0,1,47,8,0,90,180,79,0,0
8449,VINTONAAS,166,72,6,2,27,1,25,1,1,0,14,1,0,25,1,0,47,90,53,0,0
8450,VINTONAAU,227,72,7,1,40,2,26,0,0,0,13,0,0,42,3,0,62,120,68,0,0
8451,VINTONAAW,38,21,1,0,8,0,6,0,1,1,3,0,0,6,0,0,13,24,14,0,0
8452,WARRENAAA,311,121,17,3,39,0,30,0,1,0,18,0,3,48,3,0,74,147,69,0,0
8453,WARRENAAB,473,123,7,5,39,0,28,0,3,0,39,0,1,83,9,0,163,298,67,0,0
8454,WARRENAAC,511,174,14,10,64,1,29,1,3,0,44,0,3,98,0,0,157,306,94,0,0
8455,WARRENAAD,396,128,21,2,30,1,37,2,1,0,34,0,3,44,6,0,109,199,68,0,0
8456,WARRENAAE,266,90,9,3,33,0,32,1,1,0,15,0,0,28,5,0,65,115,65,0,0
8457,WARRENAAF,431,167,20,1,43,1,45,2,2,0,49,0,2,96,9,1,137,298,89,0,0
8458,WARRENAAG,520,149,25,4,36,2,37,1,2,0,53,0,2,92,6,1,183,340,75,0,0
8459,WARRENAAH,589,193,12,5,67,0,42,2,0,0,40,0,0,90,9,0,183,324,109,0,0
8460,WARRENAAI,456,176,22,4,46,0,39,0,2,0,23,1,2,71,6,0,153,258,85,0,0
8461,WARRENAAJ,344,141,23,1,34,3,36,2,3,0,38,0,3,83,4,0,83,216,73,0,0
8462,WARRENAAK,323,116,22,6,21,2,41,0,3,1,28,0,1,82,5,0,90,210,64,0,0
8463,WARRENAAL,309,153,28,1,39,1,26,0,4,0,34,0,4,79,9,1,74,205,66,0,0
8464,WARRENAAM,465,165,22,4,41,2,36,4,1,1,67,0,3,120,17,0,126,339,79,0,0
8465,WARRENAAN,481,164,36,4,39,1,51,0,2,1,81,1,1,129,12,0,147,374,91,0,0
8466,WARRENAAO,565,225,34,12,51,0,71,1,5,1,72,1,0,136,19,0,119,354,122,0,0
8467,WARRENAAP,569,201,29,3,44,0,57,0,7,1,77,0,0,211,27,0,152,475,101,0,0
8468,WARRENAAQ,473,185,24,3,38,0,51,2,0,0,70,0,0,118,6,0,122,318,89,0,0
8469,WARRENAAR,368,175,34,9,57,1,57,1,6,0,46,0,0,77,8,1,100,239,115,0,0
8470,WARRENAAS,412,198,45,6,43,0,37,2,7,0,45,0,0,180,8,0,115,357,80,0,0
8471,WARRENAAT,657,260,54,6,55,0,43,1,11,0,74,3,0,292,22,0,196,599,98,0,0
8472,WARRENAAU,245,166,12,4,23,0,26,0,1,1,25,0,0,103,4,1,49,184,49,0,0
8473,WARRENAAV,329,189,14,5,38,0,31,4,3,1,38,1,2,82,7,0,82,220,69,0,0
8474,WARRENAAW,323,173,18,2,20,1,37,0,3,0,30,0,0,98,10,0,67,208,58,0,0
8475,WARRENAAX,254,103,12,2,22,1,24,0,4,0,25,0,1,37,0,0,74,141,47,0,0
8476,WARRENAAY,610,476,55,5,49,0,42,0,1,2,59,0,0,220,6,0,105,393,91,0,0
8477,WARRENAAZ,383,246,22,1,42,0,22,0,3,0,35,0,0,150,5,0,96,289,64,0,0
8478,WARRENABA,386,367,19,1,66,0,33,0,1,0,32,0,0,214,9,0,87,343,99,0,0
8479,WARRENABB,419,236,11,3,68,0,34,1,2,0,31,0,0,182,7,0,110,333,102,0,0
8480,WARRENABC,220,132,24,7,20,1,39,0,3,0,21,0,0,57,3,1,59,144,60,0,0
8481,WARRENABD,501,502,20,6,124,1,63,3,2,0,45,0,1,255,7,0,120,433,188,0,0
8482,WARRENABE,367,189,28,4,40,0,53,0,4,0,57,0,0,111,6,1,77,256,93,0,0
8483,WARRENABF,290,138,22,8,14,0,46,1,2,0,41,0,0,68,6,0,73,191,60,0,0
8484,WARRENABG,362,215,20,3,38,0,37,0,0,0,40,1,0,146,10,0,83,280,75,0,0
8485,WARRENABH,439,222,35,3,49,0,48,3,6,0,42,0,1,108,12,0,118,290,97,0,0
8486,WARRENABI,388,317,38,2,51,0,45,2,1,0,37,0,1,164,5,0,77,287,96,0,0
8487,WARRENABJ,481,214,35,5,53,1,31,2,3,0,34,0,0,201,8,0,136,384,85,0,0
8488,WARRENABK,597,165,21,3,38,0,38,0,5,0,89,0,0,140,12,0,195,441,76,0,0
8489,WARRENABL,522,135,20,4,32,2,26,1,2,0,48,0,4,129,11,0,182,377,60,0,0
8490,WARRENABM,507,189,28,1,33,0,24,0,5,0,48,0,0,158,13,0,138,362,57,0,0
8491,WARRENABN,504,125,22,4,27,0,36,0,4,1,64,0,0,132,13,2,155,371,63,0,0
8492,WARRENABO,579,109,29,2,33,0,28,0,5,0,72,1,0,138,9,0,176,401,61,0,0
8493,WARRENABP,321,111,16,3,17,0,18,0,4,1,31,0,0,126,4,0,92,258,35,0,0
8494,WARRENABQ,608,171,29,3,43,1,36,0,4,1,62,7,5,177,11,0,156,423,80,0,0
8495,WARRENABR,287,210,23,2,38,0,44,0,0,0,19,0,5,99,9,0,75,207,82,0,0
8496,WARRENABS,411,178,29,1,34,0,34,2,3,1,37,2,1,132,11,0,122,311,68,0,0
8497,WARRENABT,455,213,26,11,35,0,48,0,3,0,40,0,1,111,7,0,108,270,83,0,0
8498,WARRENABU,318,243,24,4,62,0,27,3,0,1,40,0,1,158,7,0,81,291,89,0,0
8499,WARRENABV,401,300,41,4,55,0,56,0,0,0,43,0,1,135,5,1,70,255,111,0,0
8500,WARRENABW,361,333,24,6,66,0,34,0,2,0,35,0,0,149,11,0,83,280,100,0,0
8501,WARRENABX,329,222,35,11,35,0,49,1,2,0,41,0,1,156,9,0,61,271,84,0,0
8502,WARRENABY,341,209,35,5,40,0,67,0,0,0,44,0,0,113,5,0,81,243,107,0,0
8503,WARRENABZ,416,241,27,5,47,1,57,0,5,0,47,1,0,151,5,0,104,313,105,0,0
8504,WARRENACA,469,226,31,4,31,0,44,0,2,0,41,2,3,185,14,0,106,353,75,0,0
8505,WARRENACB,227,220,18,3,38,0,42,0,2,0,12,0,0,61,5,0,47,127,80,0,0
8506,WARRENACC,222,131,12,6,33,0,19,1,3,0,21,0,1,103,3,0,56,188,52,0,0
8507,WARRENACD,404,284,27,4,56,1,52,0,0,1,30,1,0,172,10,0,109,323,109,0,0
8508,WARRENACE,359,244,30,6,54,0,42,0,1,1,32,0,0,159,7,0,94,294,96,0,0
8509,WARRENACF,407,241,25,5,59,0,38,1,1,0,59,0,0,179,9,0,86,335,97,0,0
8510,WARRENACG,376,276,40,6,49,0,45,2,1,0,48,0,0,186,10,0,78,325,94,0,0
8511,WARRENACH,391,327,50,0,47,0,46,2,1,3,55,1,2,156,10,0,98,328,93,0,0
8512,WARRENACI,308,192,34,7,35,0,49,1,4,0,21,0,2,118,5,0,62,213,84,0,0
8513,WARRENACJ,409,435,36,7,84,0,67,1,4,1,47,0,1,183,12,0,80,329,151,0,0
8514,WARRENACK,459,320,38,4,69,0,33,1,2,0,59,1,1,226,12,0,88,390,102,0,0
8515,WARRENACM,398,93,7,0,39,0,30,1,1,0,28,0,2,37,7,1,119,196,69,0,0
8516,WARRENACO,598,159,21,0,57,0,38,2,3,0,47,0,1,73,2,0,231,359,95,0,0
8517,WARRENACP,587,149,22,6,60,2,39,0,3,0,50,0,4,87,6,0,172,322,101,0,0
8518,WARRENACS,617,169,28,5,43,1,38,1,3,0,60,0,3,151,14,0,194,426,82,0,0
8519,WARRENACT,448,131,17,4,41,0,30,1,2,2,44,1,2,81,4,1,153,291,71,0,0
8520,WARRENACU,537,136,19,3,45,2,23,1,3,1,63,0,1,109,4,0,166,348,70,0,0
8521,WARRENACW,476,169,21,2,55,0,40,0,1,1,51,0,2,95,7,0,182,339,95,0,0
8522,WARRENACX,415,101,15,8,42,1,27,3,1,0,48,0,0,74,7,0,155,288,70,0,0
8523,WARRENACY,233,191,18,5,47,1,40,1,2,0,18,1,2,51,2,1,66,144,88,0,0
8524,WARRENACZ,751,209,33,4,75,1,55,3,1,0,62,0,4,91,7,0,247,415,131,0,0
8525,WARRENADB,537,111,12,4,38,1,34,4,1,1,47,0,1,69,6,1,171,301,73,0,0
8526,WARRENADC,487,138,18,5,34,2,32,2,3,1,50,0,2,98,7,0,138,301,68,0,0
8527,WARRENADD,657,184,39,7,44,1,39,0,3,1,78,2,0,146,11,0,164,405,84,0,0
8528,WARRENADE,335,113,14,2,26,0,26,1,2,0,47,0,0,65,7,0,100,222,52,0,0
8529,WARRENADF,545,226,31,3,50,0,39,2,2,2,82,0,0,183,9,0,136,416,89,0,0
8530,WARRENADG,601,190,35,5,32,0,63,0,3,1,54,0,1,143,13,0,152,367,95,0,0
8531,WARRENADH,797,306,44,7,60,0,36,2,2,0,76,1,0,309,26,0,174,590,96,0,0
8532,WARRENADI,450,248,27,4,53,0,31,2,2,1,43,0,0,199,7,1,93,348,84,0,0
8533,WARRENADJ,666,276,29,2,51,0,31,0,6,1,49,3,2,218,19,0,125,423,82,0,0
8534,WARRENADK,582,207,35,6,40,0,20,4,6,1,81,0,2,202,9,1,128,434,60,0,0
8535,WARRENADL,471,113,11,6,21,0,26,0,3,0,49,1,0,124,0,0,141,318,47,0,0
8536,WARRENADM,425,82,16,2,15,1,28,0,0,0,52,0,0,65,2,0,127,246,44,0,0
8537,WARRENADN,437,58,17,2,16,0,6,1,5,1,53,0,0,72,7,0,130,269,22,0,0
8538,WARRENADO,474,103,15,4,24,1,24,0,2,0,58,2,1,117,4,0,102,286,49,0,0
8539,WARRENADQ,498,126,16,3,38,1,27,1,6,1,48,0,1,115,6,0,160,338,66,0,0
8540,WARRENADR,395,90,24,3,22,0,25,1,5,1,45,0,1,70,7,0,126,256,47,0,0
8541,WARRENADS,576,162,24,6,34,0,36,0,2,0,60,1,3,112,8,0,164,350,70,0,0
8542,WARRENADT,438,111,19,2,14,0,26,0,2,0,56,0,1,97,4,0,138,298,40,0,0
8543,WARRENADU,456,163,18,1,39,0,41,2,4,0,33,0,0,78,3,0,110,230,80,0,0
8544,WARRENADW,541,144,30,3,35,0,26,0,7,2,69,0,1,169,12,1,172,433,61,0,0
8545,WARRENADX,436,133,34,5,26,0,30,0,4,2,52,1,1,137,16,0,130,343,56,0,0
8546,WARRENADY,448,106,15,2,16,0,26,0,3,0,47,1,1,129,8,0,163,352,42,0,0
8547,WARRENADZ,446,109,19,1,25,0,29,1,2,0,59,0,0,103,9,0,158,332,54,0,0
8548,WARRENAEA,565,218,32,11,61,0,62,2,2,1,58,0,2,151,11,0,132,359,123,0,0
8549,WARRENAEB,554,118,18,2,28,0,24,1,3,0,80,0,0,157,8,0,185,434,52,0,0
8550,WARRENAEC,722,261,27,5,48,0,44,1,3,1,76,2,4,185,13,0,186,471,92,0,0
8551,WARRENAED,330,84,14,2,22,0,16,0,2,0,42,0,1,77,3,0,92,217,38,0,0
8552,WARRENAEE,293,226,19,3,82,0,17,8,7,2,24,1,4,184,12,1,60,303,99,0,0
8553,WARRENAEF,548,122,16,4,37,1,29,0,3,0,62,0,0,125,7,0,164,361,67,0,0
8554,WARRENAEG,278,97,9,4,17,1,24,0,1,0,14,0,2,27,3,0,88,135,42,0,0
8555,WARRENAEH,471,158,24,7,29,0,22,0,3,0,38,0,0,86,4,0,143,274,51,0,0
8556,WARRENAEI,821,388,48,10,60,0,60,1,2,0,74,0,0,259,16,0,186,538,120,0,0
8557,WARRENAEJ,514,157,30,0,33,1,20,0,3,1,70,0,1,134,10,0,140,359,54,0,0
8558,WARRENAEK,756,143,47,4,22,1,44,2,2,0,94,0,0,182,7,0,235,522,67,0,0
8559,WARRENAEL,530,131,19,6,37,0,21,0,2,1,48,0,2,110,12,0,149,324,58,0,0
8560,WARRENAEM,761,155,29,7,38,1,39,0,8,2,90,3,2,163,6,0,228,502,78,0,0
8561,WARRENAEN,661,163,23,7,36,0,28,1,4,0,80,1,3,136,10,0,179,414,64,0,0
8562,WARRENAEO,487,117,13,6,23,1,37,0,5,0,68,0,1,105,4,0,128,311,61,0,0
8563,WARRENAEP,739,165,36,8,40,1,46,0,3,0,101,2,1,169,12,1,241,530,87,0,0
8564,WARRENAEQ,512,194,22,4,47,0,46,3,8,1,55,1,7,138,8,1,158,380,93,0,0
8565,WARRENAER,560,159,34,7,30,0,44,0,5,2,70,0,2,139,10,0,160,388,74,0,0
8566,WARRENAES,293,146,27,4,31,0,27,0,1,0,25,0,2,113,6,0,76,223,58,0,0
8567,WARRENAET,464,177,15,0,34,0,31,0,1,3,40,0,0,188,6,0,122,360,65,0,0
8568,WARRENAEU,278,132,18,0,28,0,27,0,2,1,31,0,1,90,6,1,77,209,55,0,0
8569,WARRENAEV,393,187,23,4,41,1,35,0,1,1,36,1,0,181,4,0,118,342,77,0,0
8570,WARRENAEW,495,198,24,10,50,1,42,0,0,0,56,0,6,112,6,0,145,325,93,0,0
8571,WARRENAEX,521,278,34,6,68,0,34,1,2,2,32,2,4,194,9,0,160,406,102,0,0
8572,WARRENAEY,430,198,28,2,38,0,46,0,4,0,42,0,1,136,5,1,111,300,84,0,0
8573,WARRENAEZ,219,124,17,3,23,0,25,1,3,0,22,0,0,66,8,0,53,153,48,0,0
8574,WARRENAFA,372,141,21,3,35,0,26,1,6,0,42,0,0,138,6,0,117,310,61,0,0
8575,WARRENAFB,532,240,23,1,49,0,37,2,5,1,41,0,1,191,11,0,148,400,86,0,0
8576,WARRENAFC,315,127,10,4,33,1,33,0,2,1,20,1,0,76,2,0,79,181,67,0,0
8577,WARRENAFE,290,225,32,3,48,0,42,1,2,0,36,0,1,140,5,0,68,253,90,0,0
8578,WARRENAFF,350,200,20,7,46,2,28,1,6,3,49,0,1,172,7,0,69,308,76,0,0
8579,WARRENAFG,545,202,39,3,43,0,55,2,5,2,72,0,0,169,24,0,146,420,98,0,0
8580,WARRENAFH,278,214,27,4,39,0,43,1,1,1,22,0,1,92,5,0,56,179,82,0,0
8581,WARRENAFI,290,150,18,1,32,0,25,0,1,1,33,0,2,103,5,0,59,204,57,0,0
8582,WARRENAFJ,481,257,35,10,41,0,48,0,1,0,46,1,0,243,8,0,95,394,89,0,0
8583,WARRENAFK,440,107,13,5,11,0,22,0,2,0,37,1,1,131,12,0,104,288,33,0,0
8584,WARRENAFL,451,385,28,1,70,0,48,0,1,1,46,0,0,262,7,0,92,409,118,0,0
8585,WARRENAFM,222,263,15,6,39,0,55,0,0,0,21,0,0,65,5,0,40,131,94,0,0
8586,WARRENAFN,512,281,39,6,38,0,40,0,3,0,43,1,2,227,12,0,127,415,78,0,0
8587,WARRENAFO,385,198,19,5,47,0,30,2,4,1,40,0,0,138,8,0,86,279,77,0,0
8588,WARRENAFP,484,331,28,7,63,0,25,2,2,3,51,3,1,216,9,0,88,375,88,0,0
8589,WARRENAFQ,380,208,26,4,46,0,44,1,2,1,49,0,1,101,6,0,95,256,90,0,0
8590,WARRENAFR,303,130,14,1,23,0,29,1,3,0,34,0,0,93,8,0,67,206,52,0,0
8591,WARRENAFS,512,445,32,5,74,0,50,0,2,0,46,1,0,208,10,1,111,379,124,0,0
8592,WARRENAFT,406,318,22,3,68,0,32,0,3,0,47,0,1,165,9,1,116,342,100,0,0
8593,WARRENAFU,443,335,19,4,51,0,57,1,1,1,38,0,2,171,7,0,122,343,108,0,0
8594,WARRENAFV,439,257,22,4,42,0,30,1,4,0,53,1,0,205,8,0,75,347,72,0,0
8595,WARRENAFW,234,162,18,6,14,0,28,0,0,0,28,0,0,132,5,0,51,216,42,0,0
8596,WARRENAFX,669,329,45,4,61,0,49,1,1,1,60,0,1,217,19,0,150,450,110,0,0
8597,WARRENAFY,655,248,49,4,50,0,57,5,8,0,97,0,0,165,13,1,186,475,107,0,0
8598,WARRENAFZ,356,141,34,3,29,0,20,3,0,0,61,0,0,130,12,0,78,284,49,0,0
8599,WARRENAGA,493,191,38,3,35,0,40,2,1,1,59,1,0,144,13,1,110,332,75,0,0
8600,WARRENAGB,305,222,13,1,45,1,20,1,2,0,16,4,0,146,2,0,59,230,66,0,0
8601,WARRENAGC,337,245,23,1,50,0,47,1,0,0,36,0,0,171,6,0,90,304,97,0,0
8602,WARRENAGD,314,271,18,3,61,0,38,0,0,1,35,0,1,157,6,0,69,269,99,0,0
8603,WARRENAGE,534,442,30,8,88,0,55,0,1,0,37,1,0,182,6,0,99,326,143,0,0
8604,WARRENAGF,795,230,31,6,38,0,43,2,8,0,61,3,0,263,6,0,257,600,81,0,0
8605,WARRENAGG,416,185,23,6,16,0,33,0,1,0,47,0,0,108,9,0,68,233,49,0,0
8606,WARRENAGH,462,188,23,0,29,0,30,0,1,1,42,0,1,117,10,0,121,293,59,0,0
8607,WARRENAGI,524,179,30,10,25,1,41,1,4,0,76,0,1,143,8,0,113,346,67,0,0
8608,WARRENAGJ,455,221,46,2,41,0,42,1,4,0,55,0,0,133,4,0,107,304,83,0,0
8609,WARRENAGK,576,225,29,8,56,1,37,1,2,1,43,0,0,203,16,0,141,407,94,0,0
8610,WARRENAGL,505,164,15,2,31,0,18,1,4,1,35,0,0,149,10,0,145,345,49,0,0
8611,WARRENAGM,431,133,21,0,33,0,19,2,3,1,55,0,3,157,8,0,134,363,52,0,0
8612,WARRENAGO,457,338,12,5,72,0,34,2,0,1,23,0,0,187,8,0,93,314,106,0,0
8613,WARRENAGP,380,61,9,5,12,0,31,1,1,0,59,0,1,63,2,0,110,237,43,0,0
8614,WARRENAGQ,370,75,12,4,25,1,20,1,1,0,24,0,1,64,3,0,117,211,46,0,0
8615,WARRENAGR,469,114,31,3,24,0,27,0,0,0,51,0,0,131,4,0,145,331,51,0,0
8616,WARRENAGS,360,108,35,5,18,1,27,1,2,0,40,0,0,93,2,0,70,208,46,0,0
8617,WARRENAGT,404,156,25,2,25,0,36,0,1,0,36,0,3,96,5,1,96,238,61,0,0
8618,WARRENAGU,474,92,31,0,23,1,30,2,6,0,77,0,0,111,6,0,144,346,54,0,0
8619,WARRENAGV,337,86,19,1,17,0,12,0,2,1,29,0,1,113,3,0,98,247,29,0,0
8620,WARRENAGW,447,282,33,4,51,0,41,0,1,1,41,1,0,178,16,0,119,357,92,0,0
8621,WARRENAGX,489,252,45,2,51,0,45,1,0,0,43,0,0,102,7,0,97,250,96,0,0
8622,WARRENAGY,757,334,36,5,58,0,60,1,0,1,64,0,0,227,10,0,192,495,118,0,0
8623,WARRENAGZ,351,301,17,3,47,0,29,2,2,1,35,0,0,132,9,0,70,251,76,0,0
8624,WASHINGTONAAA,447,170,29,4,44,1,49,0,3,2,54,0,1,99,8,0,113,280,94,0,0
8625,WASHINGTONAAC,482,164,18,9,48,2,55,2,7,1,32,0,0,93,10,0,103,248,105,0,0
8626,WASHINGTONAAE,616,208,24,7,70,2,70,0,7,1,55,0,1,163,1,0,125,353,142,0,0
8627,WASHINGTONAAG,574,219,20,4,58,3,40,2,4,0,59,0,3,190,8,0,148,414,101,0,0
8628,WASHINGTONAAI,290,219,26,4,77,1,60,1,1,0,26,1,1,60,9,0,57,156,138,0,0
8629,WASHINGTONAAJ,429,286,29,4,75,1,84,2,7,0,35,0,1,138,13,1,91,288,160,0,0
8630,WASHINGTONAAN,306,359,38,2,95,0,105,1,0,0,29,1,0,169,12,0,72,284,200,0,0
8631,WASHINGTONAAO,320,247,24,9,70,2,62,2,2,0,33,1,0,95,6,0,78,217,134,0,0
8632,WASHINGTONAAS,323,216,18,1,84,2,53,1,4,0,36,0,0,130,5,0,79,255,139,0,0
8633,WASHINGTONAAT,284,222,27,7,66,3,96,2,0,0,35,0,0,87,5,0,58,187,165,0,0
8634,WASHINGTONAAU,203,186,18,2,42,0,65,0,0,0,25,1,0,69,4,0,49,148,107,0,0
8635,WASHINGTONAAY,256,170,12,2,59,2,57,2,5,0,16,0,1,49,3,0,68,144,118,0,0
8636,WASHINGTONAAZ,432,276,24,7,83,6,61,0,8,1,41,0,0,157,11,0,115,333,150,0,0
8637,WASHINGTONABA,122,150,2,4,31,2,38,1,0,0,12,0,0,64,9,0,26,112,71,0,0
8638,WASHINGTONABF,593,191,25,3,59,1,56,2,3,2,68,0,2,147,14,0,159,397,116,0,0
8639,WASHINGTONABG,131,14,2,0,12,0,5,1,1,0,7,0,1,20,1,0,34,65,17,0,0
8640,WASHINGTONABI,392,109,24,5,28,1,42,1,1,0,42,1,0,112,9,0,100,266,71,0,0
8641,WASHINGTONABJ,767,276,26,4,83,5,78,2,2,0,84,0,2,201,14,0,185,490,166,0,0
8642,WASHINGTONABL,319,95,10,5,27,3,33,0,1,0,28,0,0,61,7,0,80,177,63,0,0
8643,WASHINGTONABM,469,148,10,4,47,1,41,1,3,0,59,0,1,122,3,1,126,316,89,0,0
8644,WASHINGTONABN,501,164,6,7,40,2,54,0,3,1,51,0,0,90,6,0,113,264,96,0,0
8645,WASHINGTONABP,540,155,21,3,56,3,42,1,3,1,49,0,4,121,14,0,132,325,101,0,0
8646,WASHINGTONABQ,523,113,6,2,59,3,32,0,7,0,43,1,2,115,4,1,148,321,94,0,0
8647,WASHINGTONABR,423,95,24,11,27,1,48,0,3,1,45,0,0,86,8,0,104,247,76,0,0
8648,WASHINGTONABS,338,120,11,0,30,3,33,1,2,0,47,0,0,73,6,0,74,203,66,0,0
8649,WASHINGTONABU,454,200,14,6,93,2,72,2,0,0,37,0,1,52,5,1,113,211,167,0,0
8650,WASHINGTONABV,127,23,0,0,4,1,9,0,0,0,4,0,0,6,0,0,30,40,14,0,0
8651,WASHINGTONABW,318,66,4,2,28,0,17,1,3,0,21,0,1,52,4,1,97,180,45,0,0
8652,WASHINGTONABX,157,58,10,0,17,0,28,1,4,0,18,0,2,22,2,0,46,95,45,0,0
8653,WASHINGTONABY,140,19,1,0,10,0,16,0,1,0,12,1,0,10,1,0,47,72,26,0,0
8654,WASHINGTONABZ,303,113,11,1,52,4,48,5,3,0,35,0,1,62,6,2,83,197,104,0,0
8655,WASHINGTONACA,398,141,12,5,26,0,45,2,1,0,35,0,1,90,5,0,106,240,71,0,0
8656,WASHINGTONACB,343,127,6,3,54,3,21,2,4,0,35,2,1,82,4,0,106,236,78,0,0
8657,WASHINGTONACC,560,163,22,4,56,1,59,1,1,0,63,1,1,134,7,1,147,356,116,0,0
8658,WASHINGTONACD,14,9,1,1,6,0,0,0,0,0,1,0,0,2,0,0,1,4,6,0,0
8659,WASHINGTONACE,413,238,20,2,78,3,55,0,1,0,45,0,2,171,13,0,120,352,136,0,0
8660,WASHINGTONACF,372,166,27,5,49,3,58,3,6,0,44,2,3,110,17,0,97,282,110,0,0
8661,WASHINGTONACG,422,167,18,8,51,1,52,1,1,1,50,1,1,132,10,1,128,326,104,0,0
8662,WASHINGTONACJ,709,225,21,1,94,4,84,4,8,1,58,0,1,144,10,0,157,383,182,0,0
8663,WASHINGTONACM,237,63,10,4,17,1,19,0,0,1,24,0,3,37,6,0,64,135,37,0,0
8664,WASHINGTONACN,417,95,18,5,34,3,46,1,2,1,50,0,4,80,8,0,88,234,83,0,0
8665,WASHINGTONACO,475,133,24,3,39,5,48,2,5,1,52,1,1,101,8,0,136,307,92,0,0
8666,WASHINGTONACP,638,183,21,1,58,5,48,1,5,0,60,0,2,118,5,1,143,335,111,0,0
8667,WASHINGTONACR,648,190,26,11,68,0,66,2,3,1,64,0,2,136,11,1,149,369,134,0,0
8668,WASHINGTONACU,607,198,33,10,68,4,60,1,4,2,72,0,3,190,14,1,150,437,132,0,0
8669,WASHINGTONACW,637,163,21,3,76,4,52,1,6,0,53,1,5,127,6,0,172,371,132,0,0
8670,WASHINGTONACY,287,130,16,5,47,3,37,0,2,0,27,0,4,57,2,1,66,159,87,0,0
8671,WASHINGTONACZ,677,224,35,5,69,1,61,2,2,0,61,0,0,181,8,0,206,460,131,0,0
8672,WASHINGTONADC,549,186,24,8,66,0,56,1,3,0,51,0,3,190,14,1,118,381,122,0,0
8673,WASHINGTONADE,532,174,23,5,55,3,61,0,6,1,47,0,0,106,7,0,143,310,119,0,0
8674,WAYNEAAA,438,255,37,6,74,1,65,3,3,0,59,1,0,154,8,0,88,316,140,0,0
8675,WAYNEAAC,388,219,36,11,54,1,73,0,2,0,36,1,3,117,5,0,83,247,128,0,0
8676,WAYNEAAE,667,295,39,8,79,0,82,3,14,1,75,0,1,244,13,1,111,463,161,0,0
8677,WAYNEAAG,324,196,17,4,41,1,32,1,1,1,29,0,1,156,5,0,79,273,74,0,0
8678,WAYNEAAH,283,217,19,4,60,0,51,1,1,2,28,0,2,131,3,0,50,218,111,0,0
8679,WAYNEAAJ,272,157,23,4,45,2,53,1,1,1,25,0,1,52,2,0,65,148,100,0,0
8680,WAYNEAAK,330,210,19,4,64,0,43,0,0,0,27,0,1,74,0,0,72,174,107,0,0
8681,WAYNEAAL,642,277,27,4,57,3,69,2,1,0,63,0,1,184,5,0,143,399,129,0,0
8682,WAYNEAAM,277,141,13,2,40,0,33,0,3,0,14,0,0,76,2,0,61,156,73,0,0
8683,WAYNEAAO,345,305,17,4,67,2,73,1,0,0,28,0,1,90,2,1,69,192,142,0,0
8684,WAYNEAAP,213,181,16,6,26,3,61,0,1,1,23,0,3,70,3,0,37,138,90,0,0
8685,WAYNEAAR,255,294,21,15,46,1,89,2,1,0,28,1,0,82,5,0,45,164,136,0,0
8686,WAYNEAAU,415,307,21,7,74,1,63,1,3,1,34,0,1,167,7,0,93,307,138,0,0
8687,WAYNEAAV,145,508,16,14,23,0,71,0,1,0,5,0,0,52,1,0,28,87,94,0,0
8688,WAYNEAAW,233,218,15,2,49,0,40,1,1,0,13,0,0,83,5,1,35,139,89,0,0
8689,WAYNEAAX,326,505,30,5,71,2,82,2,1,1,33,2,1,139,7,0,74,260,155,0,0
8690,WAYNEAAZ,413,347,23,4,86,1,56,0,2,0,37,0,1,189,7,0,76,312,143,0,0
8691,WAYNEABA,451,283,32,2,56,0,46,0,0,0,40,0,0,161,10,0,83,294,102,0,0
8692,WAYNEABB,563,399,31,5,86,1,55,1,2,0,55,1,1,236,5,1,123,425,142,0,0
8693,WAYNEABC,266,217,18,4,56,0,63,2,1,0,24,0,0,118,3,0,40,188,119,0,0
8694,WAYNEABD,406,305,22,4,75,0,69,0,4,1,45,0,1,161,7,0,94,313,144,0,0
8695,WAYNEABH,354,480,21,7,93,0,79,0,2,0,26,1,0,203,6,0,90,328,172,0,0
8696,WAYNEABJ,389,319,29,9,68,1,56,0,1,1,24,0,2,203,5,1,69,306,125,0,0
8697,WAYNEABM,581,431,34,15,77,3,84,1,10,0,63,0,0,205,8,5,110,402,164,0,0
8698,WAYNEABN,500,461,34,10,93,0,92,4,3,0,45,1,0,280,12,0,75,420,185,0,0
8699,WAYNEABP,596,174,33,5,42,2,38,0,2,0,80,0,1,188,1,2,137,411,82,0,0
8700,WAYNEABQ,704,216,27,8,52,0,47,0,7,1,74,1,2,165,6,0,162,418,99,0,0
8701,WAYNEABT,418,103,18,2,26,2,24,2,1,0,50,0,0,132,6,0,63,254,52,0,0
8702,WAYNEABU,623,190,26,5,53,2,45,2,2,0,62,0,0,168,13,0,106,353,100,0,0
8703,WAYNEABV,599,210,23,3,58,1,50,1,4,0,49,0,1,150,8,0,134,347,109,0,0
8704,WAYNEABX,738,203,32,2,50,1,39,1,9,1,72,0,1,255,5,0,129,473,90,0,0
8705,WAYNEABZ,377,103,24,4,17,0,25,0,3,1,52,0,0,124,7,0,58,245,42,0,0
8706,WAYNEACA,617,215,47,7,78,3,35,1,4,1,51,1,4,166,9,1,168,406,116,0,0
8707,WAYNEACC,604,241,25,4,74,0,72,2,4,0,57,0,2,150,5,0,152,372,146,0,0
8708,WAYNEACE,558,283,33,3,85,3,87,1,1,0,40,0,0,149,7,1,153,352,175,0,0
8709,WAYNEACF,581,273,21,7,67,1,66,0,3,1,42,0,2,183,7,0,196,434,134,0,0
8710,WAYNEACH,475,295,41,9,90,0,84,2,3,3,44,1,2,169,9,0,114,347,174,0,0
8711,WAYNEACI,422,249,27,1,65,1,64,0,4,1,42,1,1,168,5,1,126,349,130,0,0
8712,WAYNEACJ,621,178,20,4,54,1,43,1,4,1,77,1,1,181,9,0,134,409,98,0,0
8713,WAYNEACM,403,128,14,12,38,1,35,1,1,1,29,0,0,118,6,1,91,248,74,0,0
8714,WAYNEACN,352,128,19,10,37,2,38,1,3,1,24,0,1,96,6,0,82,214,77,0,0
8715,WAYNEACO,625,171,34,12,45,1,54,0,3,1,71,1,0,165,8,0,158,407,100,0,0
8716,WAYNEACP,453,104,20,6,17,1,23,0,2,0,59,0,0,107,3,0,100,271,41,0,0
8717,WAYNEACQ,492,122,12,3,28,1,32,1,2,0,74,1,0,141,3,0,68,290,61,0,0
8718,WAYNEACR,249,69,13,2,15,0,13,1,2,0,36,0,0,63,1,0,41,144,28,0,0
8719,WAYNEACS,484,163,13,6,32,0,36,3,1,1,76,0,1,127,7,0,97,313,68,0,0
8720,WAYNEACT,404,136,16,1,27,0,28,0,2,1,54,0,3,106,10,0,71,247,55,0,0
8721,WAYNEACU,603,174,24,3,42,1,37,0,4,0,83,1,1,183,6,0,129,407,80,0,0
8722,WAYNEACV,605,184,21,7,40,1,37,0,1,0,78,1,0,183,5,0,143,411,78,0,0
8723,WAYNEACW,681,178,26,4,27,1,39,2,2,0,93,1,1,227,7,1,119,453,67,0,0
8724,WAYNEACX,627,179,28,6,43,0,51,2,3,0,101,0,2,230,6,0,90,434,94,0,0
8725,WAYNEACZ,529,137,23,6,45,0,29,2,5,0,78,0,1,184,5,1,110,386,74,0,0
8726,WAYNEADB,626,117,31,2,30,0,20,3,5,0,102,0,0,239,3,0,87,439,50,0,0
8727,WAYNEADD,481,124,28,3,37,1,28,0,3,0,56,0,1,166,8,0,83,317,66,0,0
8728,WAYNEADE,430,44,9,0,13,0,6,2,3,0,56,0,0,89,2,0,77,229,19,0,0
8729,WAYNEADF,587,151,21,5,43,1,42,1,1,0,66,0,2,174,3,0,131,378,86,0,0
8730,WAYNEADG,538,195,19,7,63,0,40,2,5,0,69,1,2,169,13,0,104,365,103,0,0
8731,WAYNEADH,414,95,25,6,24,0,26,1,1,1,77,1,0,93,3,0,61,238,50,0,0
8732,WAYNEADI,779,183,27,8,38,1,41,1,4,0,134,0,1,258,9,0,87,494,80,0,0
8733,WAYNEADK,755,218,29,9,46,0,47,0,1,1,90,1,2,266,7,0,155,523,93,0,0
8734,WAYNEADM,688,224,21,3,69,0,50,2,5,3,76,0,3,248,5,0,138,480,119,0,0
8735,WAYNEADN,643,301,36,6,77,0,57,4,4,0,81,0,1,234,11,1,125,461,134,0,0
8736,WAYNEADP,284,189,16,2,33,0,42,0,2,1,31,0,0,127,7,0,58,226,75,0,0
8737,WAYNEADQ,494,188,23,5,39,0,34,1,0,1,59,0,0,175,4,0,92,332,73,0,0
8738,WAYNEADS,449,190,17,9,56,0,44,2,2,0,45,0,1,129,8,0,98,285,100,0,0
8739,WAYNEADT,635,281,29,7,52,1,57,1,4,0,101,0,0,220,4,0,144,474,110,0,0
8740,WAYNEADU,551,198,23,5,54,1,47,0,6,0,69,0,3,161,2,1,129,371,102,0,0
8741,WILLIAMSAAA,424,228,34,10,51,2,60,1,6,0,48,2,2,112,11,0,98,280,113,0,0
8742,WILLIAMSAAC,414,238,35,14,64,1,81,3,7,1,46,1,1,175,10,0,76,320,146,0,0
8743,WILLIAMSAAF,239,110,12,3,27,1,16,2,3,0,25,1,1,122,11,0,49,214,44,0,0
8744,WILLIAMSAAG,585,296,22,3,76,2,57,2,8,1,57,2,2,298,19,0,144,533,135,0,0
8745,WILLIAMSAAI,350,217,23,11,41,0,75,2,3,0,42,0,9,134,8,1,61,260,116,0,0
8746,WILLIAMSAAJ,237,141,14,7,31,0,51,0,2,0,29,2,0,75,4,0,63,175,82,0,0
8747,WILLIAMSAAK,355,114,24,0,25,1,17,2,5,0,60,0,2,101,4,0,78,252,43,0,0
8748,WILLIAMSAAL,482,176,36,6,32,2,48,2,9,2,41,0,1,159,10,0,124,348,82,0,0
8749,WILLIAMSAAN,524,142,35,2,35,1,39,2,2,0,50,2,2,158,9,1,139,365,75,0,0
8750,WILLIAMSAAP,680,215,28,3,48,1,44,2,8,1,71,0,5,271,19,1,166,544,93,0,0
8751,WILLIAMSAAR,461,192,27,9,53,1,58,1,6,0,47,1,2,155,8,1,113,334,112,0,0
8752,WILLIAMSAAU,761,219,40,6,68,2,63,5,7,3,77,1,3,227,22,1,182,528,133,0,0
8753,WILLIAMSAAV,750,202,52,3,42,1,46,2,11,3,99,2,3,266,8,0,189,583,89,0,0
8754,WILLIAMSAAX,375,82,12,1,20,0,19,4,5,1,46,1,6,103,8,0,91,265,39,0,0
8755,WILLIAMSAAY,478,158,23,3,31,2,40,2,4,2,53,1,1,133,11,0,127,334,73,0,0
8756,WILLIAMSABA,296,54,15,2,13,0,9,2,1,0,25,1,3,87,4,0,80,203,22,0,0
8757,WILLIAMSABB,373,152,13,2,43,3,44,0,2,0,37,1,6,100,1,0,102,249,90,0,0
8758,WILLIAMSABC,533,209,31,9,43,3,66,2,4,0,56,0,3,173,15,0,135,388,112,0,0
8759,WILLIAMSABE,274,89,24,1,15,0,17,0,6,3,37,0,1,101,4,0,67,219,32,0,0
8760,WILLIAMSABF,329,87,7,5,18,3,29,2,5,1,34,0,0,102,5,0,52,201,50,0,0
8761,WILLIAMSABG,596,202,41,5,49,2,46,2,5,1,53,2,2,177,9,2,117,370,97,0,0
8762,WILLIAMSABI,458,137,20,4,36,0,25,0,5,0,85,0,1,151,8,1,92,343,61,0,0
8763,WILLIAMSABJ,398,140,35,2,42,0,53,3,2,1,32,0,5,119,3,0,90,255,95,0,0
8764,WILLIAMSABM,564,134,24,5,23,4,33,0,9,0,68,0,1,188,6,0,153,425,60,0,0
8765,WILLIAMSABN,433,170,37,6,32,1,86,0,5,3,36,0,0,126,8,0,124,302,119,0,0
8766,WILLIAMSABP,570,254,39,8,60,2,60,2,8,0,80,1,3,168,14,0,140,416,122,0,0
8767,WOODAAA,151,290,31,3,35,0,115,1,5,1,14,0,0,41,1,0,27,90,150,0,0
8768,WOODAAB,191,394,29,20,38,0,191,0,1,0,15,0,0,49,9,0,32,106,229,0,0
8769,WOODAAC,383,794,74,25,20,0,219,0,0,0,14,0,0,59,8,0,14,95,239,0,0
8770,WOODAAF,145,406,54,17,56,1,190,0,1,1,15,0,0,61,4,0,29,111,247,0,0
8771,WOODAAG,156,353,47,9,39,0,141,1,0,1,15,0,0,64,3,0,27,111,180,0,0
8772,WOODAAH,202,401,56,23,41,1,173,1,4,0,24,0,0,50,5,0,30,114,215,0,0
8773,WOODAAI,171,416,50,15,45,0,173,3,1,0,13,0,1,57,4,0,28,107,218,0,0
8774,WOODAAK,344,426,49,16,113,3,115,3,3,0,40,1,0,139,12,0,58,256,231,0,0
8775,WOODAAL,536,481,39,8,191,2,122,3,4,0,54,0,3,333,17,0,123,537,315,0,0
8776,WOODAAM,286,458,43,12,84,0,196,1,6,1,35,1,0,95,11,0,56,206,280,0,0
8777,WOODAAN,406,487,37,3,137,0,123,3,1,1,50,2,0,234,16,0,86,393,260,0,0
8778,WOODAAO,185,382,42,9,84,0,159,0,0,0,30,1,0,111,4,1,40,187,243,0,0
8779,WOODAAP,332,358,43,12,90,2,84,1,4,0,47,0,1,125,10,0,72,260,176,0,0
8780,WOODAAQ,310,243,36,4,62,2,57,1,3,0,53,0,1,134,11,0,57,260,121,0,0
8781,WOODAAR,307,427,39,6,105,0,108,1,1,3,54,0,1,197,17,0,67,341,213,0,0
8782,WOODAAS,342,302,30,4,88,1,71,0,1,1,56,1,0,192,11,0,62,324,160,0,0
8783,WOODAAT,171,193,21,3,67,0,33,1,0,1,10,0,1,61,3,0,32,109,100,0,0
8784,WOODAAU,278,286,32,2,72,0,79,1,1,0,32,0,0,146,5,0,64,249,151,0,0
8785,WOODAAV,220,258,28,5,55,1,71,0,1,0,31,0,0,91,2,0,61,186,127,0,0
8786,WOODAAW,317,268,39,11,72,1,72,1,4,1,50,0,0,171,3,1,65,296,145,0,0
8787,WOODAAX,316,312,51,5,83,0,93,3,0,0,34,0,0,149,4,1,80,271,176,0,0
8788,WOODAAY,435,420,36,10,94,0,86,0,2,1,60,1,0,181,7,1,91,344,180,0,0
8789,WOODAAZ,380,352,42,2,58,0,71,0,2,1,28,2,0,134,7,0,54,228,129,0,0
8790,WOODABA,426,310,43,11,65,0,80,0,1,0,51,0,0,203,13,0,106,374,145,0,0
8791,WOODABB,299,334,40,7,69,0,98,0,2,0,35,0,1,134,3,1,56,232,167,0,0
8792,WOODABC,317,237,60,7,55,0,71,1,2,0,39,0,0,126,16,0,55,239,126,0,0
8793,WOODABD,325,293,20,9,67,0,81,0,2,0,53,0,1,162,10,1,65,294,148,0,0
8794,WOODABE,389,307,33,7,55,0,74,0,2,0,51,0,0,117,3,0,90,263,129,0,0
8795,WOODABF,380,328,39,6,76,1,58,0,1,0,48,0,1,209,5,0,78,342,135,0,0
8796,WOODABG,435,248,28,2,52,0,47,0,2,0,60,0,0,203,11,0,81,357,99,0,0
8797,WOODABH,513,361,41,2,73,1,64,1,2,0,61,0,0,316,7,0,109,496,138,0,0
8798,WOODABI,305,340,54,9,115,1,132,0,0,0,20,0,1,87,4,0,69,181,248,0,0
8799,WOODABJ,347,315,28,8,106,2,66,1,3,0,45,1,1,121,6,0,74,252,174,0,0
8800,WOODABK,252,319,35,10,76,1,108,0,1,0,35,0,1,67,3,1,45,153,185,0,0
8801,WOODABL,336,346,34,5,114,4,86,0,2,0,32,0,1,78,4,0,76,193,204,0,0
8802,WOODABM,350,285,32,8,78,0,71,4,1,0,42,0,0,92,8,0,71,218,149,0,0
8803,WOODABN,388,137,16,1,25,3,48,1,4,0,54,0,0,82,5,0,103,249,76,0,0
8804,WOODABO,176,80,12,2,19,0,24,2,1,0,25,0,0,51,6,0,45,130,43,0,0
8805,WOODABP,144,93,13,2,34,1,26,0,2,0,13,0,1,32,9,0,28,85,61,0,0
8806,WOODABQ,113,32,11,2,7,0,18,0,1,1,11,0,0,29,6,0,29,77,25,0,0
8807,WOODABR,423,205,46,5,44,0,61,2,5,0,61,0,2,183,6,0,113,372,105,0,0
8808,WOODABS,554,205,31,6,48,0,61,1,2,2,82,0,3,199,8,0,109,406,109,0,0
8809,WOODABT,393,252,43,11,64,1,89,1,4,0,45,0,1,140,7,0,101,299,154,0,0
8810,WOODABU,241,163,46,7,39,1,58,1,3,1,47,0,0,67,6,0,55,180,98,0,0
8811,WOODABV,214,134,14,2,26,0,43,1,1,0,30,0,0,70,3,0,49,154,69,0,0
8812,WOODABW,233,75,19,3,17,1,15,3,1,0,26,0,0,66,3,1,62,162,33,0,0
8813,WOODABX,386,170,28,5,42,0,58,2,2,1,26,1,0,95,4,0,92,223,100,0,0
8814,WOODABY,439,244,31,11,63,4,76,0,2,1,51,0,1,119,13,1,89,277,143,0,0
8815,WOODABZ,229,75,14,1,23,2,23,1,1,0,29,0,0,83,2,1,44,161,48,0,0
8816,WOODACA,496,361,20,8,92,1,67,0,0,0,39,0,0,88,4,0,110,241,160,0,0
8817,WOODACB,484,336,58,6,105,2,99,0,2,0,42,0,3,144,6,0,148,345,206,0,0
8818,WOODACC,313,251,24,2,83,2,66,0,3,0,37,1,1,65,2,0,62,171,151,0,0
8819,WOODACE,392,342,42,13,59,0,61,0,2,1,31,0,0,69,2,0,64,169,120,0,0
8820,WOODACG,455,331,25,11,115,0,92,2,3,0,70,0,1,104,6,1,98,285,207,0,0
8821,WOODACJ,332,364,28,9,116,2,66,2,4,0,29,0,0,99,4,0,61,199,184,0,0
8822,WOODACK,363,339,37,11,92,4,83,1,2,0,32,0,0,69,6,0,80,190,179,0,0
8823,WOODACL,440,264,38,7,69,1,68,1,2,1,62,0,1,138,10,0,88,303,138,0,0
8824,WOODACN,330,193,15,5,26,1,39,0,1,0,32,0,1,48,4,0,56,142,66,0,0
8825,WOODACO,350,192,43,4,53,1,68,1,7,2,60,0,0,102,9,0,73,254,122,0,0
8826,WOODACP,685,430,38,4,105,2,77,0,4,1,78,0,0,275,17,0,161,536,184,0,0
8827,WOODACQ,313,159,19,7,28,1,49,1,1,0,48,0,0,82,9,0,72,213,78,0,0
8828,WOODACR,131,95,15,3,28,1,23,0,2,0,15,0,0,40,3,0,31,91,52,0,0
8829,WOODACS,134,81,23,0,24,0,20,0,6,0,20,1,1,48,1,1,24,102,44,0,0
8830,WOODACT,191,163,25,4,53,0,46,2,1,0,23,0,1,51,3,0,42,123,99,0,0
8831,WOODACU,550,250,47,5,76,5,68,3,5,0,64,0,2,140,7,0,130,351,149,0,0
8832,WOODACW,132,86,6,1,22,1,32,0,0,1,11,0,0,36,1,0,36,85,55,0,0
8833,WOODACX,208,131,17,4,34,0,33,0,2,1,25,1,0,57,5,0,57,148,67,0,0
8834,WOODACY,211,124,19,1,40,1,35,0,1,0,20,0,0,56,3,0,54,134,76,0,0
8835,WOODACZ,292,138,17,6,34,0,51,0,1,0,32,0,0,86,3,0,64,186,85,0,0
8836,WOODADA,414,281,45,4,80,0,83,0,2,2,61,1,1,211,6,0,133,417,163,0,0
8837,WOODADB,217,251,29,5,62,0,62,0,0,0,20,0,1,38,1,0,47,107,124,0,0
8838,WOODADC,416,295,34,5,81,0,54,0,2,0,41,0,1,165,7,0,102,318,135,0,0
8839,WOODADD,240,163,20,0,34,0,35,0,1,0,34,0,1,67,1,0,68,172,69,0,0
8840,WOODADE,390,292,33,7,92,1,118,0,4,0,61,0,0,144,7,0,69,285,211,0,0
8841,WOODADF,300,216,16,2,54,0,29,0,2,0,30,2,0,148,3,0,61,246,83,0,0
8842,WOODADG,326,285,15,5,120,0,105,1,4,0,39,4,2,218,17,0,145,430,225,0,0
8843,WOODADI,452,277,32,6,61,1,77,0,1,0,48,1,0,151,5,0,96,302,139,0,0
8844,WOODADJ,269,316,40,9,33,0,81,0,0,0,21,0,1,47,1,0,35,105,114,0,0
8845,WOODADL,500,330,42,7,67,1,86,1,0,2,58,1,2,177,10,0,118,369,154,0,0
8846,WOODADM,402,151,36,3,34,0,47,0,2,0,57,0,1,120,14,0,111,305,81,0,0
8847,WOODADN,91,87,17,2,23,1,43,0,2,0,19,0,1,25,1,0,26,74,67,0,0
8848,WOODADO,281,167,28,4,45,0,44,0,0,1,39,0,0,103,9,0,62,214,89,0,0
8849,WOODADP,377,239,41,6,91,3,63,0,2,0,45,0,0,90,5,0,103,245,157,0,0
8850,WOODADQ,528,318,40,12,78,1,85,2,6,0,48,0,1,166,7,0,155,385,164,0,0
8851,WOODADR,119,56,11,1,16,0,15,0,1,0,20,0,0,39,4,0,23,87,31,0,0
8852,WOODADS,539,348,29,4,78,0,84,1,5,0,71,0,1,196,12,0,153,439,162,0,0
8853,WOODADT,508,199,36,6,52,2,55,0,4,0,95,0,1,177,16,0,114,407,109,0,0
8854,WOODADU,283,243,30,4,67,1,78,3,1,1,38,1,0,84,5,0,71,204,146,0,0
8855,WOODADV,254,104,23,4,28,0,32,1,1,0,30,0,0,70,4,1,68,175,60,0,0
8856,WOODADW,404,331,41,9,88,0,98,1,2,0,38,1,1,80,8,0,99,230,186,0,0
8857,WOODADX,496,356,24,17,109,1,91,2,3,0,54,0,0,116,11,0,105,291,201,0,0
8858,WOODADZ,332,360,39,13,117,0,92,0,3,0,37,0,0,90,5,1,87,223,209,0,0
8859,WOODAEB,145,350,40,16,55,1,185,0,0,0,15,0,1,49,6,0,25,96,241,0,0
8860,WOODAEC,77,165,9,11,22,0,89,1,0,0,3,0,0,32,6,0,12,54,111,0,0
8861,WOODAED,209,541,48,20,8,0,118,0,1,0,3,0,0,17,5,0,7,33,126,0,0
8862,WOODAEE,562,408,38,5,74,0,73,0,0,0,47,0,0,174,23,0,80,324,147,0,0
8863,WOODAEF,517,269,34,4,59,0,37,1,0,0,45,1,0,215,8,1,104,375,96,0,0
8864,WOODAEH,471,363,33,8,83,0,76,1,2,0,64,1,1,164,8,1,112,354,159,0,0
8865,WOODAEI,406,332,46,6,NA,NA,NA,NA,NA,NA,NA,NA,NA,NA,NA,NA,NA,0,0,0,0
8866,WYANDOTAAA,367,117,15,3,42,0,31,0,2,2,34,3,1,109,7,0,83,241,73,0,0
8867,WYANDOTAAB,272,119,18,3,24,0,30,1,3,0,18,0,1,84,3,0,64,174,54,0,0
8868,WYANDOTAAD,264,136,24,9,23,0,47,0,0,0,46,0,0,71,3,0,63,183,70,0,0
8869,WYANDOTAAF,390,188,25,3,48,0,44,0,3,0,40,0,2,130,6,0,79,260,92,0,0
8870,WYANDOTAAG,275,124,28,6,42,0,38,2,3,0,23,0,2,76,3,0,60,169,80,0,0
8871,WYANDOTAAJ,332,171,32,7,40,1,38,2,3,0,40,0,2,93,9,0,62,211,79,0,0
8872,WYANDOTAAK,236,53,11,4,16,2,19,1,1,0,31,0,2,37,1,1,55,129,37,0,0
8873,WYANDOTAAM,318,78,14,1,25,2,19,1,1,0,32,0,0,89,6,0,82,211,46,0,0
8874,WYANDOTAAO,373,90,23,6,20,1,16,0,1,0,58,0,1,110,7,0,74,251,37,0,0
8875,WYANDOTAAQ,262,151,25,3,41,0,28,1,2,0,18,0,0,61,7,0,50,139,69,0,0
8876,WYANDOTAAS,357,173,25,3,43,1,58,0,0,1,38,0,0,89,4,0,71,203,102,0,0
8877,WYANDOTAAT,330,159,17,3,44,2,43,0,2,0,32,1,0,90,7,0,72,204,89,0,0
8878,WYANDOTAAV,416,113,14,3,18,1,34,0,2,0,39,0,0,103,10,1,83,238,53,0,0
8879,WYANDOTAAX,314,79,17,4,12,1,22,1,0,0,33,0,0,88,2,0,73,197,35,0,0
8880,WYANDOTAAY,222,39,16,4,11,1,12,2,3,0,26,0,0,46,2,0,71,150,24,0,0
8881,WYANDOTABA,127,44,9,1,19,0,7,0,0,0,10,0,0,32,1,0,40,83,26,0,0
8882,WYANDOTABC,304,74,10,2,19,2,24,0,1,0,36,1,1,74,1,0,82,196,45,0,0
8883,WYANDOTABE,424,122,15,5,24,3,35,2,1,0,56,0,0,115,7,0,113,294,62,0,0
8884,WYANDOTABF,347,53,26,3,11,0,21,2,5,0,50,0,2,76,5,0,85,225,32,0,0
8885,WYANDOTABH,221,45,13,3,17,1,8,0,0,0,23,0,0,54,2,0,57,136,26,0,0
8886,WYANDOTABI,368,103,19,2,38,1,18,1,2,0,32,0,0,86,2,0,78,201,57,0,0
8887,WYANDOTABJ,293,100,13,3,31,1,28,3,1,1,19,0,0,59,2,0,72,157,60,0,0
8888,WYANDOTABL,241,55,12,1,20,1,15,0,1,0,17,1,1,47,3,0,80,150,36,0,0
8889,WYANDOTABM,415,129,16,3,39,1,31,1,0,0,34,0,0,97,9,0,93,234,71,0,0
