precinct,pri_dem_CLINTON,pri_dem_FUENTE,pri_dem_O'MALLEY,pri_dem_SANDERS,pri_rep_BUSH,pri_rep_CARSON,pri_rep_CHRISTIE,pri_rep_CRUZ,pri_rep_FIORINA,pri_rep_GRAHAM,pri_rep_HUCKABEE,pri_rep_KASICH,pri_rep_PATAKI,pri_rep_PAUL,pri_rep_RUBIO,pri_rep_SANTORUM,pri_rep_TRUMP,gen_con_CASTLE,gen_dem_CLINTON,gen_grn_STEIN,gen_ind_FOX,gen_ind_HARTNELL,gen_ind_HOEFLING,gen_ind_KOTLIKOFF,gen_ind_MATUREN,gen_ind_MCMULLIN,gen_ind_MOOREHEAD,gen_lib_JOHNSON,gen_nlp_SOLTYSIK,gen_rep_TRUMP,dem_primary_total,rep_primary_total,dem_general_total,rep_general_total
ALCONAALCONA TOWNSHIP 1,48,0,0,42,3,4,1,61,2,0,1,44,0,0,18,1,141,4,199,2,0,0,0,0,0,0,0,13,0,500,90,276,199,500
ALCONACALEDONIA TOWNSHIP 1,53,0,1,34,0,1,1,40,0,0,0,32,1,0,15,0,112,5,178,4,0,0,0,0,0,0,0,14,0,441,88,202,178,441
ALCONACURTIS TOWNSHIP 1,72,0,0,63,3,5,0,46,2,0,1,24,0,0,11,0,128,3,214,13,0,0,0,0,0,0,0,8,0,401,135,220,214,401
ALCONAGREENBUSH TOWNSHIP 1,67,0,1,66,1,5,1,39,0,0,0,46,0,2,17,1,121,2,256,4,0,0,0,0,0,0,0,22,0,501,134,233,256,501
ALCONAGUSTIN TOWNSHIP 1,27,0,0,24,0,0,0,23,0,0,0,18,1,0,5,0,55,1,80,6,0,0,0,0,0,0,0,16,0,249,51,102,80,249
ALCONAHARRISVILLE CITY 1 WARD 1,24,1,0,28,1,1,0,17,0,0,0,24,0,0,6,0,21,0,98,4,0,0,0,0,0,0,0,16,0,137,53,70,98,137
ALCONAHARRISVILLE TOWNSHIP 1,47,0,0,60,0,5,0,74,0,0,0,61,0,1,20,0,134,3,216,6,0,0,0,0,0,0,0,21,0,541,107,295,216,541
ALCONAHAWES TOWNSHIP 1,27,0,0,39,1,1,0,35,0,0,0,15,0,1,9,0,120,2,160,4,0,0,0,0,0,0,0,22,0,417,66,182,160,417
ALCONAHAYNES TOWNSHIP 1,26,0,1,33,0,3,0,52,0,0,0,28,0,2,10,1,91,3,121,3,0,0,0,0,0,0,0,14,0,318,60,187,121,318
ALCONAMIKADO TOWNSHIP 1,29,0,0,27,3,1,2,38,0,0,0,21,0,0,15,1,103,1,96,4,0,0,0,0,0,0,0,11,0,382,56,184,96,382
ALCONAMILLEN TOWNSHIP 1,29,0,2,29,1,1,0,19,0,0,0,8,0,2,6,0,38,2,72,3,0,0,0,0,0,0,0,2,0,135,60,75,72,135
ALCONAMITCHELL TOWNSHIP 1,14,0,0,10,0,0,0,16,0,0,0,19,0,0,6,0,47,2,42,1,0,0,0,0,0,0,0,5,0,179,24,88,42,179
ALGERAU TRAIN TOWNSHIP 1,56,0,0,70,2,3,0,56,0,0,0,47,0,0,11,0,77,2,199,6,0,0,0,0,0,0,0,28,1,396,126,196,199,396
ALGERBURT TOWNSHIP 1,28,0,0,51,0,6,0,16,0,0,0,45,0,0,7,0,53,3,101,6,0,0,0,0,0,0,0,16,0,200,79,127,101,200
ALGERGRAND ISLAND TOWNSHIP 1,6,0,0,7,0,0,0,2,0,0,0,0,0,0,1,0,1,0,15,0,0,0,0,0,0,0,0,2,0,9,13,4,15,9
ALGERLIMESTONE TOWNSHIP 1,23,0,0,28,0,0,0,18,0,0,0,11,0,0,6,0,33,1,75,3,0,0,0,0,0,0,0,7,0,135,51,68,75,135
ALGERMATHIAS TOWNSHIP 1,18,0,0,42,0,1,0,14,1,0,1,13,0,0,4,0,25,1,111,3,0,0,0,0,0,0,0,11,1,108,60,59,111,108
ALGERMUNISING CITY 1,100,0,3,161,2,3,0,51,0,0,0,55,0,2,23,0,88,3,441,23,0,0,0,0,0,0,0,42,0,518,264,224,441,518
ALGERMUNISING TOWNSHIP 1,47,0,0,56,0,0,1,40,0,0,0,24,0,0,17,0,69,2,166,6,0,0,0,0,0,0,0,18,0,345,103,151,166,345
ALGERMUNISING TOWNSHIP 2,38,0,0,77,0,5,1,39,0,0,0,40,0,2,11,0,94,4,158,6,0,0,0,0,0,0,0,13,0,422,115,192,158,422
ALGERONOTA TOWNSHIP 1,23,1,0,32,0,0,0,28,0,0,2,8,0,0,7,0,17,1,121,4,0,0,0,0,0,0,0,13,0,138,56,62,121,138
ALGERROCK RIVER TOWNSHIP 1,45,0,0,98,0,2,0,54,0,0,1,38,0,1,12,0,61,2,276,10,0,0,0,0,0,0,0,27,0,314,143,169,276,314
ALLEGANALLEGAN CITY 1,60,0,0,83,1,3,0,49,1,0,1,47,0,0,12,0,53,5,283,10,0,0,0,0,0,0,0,32,1,274,143,167,283,274
ALLEGANALLEGAN CITY 2,92,1,2,165,2,9,1,124,0,0,2,76,0,2,36,1,115,4,475,32,0,0,0,0,0,1,0,69,3,667,260,368,475,667
ALLEGANALLEGAN TOWNSHIP 1,107,1,0,154,3,3,0,127,1,0,3,137,0,0,40,0,134,6,554,10,0,0,0,0,0,1,0,78,0,835,262,448,554,835
ALLEGANALLEGAN TOWNSHIP 2,41,0,0,59,2,4,0,61,0,0,0,34,0,0,20,0,70,3,209,7,0,0,0,0,0,0,0,20,0,354,100,191,209,354
ALLEGANCASCO TOWNSHIP 1,117,0,0,132,4,2,0,99,0,1,0,114,0,1,46,0,134,4,605,8,0,0,0,0,0,0,0,69,0,730,249,401,605,730
ALLEGANCHESHIRE TOWNSHIP 1,62,0,0,110,2,6,0,80,0,0,1,68,0,1,23,0,77,5,290,13,0,0,0,0,0,0,0,43,0,516,172,258,290,516
ALLEGANCLYDE TOWNSHIP 1,64,0,0,83,2,9,1,70,0,0,0,47,0,2,18,0,79,0,310,6,0,0,0,0,0,1,0,30,0,409,147,228,310,409
ALLEGANDORR TOWNSHIP 1,67,0,0,92,3,5,1,241,0,1,2,70,0,0,38,0,119,10,261,7,0,0,0,0,0,1,0,47,0,782,159,480,261,782
ALLEGANDORR TOWNSHIP 2,60,0,0,142,5,9,0,376,1,0,0,114,0,1,52,1,171,8,348,22,0,0,0,0,0,11,0,81,0,1163,202,730,348,1163
ALLEGANDORR TOWNSHIP 3,64,0,0,107,3,2,0,226,0,0,0,61,1,0,31,0,116,8,330,14,0,0,0,0,0,1,0,58,0,810,171,440,330,810
ALLEGANDOUGLAS CITY 1,174,0,0,115,3,1,0,24,0,1,0,70,0,1,22,0,64,1,528,6,0,0,0,0,0,0,0,17,0,245,289,186,528,245
ALLEGANFENNVILLE CITY 1,39,0,0,87,2,1,0,25,0,0,1,20,0,0,11,0,48,2,204,10,0,0,0,0,0,0,0,28,0,229,126,108,204,229
ALLEGANFILLMORE TOWNSHIP 1,38,0,0,79,6,19,0,345,1,0,0,164,0,2,100,3,131,4,227,10,0,0,0,0,0,0,0,39,0,1163,117,771,227,1163
ALLEGANGANGES TOWNSHIP 1,135,1,0,189,6,7,4,114,1,0,0,123,0,0,62,0,141,3,602,13,0,0,0,0,0,1,0,52,1,727,325,458,602,727
ALLEGANGUNPLAIN TOWNSHIP 1,145,0,1,196,1,14,2,185,0,0,1,173,0,1,90,0,172,10,743,25,0,0,0,0,0,4,0,89,0,1009,342,639,743,1009
ALLEGANGUNPLAIN TOWNSHIP 2,69,0,0,135,2,10,1,117,1,0,0,71,0,1,24,1,142,6,445,11,0,0,0,0,0,4,0,66,1,648,204,370,445,648
ALLEGANHEATH TOWNSHIP 1,65,1,0,136,6,19,3,308,0,0,2,160,0,0,81,0,188,11,348,17,0,0,0,0,0,1,0,70,1,1401,202,767,348,1401
ALLEGANHOLLAND CITY 11 WARD 5,41,0,0,121,2,11,1,107,0,0,0,87,0,1,47,1,59,3,316,12,0,0,0,0,0,10,0,37,0,445,162,316,316,445
ALLEGANHOLLAND CITY 12 WARD 5,52,0,0,79,6,8,1,161,0,2,3,166,0,2,69,0,61,3,312,10,0,0,0,0,0,10,0,44,0,583,131,479,312,583
ALLEGANHOLLAND CITY 13 WARD 5,48,0,0,70,6,6,0,73,0,0,4,89,0,0,53,0,40,5,335,4,0,0,0,0,0,3,0,43,0,430,118,271,335,430
ALLEGANHOLLAND CITY 9 WARD 4,73,0,0,101,0,11,0,152,1,0,1,138,0,2,56,0,54,5,370,18,0,0,0,0,0,11,0,23,2,473,174,415,370,473
ALLEGANHOPKINS TOWNSHIP 1,40,0,0,132,1,12,1,206,0,0,0,90,0,2,33,1,136,7,306,17,0,0,0,0,0,0,0,85,3,905,172,482,306,905
ALLEGANLAKETOWN TOWNSHIP 1,105,0,1,138,1,9,2,201,0,0,0,225,0,2,67,0,96,7,523,6,0,0,0,1,0,15,0,53,3,759,244,603,523,759
ALLEGANLAKETOWN TOWNSHIP 2,73,0,0,137,10,23,1,264,0,0,3,265,2,0,101,0,172,8,459,14,0,0,0,0,0,7,0,52,0,1151,210,841,459,1151
ALLEGANLAKETOWN TOWNSHIP 3,55,0,0,63,0,3,0,74,1,0,0,87,0,0,24,0,49,4,254,11,0,0,0,0,0,3,0,22,0,342,118,238,254,342
ALLEGANLEE TOWNSHIP 1,67,0,1,111,1,3,0,56,0,0,0,35,0,1,5,0,104,1,381,7,0,0,0,0,0,0,0,39,1,521,179,205,381,521
ALLEGANLEIGHTON TOWNSHIP 1,50,1,0,121,6,10,0,407,1,0,1,122,0,0,54,0,174,14,410,14,0,0,0,0,0,5,0,80,1,1339,172,775,410,1339
ALLEGANLEIGHTON TOWNSHIP 2,27,0,0,63,2,14,0,258,0,0,0,115,0,1,58,1,132,10,202,5,0,0,0,0,0,5,0,57,0,894,90,581,202,894
ALLEGANMANLIUS TOWNSHIP 1,87,0,0,120,13,10,1,242,0,0,0,144,0,1,55,0,158,8,424,12,0,0,0,0,1,3,0,69,1,1141,207,624,424,1141
ALLEGANMARTIN TOWNSHIP 1,35,1,0,104,8,10,1,168,0,0,0,82,0,5,36,1,117,11,296,7,0,0,0,0,0,0,0,63,0,839,140,428,296,839
ALLEGANMONTEREY TOWNSHIP 1,52,1,0,76,0,6,1,172,1,0,0,58,0,3,33,1,129,7,256,9,0,0,0,0,0,0,0,52,0,748,129,404,256,748
ALLEGANOTSEGO CITY 1,128,0,0,241,0,5,1,140,0,0,0,104,1,3,57,1,147,11,651,23,0,0,0,0,0,4,0,105,1,831,369,459,651,831
ALLEGANOTSEGO TOWNSHIP 1,112,0,0,156,4,14,2,132,0,0,4,100,0,2,61,1,188,6,522,23,0,0,0,0,0,2,0,70,3,786,268,508,522,786
ALLEGANOTSEGO TOWNSHIP 2,127,0,0,119,7,12,2,120,0,0,0,84,0,1,40,1,138,5,499,16,0,0,0,0,0,1,0,62,1,728,246,405,499,728
ALLEGANOVERISEL TOWNSHIP 1,25,0,0,77,7,18,1,454,0,0,3,169,0,4,82,0,143,15,194,16,0,0,0,0,0,5,0,42,1,1437,102,881,194,1437
ALLEGANPLAINWELL CITY 1,137,0,2,269,6,2,3,150,1,0,3,109,1,1,64,2,117,7,748,30,0,0,0,0,0,4,0,102,1,786,408,459,748,786
ALLEGANSALEM TOWNSHIP 1,20,0,0,52,3,11,1,318,0,0,0,107,0,2,42,1,121,12,166,6,0,0,0,0,0,4,0,42,0,1023,72,606,166,1023
ALLEGANSALEM TOWNSHIP 2,49,0,0,91,3,10,0,194,0,0,0,82,1,2,28,0,135,5,248,9,0,0,0,0,0,2,0,58,0,925,140,455,248,925
ALLEGANSAUGATUCK CITY 1,103,0,0,87,3,3,0,17,2,0,0,44,0,0,16,1,43,0,364,7,0,0,0,0,0,0,0,14,0,180,190,129,364,180
ALLEGANSAUGATUCK TOWNSHIP 1,224,0,0,278,6,2,1,122,2,0,1,212,0,1,47,0,185,8,1010,20,0,0,0,1,0,5,0,76,0,920,502,579,1010,920
ALLEGANSOUTH HAVEN CITY 1,2,0,0,1,1,0,0,1,0,0,0,0,0,0,1,0,0,0,4,0,0,0,0,0,0,0,0,0,0,1,3,3,4,1
ALLEGANTROWBRIDGE TOWNSHIP 1,82,0,0,98,2,7,1,127,0,0,0,87,0,0,30,0,144,8,361,12,0,0,0,0,0,0,0,57,1,723,180,398,361,723
ALLEGANVALLEY TOWNSHIP 1,54,1,0,81,0,2,0,94,0,0,0,66,0,0,21,1,106,4,307,2,0,0,0,0,0,0,0,42,0,579,136,290,307,579
ALLEGANWATSON TOWNSHIP 1,50,0,0,95,3,2,0,120,0,0,2,55,0,0,28,0,86,6,265,15,0,0,0,0,0,0,0,46,1,648,145,296,265,648
ALLEGANWAYLAND CITY 1,123,0,1,236,9,7,0,212,0,1,2,98,0,4,46,1,163,9,650,40,0,0,0,0,0,0,0,110,0,1045,360,543,650,1045
ALLEGANWAYLAND TOWNSHIP 1,71,0,0,175,2,10,2,245,0,0,1,90,0,1,31,0,186,10,455,10,0,0,0,0,0,0,0,80,0,1039,246,568,455,1039
BARRYASSYRIA TOWNSHIP 1,48,0,0,63,3,23,2,164,0,0,2,57,0,1,19,0,131,5,222,18,0,0,0,0,0,0,0,35,0,740,111,402,222,740
BARRYBALTIMORE TOWNSHIP 1,57,1,0,89,1,3,2,130,0,0,0,68,0,0,23,0,123,11,233,11,0,0,0,0,0,0,0,42,0,621,147,350,233,621
BARRYBARRY TOWNSHIP 1,48,0,0,89,0,6,0,105,0,0,2,80,0,2,26,1,99,3,243,9,0,0,0,0,0,0,0,43,0,519,137,321,243,519
BARRYBARRY TOWNSHIP 2,68,0,1,104,6,6,0,90,0,0,0,72,0,2,15,0,128,3,336,15,0,0,0,0,0,0,0,47,0,544,173,319,336,544
BARRYCARLTON TOWNSHIP 1,57,0,2,114,8,14,0,162,0,0,2,115,0,1,40,0,152,13,336,8,0,0,0,0,0,0,0,69,0,840,173,494,336,840
BARRYCASTLETON TOWNSHIP 1,83,0,1,128,2,10,1,133,1,0,3,66,0,0,25,0,162,11,380,10,0,0,0,0,0,0,0,41,0,862,212,403,380,862
BARRYHASTINGS CITY 1,66,0,1,102,1,7,0,95,0,0,3,73,0,5,32,2,66,6,368,9,0,0,0,0,0,0,0,40,0,488,169,284,368,488
BARRYHASTINGS CITY 2,42,0,0,93,2,5,0,56,0,0,0,32,0,0,11,0,51,2,266,16,0,0,0,0,0,0,0,48,0,402,135,157,266,402
BARRYHASTINGS CITY 3,38,0,1,105,3,4,0,41,0,0,0,49,0,0,12,0,55,3,261,9,0,0,0,0,0,0,0,44,0,401,144,164,261,401
BARRYHASTINGS CITY 4,52,0,0,121,4,6,0,76,0,0,0,107,0,0,32,2,71,7,358,11,0,0,0,0,0,0,0,66,0,486,173,298,358,486
BARRYHASTINGS TOWNSHIP 1,90,0,0,160,3,16,3,145,0,0,3,123,0,2,48,0,177,4,462,21,0,0,0,0,0,0,0,69,0,933,250,520,462,933
BARRYHOPE TOWNSHIP 1,112,0,0,192,8,7,2,145,0,2,0,99,0,1,41,1,194,9,539,21,0,0,0,0,0,0,0,62,0,1023,304,500,539,1023
BARRYIRVING TOWNSHIP 1,10,0,1,32,1,5,0,69,0,0,0,38,0,1,22,2,58,3,64,2,0,0,0,0,0,0,0,24,0,351,43,196,64,351
BARRYIRVING TOWNSHIP 2,46,0,0,114,2,10,1,212,0,0,0,95,0,3,45,0,144,15,333,10,0,0,0,0,0,0,0,68,0,892,160,512,333,892
BARRYJOHNSTOWN TOWNSHIP 1,112,0,1,131,8,14,3,158,0,0,2,84,0,2,29,2,229,4,479,13,0,0,0,0,0,0,0,66,0,984,244,531,479,984
BARRYMAPLE GROVE TOWNSHIP 1,21,0,1,59,3,6,2,97,0,0,0,41,0,0,20,1,107,3,164,7,0,0,0,0,0,0,0,29,0,509,81,277,164,509
BARRYORANGEVILLE TOWNSHIP 1,120,0,0,178,2,11,1,133,0,0,2,96,1,0,38,0,221,7,479,18,0,0,0,0,0,0,0,77,0,967,298,505,479,967
BARRYPRAIRIEVILLE TOWNSHIP 1,84,0,0,103,0,12,9,87,2,0,0,56,0,0,25,0,89,6,356,8,0,0,0,0,0,0,0,34,0,485,187,280,356,485
BARRYPRAIRIEVILLE TOWNSHIP 2,63,1,0,112,1,2,2,79,0,0,0,69,0,0,35,0,88,3,339,5,0,0,0,0,0,0,0,33,0,487,176,276,339,487
BARRYRUTLAND TOWNSHIP 1,69,0,1,98,4,8,2,101,0,0,0,57,0,4,26,0,110,6,309,10,0,0,0,0,0,0,0,45,0,581,168,312,309,581
BARRYRUTLAND TOWNSHIP 2,71,0,0,122,4,6,0,131,2,1,0,100,0,2,35,0,119,9,430,16,0,0,0,0,0,0,0,64,0,739,193,400,430,739
BARRYTHORNAPPLE TOWNSHIP 1,41,0,0,108,3,16,0,279,0,0,1,128,1,4,56,0,158,12,357,15,0,0,0,0,0,0,0,70,0,1129,149,646,357,1129
BARRYTHORNAPPLE TOWNSHIP 2,56,0,1,113,1,13,5,178,0,0,2,105,0,0,35,1,125,7,274,14,0,0,0,0,0,0,0,39,0,828,170,465,274,828
BARRYTHORNAPPLE TOWNSHIP 3,80,0,0,205,4,10,0,171,0,0,0,106,0,0,49,1,140,14,506,35,0,0,0,0,0,0,0,106,0,940,285,481,506,940
BARRYWOODLAND TOWNSHIP 1,62,0,1,88,0,7,0,134,1,0,1,106,0,0,24,0,132,7,295,13,0,0,0,0,0,0,0,48,0,696,151,405,295,696
BARRYYANKEE SPRINGS TOWNSHIP 1,74,0,0,147,4,16,0,172,0,0,1,93,0,2,58,0,179,6,393,13,0,0,0,0,0,0,0,73,0,974,221,525,393,974
BARRYYANKEE SPRINGS TOWNSHIP 2,66,0,0,108,7,8,3,106,0,0,1,76,0,1,54,0,170,2,332,9,0,0,0,0,0,0,0,42,0,781,174,426,332,781
CHARLEVOIXBAY TOWNSHIP 1,53,0,0,95,0,4,0,65,0,0,1,63,0,0,30,0,100,1,283,6,0,0,0,0,0,0,0,18,2,441,148,263,283,441
CHARLEVOIXBOYNE CITY 16,156,0,3,301,9,11,2,128,0,0,1,163,0,1,54,0,220,3,752,36,0,0,0,0,0,0,0,75,1,1059,460,589,752,1059
CHARLEVOIXBOYNE VALLEY TOWNSHIP 2,45,0,0,65,0,2,1,38,0,0,1,35,0,3,11,0,100,3,203,10,0,0,0,0,0,0,0,35,0,402,110,191,203,402
CHARLEVOIXCHANDLER TOWNSHIP 3,10,0,0,19,0,1,0,14,0,0,0,11,0,0,8,0,22,0,39,5,0,0,0,0,0,0,0,6,0,103,29,56,39,103
CHARLEVOIXCHARLEVOIX CITY 18 WARD 1,47,0,0,73,1,2,2,34,0,0,2,75,0,0,23,0,67,0,245,5,0,0,0,0,0,0,0,19,0,282,120,206,245,282
CHARLEVOIXCHARLEVOIX CITY 19 WARD 2,42,0,1,78,0,2,2,24,0,0,0,40,0,3,11,0,40,0,209,7,0,0,0,0,0,0,0,19,0,218,121,122,209,218
CHARLEVOIXCHARLEVOIX CITY 20 WARD 3,37,0,1,56,0,4,0,54,1,0,1,48,0,0,17,0,42,2,194,3,0,0,0,0,0,0,0,13,0,269,94,167,194,269
CHARLEVOIXCHARLEVOIX TOWNSHIP 4,87,0,0,104,3,6,0,88,0,1,2,124,0,0,44,1,132,1,389,5,0,0,0,0,0,0,0,32,0,583,191,401,389,583
CHARLEVOIXEAST JORDAN CITY 21,77,0,1,138,4,4,1,65,0,0,1,46,0,3,21,0,136,2,300,15,0,0,0,0,0,0,0,36,0,610,216,281,300,610
CHARLEVOIXEVANGELINE TOWNSHIP 5,35,0,0,47,0,2,0,42,0,0,0,42,0,0,16,0,58,1,168,4,0,0,0,0,0,0,0,7,0,281,82,160,168,281
CHARLEVOIXEVELINE TOWNSHIP 6,68,0,1,89,7,15,2,83,0,0,1,86,1,1,32,0,141,1,313,11,0,0,0,0,0,0,0,37,0,616,158,369,313,616
CHARLEVOIXHAYES TOWNSHIP 7,98,0,0,127,3,7,0,106,1,0,1,101,0,1,42,0,146,6,427,23,0,0,0,0,0,0,0,48,0,697,225,408,427,697
CHARLEVOIXHUDSON TOWNSHIP 8,19,0,0,29,0,1,0,32,0,0,0,21,0,0,5,0,56,0,109,1,0,0,0,0,0,0,0,13,0,221,48,115,109,221
CHARLEVOIXMARION TOWNSHIP 9,48,0,2,108,3,8,0,98,0,0,0,102,0,4,26,1,136,1,299,9,0,0,0,0,0,0,0,36,6,630,158,378,299,630
CHARLEVOIXMELROSE TOWNSHIP 10,55,0,0,86,0,2,3,74,0,0,0,62,0,0,27,0,73,2,252,5,0,0,0,0,0,0,0,27,0,429,141,241,252,429
CHARLEVOIXNORWOOD TOWNSHIP 11,29,0,0,43,1,1,0,44,0,0,0,37,0,1,27,1,90,2,154,3,0,0,0,0,0,0,0,10,0,289,72,202,154,289
CHARLEVOIXPEAINE TOWNSHIP 12,13,0,0,23,0,3,1,14,0,0,0,14,0,0,2,0,36,0,107,3,0,0,0,0,0,0,0,10,1,132,36,70,107,132
CHARLEVOIXSOUTH ARM TOWNSHIP 14,50,0,0,72,3,6,0,84,0,0,0,70,0,0,30,2,140,2,255,13,0,0,0,0,0,0,0,29,0,669,122,335,255,669
CHARLEVOIXST JAMES TOWNSHIP 13,14,0,1,43,0,0,0,13,0,0,0,12,0,0,4,0,23,1,109,3,0,0,0,0,0,0,0,13,1,104,58,52,109,104
CHARLEVOIXWILSON TOWNSHIP 15,61,0,0,134,1,4,0,82,0,0,0,56,1,2,25,0,128,6,330,11,0,0,0,0,0,0,0,49,1,639,195,299,330,639
CHEBOYGANALOHA TOWNSHIP 1,51,0,0,47,0,1,0,38,1,0,0,30,0,1,22,0,87,2,189,5,0,0,0,0,0,0,0,22,0,384,98,180,189,384
CHEBOYGANBEAUGRAND TOWNSHIP 1,45,0,1,61,1,0,1,41,1,0,0,49,0,0,17,0,103,0,195,4,0,0,0,0,0,0,0,19,0,398,107,213,195,398
CHEBOYGANBENTON TOWNSHIP 1,152,0,1,162,4,9,5,142,0,0,0,111,1,1,61,1,269,6,597,19,0,0,0,0,0,0,0,66,0,1132,315,604,597,1132
CHEBOYGANBURT TOWNSHIP 1,21,0,0,33,3,1,0,36,0,0,1,36,1,1,27,0,65,2,138,2,0,0,0,0,0,0,0,10,0,368,54,171,138,368
CHEBOYGANCHEBOYGAN CITY 1,9,0,0,25,2,0,0,11,0,0,0,12,0,0,1,0,24,1,45,3,0,0,0,0,0,0,0,9,0,100,34,50,45,100
CHEBOYGANCHEBOYGAN CITY 2,90,0,0,152,3,1,4,117,1,0,1,54,0,2,15,0,183,12,504,14,0,0,0,0,0,0,0,64,0,884,242,381,504,884
CHEBOYGANCHEBOYGAN CITY 3,15,0,0,32,2,0,0,14,0,0,1,10,0,0,2,0,32,1,79,6,0,0,0,0,0,0,0,10,2,136,47,61,79,136
CHEBOYGANELLIS TOWNSHIP 1,16,0,0,33,0,1,0,39,0,0,0,21,0,0,9,0,35,0,92,4,0,0,0,0,0,0,0,15,0,211,49,105,92,211
CHEBOYGANFOREST TOWNSHIP 1,42,0,0,38,0,0,0,33,0,0,0,19,0,2,7,1,76,1,145,3,0,0,0,0,0,0,0,15,0,306,80,138,145,306
CHEBOYGANGRANT TOWNSHIP 1,61,0,0,51,0,1,0,32,1,0,0,31,0,0,14,0,92,6,190,2,0,0,0,0,0,0,0,18,0,309,112,171,190,309
CHEBOYGANHEBRON TOWNSHIP 1,12,0,0,22,0,0,0,14,0,0,0,16,0,0,2,1,17,0,57,2,0,0,0,0,0,0,0,5,0,87,34,50,57,87
CHEBOYGANINVERNESS TOWNSHIP 1,120,0,0,118,6,6,1,136,0,0,0,65,0,3,31,3,183,6,419,14,0,0,0,0,0,0,0,41,0,813,238,434,419,813
CHEBOYGANKOEHLER TOWNSHIP 1,19,0,0,46,0,2,1,40,0,0,0,30,0,0,20,0,82,4,117,4,0,0,0,0,0,0,0,22,0,383,65,175,117,383
CHEBOYGANMACKINAW TOWNSHIP 1,37,0,0,35,2,1,0,29,0,0,0,15,0,0,7,0,67,1,122,3,0,0,0,0,0,0,0,5,0,209,72,121,122,209
CHEBOYGANMENTOR TOWNSHIP 1,23,1,0,50,1,1,0,44,0,0,0,18,0,1,10,0,85,1,136,7,0,0,0,0,0,0,0,11,0,286,74,160,136,286
CHEBOYGANMULLETT TOWNSHIP 1,62,0,0,73,0,7,0,68,1,0,1,80,0,0,28,0,113,0,230,5,0,0,0,0,0,0,0,22,2,481,135,298,230,481
CHEBOYGANMUNRO TOWNSHIP 1,42,0,0,36,0,5,1,26,0,0,0,32,0,0,9,0,72,2,141,5,0,0,0,0,0,0,0,14,0,241,78,145,141,241
CHEBOYGANNUNDA TOWNSHIP 1,39,0,0,49,1,2,0,37,0,0,1,28,0,0,10,0,93,4,152,6,0,0,0,0,0,0,0,18,0,341,88,172,152,341
CHEBOYGANTUSCARORA TOWNSHIP 1,107,0,2,173,8,6,4,127,1,0,0,134,0,2,48,0,293,7,559,24,0,0,0,0,0,0,0,52,0,1143,282,623,559,1143
CHEBOYGANWALKER TOWNSHIP 1,10,0,0,16,0,0,0,7,0,0,0,1,0,0,1,0,17,0,30,0,0,0,0,0,0,0,0,6,0,83,26,26,30,83
CHEBOYGANWAVERLY TOWNSHIP 1,14,0,0,21,0,1,0,15,0,0,0,12,0,0,9,0,39,1,66,0,0,0,0,0,0,0,0,5,0,161,35,76,66,161
CHEBOYGANWILMOT TOWNSHIP 1,23,0,1,45,0,2,0,36,0,0,0,11,0,1,4,0,62,1,99,8,0,0,0,0,0,0,0,14,0,227,69,116,99,227
CLAREARTHUR TOWNSHIP 1,10,0,0,19,1,2,0,47,0,1,1,22,0,0,10,0,47,0,48,2,0,0,0,0,0,0,0,6,0,254,29,131,48,254
CLARECLARE CITY 1,112,0,1,147,4,18,1,111,0,1,3,61,0,6,37,0,106,2,508,12,0,0,0,0,1,0,0,64,0,628,260,348,508,628
CLAREFRANKLIN TOWNSHIP 1,35,0,0,22,2,3,0,27,0,0,0,15,0,0,10,0,69,4,118,5,0,0,0,0,0,0,0,9,0,244,57,126,118,244
CLAREFREEMAN TOWNSHIP 1,70,0,1,35,1,6,1,23,0,0,1,24,0,0,11,0,120,2,216,4,0,0,0,0,0,0,0,18,0,354,106,187,216,354
CLAREFROST TOWNSHIP 1,33,0,0,33,1,2,0,41,0,0,0,22,0,0,8,0,82,1,120,5,0,0,0,0,0,0,0,12,0,347,66,156,120,347
CLAREGARFIELD TOWNSHIP 1,79,0,0,89,0,1,0,62,0,0,0,30,0,0,18,2,157,2,286,7,0,0,0,0,0,0,0,15,0,569,168,270,286,569
CLAREGRANT TOWNSHIP 1,85,0,1,154,3,10,0,157,1,1,3,98,0,0,58,1,204,5,422,14,0,0,0,0,0,2,0,66,1,1020,240,536,422,1020
CLAREGREENWOOD TOWNSHIP 1,43,0,1,48,1,0,1,50,0,0,1,38,0,0,8,0,112,2,155,4,0,0,0,0,0,0,0,9,0,361,92,211,155,361
CLAREHAMILTON TOWNSHIP 1,70,0,0,73,1,3,0,74,0,0,1,37,0,1,17,1,92,3,256,7,0,0,0,0,0,0,0,22,1,528,143,227,256,528
CLAREHARRISON CITY 1,74,0,0,77,1,8,1,51,0,0,0,41,0,0,17,1,89,9,269,7,0,0,0,0,0,0,0,35,1,465,151,209,269,465
CLAREHATTON TOWNSHIP 1,28,0,1,31,0,3,0,40,0,0,1,36,1,0,5,0,87,3,103,0,0,0,0,0,0,3,0,8,1,329,60,173,103,329
CLAREHAYES TOWNSHIP 1,86,0,0,75,0,7,0,54,0,0,0,33,0,1,30,1,140,4,277,9,0,0,0,0,0,0,0,23,0,601,161,266,277,601
CLAREHAYES TOWNSHIP 2,76,0,4,86,1,5,1,59,0,0,0,33,0,0,15,0,133,8,294,7,0,0,0,0,0,0,0,25,1,561,166,247,294,561
CLARELINCOLN TOWNSHIP 1,78,0,0,78,2,2,0,38,0,0,0,37,1,1,12,0,145,3,302,8,0,0,0,0,0,0,0,26,1,499,156,238,302,499
CLAREREDDING TOWNSHIP 1,17,0,0,25,0,1,0,21,0,0,0,3,0,0,4,0,34,0,49,0,0,0,0,0,0,0,0,4,0,129,42,63,49,129
CLARESHERIDAN TOWNSHIP 1,29,0,0,44,1,7,0,75,0,0,0,26,0,0,19,0,83,3,134,7,0,0,0,0,0,1,0,21,0,429,73,211,134,429
CLARESUMMERFIELD TOWNSHIP 1,11,0,0,17,0,1,0,7,0,0,0,12,0,0,2,0,44,2,80,0,0,0,0,0,0,0,0,8,0,145,28,66,80,145
CLARESURREY TOWNSHIP 1,138,0,1,161,6,12,2,109,0,0,0,49,0,0,48,2,209,9,545,16,0,0,0,0,0,0,0,54,0,906,300,437,545,906
CLAREWINTERFIELD TOWNSHIP 1,16,0,0,25,1,1,0,14,0,0,0,19,0,0,5,0,43,5,67,6,0,0,0,0,0,0,0,10,0,136,41,83,67,136
GOGEBICBESSEMER CITY 1,97,0,0,111,0,3,0,51,0,0,0,40,0,1,20,0,98,9,409,19,0,0,0,0,0,1,0,27,0,470,208,213,409,470
GOGEBICBESSEMER TOWNSHIP 1,61,0,0,52,1,0,0,23,0,0,0,26,1,1,17,0,75,4,210,9,0,0,0,0,0,0,0,12,1,387,113,144,210,387
GOGEBICERWIN TOWNSHIP 1,12,0,0,18,0,3,0,20,0,0,0,8,0,0,2,0,25,3,70,1,0,1,0,0,0,0,0,5,0,108,30,58,70,108
GOGEBICIRONWOOD CITY 1,109,0,0,134,1,1,0,39,0,0,0,44,0,1,19,0,85,4,457,12,0,0,0,0,0,8,0,28,0,504,243,190,457,504
GOGEBICIRONWOOD CITY 2,77,0,0,111,0,1,4,27,1,1,1,34,0,1,24,0,67,1,412,21,0,0,0,0,0,0,0,33,1,438,188,161,412,438
GOGEBICIRONWOOD CITY 3,32,0,0,43,1,0,0,13,0,0,0,11,0,0,6,0,33,0,147,2,0,0,0,0,0,0,0,22,0,189,75,64,147,189
GOGEBICIRONWOOD TOWNSHIP 1,101,0,0,147,2,1,0,124,0,1,0,57,0,2,42,0,112,4,501,22,0,0,0,0,0,4,0,33,1,703,248,341,501,703
GOGEBICMARENISCO TOWNSHIP 1,32,0,1,34,0,0,0,18,0,0,0,17,1,0,11,0,62,0,95,3,0,0,0,0,0,1,0,2,0,247,67,109,95,247
GOGEBICWAKEFIELD CITY 1,87,1,1,79,2,1,0,27,0,0,0,30,0,1,13,0,89,4,307,11,0,0,0,0,0,2,0,30,5,440,168,163,307,440
GOGEBICWAKEFIELD TOWNSHIP 1,16,0,1,18,0,0,0,13,0,0,0,8,0,0,5,0,19,0,56,2,0,0,0,0,0,0,0,3,0,110,35,45,56,110
GOGEBICWATERSMEET TOWNSHIP 1,54,0,0,43,2,2,0,44,0,0,0,50,1,0,14,0,88,1,261,16,0,0,0,0,0,0,0,18,0,422,97,201,261,422
GRATIOTALMA CITY 1,104,0,0,187,0,0,0,0,0,0,0,77,0,1,39,0,79,0,567,17,0,0,0,0,0,0,0,53,0,501,291,196,567,501
GRATIOTALMA CITY 2,119,0,1,177,0,0,0,0,0,0,0,54,0,1,40,0,88,5,545,13,0,0,0,0,0,0,0,60,1,599,297,183,545,599
GRATIOTALMA CITY 3,116,0,1,184,0,0,0,0,0,0,0,21,0,2,15,1,83,5,494,7,0,0,0,0,0,0,0,63,1,509,301,122,494,509
GRATIOTARCADA TOWNSHIP 1,59,0,0,83,0,0,0,0,0,0,0,62,0,0,20,0,82,3,309,6,0,0,0,0,0,0,0,31,0,492,142,164,309,492
GRATIOTBETHANY TOWNSHIP 1,27,0,0,51,0,0,0,0,0,0,0,26,0,0,12,0,107,3,153,7,0,0,0,0,0,0,0,21,1,472,78,145,153,472
GRATIOTELBA TOWNSHIP 1,50,0,0,56,0,0,0,0,0,0,0,22,0,1,14,0,86,5,171,6,0,0,0,0,0,0,0,22,0,382,106,123,171,382
GRATIOTEMERSON TOWNSHIP 1,23,0,0,20,0,0,0,0,0,0,0,22,0,1,10,0,49,1,129,5,0,0,0,0,0,0,0,9,0,299,43,82,129,299
GRATIOTFULTON TOWNSHIP 1,83,0,1,82,0,0,0,0,0,0,0,67,0,1,25,0,160,8,372,6,0,0,0,0,0,0,0,47,0,736,166,253,372,736
GRATIOTHAMILTON TOWNSHIP 1,8,0,0,16,0,0,0,0,0,0,0,5,0,0,6,0,30,1,49,2,0,0,0,0,0,0,0,7,0,136,24,41,49,136
GRATIOTITHACA CITY 1,104,0,1,158,0,0,0,0,0,0,0,59,0,0,42,0,125,4,470,5,0,0,0,0,0,0,0,50,1,740,263,226,470,740
GRATIOTLAFAYETTE TOWNSHIP 1,17,0,0,19,0,0,0,0,0,0,0,12,0,1,8,2,41,2,82,2,0,0,0,0,0,0,0,8,1,205,36,64,82,205
GRATIOTNEW HAVEN TOWNSHIP 1,20,0,0,33,0,0,0,0,0,0,0,31,0,2,6,0,39,1,116,4,0,0,0,0,0,0,0,15,0,301,53,78,116,301
GRATIOTNEWARK TOWNSHIP 1,26,0,0,44,0,0,0,0,0,0,0,25,0,0,14,1,53,0,116,6,0,0,0,0,0,0,0,26,0,259,70,93,116,259
GRATIOTNORTH SHADE TOWNSHIP 1,9,0,0,21,0,0,0,0,0,0,0,16,0,0,8,0,37,1,55,0,0,0,0,0,0,0,0,11,0,182,30,61,55,182
GRATIOTNORTH STAR TOWNSHIP 1,32,0,0,39,0,0,0,0,0,0,0,30,0,2,8,0,56,3,119,2,0,0,0,0,0,0,0,20,0,284,71,96,119,284
GRATIOTPINE RIVER TOWNSHIP 1,95,0,0,104,0,0,0,0,0,0,0,66,0,1,29,0,140,5,381,6,0,0,0,0,0,0,0,43,0,743,199,236,381,743
GRATIOTSEVILLE TOWNSHIP 1,52,0,5,111,0,0,0,0,0,0,0,37,0,0,16,0,111,2,265,13,0,0,0,0,0,0,0,35,0,643,168,164,265,643
GRATIOTST. LOUIS CITY 1,111,0,0,197,0,0,0,0,0,0,0,68,0,2,29,1,159,7,574,18,0,0,0,0,0,0,0,73,2,782,308,259,574,782
GRATIOTSUMNER TOWNSHIP 1,48,0,0,99,0,0,0,0,0,0,0,37,1,1,12,1,99,1,262,6,0,0,0,0,0,0,0,32,1,505,147,151,262,505
GRATIOTWASHINGTON TOWNSHIP 1,24,0,0,31,0,0,0,0,0,0,0,23,0,0,13,0,58,0,108,0,0,0,0,0,0,0,0,21,0,314,55,94,108,314
GRATIOTWHEELER TOWNSHIP 1,58,1,0,100,0,0,0,0,0,0,0,59,0,0,17,1,117,6,329,9,0,0,0,0,0,0,0,40,1,796,159,194,329,796
HOUGHTONADAMS TOWNSHIP 1,86,0,0,127,1,6,0,98,0,0,0,53,0,0,15,0,71,13,433,7,0,0,0,0,0,0,0,70,0,551,213,244,433,551
HOUGHTONCALUMET TOWNSHIP 1,82,0,1,117,2,5,0,98,0,0,0,44,0,1,19,0,99,3,355,10,0,0,0,0,0,0,0,41,0,544,200,268,355,544
HOUGHTONCALUMET TOWNSHIP 2,16,0,1,61,2,6,0,63,1,0,0,37,0,0,12,0,84,1,206,13,0,0,0,0,0,0,0,38,0,486,78,205,206,486
HOUGHTONCALUMET TOWNSHIP 5,25,0,0,43,0,2,0,17,1,0,0,15,0,0,11,0,36,1,95,7,0,0,0,0,0,0,0,14,0,137,68,82,95,137
HOUGHTONCALUMET TOWNSHIP 9,72,0,0,116,0,2,0,90,0,0,0,64,0,4,26,1,73,4,308,11,0,0,0,0,0,0,0,36,0,512,188,260,308,512
HOUGHTONCHASSELL TOWNSHIP 1,53,0,0,94,5,4,0,170,0,0,0,76,0,0,31,1,104,7,299,11,0,0,0,0,0,0,0,64,1,681,147,391,299,681
HOUGHTONDUNCAN TOWNSHIP 1,6,0,0,6,0,0,0,8,0,0,0,6,0,0,3,0,14,0,18,0,0,0,0,0,0,0,0,0,0,56,12,31,18,56
HOUGHTONDUNCAN TOWNSHIP 2,2,0,0,5,0,0,0,5,0,0,0,6,0,0,0,0,17,0,21,1,0,0,0,0,0,0,0,0,0,49,7,28,21,49
HOUGHTONELM RIVER TOWNSHIP 1,7,0,0,18,0,1,1,2,0,0,0,3,0,0,3,0,20,1,61,0,0,0,0,0,0,0,0,5,0,83,25,30,61,83
HOUGHTONFRANKLIN TOWNSHIP 1,41,0,0,54,2,1,0,80,0,0,2,19,0,0,20,1,45,1,164,4,0,0,0,0,0,0,0,24,0,270,95,170,164,270
HOUGHTONFRANKLIN TOWNSHIP 2,19,0,0,40,0,3,0,19,0,0,1,10,0,0,5,0,14,0,93,4,0,0,0,0,0,0,0,11,1,97,59,52,93,97
HOUGHTONHANCOCK CITY 1,47,0,0,123,0,0,0,30,0,0,0,37,0,1,15,0,26,0,294,12,0,0,0,0,0,0,0,32,0,209,170,109,294,209
HOUGHTONHANCOCK CITY 2,50,0,0,137,1,2,0,53,0,0,1,48,0,0,23,0,52,1,333,15,0,0,0,0,0,0,0,40,0,319,187,180,333,319
HOUGHTONHANCOCK CITY 3,48,0,0,73,3,4,0,54,0,0,0,48,0,1,15,0,56,0,255,10,0,0,0,0,0,0,0,43,0,333,121,181,255,333
HOUGHTONHANCOCK TOWNSHIP 1,19,0,0,13,0,0,0,49,1,0,0,17,0,2,11,0,17,0,77,2,0,0,0,0,0,0,0,8,0,174,32,97,77,174
HOUGHTONHOUGHTON CITY 1,88,0,0,135,1,1,1,54,2,1,0,50,1,2,33,0,44,3,427,11,0,0,0,0,0,0,0,32,1,328,223,190,427,328
HOUGHTONHOUGHTON CITY 2,115,0,0,190,1,4,0,58,0,0,2,43,0,1,33,0,60,3,612,31,0,0,0,0,0,0,0,83,1,329,305,202,612,329
HOUGHTONLAIRD TOWNSHIP 1,19,0,0,37,1,2,0,24,0,0,1,13,1,0,4,0,23,5,85,0,0,0,0,0,0,0,0,8,0,170,56,69,85,170
HOUGHTONOSCEOLA TOWNSHIP 1,11,0,0,45,0,0,0,20,0,1,0,13,0,0,7,0,39,0,77,5,0,0,0,0,0,0,0,16,0,147,56,80,77,147
HOUGHTONOSCEOLA TOWNSHIP 2,20,0,0,60,0,0,0,38,0,0,0,31,0,0,12,0,49,0,142,5,0,0,0,0,0,0,0,28,0,266,80,130,142,266
HOUGHTONOSCEOLA TOWNSHIP 4,9,0,0,23,0,0,0,36,0,0,0,8,0,0,5,0,23,1,66,4,0,0,0,0,0,0,0,8,0,135,32,72,66,135
HOUGHTONPORTAGE TOWNSHIP 1,23,0,0,59,0,2,1,36,0,0,0,31,0,3,20,0,33,2,157,5,0,0,0,0,0,0,0,30,0,279,82,126,157,279
HOUGHTONPORTAGE TOWNSHIP 2,55,0,1,100,1,3,1,71,0,0,0,45,0,2,20,0,49,3,276,14,0,0,0,0,0,0,0,43,0,365,156,192,276,365
HOUGHTONPORTAGE TOWNSHIP 4,29,0,0,54,0,2,1,43,0,0,0,29,0,0,6,1,44,8,151,4,0,0,0,0,0,0,0,26,0,209,83,126,151,209
HOUGHTONQUINCY TOWNSHIP 1,6,0,0,20,0,1,0,18,0,0,0,9,0,0,6,1,15,0,51,2,0,0,0,0,0,0,0,4,0,91,26,50,51,91
HOUGHTONSCHOOLCRAFT TOWNSHIP 1,46,0,0,94,0,9,0,72,1,1,0,47,0,0,33,0,73,6,322,8,0,0,0,0,0,0,0,52,0,504,140,236,322,504
HOUGHTONSTANTON TOWNSHIP 1,35,1,0,73,1,4,0,99,0,0,0,38,1,0,14,1,53,4,232,13,0,0,0,0,0,0,0,41,0,432,109,211,232,432
HOUGHTONSTANTON TOWNSHIP 2,13,0,0,17,2,1,0,7,0,0,0,7,0,0,0,0,4,0,47,0,0,0,0,0,0,0,0,2,0,42,30,21,47,42
HOUGHTONTORCH LAKE TOWNSHIP 1,43,0,0,64,1,4,0,48,2,0,0,37,0,0,21,0,72,0,207,4,0,0,0,0,0,0,0,29,0,349,107,185,207,349
HOUGHTONTORCH LAKE TOWNSHIP 2,24,0,1,41,0,2,0,37,1,0,0,42,0,0,16,0,66,5,154,3,0,0,0,0,0,0,0,9,1,328,66,164,154,328
IRONBATES TOWNSHIP 1,48,0,0,34,1,1,0,76,1,0,0,31,0,1,13,0,94,0,141,0,0,0,0,0,0,0,0,15,0,352,82,218,141,352
IRONCASPIAN CITY 1,45,0,0,43,0,0,0,19,0,0,0,15,0,0,4,0,40,2,164,4,0,0,0,0,0,0,0,9,1,202,88,78,164,202
IRONCRYSTAL FALLS CITY 1,68,0,0,80,0,2,0,35,0,0,0,32,0,0,5,0,81,2,304,5,0,0,0,0,0,0,0,35,0,393,148,155,304,393
IRONCRYSTAL FALLS TOWNSHIP 1,83,0,0,97,2,3,0,71,1,0,0,45,1,1,17,0,117,1,323,6,0,0,0,0,0,0,0,28,0,517,180,258,323,517
IRONGAASTRA CITY 1,12,0,0,18,0,0,0,12,0,0,0,10,0,1,0,0,25,0,50,3,0,0,0,0,0,0,0,4,0,116,30,48,50,116
IRONHEMATITE TOWNSHIP 1,16,0,0,17,0,0,0,5,0,0,0,7,0,0,7,0,26,1,55,1,0,0,0,0,0,0,0,6,0,90,33,45,55,90
IRONIRON RIVER CITY 1,22,0,0,30,1,1,0,27,0,0,0,20,0,0,5,0,61,0,90,5,0,0,0,0,0,0,0,8,1,253,52,115,90,253
IRONIRON RIVER CITY 2,28,0,0,23,1,4,0,28,0,0,0,14,0,0,5,0,22,2,94,1,0,0,0,0,0,0,0,6,0,166,51,74,94,166
IRONIRON RIVER CITY 3,23,0,0,30,1,2,0,19,1,0,0,15,0,1,3,2,43,0,107,1,0,0,0,0,0,0,0,6,0,186,53,87,107,186
IRONIRON RIVER CITY 4,20,0,0,25,1,0,0,21,0,0,1,19,0,1,3,0,32,0,80,3,0,0,0,0,0,0,0,3,0,191,45,78,80,191
IRONIRON RIVER TOWNSHIP 1,32,0,0,48,0,0,0,51,0,0,5,39,0,0,22,1,100,3,138,2,0,0,0,0,0,0,0,25,0,414,80,218,138,414
IRONMANSFIELD TOWNSHIP 1,11,0,0,14,0,1,0,19,0,0,0,6,0,0,2,0,23,1,43,0,0,0,0,0,0,0,0,7,0,107,25,51,43,107
IRONMANSFIELD TOWNSHIP 2,1,0,0,2,0,0,0,1,0,0,0,2,0,0,0,0,5,0,6,0,0,0,0,0,0,0,0,0,0,5,3,8,6,5
IRONMASTODON TOWNSHIP 1,42,0,0,26,1,4,0,15,0,0,0,36,0,0,4,0,64,0,134,1,0,0,0,0,0,0,0,8,0,181,68,124,134,181
IRONMASTODON TOWNSHIP 2,5,0,0,6,0,2,0,6,0,0,0,1,0,0,0,0,18,1,24,0,0,0,0,0,0,0,0,1,0,39,11,27,24,39
IRONSTAMBAUGH TOWNSHIP 1,71,0,0,53,3,8,0,57,0,0,0,41,0,1,13,0,117,5,251,4,0,0,0,0,0,0,0,14,0,463,124,240,251,463
KALAMAZOOALAMO 1,60,0,0,94,4,2,1,131,0,0,1,80,0,1,32,0,92,4,297,8,0,0,0,0,0,0,0,40,0,508,154,344,297,508
KALAMAZOOALAMO 2,99,1,0,114,3,6,0,185,1,0,2,114,0,0,73,1,115,9,480,12,0,0,0,0,0,0,0,46,0,794,214,500,480,794
KALAMAZOOBRADY 1,100,0,1,132,7,8,5,116,0,0,3,95,0,3,35,0,136,2,451,11,0,0,0,0,0,0,0,59,0,761,233,408,451,761
KALAMAZOOBRADY 2,39,0,0,93,6,9,0,152,0,1,0,94,0,2,38,1,134,5,277,4,0,0,0,0,0,0,0,60,0,765,132,437,277,765
KALAMAZOOCHARLESTON 1,74,0,1,108,3,8,0,133,0,0,0,71,0,0,45,0,126,6,355,16,0,0,0,0,0,0,0,41,2,624,183,386,355,624
KALAMAZOOCLIMAX 1,65,1,2,108,5,5,0,148,0,0,1,73,0,1,39,0,177,2,348,13,0,0,0,0,0,0,0,42,0,808,176,449,348,808
KALAMAZOOCOMSTOCK 1,106,0,2,147,4,12,1,96,3,0,0,80,0,1,34,2,158,9,480,19,0,0,0,0,0,0,0,65,0,753,255,391,480,753
KALAMAZOOCOMSTOCK 2,113,0,0,176,6,6,0,64,0,0,0,46,0,0,7,0,119,4,469,18,0,0,0,0,0,0,0,58,2,465,289,248,469,465
KALAMAZOOCOMSTOCK 3,60,0,0,71,2,3,0,26,0,0,0,7,0,0,10,2,58,3,223,7,0,0,0,0,0,0,0,31,0,245,131,108,223,245
KALAMAZOOCOMSTOCK 4,88,0,0,98,4,4,1,115,0,1,0,133,0,1,42,1,97,2,471,7,0,0,0,0,0,0,0,50,0,539,186,399,471,539
KALAMAZOOCOMSTOCK 5,66,0,0,96,4,10,0,115,0,0,1,74,0,0,28,0,100,6,354,3,0,0,0,0,0,0,0,42,1,566,162,332,354,566
KALAMAZOOCOMSTOCK 6,126,0,0,175,3,10,4,95,2,0,0,77,0,0,40,0,93,3,624,19,0,0,0,0,0,0,0,58,0,508,301,324,624,508
KALAMAZOOCOMSTOCK 7,51,0,0,120,2,0,0,39,0,0,1,24,0,1,12,1,24,2,348,10,0,0,0,0,0,0,0,35,1,195,171,104,348,195
KALAMAZOOCOMSTOCK 8,123,0,1,119,3,9,1,99,0,0,0,82,0,0,36,1,97,2,513,8,0,0,0,0,0,0,0,42,1,529,243,328,513,529
KALAMAZOOCOOPER 1,57,1,0,104,1,9,0,64,0,0,0,65,0,0,32,0,73,6,297,7,0,0,0,0,0,0,0,23,0,411,162,244,297,411
KALAMAZOOCOOPER 2,64,0,0,104,2,6,3,86,0,0,0,101,0,1,40,0,105,6,391,7,0,0,0,0,0,0,0,47,0,477,168,344,391,477
KALAMAZOOCOOPER 3,174,0,1,267,0,12,1,146,1,0,2,110,0,1,55,0,124,8,762,28,0,0,0,0,0,0,0,88,0,765,442,452,762,765
KALAMAZOOCOOPER 4,116,1,0,178,9,23,3,201,1,0,4,131,0,1,87,1,475,6,617,5,0,0,0,0,0,0,0,74,1,1026,295,936,617,1026
KALAMAZOOCOOPER 5,35,0,0,97,0,1,0,22,0,0,0,19,0,1,9,0,24,0,210,8,0,0,0,0,0,0,0,25,1,155,132,76,210,155
KALAMAZOOGALESBURG 1,59,0,0,102,3,2,2,42,0,0,1,23,0,1,12,0,80,2,281,13,0,0,0,0,0,0,0,36,0,395,161,166,281,395
KALAMAZOOKALAMAZOO 1,30113,0,0,41315,21,2,0,158,0,0,0,830,0,1,311,0,1922,1,871,32,0,0,0,0,0,0,0,46,3,258,71428,3245,871,258
KALAMAZOOKALAMAZOO 10,154210,9,1,179260,11,17,2,4282,0,1,2,3055,0,0,1234,0,5678,17,1540,46,0,0,0,0,0,0,0,121,4,717,333480,14282,1540,717
KALAMAZOOKALAMAZOO 11,94161,10,91,171181,10,0,0,345,0,1,20,224,0,10,23,0,459,10,1193,28,0,0,0,0,0,0,0,59,2,269,265443,1092,1193,269
KALAMAZOOKALAMAZOO 12,148184,0,0,228288,17,62,0,4949,0,0,10,4487,0,10,1627,0,5961,5,1623,43,0,0,0,0,0,0,0,104,2,681,376472,17123,1623,681
KALAMAZOOKALAMAZOO 13,81,0,1,138,0,1,0,13,0,0,0,12,0,0,4,0,28,1,483,17,0,0,0,0,0,0,0,16,4,126,220,58,483,126
KALAMAZOOKALAMAZOO 14,95,0,0,163,0,2,1,0,1,0,0,14,0,0,9,1,21,3,537,16,0,0,0,0,0,0,0,25,1,124,258,49,537,124
KALAMAZOOKALAMAZOO 15,134,0,0,239,0,5,0,33,0,0,0,24,0,1,9,0,40,4,815,21,0,0,0,0,0,0,0,39,4,211,373,112,815,211
KALAMAZOOKALAMAZOO 16,149,0,0,329,0,4,1,78,0,0,2,58,0,3,41,1,51,9,859,20,0,0,0,0,0,0,0,66,0,377,478,239,859,377
KALAMAZOOKALAMAZOO 17,135,0,1,237,6,4,2,68,0,0,1,67,0,1,36,0,50,2,710,15,0,0,0,0,0,0,0,50,1,335,373,235,710,335
KALAMAZOOKALAMAZOO 18,133,0,0,239,1,5,0,49,0,0,0,51,0,0,21,0,59,2,682,22,0,0,0,0,0,0,0,51,2,325,372,186,682,325
KALAMAZOOKALAMAZOO 19,137,2,0,336,5,3,2,63,1,0,0,49,0,2,18,0,48,1,950,28,0,0,0,0,0,0,0,86,0,367,475,191,950,367
KALAMAZOOKALAMAZOO 2,7856,0,0,134272,10,20,0,3718,0,0,0,1915,1,11,125,0,407,6,1837,67,0,0,0,0,0,0,0,149,1,699,142128,6207,1837,699
KALAMAZOOKALAMAZOO 20,274,1,0,472,1,5,0,62,1,0,1,128,0,0,33,1,54,3,1168,20,0,0,0,0,0,0,0,73,1,348,747,286,1168,348
KALAMAZOOKALAMAZOO 21,198,0,0,255,2,1,1,31,0,0,1,102,0,0,28,0,37,1,786,13,0,0,0,0,0,0,0,30,0,202,453,203,786,202
KALAMAZOOKALAMAZOO 22,186,3,1,310,1,2,2,55,0,0,1,103,0,0,39,0,45,5,1034,22,0,0,0,0,0,0,0,53,2,316,500,248,1034,316
KALAMAZOOKALAMAZOO 23,108,0,0,149,3,2,2,26,1,0,0,48,0,0,16,1,30,3,486,18,0,0,0,0,0,0,0,34,0,184,257,129,486,184
KALAMAZOOKALAMAZOO 24,88,1,1,256,2,4,0,25,0,0,2,31,0,0,0,0,19,6,561,18,0,0,0,0,0,0,0,27,1,131,346,83,561,131
KALAMAZOOKALAMAZOO 25,175,0,0,211,2,5,3,56,0,0,0,142,0,0,39,0,80,5,703,8,0,0,0,0,0,0,0,51,0,337,386,327,703,337
KALAMAZOOKALAMAZOO 26,215,1,3,263,8,2,2,38,0,0,0,108,0,1,18,3,70,7,841,13,0,0,0,0,0,0,0,46,1,343,482,250,841,343
KALAMAZOOKALAMAZOO 27,58,0,0,229,0,0,0,4,0,0,0,12,0,0,7,0,8,0,493,24,0,0,0,0,0,0,0,23,3,71,287,31,493,71
KALAMAZOOKALAMAZOO 3,82,0,0,564,0,0,0,12,0,0,0,23,2,0,3,1,27,9,1934,72,0,0,0,0,0,0,0,126,4,750,646,68,1934,750
KALAMAZOOKALAMAZOO 4,8018,0,20,206137,10,21,0,266,0,0,10,2511,0,0,17,0,2912,0,883,36,0,0,0,0,0,0,0,92,1,432,214175,5747,883,432
KALAMAZOOKALAMAZOO 5,173167,0,90,319362,31,20,1,7040,0,0,0,7666,2,1,4029,20,4535,3,2042,49,0,0,0,0,0,0,0,161,1,713,492619,23345,2042,713
KALAMAZOOKALAMAZOO 6,187,1,1,231,8,2,1,60,0,1,0,90,0,1,39,1,47,2,843,19,0,0,0,0,0,0,0,47,0,343,420,250,843,343
KALAMAZOOKALAMAZOO 7,141154,0,10,227424,61,31,2,7219,0,0,10,5627,0,10,2713,0,4215,8,1646,61,0,0,0,0,0,0,0,79,0,379,368588,19888,1646,379
KALAMAZOOKALAMAZOO 8,69167,0,1,89132,10,2,21,153,0,0,0,255,0,0,73,0,248,3,1113,12,0,0,0,0,0,0,0,28,2,128,158300,762,1113,128
KALAMAZOOKALAMAZOO 9,205230,0,10,239127,100,70,20,1512,0,0,10,141,0,30,592,0,1184,4,1801,26,0,0,0,0,0,0,0,77,0,688,444367,3659,1801,688
KALAMAZOOOSHTEMO 1,82,0,0,94,3,6,1,130,1,0,0,105,1,1,35,0,101,8,398,9,0,0,0,0,0,0,0,40,1,547,176,384,398,547
KALAMAZOOOSHTEMO 10,72,1,0,82,4,3,1,48,9,0,0,0,0,0,14,0,60,4,296,11,0,0,0,0,0,0,0,26,0,291,155,139,296,291
KALAMAZOOOSHTEMO 2,126,0,1,230,3,3,0,157,2,0,1,160,0,1,57,0,109,9,787,10,0,0,0,0,0,0,0,80,0,762,357,493,787,762
KALAMAZOOOSHTEMO 4,184,0,0,208,8,8,1,98,1,0,0,80,0,1,53,1,90,6,771,14,0,0,0,0,0,0,0,60,2,439,392,341,771,439
KALAMAZOOOSHTEMO 5,101,0,9,201,2,8,0,25,0,0,1,15,0,3,18,1,27,1,718,21,0,0,0,0,0,0,0,42,2,173,311,100,718,173
KALAMAZOOOSHTEMO 6,132,0,0,165,6,10,2,66,0,0,1,69,0,1,43,0,56,3,640,13,0,0,0,0,0,0,0,57,0,377,297,254,640,377
KALAMAZOOOSHTEMO 7,133,1,0,167,7,0,1,74,0,0,1,73,0,1,40,0,78,4,619,15,0,0,0,0,0,0,0,39,0,390,301,275,619,390
KALAMAZOOOSHTEMO 8,14,0,0,116,3,5,0,35,0,0,0,37,0,0,17,0,55,0,424,17,0,0,0,0,0,0,0,34,0,272,130,152,424,272
KALAMAZOOOSHTEMO 9,156,0,0,235,3,5,1,74,0,0,0,96,1,1,47,0,73,3,924,19,0,0,0,0,0,0,0,55,0,529,391,301,924,529
KALAMAZOOOSHTENO 3,191,0,0,155,3,3,1,74,0,0,0,157,1,0,55,0,72,1,717,11,0,0,0,0,0,0,0,43,0,413,346,366,717,413
KALAMAZOOPAVILION 1,1,0,0,149,4,18,3,145,0,0,2,114,0,1,41,1,142,3,536,14,0,0,0,0,0,0,0,68,0,806,150,471,536,806
KALAMAZOOPAVILION 2,53,0,1,68,2,3,0,78,1,0,0,69,0,0,22,0,108,3,274,8,0,0,0,0,0,0,0,35,0,484,122,283,274,484
KALAMAZOOPAVILION 3,83,0,1,1,0,3,0,59,0,0,0,57,1,0,13,1,74,6,374,15,0,0,0,0,0,0,0,35,1,409,85,208,374,409
KALAMAZOOPORTAGE 1,104,2,0,186,7,0,0,67,0,0,1,54,0,0,24,3,55,12,604,17,0,0,0,0,0,0,0,44,0,348,292,211,604,348
KALAMAZOOPORTAGE 10,105,0,2,198,2,10,0,105,1,0,1,102,0,0,71,0,148,14,656,19,0,0,0,0,0,0,0,76,0,770,305,440,656,770
KALAMAZOOPORTAGE 11,136,0,1,214,2,7,0,111,0,0,0,118,0,3,59,1,88,5,805,15,0,0,0,0,0,0,0,67,2,584,351,389,805,584
KALAMAZOOPORTAGE 12,203,1,1,175,1,9,1,133,2,0,1,185,0,0,59,1,118,4,778,19,0,0,0,0,0,0,0,68,0,698,380,510,778,698
KALAMAZOOPORTAGE 13,171,0,2,328,7,17,2,112,2,0,1,170,1,9,78,0,121,3,919,23,0,0,0,0,0,0,0,111,0,782,501,520,919,782
KALAMAZOOPORTAGE 14,123,1,1,184,6,8,0,91,0,0,2,108,0,1,55,1,70,7,645,12,0,0,0,0,0,0,0,65,0,540,309,342,645,540
KALAMAZOOPORTAGE 15,112,0,2,227,5,7,0,83,0,0,0,88,1,1,43,0,96,8,689,11,0,0,0,0,0,0,0,58,0,499,341,324,689,499
KALAMAZOOPORTAGE 16,143,0,0,247,2,8,0,141,2,1,0,168,1,0,55,1,113,4,885,16,0,0,0,0,0,0,0,82,3,684,390,492,885,684
KALAMAZOOPORTAGE 17,112,0,0,171,6,16,1,211,1,0,1,147,0,0,50,0,135,10,649,14,0,0,0,0,0,0,0,59,0,631,283,568,649,631
KALAMAZOOPORTAGE 18,119,0,0,142,1,6,2,78,1,0,1,154,0,0,53,0,90,5,648,11,0,0,0,0,0,0,0,48,0,513,261,386,648,513
KALAMAZOOPORTAGE 19,118,0,0,195,3,13,0,101,0,0,0,97,0,1,55,0,56,6,676,14,0,0,0,0,0,0,0,52,0,475,313,326,676,475
KALAMAZOOPORTAGE 2,91,9,1,180,2,2,0,50,0,0,4,38,0,0,19,0,47,6,500,21,0,0,0,0,0,0,0,60,0,326,281,162,500,326
KALAMAZOOPORTAGE 3,133,0,0,173,7,0,4,109,0,0,1,89,0,0,32,0,93,6,627,17,0,0,0,0,0,0,0,61,0,626,306,335,627,626
KALAMAZOOPORTAGE 4,97,0,1,125,2,5,1,80,1,0,0,102,0,1,42,1,116,2,518,13,0,0,0,0,0,0,0,49,0,594,223,351,518,594
KALAMAZOOPORTAGE 5,76,1,1,172,2,2,0,80,1,0,1,82,0,2,23,0,81,3,468,16,0,0,0,0,0,0,0,55,0,505,250,274,468,505
KALAMAZOOPORTAGE 6,119,0,1,199,3,9,0,125,0,0,2,134,0,0,52,0,128,7,611,16,0,0,0,0,0,0,0,73,0,696,319,453,611,696
KALAMAZOOPORTAGE 7,152,0,1,355,5,7,0,121,1,0,3,99,0,5,55,0,97,6,1016,26,0,0,0,0,0,0,0,91,2,633,508,393,1016,633
KALAMAZOOPORTAGE 8,160,0,0,190,3,6,0,120,0,0,0,176,0,1,61,0,115,7,712,7,0,0,0,0,0,0,0,70,0,637,350,482,712,637
KALAMAZOOPORTAGE 9,129,0,0,190,3,6,0,95,4,1,0,120,0,2,51,0,70,5,581,8,0,0,0,0,0,0,0,50,0,487,319,352,581,487
KALAMAZOOPRAIRIE RONDE 1,7,0,1,120,6,11,3,146,0,0,2,122,2,1,48,0,139,3,435,13,0,0,0,0,0,0,0,58,0,874,128,480,435,874
KALAMAZOORICHLAND 1,113,0,2,198,6,7,1,172,0,0,2,143,1,3,68,0,162,6,684,9,0,0,0,0,0,0,0,81,0,930,313,565,684,930
KALAMAZOORICHLAND 2,81,0,0,107,0,5,1,102,1,0,2,114,0,1,51,0,113,2,458,4,0,0,0,0,0,0,0,65,0,611,188,390,458,611
KALAMAZOORICHLAND 3,163,0,1,198,1,4,4,148,0,0,0,205,0,2,44,0,141,2,765,13,0,0,0,0,0,0,0,85,3,830,362,549,765,830
KALAMAZOOROSS 1,86,0,0,190,4,11,3,148,0,1,1,117,0,2,59,0,166,6,554,14,0,0,0,0,0,0,0,79,0,834,276,512,554,834
KALAMAZOOROSS 2,103,0,0,149,8,19,2,145,2,0,0,187,0,1,89,2,166,2,604,4,0,0,0,0,0,0,0,40,1,885,252,621,604,885
KALAMAZOOSCHOOLCRAFT 1,87,0,2,105,1,6,0,92,0,0,0,87,0,1,42,0,98,2,467,10,0,0,0,0,0,0,0,49,2,582,194,327,467,582
KALAMAZOOSCHOOLCRAFT 2,48,0,2,98,0,1,1,68,0,0,1,58,0,0,28,0,62,1,287,7,0,0,0,0,0,0,0,27,0,429,148,219,287,429
KALAMAZOOSCHOOLCRAFT 3,104,0,0,210,1,7,1,135,0,0,2,129,0,1,54,1,140,3,680,18,0,0,0,0,0,0,0,85,0,917,314,471,680,917
KALAMAZOOSCHOOLCRAFT 4,41,0,1,65,3,6,0,101,0,0,1,86,0,2,32,0,80,5,295,5,0,0,0,0,0,0,0,20,0,524,107,311,295,524
KALAMAZOOTEXAS 1,87,0,0,152,5,14,1,152,2,0,0,146,0,0,53,0,124,4,575,10,0,0,0,0,0,0,0,60,0,840,239,497,575,840
KALAMAZOOTEXAS 2,94,0,0,108,2,5,1,120,1,0,0,183,1,1,50,0,125,4,562,13,0,0,0,0,0,0,0,61,0,790,202,489,562,790
KALAMAZOOTEXAS 3,118,0,0,135,5,4,2,92,1,0,2,83,0,0,35,0,64,1,571,4,0,0,0,0,0,0,0,50,1,509,253,288,571,509
KALAMAZOOTEXAS 4,116,0,0,200,0,7,1,169,0,0,0,179,0,0,64,0,122,3,839,5,0,0,0,0,0,0,0,73,0,848,316,542,839,848
KALAMAZOOTEXAS 5,153,0,1,153,4,6,3,155,1,1,2,239,0,0,77,1,138,6,855,16,0,0,0,0,0,0,0,76,0,857,307,627,855,857
KALAMAZOOTEXAS 6,103,1,0,167,4,11,1,162,1,0,0,203,0,1,84,0,116,9,722,7,0,0,0,0,0,0,0,75,0,928,271,583,722,928
KEWEENAWALLOUEZ TOWNSHIP 1,75,0,0,94,1,4,1,70,1,0,0,40,0,2,29,0,126,5,286,11,0,0,0,0,0,4,0,42,1,534,169,274,286,534
KEWEENAWEAGLE HARBOR TOWNSHIP 1,23,0,0,32,0,4,0,13,0,0,0,14,0,0,10,0,27,0,106,7,0,0,0,0,0,0,0,11,0,125,55,68,106,125
KEWEENAWGRANT TOWNSHIP 1,18,0,0,40,0,1,0,9,0,0,0,12,0,0,7,0,16,0,85,1,0,0,0,0,0,1,0,5,0,79,58,45,85,79
KEWEENAWHOUGHTON TOWNSHIP 1,3,0,0,13,0,0,0,7,0,0,0,9,0,0,0,0,9,0,24,1,0,0,0,0,0,0,0,2,0,44,16,25,24,44
KEWEENAWSHERMAN TOWNSHIP 1,9,0,0,9,0,3,0,6,0,0,0,1,0,0,4,0,6,0,26,0,0,0,0,0,0,0,0,2,0,32,18,20,26,32
LUCECOLUMBUS TOWNSHIP 1,8,0,0,12,0,1,0,5,0,0,0,10,0,0,3,0,25,1,22,2,0,0,0,0,0,2,0,5,0,79,20,44,22,79
LUCELAKEFIELD TOWNSHIP 1,43,0,0,41,7,5,0,95,1,0,0,36,0,0,14,0,105,3,148,6,0,0,0,0,0,0,0,22,1,469,84,263,148,469
LUCEMCMILLAN TOWNSHIP 1,80,0,0,132,6,4,4,92,0,0,1,60,0,4,36,0,161,1,314,14,0,0,0,0,0,0,0,49,0,730,212,368,314,730
LUCEPENTLAND TOWNSHIP 1,36,1,1,106,4,4,1,50,0,0,0,48,0,1,13,0,116,1,197,7,0,0,0,0,0,1,0,27,0,478,144,237,197,478
MACKINACBOIS BLANC TOWNSHIP 1,13,0,0,11,0,1,0,3,0,0,0,5,0,0,4,0,16,0,36,0,0,0,0,0,0,0,0,4,0,46,24,29,36,46
MACKINACBREVORT TOWNSHIP 1,22,0,0,34,0,2,0,25,0,0,0,15,1,0,6,0,58,0,100,2,0,0,0,0,0,0,0,4,1,202,56,107,100,202
MACKINACCLARK TOWNSHIP 1,91,2,0,113,3,10,1,91,0,0,2,102,0,2,49,1,171,2,386,19,0,0,0,0,0,0,0,40,0,740,206,432,386,740
MACKINACGARFIELD TOWNSHIP 1,16,0,0,13,1,0,0,22,0,0,0,14,0,1,6,0,70,0,50,7,0,0,0,0,0,0,0,4,0,225,29,114,50,225
MACKINACGARFIELD TOWNSHIP 2,18,0,0,29,0,6,0,33,1,1,1,29,0,0,18,0,54,0,77,0,0,0,0,0,0,0,0,8,0,248,47,143,77,248
MACKINACHENDRICKS TOWNSHIP 1,7,0,0,3,0,0,0,11,0,0,0,6,0,0,1,0,11,0,13,1,0,0,0,0,0,0,0,0,0,66,10,29,13,66
MACKINACHUDSON TOWNSHIP 1,13,0,0,9,0,0,0,10,0,0,0,1,0,0,0,0,21,0,31,1,0,0,0,0,0,0,0,3,0,65,22,32,31,65
MACKINACMACKINAC ISLAND CITY 1,41,0,0,42,0,2,0,14,0,0,0,26,0,0,11,0,33,1,209,3,0,0,0,0,0,0,0,23,0,204,83,86,209,204
MACKINACMARQUETTE TOWNSHIP 1,16,0,0,21,1,0,0,29,0,1,0,27,0,2,11,1,55,0,89,1,0,0,0,0,0,0,0,5,0,252,37,127,89,252
MACKINACMORAN TOWNSHIP 1,64,0,1,73,2,4,1,51,0,0,0,47,1,0,15,0,65,2,232,5,0,0,0,0,0,0,0,20,0,339,138,186,232,339
MACKINACNEWTON TOWNSHIP 1,25,0,0,15,0,0,0,11,0,0,0,8,0,0,11,0,50,0,70,3,0,0,0,0,0,0,0,3,0,189,40,80,70,189
MACKINACPORTAGE TOWNSHIP 1,42,1,2,51,0,3,0,43,0,0,1,34,0,0,14,0,95,1,164,1,0,0,0,0,0,0,0,11,0,394,96,190,164,394
MACKINACST. IGNACE CITY 1,108,0,1,169,1,3,1,73,1,0,1,76,0,0,23,0,103,7,468,18,0,0,0,0,0,0,0,39,2,554,278,282,468,554
MACKINACST. IGNACE TOWNSHIP 1,24,0,0,50,0,0,0,23,0,0,0,26,0,1,3,0,54,0,160,6,0,0,0,0,0,0,0,16,0,220,74,107,160,220
MARQUETTECHAMPION TOWNSHIP 1,17,0,0,20,1,0,0,12,0,0,0,4,0,0,0,0,8,0,84,2,0,0,0,0,0,0,0,3,0,63,37,25,84,63
MARQUETTECHOCOLAY TOWNSHIP 1,143,1,2,288,5,10,1,140,1,0,2,115,0,3,41,1,129,10,763,32,0,0,0,0,0,0,0,86,0,798,434,448,763,798
MARQUETTECHOCOLAY TOWNSHIP 2,197,0,0,230,3,17,1,103,1,0,2,165,0,0,63,0,151,7,767,34,0,0,0,0,0,0,0,66,0,817,427,506,767,817
MARQUETTEELY TOWNSHIP 1,116,0,6,105,0,2,1,98,0,0,0,53,0,0,7,1,75,9,415,12,0,0,0,0,0,0,0,45,0,521,227,237,415,521
MARQUETTEEWING TOWNSHIP 1,12,0,0,7,0,0,0,9,0,0,0,1,0,0,0,0,12,2,29,1,0,0,0,0,0,0,0,4,0,50,19,22,29,50
MARQUETTEFORSYTH TOWNSHIP 1,144,0,1,190,3,4,0,113,0,1,2,102,0,1,35,0,178,12,685,19,0,0,0,0,0,0,0,62,1,879,335,439,685,879
MARQUETTEFORSYTH TOWNSHIP 2,45,0,0,60,0,4,0,43,0,0,0,37,0,2,12,1,75,3,186,9,0,0,0,0,0,0,0,14,0,357,105,174,186,357
MARQUETTEFORSYTH TOWNSHIP 3,26,0,0,117,0,6,0,41,0,0,1,20,0,1,8,0,76,7,231,18,0,0,0,0,0,0,0,43,1,335,143,153,231,335
MARQUETTEHUMBOLDT TOWNSHIP 1,20,0,2,37,0,1,0,10,0,0,0,26,0,0,5,0,16,1,98,3,0,0,0,0,0,0,0,7,0,149,59,58,98,149
MARQUETTEISHPEMING CITY 1,117,1,1,184,3,5,1,96,0,1,0,68,1,2,13,0,92,7,665,22,0,0,0,0,0,0,0,63,1,622,303,282,665,622
MARQUETTEISHPEMING CITY 2,126,0,0,244,0,5,0,67,1,1,2,51,0,1,18,0,96,3,685,23,0,0,0,0,0,0,0,64,0,553,370,242,685,553
MARQUETTEISHPEMING TOWNSHIP 1,77,0,0,102,0,2,0,71,0,0,1,58,0,0,12,0,65,5,399,17,0,0,0,0,0,0,0,43,0,446,179,209,399,446
MARQUETTEISHPEMING TOWNSHIP 2,73,0,0,96,0,2,0,64,0,0,0,56,0,2,26,1,61,2,421,11,0,0,0,0,0,0,0,35,0,437,169,212,421,437
MARQUETTEMARQUETTE CITY 1,119,1,2,254,4,6,3,68,1,0,1,93,0,1,38,1,95,2,667,20,0,0,0,0,0,0,0,55,0,587,376,311,667,587
MARQUETTEMARQUETTE CITY 2,180,2,3,283,3,3,0,57,0,0,1,103,0,0,54,2,129,3,779,19,0,0,0,0,0,0,0,51,0,602,468,352,779,602
MARQUETTEMARQUETTE CITY 3,176,0,0,229,13,5,4,74,0,0,4,61,0,0,35,0,91,3,651,19,0,0,0,0,0,0,0,54,0,448,405,287,651,448
MARQUETTEMARQUETTE CITY 4,142,0,1,305,2,2,0,62,0,1,1,58,0,3,30,0,67,8,703,22,0,0,0,0,0,0,0,67,2,400,448,226,703,400
MARQUETTEMARQUETTE CITY 5,117,1,1,414,4,2,2,46,0,0,0,53,0,1,37,0,53,5,792,56,0,0,0,0,0,0,0,65,0,324,533,198,792,324
MARQUETTEMARQUETTE CITY 6,92,0,0,322,1,4,0,53,0,0,0,62,0,0,20,1,52,3,831,47,0,0,0,0,0,0,0,104,3,465,414,193,831,465
MARQUETTEMARQUETTE CITY 7,200,0,2,416,2,5,1,48,1,0,0,100,0,4,40,0,74,2,1032,36,0,0,0,0,0,0,0,64,2,409,618,275,1032,409
MARQUETTEMARQUETTE TOWNSHIP 1,184,0,2,265,3,10,0,96,0,0,1,104,0,0,25,1,128,9,798,22,0,0,0,0,0,0,0,75,1,681,451,368,798,681
MARQUETTEMARQUETTE TOWNSHIP 2,112,0,0,93,1,1,0,81,0,0,1,73,0,0,22,0,65,2,371,12,0,0,0,0,0,0,0,26,1,392,205,244,371,392
MARQUETTEMICHIGAMME TOWNSHIP 1,20,0,0,23,2,0,0,14,0,0,1,12,0,0,7,1,24,1,88,2,0,0,0,0,0,0,0,7,0,135,43,61,88,135
MARQUETTENEGAUNEE CITY 1,83,0,0,170,1,3,0,75,0,0,0,47,0,3,18,0,70,9,513,18,0,0,0,0,0,0,0,58,1,442,253,217,513,442
MARQUETTENEGAUNEE CITY 2,108,0,0,204,1,1,0,51,0,0,0,74,0,1,18,0,70,9,611,19,0,0,0,0,0,0,0,49,1,464,312,216,611,464
MARQUETTENEGAUNEE TOWNSHIP 1,146,1,1,228,1,2,1,140,0,0,0,107,0,1,30,1,129,8,787,20,0,0,0,0,0,0,0,67,1,827,376,412,787,827
MARQUETTEPOWELL TOWNSHIP 1,41,0,0,58,2,2,0,18,0,0,0,26,0,0,13,1,36,2,137,10,0,0,0,0,0,0,0,11,1,175,99,98,137,175
MARQUETTEPOWELL TOWNSHIP 2,8,0,0,36,0,0,0,7,0,0,0,6,0,0,1,0,22,1,74,2,0,0,0,0,0,0,0,8,0,60,44,36,74,60
MARQUETTEREPUBLIC TOWNSHIP 1,54,0,0,68,1,0,0,39,0,0,0,31,0,1,10,2,56,3,267,9,0,0,0,0,0,0,0,22,0,305,122,140,267,305
MARQUETTERICHMOND TOWNSHIP 1,51,0,0,68,0,2,0,17,0,0,0,10,0,1,1,0,30,2,225,3,0,0,0,0,0,0,0,15,0,160,119,61,225,160
MARQUETTESANDS TOWNSHIP 1,85,0,2,175,5,6,0,113,0,0,1,91,0,4,31,0,105,3,528,13,0,0,0,0,0,0,0,52,0,698,262,356,528,698
MARQUETTESKANDIA TOWNSHIP 1,25,0,0,51,0,3,0,39,1,0,0,27,0,0,3,0,34,2,168,9,0,0,0,0,0,0,0,16,0,261,76,107,168,261
MARQUETTETILDEN TOWNSHIP 1,48,2,1,70,0,0,0,37,0,0,1,22,0,2,4,0,52,0,250,2,0,0,0,0,0,0,0,16,0,289,121,118,250,289
MARQUETTETURIN TOWNSHIP 1,11,0,0,11,0,1,0,9,0,0,0,2,0,0,0,0,9,2,30,0,0,0,0,0,0,0,0,4,0,33,22,21,30,33
MARQUETTEWELLS TOWNSHIP 1,8,0,0,9,0,0,0,16,0,0,0,5,0,0,0,0,19,0,43,0,0,0,0,0,0,0,0,1,0,68,17,40,43,68
MARQUETTEWEST BRANCH TOWNSHIP 1,65,0,0,98,0,2,0,67,0,0,0,61,1,1,14,0,80,5,269,20,0,0,0,0,0,0,0,36,0,394,163,226,269,394
MONTCALMBELVIDERE TOWNSHIP 1,75,0,1,96,7,6,4,93,0,0,1,46,0,1,28,2,124,6,306,7,0,0,0,0,0,0,0,62,0,613,172,312,306,613
MONTCALMBLOOMER TOWNSHIP 1,27,0,0,45,1,11,0,77,0,0,1,30,0,0,15,1,75,4,127,3,0,0,0,0,0,0,0,28,5,376,72,211,127,376
MONTCALMBUSHNELL TOWNSHIP 1,39,0,0,35,0,3,0,70,0,0,0,25,0,0,13,0,95,4,141,7,0,0,0,0,0,0,0,31,0,458,74,206,141,458
MONTCALMCARSON CITY 1,46,0,1,51,1,4,0,21,0,1,0,20,0,0,11,1,43,7,194,6,0,0,0,0,0,0,0,26,0,237,98,102,194,237
MONTCALMCATO TOWNSHIP 1,89,0,1,128,6,17,2,140,0,0,1,76,0,0,37,0,147,2,396,19,0,0,0,0,0,0,0,52,0,796,218,426,396,796
MONTCALMCRYSTAL TOWNSHIP 1,79,0,5,105,3,3,2,75,1,0,1,90,0,0,16,0,104,9,346,5,0,0,0,0,0,0,0,51,1,717,189,295,346,717
MONTCALMDAY TOWNSHIP 1,32,0,0,44,1,4,1,65,0,0,0,31,0,2,14,1,64,2,112,2,0,0,0,0,0,0,0,26,0,351,76,183,112,351
MONTCALMDOUGLASS TOWNSHIP 1,87,1,2,103,6,8,0,104,0,0,0,79,0,0,32,1,126,4,324,16,0,0,0,0,0,0,0,55,0,705,193,356,324,705
MONTCALMEUREKA TOWNSHIP 1,82,0,1,114,1,6,0,111,0,0,2,83,0,0,32,0,76,2,347,4,0,0,0,0,0,0,0,49,0,575,197,311,347,575
MONTCALMEUREKA TOWNSHIP 2,78,0,0,130,1,6,1,105,1,0,0,59,0,1,45,0,130,9,355,12,0,0,0,0,0,0,0,43,1,627,208,349,355,627
MONTCALMEVERGREEN TOWNSHIP 1,34,0,1,64,1,3,0,54,0,0,0,51,0,0,7,0,92,3,206,2,0,0,0,0,0,0,0,45,0,439,99,208,206,439
MONTCALMEVERGREEN TOWNSHIP 2,32,0,3,50,1,4,0,43,0,0,0,50,0,1,17,0,61,3,176,5,0,0,0,0,0,0,0,33,0,351,85,177,176,351
MONTCALMFAIRPLAIN TOWNSHIP 1,28,0,0,89,2,5,0,117,0,0,0,46,0,0,25,1,77,9,216,14,0,0,0,0,0,0,0,36,1,521,117,273,216,521
MONTCALMFERRIS TOWNSHIP 1,38,0,0,46,3,10,0,64,0,0,0,16,0,0,14,1,66,5,137,13,0,0,0,0,0,0,0,22,1,409,84,174,137,409
MONTCALMGREENVILLE CITY 3,87,0,1,136,6,9,0,90,1,0,2,85,0,1,34,0,96,6,425,16,0,0,0,0,0,0,0,69,0,504,224,324,425,504
MONTCALMGREENVILLE CITY 4,27,0,0,84,2,1,0,48,0,0,1,23,0,0,4,0,46,4,217,7,0,0,0,0,0,0,0,31,0,304,111,125,217,304
MONTCALMHOME TOWNSHIP 1,66,0,0,90,3,13,3,117,1,0,0,75,1,0,30,2,128,4,273,13,0,0,0,0,0,0,0,59,0,708,156,373,273,708
MONTCALMMAPLE VALLEY TOWNSHIP 1,28,0,0,35,3,6,0,81,1,0,0,22,0,0,7,1,45,1,82,7,0,0,0,0,0,0,0,15,0,309,63,166,82,309
MONTCALMMAPLE VALLEY TOWNSHIP 2,20,0,0,41,3,2,0,68,0,0,0,26,0,1,22,1,73,2,118,5,0,0,0,0,0,0,0,28,0,341,61,196,118,341
MONTCALMMONTCALM TOWNSHIP 1,84,0,0,181,0,6,0,195,1,0,1,85,0,3,21,0,194,10,435,13,0,0,0,0,0,0,0,71,1,1000,265,506,435,1000
MONTCALMPIERSON TOWNSHIP 1,70,0,2,144,6,8,2,183,3,1,0,81,0,3,37,0,214,6,412,17,0,0,0,0,0,0,0,67,0,1129,216,538,412,1129
MONTCALMPINE TOWNSHIP 1,56,0,0,95,1,3,0,84,0,0,0,57,0,1,12,1,98,4,252,4,0,0,0,0,0,0,0,41,0,519,151,257,252,519
MONTCALMREYNOLDS TOWNSHIP 1,50,0,2,99,2,9,0,160,0,0,3,65,0,2,26,0,138,8,274,17,0,0,0,0,0,0,0,63,0,854,151,405,274,854
MONTCALMREYNOLDS TOWNSHIP 2,40,0,0,82,2,4,0,110,0,0,0,36,0,0,16,0,121,5,224,4,0,0,0,0,0,0,0,24,0,653,122,289,224,653
MONTCALMRICHLAND TOWNSHIP 1,75,0,0,110,4,13,1,146,1,0,1,53,1,2,38,0,159,13,307,7,0,0,0,0,0,0,0,50,0,784,185,419,307,784
MONTCALMSIDNEY TOWNSHIP 1,110,0,0,133,1,7,4,135,2,0,0,69,0,1,37,2,141,4,424,15,0,0,0,0,0,0,0,56,0,758,243,399,424,758
MONTCALMSTANTON CITY 1,27,0,0,52,1,7,0,50,0,0,1,26,0,0,11,1,46,3,146,6,0,0,0,0,0,0,0,30,0,249,79,143,146,249
MONTCALMWINFIELD TOWNSHIP 1,40,0,0,102,2,14,0,147,0,0,1,58,0,0,28,0,146,7,250,8,0,0,0,0,0,0,0,40,1,764,142,396,250,764
MONTMORENCYALBERT TOWNSHIP 1,100,1,1,90,4,9,0,83,2,0,0,97,1,3,43,0,241,5,348,11,0,0,0,0,0,0,0,48,0,889,192,483,348,889
MONTMORENCYAVERY TOWNSHIP 1,14,0,0,17,0,2,0,41,0,0,1,20,0,1,16,0,85,1,57,5,0,0,0,0,0,0,0,7,0,257,31,166,57,257
MONTMORENCYBRILEY TOWNSHIP 1,70,0,0,81,2,11,0,80,0,0,0,47,0,4,25,0,232,1,246,8,0,0,0,0,0,0,0,29,1,684,151,401,246,684
MONTMORENCYHILLMAN TOWNSHIP 1,96,0,0,76,4,8,0,85,2,0,1,53,0,1,38,0,200,5,257,7,0,0,0,0,0,0,0,39,1,674,172,392,257,674
MONTMORENCYLOUD TOWNSHIP 1,10,0,0,29,1,0,0,18,0,0,0,18,0,0,7,1,38,1,56,3,0,0,0,0,0,0,0,8,0,114,39,83,56,114
MONTMORENCYMONTMORENCY TOWNSHIP 1,36,0,0,31,4,2,0,37,0,0,3,14,0,0,8,0,70,2,110,4,0,0,0,0,0,0,0,11,1,253,67,138,110,253
MONTMORENCYMONTMORENCY TOWNSHIP 2,22,0,0,13,1,0,0,23,0,0,0,35,0,0,6,0,65,1,90,1,0,0,0,0,0,0,0,4,0,224,35,130,90,224
MONTMORENCYRUST TOWNSHIP 1,17,0,0,18,0,4,0,19,0,0,0,18,0,2,5,0,50,2,51,0,0,0,0,0,0,0,0,4,0,179,35,98,51,179
MONTMORENCYVIENNA TOWNSHIP 1,27,0,0,28,0,2,0,17,0,0,0,23,0,2,7,0,65,0,72,5,0,0,0,0,0,0,0,9,0,224,55,116,72,224
OAKLANDADDISON 1,49,0,0,89,5,8,1,140,0,0,1,139,0,0,37,2,272,2,291,13,0,0,0,0,0,0,0,57,1,990,138,605,291,990
OAKLANDADDISON 2,83,0,1,95,8,12,2,126,2,0,1,135,0,5,45,0,240,5,380,10,0,0,0,0,0,0,0,44,1,982,179,576,380,982
OAKLANDADDISON 3,36,0,0,65,2,5,1,66,0,0,0,70,0,0,26,0,128,0,251,8,0,0,0,0,0,0,0,24,0,604,101,298,251,604
OAKLANDAUBURN HILLS 1,72,0,0,85,1,6,0,61,0,0,0,37,0,1,14,0,64,4,273,8,0,0,0,0,0,0,0,30,0,319,157,184,273,319
OAKLANDAUBURN HILLS 2,184,0,3,181,1,5,0,41,0,0,1,40,0,0,21,0,59,3,662,20,0,0,0,0,0,0,0,32,0,315,368,168,662,315
OAKLANDAUBURN HILLS 3,149,0,0,164,0,2,0,51,1,0,1,63,0,2,20,0,111,3,575,22,0,0,0,0,0,0,0,50,0,473,313,251,575,473
OAKLANDAUBURN HILLS 4,137,0,0,168,1,1,1,65,1,0,0,44,0,4,25,0,100,8,520,11,0,0,0,0,0,0,0,49,0,456,305,242,520,456
OAKLANDAUBURN HILLS 5,112,0,0,123,1,10,0,52,1,0,0,81,1,1,29,0,104,0,461,9,0,0,0,0,0,0,0,41,0,481,235,280,461,481
OAKLANDAUBURN HILLS 6,185,0,2,152,3,14,0,89,0,0,0,172,2,1,71,0,183,5,673,11,0,0,0,0,0,0,0,45,0,746,339,535,673,746
OAKLANDAUBURN HILLS 7,281,0,0,207,5,7,0,63,1,0,0,43,0,1,25,0,85,4,822,16,0,0,0,0,0,0,0,45,0,372,488,230,822,372
OAKLANDAUBURN HILLS 8,160,0,0,182,3,3,0,62,0,0,0,44,0,0,20,0,65,2,600,14,0,0,0,0,0,0,0,41,0,358,342,197,600,358
OAKLANDAUBURN HILLS 9,108,0,0,112,1,3,0,32,0,0,0,63,0,2,18,0,71,2,432,6,0,0,0,0,0,0,0,35,0,306,220,190,432,306
OAKLANDBERKLEY 1,184,1,0,288,1,4,0,67,2,1,0,168,0,2,37,1,118,2,817,20,0,0,0,0,0,0,0,75,0,541,473,401,817,541
OAKLANDBERKLEY 2,157,1,0,299,1,2,0,84,0,0,2,158,0,0,49,0,130,0,808,16,0,0,0,0,0,0,0,60,0,525,457,426,808,525
OAKLANDBERKLEY 3,154,0,1,262,1,4,2,70,0,0,0,106,0,1,29,0,96,5,768,22,0,0,0,0,0,0,0,66,0,433,417,309,768,433
OAKLANDBERKLEY 4,169,1,0,292,4,4,0,63,2,0,1,131,2,0,46,0,88,2,837,14,0,0,0,0,0,0,0,83,0,467,462,341,837,467
OAKLANDBERKLEY 5,129,0,0,293,3,2,0,73,0,0,1,107,0,2,28,2,105,2,689,21,0,0,0,0,0,0,0,57,0,398,422,323,689,398
OAKLANDBERKLEY 6,177,0,0,287,2,4,0,55,0,0,0,100,0,4,20,1,139,4,755,21,0,0,0,0,0,0,0,71,0,465,464,325,755,465
OAKLANDBERKLEY 7,169,0,1,261,3,1,0,66,0,0,0,138,0,0,35,2,96,4,784,21,0,0,0,0,0,0,0,68,2,447,431,341,784,447
OAKLANDBIRMINGHAM 1,181,0,0,110,4,4,1,37,0,0,1,253,0,0,85,0,211,1,717,5,0,0,0,0,0,0,0,53,0,683,291,596,717,683
OAKLANDBIRMINGHAM 2,204,0,0,146,6,3,0,48,1,0,1,333,0,2,61,0,136,1,812,14,0,0,0,0,0,0,0,57,0,622,350,591,812,622
OAKLANDBIRMINGHAM 3,172,0,0,180,4,2,1,66,0,0,1,180,1,0,34,0,131,2,740,16,0,0,0,0,0,0,0,48,1,527,352,420,740,527
OAKLANDBIRMINGHAM 4,204,0,0,110,6,2,1,42,0,0,1,366,0,0,85,0,186,2,771,8,0,0,0,0,0,0,0,63,0,726,314,689,771,726
OAKLANDBIRMINGHAM 5,232,0,0,142,5,2,0,60,0,0,0,287,0,0,55,0,149,1,790,9,0,0,0,0,0,0,0,58,0,634,374,558,790,634
OAKLANDBIRMINGHAM 6,229,0,0,111,7,4,0,46,1,0,0,261,0,2,73,0,168,0,884,7,0,0,0,0,0,0,0,61,0,664,340,562,884,664
OAKLANDBIRMINGHAM 7,203,0,0,155,4,1,1,51,0,0,1,210,0,1,44,0,158,0,908,14,0,0,0,0,0,0,0,51,0,634,358,471,908,634
OAKLANDBIRMINGHAM 8,185,0,1,140,5,6,0,44,1,0,0,137,0,0,44,0,128,2,686,11,0,0,0,0,0,0,0,41,0,530,326,365,686,530
OAKLANDBIRMINGHAM 9,126,1,1,126,5,3,0,58,0,0,0,127,0,1,38,0,107,0,575,11,0,0,0,0,0,0,0,61,1,455,254,339,575,455
OAKLANDBLOOMFIELD 1,106,0,1,46,4,1,1,31,0,0,0,128,0,0,42,1,94,0,373,2,0,0,0,0,0,0,0,15,0,374,153,302,373,374
OAKLANDBLOOMFIELD 10,200,1,2,128,4,3,0,42,1,0,0,185,1,0,50,3,142,2,733,14,0,0,0,0,0,0,0,29,0,478,331,431,733,478
OAKLANDBLOOMFIELD 11,177,0,1,128,10,0,1,48,4,0,2,204,0,1,36,0,104,2,634,8,0,0,0,0,0,0,0,49,0,458,306,410,634,458
OAKLANDBLOOMFIELD 12,120,0,0,124,3,11,1,45,1,0,0,84,0,1,34,0,119,1,520,11,0,0,0,0,0,0,0,27,0,419,244,299,520,419
OAKLANDBLOOMFIELD 13,84,0,0,72,6,1,0,48,1,1,0,162,0,1,46,0,104,0,420,7,0,0,0,0,0,0,0,38,0,436,156,370,420,436
OAKLANDBLOOMFIELD 14,93,0,0,83,3,3,2,68,0,0,0,181,0,0,63,0,146,2,453,8,0,0,0,0,0,0,0,35,0,574,176,466,453,574
OAKLANDBLOOMFIELD 15,92,0,0,26,3,4,1,35,0,0,1,111,0,0,23,0,78,0,298,1,0,0,0,0,0,0,0,16,0,292,118,256,298,292
OAKLANDBLOOMFIELD 16,134,0,0,69,2,1,0,42,0,0,0,144,0,0,26,0,86,2,508,5,0,0,0,0,0,0,0,40,0,319,203,301,508,319
OAKLANDBLOOMFIELD 17,69,0,0,68,2,2,0,15,0,0,0,53,0,0,13,0,38,0,258,5,0,0,0,0,0,0,0,14,0,150,137,123,258,150
OAKLANDBLOOMFIELD 18,96,0,1,73,4,7,1,50,0,0,0,98,0,0,29,0,91,1,356,5,0,0,0,0,0,0,0,25,1,317,170,280,356,317
OAKLANDBLOOMFIELD 19,124,0,1,63,4,4,2,43,2,0,0,143,0,1,51,0,125,0,440,5,0,0,0,0,0,0,0,34,1,457,188,375,440,457
OAKLANDBLOOMFIELD 2,85,0,1,40,2,1,1,16,0,0,1,84,0,1,27,0,69,1,257,2,0,0,0,0,0,0,0,15,0,244,126,202,257,244
OAKLANDBLOOMFIELD 20,134,0,0,105,5,6,0,46,0,0,0,106,0,1,38,1,93,2,453,2,0,0,0,0,0,0,0,24,0,305,239,296,453,305
OAKLANDBLOOMFIELD 21,127,1,0,67,13,6,3,53,3,1,1,132,0,1,49,1,138,0,359,8,0,0,0,0,0,0,0,24,0,476,195,401,359,476
OAKLANDBLOOMFIELD 22,168,0,0,89,13,3,2,45,0,0,0,148,0,0,48,1,127,0,624,6,0,0,0,0,0,0,0,34,0,466,257,387,624,466
OAKLANDBLOOMFIELD 23,74,0,0,40,5,1,0,33,0,0,0,111,0,1,38,0,123,0,270,3,0,0,0,0,0,0,0,12,0,449,114,312,270,449
OAKLANDBLOOMFIELD 24,98,0,0,56,9,1,2,35,0,0,1,117,0,0,41,0,102,0,349,0,0,0,0,0,0,0,0,21,0,362,154,308,349,362
OAKLANDBLOOMFIELD 25,87,0,0,63,0,1,0,11,1,0,0,22,0,0,13,0,28,0,298,4,0,0,0,0,0,0,0,8,0,120,150,76,298,120
OAKLANDBLOOMFIELD 26,83,0,0,62,1,2,3,70,0,0,0,123,0,0,41,0,91,0,338,2,0,0,0,0,0,0,0,25,1,406,145,331,338,406
OAKLANDBLOOMFIELD 27,117,0,0,89,0,0,0,23,0,0,0,54,0,0,14,0,52,1,332,2,0,0,0,0,0,0,0,10,0,194,206,143,332,194
OAKLANDBLOOMFIELD 28,41,0,0,32,0,0,0,16,3,0,0,135,0,0,48,0,51,0,199,0,0,0,0,0,0,0,0,17,0,273,73,253,199,273
OAKLANDBLOOMFIELD 29,67,0,0,60,3,2,1,39,0,0,0,83,0,0,48,0,121,0,331,3,0,0,0,0,0,0,0,19,0,383,127,297,331,383
OAKLANDBLOOMFIELD 3,165,0,1,112,5,3,1,38,1,0,0,186,0,1,38,0,98,1,601,4,0,0,0,0,0,0,0,43,3,388,278,371,601,388
OAKLANDBLOOMFIELD 30,192,0,0,136,7,4,1,53,0,0,1,159,0,1,53,0,147,4,681,2,0,0,0,0,0,0,0,37,0,522,328,426,681,522
OAKLANDBLOOMFIELD 31,66,0,0,17,6,4,2,19,1,0,0,96,0,1,52,0,100,0,196,2,0,0,0,0,0,0,0,5,0,333,83,281,196,333
OAKLANDBLOOMFIELD 32,152,0,0,89,1,4,2,38,2,0,2,101,0,0,35,0,99,1,456,4,0,0,0,0,0,0,0,14,0,370,241,284,456,370
OAKLANDBLOOMFIELD 4,109,1,0,119,5,3,2,58,1,0,3,132,0,2,32,0,124,2,467,8,0,0,0,0,0,0,0,25,0,445,229,362,467,445
OAKLANDBLOOMFIELD 5,90,0,2,61,5,2,0,20,0,0,0,110,0,0,39,1,87,0,384,4,0,0,0,0,0,0,0,19,0,337,153,264,384,337
OAKLANDBLOOMFIELD 6,104,0,0,78,3,1,2,48,0,0,1,189,0,0,44,0,154,1,413,1,0,0,0,0,0,0,0,25,0,554,182,442,413,554
OAKLANDBLOOMFIELD 7,88,0,0,44,4,1,0,21,0,0,0,73,0,0,24,0,54,1,286,4,0,0,0,0,0,0,0,7,1,243,132,177,286,243
OAKLANDBLOOMFIELD 8,146,0,0,67,15,2,3,78,1,0,0,423,0,2,86,3,239,3,653,13,0,0,0,0,0,0,0,53,0,1008,213,852,653,1008
OAKLANDBLOOMFIELD 9,133,0,0,103,8,5,1,48,1,0,0,202,0,0,48,0,154,0,535,2,0,0,0,0,0,0,0,47,1,598,236,467,535,598
OAKLANDBLOOMFIELD HILLS 1,142,0,0,90,3,4,2,86,1,0,3,265,0,1,89,0,251,3,623,10,0,0,0,0,0,0,0,42,0,858,232,705,623,858
OAKLANDBLOOMFIELD HILLS 2,134,0,0,73,7,1,2,29,0,0,0,226,1,0,65,0,167,2,521,3,0,0,0,0,0,0,0,26,0,598,207,498,521,598
OAKLANDBRANDON 1,104,0,0,150,2,13,0,109,0,0,0,109,0,3,44,0,236,3,420,19,0,0,0,0,0,0,0,66,1,965,254,516,420,965
OAKLANDBRANDON 2,85,0,0,165,4,4,0,125,0,0,0,142,0,4,61,0,230,3,462,13,0,0,0,0,0,0,0,69,0,1057,250,570,462,1057
OAKLANDBRANDON 3,95,0,0,206,4,16,0,127,2,1,1,142,0,1,33,3,282,5,500,21,0,0,0,0,0,0,0,85,2,1119,301,612,500,1119
OAKLANDBRANDON 4,117,0,0,235,4,11,0,171,0,0,0,153,0,0,57,1,326,4,526,15,0,0,0,0,0,0,0,98,0,1331,352,723,526,1331
OAKLANDBRANDON 5,60,0,0,97,1,5,0,22,0,0,0,26,0,0,7,1,88,6,292,13,0,0,0,0,0,0,0,37,0,393,157,150,292,393
OAKLANDBRANDON 6,51,1,1,110,4,5,0,52,1,1,2,56,0,1,19,0,130,2,263,14,0,0,0,0,0,0,0,27,0,455,163,271,263,455
OAKLANDCLARKSTON 1,63,0,0,69,4,5,0,51,0,0,0,81,0,1,21,0,102,0,236,5,0,0,0,0,0,0,0,26,0,321,132,265,236,321
OAKLANDCLAWSON 1,216,0,2,342,4,4,0,107,0,0,1,150,1,3,43,2,188,10,918,25,0,0,0,0,0,0,0,83,0,763,560,503,918,763
OAKLANDCLAWSON 2,125,0,0,250,2,7,0,61,0,0,0,105,0,0,33,0,108,4,627,17,0,0,0,0,0,0,0,83,0,502,375,316,627,502
OAKLANDCLAWSON 3,101,1,1,225,0,4,1,57,0,0,1,134,0,0,43,1,143,4,614,25,0,0,0,0,0,0,0,65,0,555,328,384,614,555
OAKLANDCLAWSON 4,85,0,0,196,2,5,1,61,0,0,0,101,0,1,33,0,126,2,512,15,0,0,0,0,0,0,0,66,0,519,281,330,512,519
OAKLANDCLAWSON 5,145,0,0,253,1,10,1,77,1,0,0,116,1,1,45,2,181,3,711,18,0,0,0,0,0,0,0,70,0,682,398,436,711,682
OAKLANDCOMMERCE 1,76,0,0,120,1,3,1,71,0,0,0,109,0,1,22,0,176,7,371,5,0,0,0,0,0,0,0,52,1,709,196,384,371,709
OAKLANDCOMMERCE 10,96,1,0,163,3,3,1,94,0,0,0,149,0,0,39,0,213,5,550,17,0,0,0,0,0,0,0,41,0,876,260,502,550,876
OAKLANDCOMMERCE 11,158,0,0,155,1,1,0,111,0,0,0,184,0,1,66,0,228,1,824,15,0,0,0,0,0,0,0,63,0,1006,313,592,824,1006
OAKLANDCOMMERCE 12,93,0,1,116,0,4,1,63,1,0,1,71,0,0,26,0,143,3,356,16,0,0,0,0,0,0,0,37,0,550,210,310,356,550
OAKLANDCOMMERCE 13,135,0,0,164,3,9,2,102,1,0,0,165,1,2,40,1,175,5,668,19,0,0,0,0,0,0,0,58,2,884,299,501,668,884
OAKLANDCOMMERCE 14,65,0,2,134,3,3,0,61,1,0,1,53,0,1,21,0,124,7,360,12,0,0,0,0,0,0,0,38,2,548,201,268,360,548
OAKLANDCOMMERCE 15,95,0,0,130,5,2,0,83,0,0,1,163,0,1,38,1,189,3,488,6,0,0,0,0,0,0,0,49,1,811,225,483,488,811
OAKLANDCOMMERCE 2,87,0,1,191,0,5,0,90,1,0,1,110,0,2,35,0,213,0,567,16,0,0,0,0,0,0,0,64,0,859,279,457,567,859
OAKLANDCOMMERCE 3,258,1,0,174,1,4,1,79,1,0,0,145,0,3,43,0,221,3,888,10,0,0,0,0,0,0,0,56,0,861,433,498,888,861
OAKLANDCOMMERCE 4,123,0,0,216,4,6,2,90,1,0,0,173,0,1,44,0,214,1,608,17,0,0,0,0,0,0,0,72,0,954,339,535,608,954
OAKLANDCOMMERCE 5,121,0,0,173,2,3,3,106,0,0,0,188,0,5,63,0,250,2,627,10,0,0,0,0,0,0,0,67,1,1078,294,620,627,1078
OAKLANDCOMMERCE 6,100,0,0,162,1,5,0,75,0,0,0,113,0,0,28,0,175,3,471,15,0,0,0,0,0,0,0,58,0,725,262,397,471,725
OAKLANDCOMMERCE 7,102,0,0,118,4,11,1,150,2,0,0,215,1,2,63,1,256,7,566,16,0,0,0,0,0,0,0,84,0,1069,220,706,566,1069
OAKLANDCOMMERCE 8,123,0,1,180,1,7,0,124,1,0,0,207,0,3,51,1,248,7,611,17,0,0,0,0,0,0,0,77,0,1145,304,643,611,1145
OAKLANDCOMMERCE 9,121,0,2,144,3,9,2,144,1,0,0,203,0,1,61,0,245,6,696,14,0,0,0,0,0,0,0,61,1,1134,267,669,696,1134
OAKLANDFARMINGTON 1,118,0,0,147,0,5,1,45,1,0,0,102,0,1,33,1,88,2,449,7,0,0,0,0,0,0,0,43,0,327,265,277,449,327
OAKLANDFARMINGTON 2,168,0,0,160,0,9,0,69,0,0,1,111,1,1,31,1,103,2,617,11,0,0,0,0,0,0,0,50,0,406,328,327,617,406
OAKLANDFARMINGTON 3,148,0,0,197,3,2,0,56,2,0,0,91,0,1,25,0,80,3,530,10,0,0,0,0,0,0,0,50,0,358,345,260,530,358
OAKLANDFARMINGTON 4,156,1,0,150,0,2,1,50,0,0,0,90,0,0,28,0,62,0,567,8,0,0,0,0,0,0,0,51,0,299,307,233,567,299
OAKLANDFARMINGTON 5,142,0,3,116,0,6,1,57,0,0,1,108,0,0,25,0,88,0,510,2,0,0,0,0,0,0,0,32,0,337,261,286,510,337
OAKLANDFARMINGTON 6,160,0,0,143,7,2,0,58,0,0,1,106,0,1,41,0,69,4,552,8,0,0,0,0,0,0,0,34,1,346,303,285,552,346
OAKLANDFARMINGTON HILLS 1,368,0,0,210,1,1,1,55,0,0,0,123,0,1,41,0,122,3,1083,9,0,0,0,0,0,0,0,37,0,481,578,345,1083,481
OAKLANDFARMINGTON HILLS 10,361,0,2,296,2,9,0,116,0,1,3,189,0,0,63,3,166,4,1255,15,0,0,0,0,0,0,0,83,0,733,659,552,1255,733
OAKLANDFARMINGTON HILLS 11,379,0,0,228,4,3,0,64,0,0,1,103,0,1,34,0,119,2,1188,13,0,0,0,0,0,0,0,46,1,504,607,329,1188,504
OAKLANDFARMINGTON HILLS 12,361,0,0,204,5,4,1,64,1,2,1,144,0,1,36,0,119,2,1028,13,0,0,0,0,0,0,0,32,0,435,565,378,1028,435
OAKLANDFARMINGTON HILLS 13,257,0,2,195,2,8,1,96,0,0,2,147,0,0,35,0,141,8,867,13,0,0,0,0,0,0,0,39,0,556,454,432,867,556
OAKLANDFARMINGTON HILLS 14,233,0,2,247,1,6,1,103,3,1,0,224,0,5,73,1,199,5,864,21,0,0,0,0,0,0,0,74,0,791,482,617,864,791
OAKLANDFARMINGTON HILLS 15,164,0,1,102,2,2,3,60,1,0,0,108,0,0,27,0,98,2,515,7,0,0,0,0,0,0,0,28,0,400,267,301,515,400
OAKLANDFARMINGTON HILLS 16,358,0,4,249,6,3,2,104,0,0,1,251,1,1,65,3,199,4,1169,21,0,0,0,0,0,0,0,68,0,768,611,636,1169,768
OAKLANDFARMINGTON HILLS 17,332,0,0,234,4,4,0,35,1,0,0,41,0,1,12,0,47,2,1130,15,0,0,0,0,0,0,0,42,0,230,566,145,1130,230
OAKLANDFARMINGTON HILLS 18,173,0,0,186,3,8,1,63,0,0,0,107,0,0,38,0,120,4,649,12,0,0,0,0,0,0,0,33,1,479,359,340,649,479
OAKLANDFARMINGTON HILLS 19,367,1,1,236,6,3,0,91,0,0,1,127,0,0,41,0,113,4,1074,11,0,0,0,0,0,0,0,47,0,477,605,382,1074,477
OAKLANDFARMINGTON HILLS 2,418,0,1,233,3,2,2,84,2,0,0,158,0,2,39,1,127,2,1211,15,0,0,0,0,0,0,0,45,0,524,652,420,1211,524
OAKLANDFARMINGTON HILLS 20,377,0,1,338,2,5,0,67,0,0,2,107,0,2,30,1,129,4,1285,28,0,0,0,0,0,0,0,80,0,593,716,345,1285,593
OAKLANDFARMINGTON HILLS 21,252,0,1,307,1,8,0,111,1,0,2,119,0,2,37,0,165,3,1045,32,0,0,0,0,0,0,0,85,0,696,560,446,1045,696
OAKLANDFARMINGTON HILLS 22,183,0,0,172,5,3,0,59,0,0,0,140,0,0,37,0,128,3,728,10,0,0,0,0,0,0,0,39,0,555,355,372,728,555
OAKLANDFARMINGTON HILLS 23,171,0,0,118,7,6,0,93,1,0,0,179,0,0,55,0,186,4,726,9,0,0,0,0,0,0,0,41,0,649,289,527,726,649
OAKLANDFARMINGTON HILLS 24,329,1,1,244,12,8,0,141,0,0,0,207,0,0,83,3,223,4,1111,18,0,0,0,0,0,0,0,64,0,914,575,677,1111,914
OAKLANDFARMINGTON HILLS 25,358,0,3,252,5,7,2,91,1,0,0,126,0,1,47,0,187,8,1137,14,0,0,0,0,0,0,0,55,2,713,613,467,1137,713
OAKLANDFARMINGTON HILLS 26,229,1,0,280,9,7,1,72,0,0,2,108,1,2,51,1,174,4,1026,27,0,0,0,0,0,0,0,73,1,626,510,428,1026,626
OAKLANDFARMINGTON HILLS 27,225,1,0,211,3,6,0,67,1,0,1,51,0,1,18,1,130,4,933,28,0,0,0,0,0,0,0,61,1,526,437,279,933,526
OAKLANDFARMINGTON HILLS 3,395,0,0,262,9,3,0,82,0,0,0,228,0,0,49,0,139,6,1269,11,0,0,0,0,0,0,0,58,0,608,657,510,1269,608
OAKLANDFARMINGTON HILLS 4,397,0,0,204,3,5,2,69,2,1,0,205,0,0,53,0,144,1,1163,3,0,0,0,0,0,0,0,28,1,626,601,484,1163,626
OAKLANDFARMINGTON HILLS 5,220,0,1,148,1,1,1,47,1,0,1,114,0,1,34,0,124,1,757,6,0,0,0,0,0,0,0,28,0,607,369,325,757,607
OAKLANDFARMINGTON HILLS 6,179,0,0,115,1,0,0,24,0,0,1,26,0,1,9,0,38,2,605,9,0,0,0,0,0,0,0,19,1,207,294,100,605,207
OAKLANDFARMINGTON HILLS 7,278,0,2,145,8,3,0,71,2,0,0,194,0,2,57,0,188,4,972,5,0,0,0,0,0,0,0,45,1,689,425,525,972,689
OAKLANDFARMINGTON HILLS 8,249,0,0,162,1,6,0,73,2,0,1,197,0,0,49,0,139,3,903,6,0,0,0,0,0,0,0,36,0,598,411,468,903,598
OAKLANDFARMINGTON HILLS 9,308,0,1,267,7,4,0,108,0,0,0,235,0,0,71,0,183,8,1151,20,0,0,0,0,0,0,0,69,0,761,576,608,1151,761
OAKLANDFENTON 2,1,0,0,0,0,0,0,0,0,0,0,0,0,0,1,0,0,0,3,0,0,0,0,0,0,0,0,0,0,9,1,1,3,9
OAKLANDFERNDALE 1,339,0,0,582,3,4,0,47,1,0,0,107,0,1,29,0,97,1,1402,29,0,0,0,0,0,0,0,72,0,365,921,289,1402,365
OAKLANDFERNDALE 2,176,0,0,421,2,4,1,22,0,0,1,43,0,0,10,0,82,2,928,32,0,0,0,0,0,0,0,72,2,246,597,165,928,246
OAKLANDFERNDALE 3,192,1,1,507,2,1,0,39,0,0,0,58,0,2,13,0,50,3,996,33,0,0,0,0,0,0,0,42,1,206,701,165,996,206
OAKLANDFERNDALE 4,143,0,0,409,0,2,0,31,1,0,1,61,0,1,18,0,73,0,826,36,0,0,0,0,0,0,0,61,0,290,552,188,826,290
OAKLANDFERNDALE 5,199,0,2,451,1,1,0,41,0,1,1,41,0,3,13,0,51,3,954,31,0,0,0,0,0,0,0,57,1,235,652,153,954,235
OAKLANDFERNDALE 6,182,0,0,304,1,2,0,42,0,1,2,56,0,0,22,0,98,3,738,26,0,0,0,0,0,0,0,62,2,410,486,224,738,410
OAKLANDFERNDALE 7,143,0,2,307,1,3,0,34,0,0,0,33,0,2,13,0,56,0,678,35,0,0,0,0,0,0,0,61,1,284,452,142,678,284
OAKLANDFERNDALE 8,106,0,1,246,0,2,1,10,0,0,0,33,0,3,10,0,42,0,510,14,0,0,0,0,0,0,0,35,0,138,353,101,510,138
OAKLANDFERNDALE 9,229,0,0,539,3,1,2,25,3,0,0,73,0,0,20,0,56,3,1078,34,0,0,0,0,0,0,0,51,0,238,768,183,1078,238
OAKLANDGROVELAND 1,59,0,0,111,1,8,1,118,1,0,0,98,3,0,25,0,218,11,307,8,0,0,0,0,0,0,0,49,1,874,170,473,307,874
OAKLANDGROVELAND 2,64,0,2,100,3,7,0,66,0,0,1,53,0,0,18,1,143,3,267,16,0,0,0,0,0,0,0,29,1,666,166,292,267,666
OAKLANDGROVELAND 3,44,0,2,78,0,3,0,89,0,0,0,98,0,1,29,0,143,2,274,4,0,0,0,0,0,0,0,42,1,622,124,363,274,622
OAKLANDHAZEL PARK 1,170,0,1,380,4,2,2,60,0,0,0,62,0,0,18,0,149,3,891,42,0,0,0,0,0,0,0,75,5,517,551,297,891,517
OAKLANDHAZEL PARK 2,115,0,3,229,1,2,0,27,0,0,1,26,0,1,6,0,85,4,535,26,0,0,0,0,0,0,0,41,1,392,347,149,535,392
OAKLANDHAZEL PARK 3,144,0,1,287,0,4,0,44,0,0,0,56,0,1,19,0,142,7,776,38,0,0,0,0,0,0,0,64,2,674,432,266,776,674
OAKLANDHAZEL PARK 4,108,1,1,166,0,1,0,32,0,0,1,29,0,0,8,1,62,3,454,15,0,0,0,0,0,0,0,24,2,349,276,134,454,349
OAKLANDHAZEL PARK 5,179,0,1,280,0,4,0,66,0,0,0,60,0,0,17,0,145,6,809,26,0,0,0,0,0,0,0,50,4,586,460,292,809,586
OAKLANDHIGHLAND 1,100,0,0,164,6,12,1,157,0,0,2,191,1,4,62,0,318,3,524,16,0,0,0,0,0,0,0,69,0,1326,264,754,524,1326
OAKLANDHIGHLAND 2,95,0,0,163,3,7,0,99,0,0,2,100,0,0,48,1,294,5,418,13,0,0,0,0,0,0,0,55,0,1057,258,554,418,1057
OAKLANDHIGHLAND 3,71,0,0,84,4,8,3,65,0,0,0,67,0,1,24,0,143,4,292,11,0,0,0,0,0,0,0,43,0,583,155,315,292,583
OAKLANDHIGHLAND 4,125,0,1,205,4,7,0,127,1,0,0,162,0,0,49,3,245,7,559,16,0,0,0,0,0,0,0,94,1,1028,331,598,559,1028
OAKLANDHIGHLAND 5,68,0,0,117,5,6,1,74,0,0,0,152,0,2,47,0,191,4,329,4,0,0,0,0,0,0,0,46,0,708,185,478,329,708
OAKLANDHIGHLAND 6,81,0,3,141,8,8,4,143,1,0,0,124,0,1,39,0,255,2,427,10,0,0,0,0,0,0,0,48,0,1025,225,583,427,1025
OAKLANDHIGHLAND 7,40,0,0,93,1,2,0,64,0,0,1,61,0,1,26,0,163,5,247,10,0,0,0,0,0,0,0,61,1,609,133,319,247,609
OAKLANDHIGHLAND 8,101,1,2,128,1,7,1,98,0,0,0,102,0,0,36,0,147,3,400,4,0,0,0,0,0,0,0,40,0,633,232,392,400,633
OAKLANDHOLLY 1,131,1,0,236,1,13,2,86,0,1,3,73,0,0,25,0,197,3,546,26,0,0,0,0,0,0,0,80,0,737,368,401,546,737
OAKLANDHOLLY 2,97,0,3,215,1,8,1,90,1,0,0,67,0,2,27,0,150,7,460,25,0,0,0,0,0,0,0,100,1,739,315,347,460,739
OAKLANDHOLLY 3,92,0,0,160,2,6,0,109,1,0,0,99,0,0,30,0,215,3,438,14,0,0,0,0,0,0,0,63,0,887,252,462,438,887
OAKLANDHOLLY 4,143,0,0,146,2,6,0,115,1,0,0,116,0,0,69,0,237,1,574,8,0,0,0,0,0,0,0,67,0,957,289,546,574,957
OAKLANDHUNTINGTON WOODS 1,277,0,0,173,1,1,0,17,0,0,0,156,0,0,20,0,33,0,819,4,0,0,0,0,0,0,0,16,0,161,450,228,819,161
OAKLANDHUNTINGTON WOODS 2,198,0,0,173,1,1,0,31,0,0,0,105,0,1,17,0,57,3,603,7,0,0,0,0,0,0,0,22,0,196,371,213,603,196
OAKLANDHUNTINGTON WOODS 3,178,1,0,229,0,0,0,20,0,0,0,132,0,0,15,0,43,3,640,8,0,0,0,0,0,0,0,22,0,204,408,210,640,204
OAKLANDHUNTINGTON WOODS 4,215,0,1,193,1,1,1,11,0,0,1,96,0,0,28,1,34,1,663,5,0,0,0,0,0,0,0,24,0,125,409,174,663,125
OAKLANDHUNTINGTON WOODS 5,196,0,1,199,0,1,0,21,0,0,0,110,0,0,22,0,30,0,633,6,0,0,0,0,0,0,0,33,0,161,396,184,633,161
OAKLANDINDEPENDENCE 1,104,0,0,187,2,7,1,183,0,0,1,194,0,3,68,0,292,6,626,14,0,0,0,0,0,0,0,95,0,1262,291,751,626,1262
OAKLANDINDEPENDENCE 10,97,0,0,186,5,7,1,102,0,1,2,91,0,1,48,0,180,9,535,30,0,0,0,0,0,0,0,82,0,850,283,438,535,850
OAKLANDINDEPENDENCE 11,150,0,0,192,5,4,1,113,2,0,0,142,1,2,51,0,253,3,615,17,0,0,0,0,0,0,0,105,0,1084,342,574,615,1084
OAKLANDINDEPENDENCE 12,63,0,0,92,4,7,1,62,1,0,2,68,0,0,26,0,129,1,293,8,0,0,0,0,0,0,0,33,0,503,155,300,293,503
OAKLANDINDEPENDENCE 13,78,0,0,142,4,9,1,93,2,0,0,100,0,1,45,1,189,0,451,15,0,0,0,0,0,0,0,53,1,720,220,445,451,720
OAKLANDINDEPENDENCE 2,93,0,1,154,2,9,1,97,0,0,1,178,0,2,49,0,236,1,489,13,0,0,0,0,0,0,0,66,0,881,248,575,489,881
OAKLANDINDEPENDENCE 3,105,0,0,141,1,3,0,148,0,0,1,220,0,1,60,1,233,3,529,9,0,0,0,0,0,0,0,82,1,983,246,668,529,983
OAKLANDINDEPENDENCE 4,88,0,1,133,0,9,1,155,0,0,1,201,0,0,58,0,271,5,505,19,0,0,0,0,0,0,0,63,0,1020,222,696,505,1020
OAKLANDINDEPENDENCE 5,137,0,0,147,4,10,1,106,3,0,0,205,0,1,78,0,301,3,596,13,0,0,0,0,0,0,0,51,0,1110,284,709,596,1110
OAKLANDINDEPENDENCE 6,154,0,0,211,9,10,1,120,1,0,1,163,0,2,75,1,234,6,677,14,0,0,0,0,0,0,0,66,1,934,365,617,677,934
OAKLANDINDEPENDENCE 7,155,0,0,203,8,10,1,103,0,0,0,207,0,4,68,2,242,2,766,15,0,0,0,0,0,0,0,86,0,994,358,645,766,994
OAKLANDINDEPENDENCE 8,76,1,1,91,3,5,2,101,0,0,2,145,0,2,51,0,182,3,387,7,0,0,0,0,0,0,0,45,0,770,169,493,387,770
OAKLANDINDEPENDENCE 9,88,0,0,109,4,10,0,102,1,0,1,257,0,1,67,0,268,3,562,10,0,0,0,0,0,0,0,60,0,1118,197,711,562,1118
OAKLANDKEEGO HARBOR 1,128,0,1,198,1,2,0,41,0,0,0,99,0,1,26,3,171,2,620,26,0,0,0,0,0,0,0,44,0,681,327,344,620,681
OAKLANDLAKE ANGELUS 1,10,0,0,6,3,0,2,20,0,0,0,59,1,0,15,1,56,0,46,1,0,0,0,0,0,0,0,13,0,184,16,157,46,184
OAKLANDLATHRUP VILLAGE 1,488,0,0,260,2,7,2,41,0,1,1,79,0,0,21,1,42,3,1177,10,0,0,0,0,0,0,0,21,0,206,748,197,1177,206
OAKLANDLATHRUP VILLAGE 2,534,1,2,241,3,4,1,35,0,0,1,36,0,0,27,0,39,2,1204,11,0,0,0,0,0,0,0,25,0,164,778,146,1204,164
OAKLANDLYON 1,107,0,1,153,1,0,2,108,0,0,0,156,0,3,34,1,234,2,586,12,0,0,0,0,0,0,0,80,1,920,261,539,586,920
OAKLANDLYON 2,117,0,0,130,2,2,1,115,1,0,2,207,0,1,34,1,181,2,682,7,0,0,0,0,0,0,0,77,0,1008,247,547,682,1008
OAKLANDLYON 3,82,0,0,128,4,5,0,102,0,2,1,107,0,2,32,3,160,5,475,12,0,0,0,0,0,0,0,71,0,814,210,418,475,814
OAKLANDLYON 4,89,1,0,143,4,2,0,100,0,0,1,122,0,1,46,2,161,4,488,16,0,0,0,0,0,0,0,51,0,846,233,439,488,846
OAKLANDLYON 5,91,0,2,134,2,7,5,123,0,0,1,160,0,0,55,0,241,0,565,11,0,0,0,0,0,0,0,57,0,964,227,594,565,964
OAKLANDLYON 6,140,0,1,133,3,5,2,175,0,0,0,256,0,1,62,2,310,1,802,10,0,0,0,0,0,0,0,81,0,1506,274,816,802,1506
OAKLANDMADISON HEIGHTS 1,111,0,0,185,2,3,0,37,0,1,1,42,0,0,18,1,94,4,528,21,0,0,0,0,0,0,0,61,0,418,296,199,528,418
OAKLANDMADISON HEIGHTS 10,140,1,1,181,1,9,0,67,2,0,2,120,0,3,39,0,122,3,564,12,0,0,0,0,0,0,0,54,0,616,323,365,564,616
OAKLANDMADISON HEIGHTS 11,205,0,3,220,0,4,0,39,0,0,0,51,0,0,22,0,86,4,834,21,0,0,0,0,0,0,0,40,0,408,428,202,834,408
OAKLANDMADISON HEIGHTS 2,135,0,0,193,0,3,0,36,0,0,0,40,0,1,14,0,121,3,505,13,0,0,0,0,0,0,0,30,0,436,328,215,505,436
OAKLANDMADISON HEIGHTS 3,108,0,0,161,4,0,0,27,0,0,0,25,0,0,16,1,100,2,522,13,0,0,0,0,0,0,0,32,0,397,269,173,522,397
OAKLANDMADISON HEIGHTS 4,115,0,2,165,1,1,0,48,0,0,0,43,0,1,13,0,103,4,510,16,0,0,0,0,0,0,0,37,0,495,282,210,510,495
OAKLANDMADISON HEIGHTS 5,116,2,0,151,3,2,1,38,1,0,0,54,0,1,14,1,85,3,470,12,0,0,0,0,0,0,0,44,0,437,269,200,470,437
OAKLANDMADISON HEIGHTS 6,78,0,1,16,1,0,0,3,0,0,1,10,0,0,5,2,37,0,154,0,0,0,0,0,0,0,0,5,0,106,95,59,154,106
OAKLANDMADISON HEIGHTS 7,174,0,3,238,4,3,0,60,0,0,1,133,0,1,39,2,152,2,730,15,0,0,0,0,0,0,0,68,0,712,415,395,730,712
OAKLANDMADISON HEIGHTS 8,206,0,3,289,5,4,2,107,0,0,0,125,0,1,44,0,169,6,827,30,0,0,0,0,0,0,0,81,1,831,498,457,827,831
OAKLANDMADISON HEIGHTS 9,192,0,0,254,1,2,0,94,0,0,0,98,0,3,36,0,187,1,712,22,0,0,0,0,0,0,0,73,1,734,446,421,712,734
OAKLANDMILFORD 1,100,0,2,104,4,8,3,113,0,0,1,128,2,2,52,0,240,7,460,8,0,0,0,0,0,0,0,68,0,845,206,553,460,845
OAKLANDMILFORD 2,65,0,0,91,2,2,0,95,0,0,1,81,0,1,26,1,136,4,301,17,0,0,0,0,0,0,0,46,1,651,156,345,301,651
OAKLANDMILFORD 3,94,0,0,115,0,6,1,112,3,0,0,158,1,1,57,1,236,1,466,10,0,0,0,0,0,0,0,37,0,865,209,576,466,865
OAKLANDMILFORD 4,120,0,1,202,8,9,1,157,0,0,1,231,0,1,64,1,320,7,747,12,0,0,0,0,0,0,0,76,0,1279,323,793,747,1279
OAKLANDMILFORD 5,26,0,0,78,2,0,0,23,0,0,0,32,1,1,14,0,50,0,190,4,0,0,0,0,0,0,0,14,0,212,104,123,190,212
OAKLANDMILFORD 6,66,0,0,117,0,4,0,68,0,0,0,115,0,3,35,1,133,2,416,4,0,0,0,0,0,0,0,36,0,505,183,359,416,505
OAKLANDMILFORD 7,97,0,1,171,0,9,1,113,0,0,2,156,0,0,55,0,191,4,572,13,0,0,0,0,0,0,0,69,0,792,269,527,572,792
OAKLANDMILFORD 8,82,1,0,119,4,5,2,64,0,0,1,116,0,1,43,0,117,0,360,10,0,0,0,0,0,0,0,45,0,509,202,353,360,509
OAKLANDNORTHVILLE 2,250,1,2,220,6,10,4,142,2,0,1,294,0,1,69,1,235,3,1022,11,0,0,0,0,0,0,0,69,0,1001,473,765,1022,1001
OAKLANDNOVI 1,161,0,0,159,5,2,0,96,0,0,0,202,0,1,47,0,191,8,716,15,0,0,0,0,0,0,0,57,0,773,320,544,716,773
OAKLANDNOVI 10,154,1,2,46,11,10,3,51,1,1,1,226,0,0,42,1,92,3,388,0,0,0,0,0,0,0,0,37,0,446,203,439,388,446
OAKLANDNOVI 11,119,0,0,147,1,2,0,52,0,0,1,111,0,0,17,0,136,3,556,15,0,0,0,0,0,0,0,69,0,610,266,320,556,610
OAKLANDNOVI 12,206,0,1,302,2,1,0,57,0,0,0,74,0,1,40,1,101,2,1072,24,0,0,0,0,0,0,0,71,0,517,509,277,1072,517
OAKLANDNOVI 13,109,0,0,83,1,1,0,40,0,0,1,65,0,1,13,0,88,4,551,10,0,0,0,0,0,0,0,26,0,386,192,210,551,386
OAKLANDNOVI 14,107,0,0,114,2,2,0,47,0,0,0,156,0,0,23,0,104,0,536,16,0,0,0,0,0,0,0,38,1,479,221,334,536,479
OAKLANDNOVI 15,132,0,0,141,2,3,2,92,0,0,0,209,0,1,51,0,154,3,696,8,0,0,0,0,0,0,0,42,1,750,273,514,696,750
OAKLANDNOVI 16,134,0,0,176,3,8,0,101,0,0,0,243,0,1,66,2,165,4,866,9,0,0,0,0,0,0,0,61,0,889,310,589,866,889
OAKLANDNOVI 17,146,1,0,131,0,1,2,138,1,0,0,297,0,0,64,1,133,2,814,8,0,0,0,0,0,0,0,72,0,861,278,637,814,861
OAKLANDNOVI 18,143,0,0,164,1,7,3,96,1,0,1,264,0,0,52,1,229,2,762,7,0,0,0,0,0,0,0,65,0,902,307,655,762,902
OAKLANDNOVI 19,69,0,1,56,0,0,0,52,0,0,0,121,0,1,20,0,135,1,461,8,0,0,0,0,0,0,0,31,0,626,126,329,461,626
OAKLANDNOVI 2,195,1,0,171,6,3,1,92,1,0,0,238,0,2,66,0,189,1,910,14,0,0,0,0,0,0,0,65,2,834,367,598,910,834
OAKLANDNOVI 20,67,0,0,100,3,2,0,74,0,0,1,164,0,0,38,0,132,5,474,7,0,0,0,0,0,0,0,44,0,617,167,414,474,617
OAKLANDNOVI 21,90,0,0,55,1,1,0,54,0,0,0,154,0,1,40,0,135,2,576,3,0,0,0,0,0,0,0,33,0,543,145,386,576,543
OAKLANDNOVI 22,106,1,2,108,5,2,1,48,0,0,0,52,0,0,17,0,52,6,457,18,0,0,0,0,0,0,0,28,1,345,217,177,457,345
OAKLANDNOVI 3,201,0,1,177,2,5,0,75,0,0,1,93,0,0,31,0,118,1,765,14,0,0,0,0,0,0,0,36,1,521,379,325,765,521
OAKLANDNOVI 4,203,0,0,164,4,4,2,57,0,1,0,148,0,0,51,0,150,5,763,11,0,0,0,0,0,0,0,63,5,562,367,417,763,562
OAKLANDNOVI 5,139,0,0,147,0,2,2,50,0,0,0,101,0,0,10,2,98,0,626,5,0,0,0,0,0,0,0,39,1,361,286,265,626,361
OAKLANDNOVI 6,171,0,1,152,9,10,0,70,0,0,0,131,0,2,45,0,137,3,784,12,0,0,0,0,0,0,0,49,0,547,324,404,784,547
OAKLANDNOVI 7,147,0,0,132,1,6,1,44,0,0,0,78,0,0,24,0,115,1,674,9,0,0,0,0,0,0,0,40,0,492,279,269,674,492
OAKLANDNOVI 8,170,0,0,101,4,5,2,61,0,0,1,113,1,0,37,0,110,0,616,11,0,0,0,0,0,0,0,32,1,503,271,334,616,503
OAKLANDNOVI 9,281,0,0,179,2,5,0,73,0,0,0,159,0,0,49,1,189,3,957,20,0,0,0,0,0,0,0,51,0,708,460,478,957,708
OAKLANDOAK PARK 1,125,0,1,71,0,1,0,17,0,0,1,14,0,0,4,0,17,1,439,4,0,0,0,0,0,0,0,9,0,114,197,54,439,114
OAKLANDOAK PARK 10,505,2,1,154,0,3,0,9,0,0,1,6,0,0,3,0,10,1,1139,8,0,0,0,0,0,0,0,7,0,45,662,32,1139,45
OAKLANDOAK PARK 11,211,0,0,135,0,2,0,8,0,0,0,5,0,0,6,0,15,0,680,3,0,0,0,0,0,0,0,11,1,88,346,36,680,88
OAKLANDOAK PARK 12,470,1,0,199,0,3,0,6,0,0,0,16,0,0,5,0,11,2,1043,13,0,0,0,0,0,0,0,6,1,65,670,41,1043,65
OAKLANDOAK PARK 13,419,0,0,194,0,3,0,3,0,0,0,15,0,0,6,0,14,1,1051,19,0,0,0,0,0,0,0,18,1,62,613,41,1051,62
OAKLANDOAK PARK 14,203,1,1,261,0,3,1,17,0,0,0,29,0,0,4,0,32,4,717,14,0,0,0,0,0,0,0,28,1,156,466,86,717,156
OAKLANDOAK PARK 15,239,1,0,208,1,1,0,18,0,0,0,20,0,0,3,0,9,1,756,14,0,0,0,0,0,0,0,22,1,99,448,52,756,99
OAKLANDOAK PARK 16,151,0,0,279,2,4,0,34,0,1,0,35,0,0,19,1,37,3,737,27,0,0,0,0,0,0,0,36,3,184,430,133,737,184
OAKLANDOAK PARK 2,157,0,1,184,0,2,0,76,0,0,0,86,0,0,43,0,56,1,620,11,0,0,0,0,0,0,0,32,1,410,342,263,620,410
OAKLANDOAK PARK 3,181,0,0,217,0,0,2,54,0,0,0,85,1,0,41,0,60,1,721,13,0,0,0,0,0,0,0,30,0,402,398,243,721,402
OAKLANDOAK PARK 4,140,1,0,63,0,2,0,69,1,0,0,27,0,0,28,0,32,1,462,3,0,0,0,0,0,0,0,7,0,311,204,159,462,311
OAKLANDOAK PARK 5,204,0,1,130,0,2,0,14,0,0,0,5,0,0,4,0,7,1,585,8,0,0,0,0,0,0,0,8,1,50,335,32,585,50
OAKLANDOAK PARK 6,353,0,1,138,1,2,2,36,0,0,1,22,0,0,15,0,20,1,835,8,0,0,0,0,0,0,0,11,1,149,492,99,835,149
OAKLANDOAK PARK 7,347,0,0,151,0,1,0,8,1,0,0,9,0,0,4,0,14,3,945,7,0,0,0,0,0,0,0,6,0,60,498,37,945,60
OAKLANDOAK PARK 8,434,0,0,157,0,1,0,10,0,0,0,6,0,0,7,0,7,2,1036,11,0,0,0,0,0,0,0,7,1,40,591,31,1036,40
OAKLANDOAK PARK 9,408,0,1,149,0,1,0,6,0,0,2,0,0,0,0,0,9,1,1034,1,0,0,0,0,0,0,0,6,1,41,558,18,1034,41
OAKLANDOAKLAND 1,99,0,0,115,1,7,3,124,0,0,0,217,0,0,74,1,208,2,492,9,0,0,0,0,0,0,0,57,0,900,214,635,492,900
OAKLANDOAKLAND 2,100,0,0,173,5,7,1,124,2,0,1,123,0,3,41,1,222,8,487,14,0,0,0,0,0,0,0,54,0,910,273,530,487,910
OAKLANDOAKLAND 3,42,0,0,75,0,4,0,56,0,0,0,90,0,1,28,0,122,1,225,6,0,0,0,0,0,0,0,27,0,491,117,301,225,491
OAKLANDOAKLAND 4,83,0,0,83,5,5,1,83,2,0,0,188,0,0,55,2,230,0,389,7,0,0,0,0,0,0,0,35,0,828,166,571,389,828
OAKLANDOAKLAND 5,103,0,2,127,1,4,0,92,0,0,0,238,0,1,39,0,159,4,640,13,0,0,0,0,0,0,0,42,1,767,232,534,640,767
OAKLANDOAKLAND 6,74,0,0,123,1,3,0,117,0,0,1,198,0,1,49,0,234,4,460,12,0,0,0,0,0,0,0,58,0,1044,197,604,460,1044
OAKLANDOAKLAND 7,113,0,0,71,7,2,2,100,1,0,1,231,0,0,69,0,292,3,594,16,0,0,0,0,0,0,0,35,0,1075,184,705,594,1075
OAKLANDOAKLAND 8,96,0,0,84,1,6,2,90,0,0,2,157,0,2,37,0,173,2,432,9,0,0,0,0,0,0,0,33,0,738,180,470,432,738
OAKLANDORCHARD LAKE 1,143,0,0,96,7,4,0,66,0,0,1,208,1,2,47,0,239,0,570,4,0,0,0,0,0,0,0,42,0,865,239,575,570,865
OAKLANDORION 1,50,0,0,198,4,5,1,94,2,0,1,136,0,1,40,1,189,2,455,20,0,0,0,0,0,0,0,74,0,815,248,474,455,815
OAKLANDORION 10,84,1,2,145,2,10,1,98,1,0,0,173,0,1,58,0,163,1,482,12,0,0,0,0,0,0,0,51,0,671,232,507,482,671
OAKLANDORION 11,86,0,0,111,1,3,0,62,0,0,0,98,0,0,25,0,128,2,333,11,0,0,0,0,0,0,0,59,1,536,197,317,333,536
OAKLANDORION 12,102,0,1,175,1,3,2,88,0,0,1,145,0,1,38,0,186,3,512,22,0,0,0,0,0,0,0,57,2,789,278,465,512,789
OAKLANDORION 13,95,0,0,166,5,9,1,105,1,0,2,159,0,4,44,0,192,3,532,24,0,0,0,0,0,0,0,66,1,806,261,522,532,806
OAKLANDORION 14,80,0,0,91,2,2,1,85,1,0,0,148,1,1,20,0,107,5,375,11,0,0,0,0,0,0,0,46,1,541,171,368,375,541
OAKLANDORION 15,82,0,0,88,1,3,0,74,0,1,1,97,0,0,29,0,111,7,511,12,0,0,0,0,0,0,0,56,1,652,170,317,511,652
OAKLANDORION 2,119,1,0,195,2,12,0,93,0,0,2,144,0,2,43,1,218,4,569,27,0,0,0,0,0,0,0,89,0,922,315,517,569,922
OAKLANDORION 3,94,0,1,135,1,4,2,89,3,0,0,171,0,0,68,0,267,1,483,16,0,0,0,0,0,0,0,48,2,890,230,605,483,890
OAKLANDORION 4,84,1,1,149,2,6,0,112,0,0,1,165,1,1,73,1,266,1,525,16,0,0,0,0,0,0,0,72,1,1012,235,628,525,1012
OAKLANDORION 5,100,0,0,180,4,7,0,102,0,0,0,242,0,6,60,0,237,2,610,9,0,0,0,0,0,0,0,52,1,1007,280,658,610,1007
OAKLANDORION 6,100,0,0,116,2,8,3,95,0,0,0,229,1,1,76,0,199,5,484,11,0,0,0,0,0,0,0,65,0,805,216,614,484,805
OAKLANDORION 7,147,0,0,189,1,13,0,63,1,0,0,111,1,3,40,1,164,5,514,16,0,0,0,0,0,0,0,57,1,673,336,398,514,673
OAKLANDORION 8,72,0,3,84,3,4,2,76,1,0,0,120,0,0,52,0,141,4,442,6,0,0,0,0,0,0,0,53,3,652,159,399,442,652
OAKLANDORION 9,119,0,0,152,3,11,0,94,0,0,3,162,1,0,41,1,146,2,572,24,0,0,0,0,0,0,0,77,0,729,271,462,572,729
OAKLANDOXFORD 1,133,0,1,215,3,10,1,137,1,0,2,146,0,1,63,1,248,1,590,20,0,0,0,0,0,0,0,88,1,1085,349,613,590,1085
OAKLANDOXFORD 2,72,0,0,106,3,6,1,82,1,0,0,75,0,0,30,0,160,5,358,5,0,0,0,0,0,0,0,69,1,695,178,358,358,695
OAKLANDOXFORD 3,142,0,0,143,5,12,0,161,1,0,1,204,0,2,67,1,273,4,620,12,0,0,0,0,0,0,0,68,3,1194,285,727,620,1194
OAKLANDOXFORD 4,103,0,2,144,5,6,1,151,1,0,1,188,0,1,77,1,253,6,502,19,0,0,0,0,0,0,0,76,0,1196,249,685,502,1196
OAKLANDOXFORD 5,82,0,1,120,0,3,0,71,0,0,0,77,0,2,19,3,148,6,398,17,0,0,0,0,0,0,0,49,1,679,203,323,398,679
OAKLANDOXFORD 6,84,0,0,135,3,14,0,146,0,0,0,139,0,1,43,1,257,7,437,14,0,0,0,0,0,0,0,64,0,1099,219,604,437,1099
OAKLANDOXFORD 7,100,1,2,138,6,7,2,113,1,0,3,168,0,0,43,0,214,4,564,14,0,0,0,0,0,0,0,65,0,1005,241,557,564,1005
OAKLANDPLEASANT RIDGE 1,197,0,0,216,2,1,1,29,0,0,0,109,0,0,22,0,48,0,690,15,0,0,0,0,0,0,0,32,0,211,413,212,690,211
OAKLANDPLEASANT RIDGE 2,193,0,0,234,0,0,0,25,0,0,0,111,0,0,13,1,47,0,669,14,0,0,0,0,0,0,0,20,0,174,427,197,669,174
OAKLANDPONTIAC 1,611,0,0,166,0,0,0,3,0,0,0,4,0,0,1,0,7,2,1381,6,0,0,0,0,0,0,0,9,0,44,777,15,1381,44
OAKLANDPONTIAC 10,44,1,0,32,1,1,0,11,0,0,0,5,0,0,0,0,14,1,156,1,0,0,0,0,0,0,0,8,0,77,77,32,156,77
OAKLANDPONTIAC 11,274,0,3,230,1,8,0,51,0,1,3,25,1,2,18,1,85,5,946,21,0,0,0,0,0,0,0,44,0,392,507,196,946,392
OAKLANDPONTIAC 12,214,0,1,141,2,2,0,42,0,0,0,14,0,0,18,0,77,3,708,10,0,0,0,0,0,0,0,19,0,306,356,155,708,306
OAKLANDPONTIAC 13,266,0,0,160,2,0,0,40,0,0,0,27,0,0,11,0,63,6,791,15,0,0,0,0,0,0,0,24,0,282,426,143,791,282
OAKLANDPONTIAC 14,185,1,1,128,1,3,0,13,1,1,0,9,0,0,5,0,12,2,636,7,0,0,0,0,0,0,0,21,1,99,315,45,636,99
OAKLANDPONTIAC 15,509,0,0,176,1,1,0,11,0,0,0,10,0,0,1,0,17,1,1164,6,0,0,0,0,0,0,0,6,0,87,685,41,1164,87
OAKLANDPONTIAC 16,448,0,1,167,2,2,0,9,0,0,0,13,0,0,6,0,15,1,1026,10,0,0,0,0,0,0,0,12,2,102,616,47,1026,102
OAKLANDPONTIAC 17,220,1,0,120,0,3,0,18,1,0,0,11,0,0,6,0,36,0,664,6,0,0,0,0,0,0,0,11,1,160,341,75,664,160
OAKLANDPONTIAC 18,136,1,0,57,0,0,0,4,0,0,0,3,0,0,2,0,17,1,369,4,0,0,0,0,0,0,0,14,1,77,194,26,369,77
OAKLANDPONTIAC 19,395,5,2,127,1,1,0,0,0,0,0,2,0,0,2,0,7,2,1005,8,0,0,0,0,0,0,0,9,0,43,529,13,1005,43
OAKLANDPONTIAC 2,256,0,0,116,0,3,0,9,0,0,0,10,0,1,5,0,23,1,775,8,0,0,0,0,0,0,0,8,1,98,372,51,775,98
OAKLANDPONTIAC 20,473,0,0,135,2,3,0,7,1,0,0,1,0,0,1,0,8,3,1038,4,0,0,0,0,0,0,0,8,0,61,608,23,1038,61
OAKLANDPONTIAC 21,463,0,1,155,1,5,0,8,0,1,0,3,0,0,2,0,18,5,1148,15,0,0,0,0,0,0,0,11,2,66,619,38,1148,66
OAKLANDPONTIAC 3,484,0,2,187,0,0,0,9,0,0,0,12,0,0,9,0,16,1,1071,6,0,0,0,0,0,0,0,17,0,99,673,46,1071,99
OAKLANDPONTIAC 4,191,0,0,161,2,3,0,27,0,0,0,27,0,0,9,0,56,5,626,20,0,0,0,0,0,0,0,27,1,254,352,124,626,254
OAKLANDPONTIAC 5,281,1,0,160,0,1,0,35,0,0,0,34,0,0,14,0,35,3,697,18,0,0,0,0,0,0,0,30,0,177,442,119,697,177
OAKLANDPONTIAC 6,305,1,3,190,0,0,0,15,0,0,1,16,0,1,8,0,23,3,858,16,0,0,0,0,0,0,0,18,2,128,499,64,858,128
OAKLANDPONTIAC 7,103,0,0,39,0,2,0,9,0,0,0,0,0,0,4,0,14,5,297,3,0,0,0,0,0,0,0,7,0,71,142,29,297,71
OAKLANDPONTIAC 8,186,1,0,142,0,5,0,23,0,0,0,10,0,2,7,0,52,0,605,5,0,0,0,0,0,0,0,35,1,269,329,99,605,269
OAKLANDPONTIAC 9,167,0,0,73,0,1,0,6,0,1,0,5,0,0,4,0,19,0,546,3,0,0,0,0,0,0,0,11,1,95,240,36,546,95
OAKLANDROCHESTER 1,136,0,2,197,3,4,2,66,0,0,1,144,0,1,41,2,134,3,630,15,0,0,0,0,0,0,0,60,0,560,335,398,630,560
OAKLANDROCHESTER 2,151,0,1,235,4,4,1,73,2,0,1,179,0,2,62,0,222,0,790,25,0,0,0,0,0,0,0,66,0,857,387,550,790,857
OAKLANDROCHESTER 3,85,0,0,154,0,5,0,44,1,0,0,114,0,1,31,1,116,2,462,14,0,0,0,0,0,0,0,36,1,458,239,313,462,458
OAKLANDROCHESTER 4,90,0,0,63,0,2,0,42,0,0,1,125,0,0,33,0,124,0,373,7,0,0,0,0,0,0,0,29,1,473,153,327,373,473
OAKLANDROCHESTER 5,162,0,0,138,9,3,5,133,0,0,0,388,1,1,114,0,292,5,837,19,0,0,0,0,0,0,0,74,0,1361,300,946,837,1361
OAKLANDROCHESTER HILLS 1,185,0,0,188,7,6,3,102,0,0,0,180,0,0,56,1,164,5,715,8,0,0,0,0,0,0,0,45,0,712,373,519,715,712
OAKLANDROCHESTER HILLS 10,117,0,0,118,2,3,1,84,1,0,0,213,0,2,48,2,125,4,572,10,0,0,0,0,0,0,0,39,1,514,235,481,572,514
OAKLANDROCHESTER HILLS 11,98,1,3,137,3,5,1,65,0,0,2,59,0,0,26,0,100,4,457,8,0,0,0,0,0,0,0,40,0,532,239,261,457,532
OAKLANDROCHESTER HILLS 12,136,2,0,157,3,11,2,106,0,0,0,179,0,1,64,1,224,2,627,20,0,0,0,0,0,0,0,58,0,876,295,591,627,876
OAKLANDROCHESTER HILLS 13,89,0,1,97,2,1,0,61,0,0,1,99,1,2,26,0,126,1,406,9,0,0,0,0,0,0,0,30,1,569,187,319,406,569
OAKLANDROCHESTER HILLS 14,169,0,0,121,4,9,2,84,1,0,1,189,0,1,56,0,259,1,738,12,0,0,0,0,0,0,0,56,0,862,290,606,738,862
OAKLANDROCHESTER HILLS 15,82,0,1,121,2,6,2,44,0,0,0,60,0,1,26,0,105,2,381,15,0,0,0,0,0,0,0,52,3,486,204,246,381,486
OAKLANDROCHESTER HILLS 16,144,1,0,176,3,5,1,114,0,0,1,106,0,0,39,0,168,3,702,19,0,0,0,0,0,0,0,62,1,811,321,437,702,811
OAKLANDROCHESTER HILLS 17,214,2,0,182,9,12,2,120,1,0,0,226,0,2,82,0,204,2,831,16,0,0,0,0,0,0,0,50,2,857,398,658,831,857
OAKLANDROCHESTER HILLS 18,93,0,0,91,7,5,2,72,3,0,0,163,0,0,55,0,169,2,445,8,0,0,0,0,0,0,0,46,1,599,184,476,445,599
OAKLANDROCHESTER HILLS 19,100,0,1,92,6,6,2,86,3,0,0,200,0,4,58,0,130,3,424,8,0,0,0,0,0,0,0,45,0,584,193,495,424,584
OAKLANDROCHESTER HILLS 2,84,0,0,103,4,3,1,26,0,0,0,47,0,1,15,1,73,0,395,12,0,0,0,0,0,0,0,29,0,258,187,171,395,258
OAKLANDROCHESTER HILLS 20,114,0,0,108,1,2,1,50,2,1,0,103,0,0,32,0,81,2,404,7,0,0,0,0,0,0,0,35,0,377,222,273,404,377
OAKLANDROCHESTER HILLS 21,89,0,1,86,4,7,0,76,2,0,0,202,0,1,43,0,198,1,497,14,0,0,0,0,0,0,0,33,0,793,176,533,497,793
OAKLANDROCHESTER HILLS 22,120,0,1,121,4,4,0,62,1,2,0,150,0,0,45,0,120,3,480,5,0,0,0,0,0,0,0,30,0,480,242,388,480,480
OAKLANDROCHESTER HILLS 23,103,0,0,86,0,1,2,56,0,0,1,139,0,0,31,0,110,3,439,7,0,0,0,0,0,0,0,39,0,474,189,340,439,474
OAKLANDROCHESTER HILLS 24,155,0,0,132,6,8,2,77,1,0,2,112,0,1,65,1,182,0,610,10,0,0,0,0,0,0,0,36,1,620,287,457,610,620
OAKLANDROCHESTER HILLS 25,128,1,0,120,3,10,2,134,0,0,0,267,0,1,52,0,188,3,658,15,0,0,0,0,0,0,0,55,0,888,249,657,658,888
OAKLANDROCHESTER HILLS 26,160,0,0,127,5,11,3,109,1,0,0,337,1,1,98,1,263,2,818,14,0,0,0,0,0,0,0,60,1,1013,287,830,818,1013
OAKLANDROCHESTER HILLS 27,151,0,0,109,3,3,2,57,3,0,0,164,0,0,33,1,130,2,571,7,0,0,0,0,0,0,0,35,0,576,260,396,571,576
OAKLANDROCHESTER HILLS 28,187,0,1,188,3,2,0,51,1,0,1,71,0,1,28,2,120,2,754,15,0,0,0,0,0,0,0,34,0,457,376,280,754,457
OAKLANDROCHESTER HILLS 29,78,0,0,59,3,3,1,48,0,0,0,94,0,0,32,0,104,2,355,3,0,0,0,0,0,0,0,27,0,417,137,285,355,417
OAKLANDROCHESTER HILLS 3,69,0,1,141,2,3,2,62,0,0,2,96,0,0,30,0,129,4,448,14,0,0,0,0,0,0,0,41,0,523,211,326,448,523
OAKLANDROCHESTER HILLS 30,167,1,0,214,4,5,1,96,0,0,1,155,0,4,49,0,174,4,792,15,0,0,0,0,0,0,0,82,0,690,382,489,792,690
OAKLANDROCHESTER HILLS 31,88,0,1,55,3,2,1,53,1,0,0,97,0,1,30,0,121,2,491,3,0,0,0,0,0,0,0,32,0,484,144,309,491,484
OAKLANDROCHESTER HILLS 32,140,0,1,131,5,8,3,96,0,0,0,147,0,1,40,0,152,3,563,9,0,0,0,0,0,0,0,31,0,633,272,452,563,633
OAKLANDROCHESTER HILLS 4,96,0,0,117,7,9,0,54,0,0,1,78,0,0,29,0,123,1,447,14,0,0,0,0,0,0,0,39,1,445,213,301,447,445
OAKLANDROCHESTER HILLS 5,116,0,1,152,1,5,2,90,0,0,1,104,0,4,55,0,222,2,526,18,0,0,0,0,0,0,0,50,0,833,269,484,526,833
OAKLANDROCHESTER HILLS 6,205,0,0,167,13,10,2,92,0,1,0,141,0,3,47,0,247,7,668,13,0,0,0,0,0,0,0,50,0,828,372,556,668,828
OAKLANDROCHESTER HILLS 7,83,0,0,97,1,7,2,68,0,0,0,104,0,1,36,0,98,5,346,10,0,0,0,0,0,0,0,29,0,385,180,317,346,385
OAKLANDROCHESTER HILLS 8,57,0,0,72,1,3,2,68,2,1,2,147,0,1,33,0,127,4,299,4,0,0,0,0,0,0,0,29,0,442,129,387,299,442
OAKLANDROCHESTER HILLS 9,192,0,1,206,8,13,2,101,4,0,3,282,0,0,84,1,222,6,815,12,0,0,0,0,0,0,0,73,0,880,399,720,815,880
OAKLANDROSE 1,49,0,2,103,1,7,0,66,0,0,0,84,0,1,15,0,155,4,297,10,0,0,0,0,0,0,0,54,0,588,154,329,297,588
OAKLANDROSE 2,81,0,0,122,1,6,0,87,0,1,1,95,0,1,43,0,188,4,342,11,0,0,0,0,0,0,0,52,0,856,203,423,342,856
OAKLANDROSE 3,65,0,3,152,4,7,0,113,0,0,0,107,0,1,44,0,210,1,382,12,0,0,0,0,0,0,0,54,0,908,220,486,382,908
OAKLANDROYAL OAK 1,225,1,0,276,0,2,0,37,1,0,0,141,0,3,33,1,81,1,1675,11,0,0,0,0,0,0,0,64,0,418,502,299,1675,418
OAKLANDROYAL OAK 10,162,0,0,286,0,7,1,66,0,0,1,144,0,1,38,1,129,0,824,24,0,0,0,0,0,0,0,64,0,539,448,388,824,539
OAKLANDROYAL OAK 11,140,0,0,260,2,6,1,51,2,0,0,97,0,2,32,0,81,5,725,18,0,0,0,0,0,0,0,60,0,433,400,274,725,433
OAKLANDROYAL OAK 12,131,0,0,234,3,2,1,51,0,0,0,131,0,0,33,0,137,2,686,19,0,0,0,0,0,0,0,84,1,513,365,358,686,513
OAKLANDROYAL OAK 13,212,0,0,280,3,4,0,62,0,0,0,153,0,1,56,0,133,1,869,23,0,0,0,0,0,0,0,74,0,564,492,412,869,564
OAKLANDROYAL OAK 14,166,1,0,190,5,3,0,64,0,0,0,240,0,3,45,1,108,3,704,16,0,0,0,0,0,0,0,61,1,495,357,469,704,495
OAKLANDROYAL OAK 15,126,2,0,208,2,2,0,48,0,0,0,70,0,3,21,0,69,5,639,18,0,0,0,0,0,0,0,59,0,336,336,215,639,336
OAKLANDROYAL OAK 16,290,1,2,309,15,10,0,93,2,0,1,209,0,2,64,0,184,2,1122,30,0,0,0,0,0,0,0,90,2,716,602,580,1122,716
OAKLANDROYAL OAK 17,162,0,1,278,2,5,3,69,2,1,0,164,0,0,34,1,114,2,808,16,0,0,0,0,0,0,0,75,0,521,441,395,808,521
OAKLANDROYAL OAK 18,164,0,0,286,1,6,0,50,0,0,1,143,0,3,29,0,116,1,783,25,0,0,0,0,0,0,0,67,0,483,450,349,783,483
OAKLANDROYAL OAK 19,207,0,0,419,4,8,0,98,2,0,0,191,0,8,48,0,177,7,1046,31,0,0,0,0,0,0,0,83,0,782,626,536,1046,782
OAKLANDROYAL OAK 2,143,0,1,351,1,3,1,67,1,0,3,146,0,0,38,0,123,5,1516,28,0,0,0,0,0,0,0,94,2,550,495,383,1516,550
OAKLANDROYAL OAK 20,194,0,2,266,8,7,0,65,0,0,0,165,0,2,49,0,134,6,825,21,0,0,0,0,0,0,0,86,0,640,462,430,825,640
OAKLANDROYAL OAK 21,243,1,1,251,4,3,0,50,1,0,2,92,0,1,39,1,126,3,906,15,0,0,0,0,0,0,0,66,0,493,496,319,906,493
OAKLANDROYAL OAK 22,236,0,2,247,2,9,3,84,2,0,1,188,0,2,50,1,147,1,897,21,0,0,0,0,0,0,0,52,0,634,485,489,897,634
OAKLANDROYAL OAK 23,167,0,0,226,2,2,0,55,0,0,0,121,0,1,34,2,110,2,684,18,0,0,0,0,0,0,0,67,0,466,393,327,684,466
OAKLANDROYAL OAK 24,100,0,0,147,3,0,0,28,3,0,0,71,1,1,23,0,67,2,439,11,0,0,0,0,0,0,0,48,0,293,247,197,439,293
OAKLANDROYAL OAK 3,123,0,1,218,2,3,0,40,0,0,0,93,0,3,25,0,93,2,654,21,0,0,0,0,0,0,0,67,1,407,342,259,654,407
OAKLANDROYAL OAK 4,147,0,0,276,0,2,0,45,0,0,0,113,0,0,24,0,88,3,717,7,0,0,0,0,0,0,0,62,0,401,423,272,717,401
OAKLANDROYAL OAK 5,159,0,0,198,0,2,0,40,0,0,0,84,0,0,23,0,55,3,693,8,0,0,0,0,0,0,0,53,0,327,357,204,693,327
OAKLANDROYAL OAK 6,286,0,1,430,0,4,1,56,0,0,0,164,0,1,40,0,134,8,1270,32,0,0,0,0,0,0,0,90,1,545,717,400,1270,545
OAKLANDROYAL OAK 7,180,0,1,245,5,6,1,52,1,0,1,75,0,2,24,0,93,4,825,14,0,0,0,0,0,0,0,39,1,392,426,260,825,392
OAKLANDROYAL OAK 8,219,0,1,303,4,7,2,104,1,0,1,244,0,0,58,1,150,2,1078,25,0,0,0,0,0,0,0,93,1,672,523,572,1078,672
OAKLANDROYAL OAK 9,257,1,4,430,1,4,1,57,0,0,0,171,0,1,64,1,113,4,1241,26,0,0,0,0,0,0,0,78,2,577,692,413,1241,577
OAKLANDSOUTH LYON 1,233,1,0,193,5,18,5,126,0,0,0,200,0,2,70,0,271,3,876,15,0,0,0,0,0,0,0,87,0,1141,427,697,876,1141
OAKLANDSOUTH LYON 2,109,1,0,186,3,12,2,114,0,1,0,126,1,2,42,0,148,1,597,11,0,0,0,0,0,0,0,79,0,820,296,451,597,820
OAKLANDSOUTH LYON 3,119,0,0,139,5,4,1,112,1,0,0,168,1,0,42,0,170,4,585,21,0,0,0,0,0,0,0,65,0,928,258,504,585,928
OAKLANDSOUTH LYON 4,60,0,1,126,0,2,0,68,0,0,0,86,0,0,26,0,90,0,363,10,0,0,0,0,0,0,0,54,0,543,187,272,363,543
OAKLANDSOUTHFIELD 1,490,0,2,161,3,5,0,11,0,0,0,21,0,0,9,1,31,1,1470,19,0,0,0,0,0,0,0,37,1,384,653,81,1470,384
OAKLANDSOUTHFIELD 10,430,0,0,173,2,0,0,21,0,0,0,23,0,0,6,0,35,3,1475,11,0,0,0,0,0,0,0,39,0,461,603,87,1475,461
OAKLANDSOUTHFIELD 11,479,0,0,183,1,0,0,11,0,0,0,24,0,1,9,0,20,2,1252,6,0,0,0,0,0,0,0,11,0,74,662,66,1252,74
OAKLANDSOUTHFIELD 12,464,0,1,170,2,5,0,13,0,0,0,11,0,0,5,0,22,0,1008,13,0,0,0,0,0,0,0,11,0,89,635,58,1008,89
OAKLANDSOUTHFIELD 13,443,0,1,126,0,4,0,36,0,0,0,24,0,1,23,0,25,3,929,5,0,0,0,0,0,0,0,12,0,215,570,113,929,215
OAKLANDSOUTHFIELD 14,236,0,0,93,0,3,0,60,0,1,0,41,0,0,28,0,40,3,568,5,0,0,0,0,0,0,0,8,0,309,329,173,568,309
OAKLANDSOUTHFIELD 15,322,1,0,147,1,2,0,18,0,0,0,16,0,1,3,0,21,1,813,9,0,0,0,0,0,0,0,10,1,87,470,62,813,87
OAKLANDSOUTHFIELD 16,479,1,0,170,0,0,0,9,0,0,0,11,0,0,12,0,14,3,1023,12,0,0,0,0,0,0,0,5,0,62,650,46,1023,62
OAKLANDSOUTHFIELD 17,454,0,0,175,0,3,1,25,0,0,0,16,0,0,8,0,18,4,1032,4,0,0,0,0,0,0,0,15,0,147,629,71,1032,147
OAKLANDSOUTHFIELD 18,459,0,0,202,2,2,0,4,0,0,1,5,0,0,8,0,10,2,1282,7,0,0,0,0,0,0,0,10,0,40,661,32,1282,40
OAKLANDSOUTHFIELD 19,318,0,1,134,1,5,0,7,0,0,0,17,0,0,1,0,29,2,799,9,0,0,0,0,0,0,0,11,0,96,453,60,799,96
OAKLANDSOUTHFIELD 2,411,1,0,272,1,2,1,35,1,0,1,95,0,1,23,0,74,0,1710,22,0,0,0,0,0,0,0,59,1,590,684,234,1710,590
OAKLANDSOUTHFIELD 20,547,0,0,200,1,0,0,9,0,0,0,14,0,0,4,0,20,0,1164,13,0,0,0,0,0,0,0,14,2,56,747,48,1164,56
OAKLANDSOUTHFIELD 21,627,1,0,203,0,4,0,4,0,0,0,12,0,0,6,0,12,2,1295,10,0,0,0,0,0,0,0,7,0,48,831,38,1295,48
OAKLANDSOUTHFIELD 22,667,1,1,174,1,3,0,6,0,0,0,13,0,1,1,0,9,5,1427,8,0,0,0,0,0,0,0,9,0,43,843,34,1427,43
OAKLANDSOUTHFIELD 23,504,1,0,204,0,3,1,24,0,0,0,16,0,0,10,0,17,4,1279,9,0,0,0,0,0,0,0,13,0,111,709,71,1279,111
OAKLANDSOUTHFIELD 24,391,0,0,192,1,2,0,13,0,0,0,15,0,0,6,0,16,2,1096,14,0,0,0,0,0,0,0,14,1,73,583,53,1096,73
OAKLANDSOUTHFIELD 25,462,0,1,125,1,3,0,8,0,0,0,26,0,0,7,0,19,2,984,4,0,0,0,0,0,0,0,14,0,91,588,64,984,91
OAKLANDSOUTHFIELD 26,483,0,1,145,4,2,0,16,2,1,1,49,1,0,28,0,39,0,1087,4,0,0,0,0,0,0,0,10,0,142,629,143,1087,142
OAKLANDSOUTHFIELD 27,371,0,0,148,0,2,0,6,0,0,1,9,0,0,6,0,4,3,965,3,0,0,0,0,0,0,0,10,0,58,519,28,965,58
OAKLANDSOUTHFIELD 28,286,0,0,150,1,3,0,6,0,0,0,6,0,0,11,0,4,1,924,11,0,0,0,0,0,0,0,16,0,54,436,31,924,54
OAKLANDSOUTHFIELD 29,555,0,0,249,0,2,0,27,0,0,0,35,0,2,10,0,33,2,1393,19,0,0,0,0,0,0,0,19,0,164,804,109,1393,164
OAKLANDSOUTHFIELD 3,342,0,0,206,1,3,0,9,1,0,0,29,0,0,13,0,35,3,1382,21,0,0,0,0,0,0,0,43,0,371,548,91,1382,371
OAKLANDSOUTHFIELD 30,521,0,0,203,2,4,1,20,0,1,0,27,0,1,7,1,38,1,1172,10,0,0,0,0,0,0,0,18,1,181,724,102,1172,181
OAKLANDSOUTHFIELD 31,470,0,3,183,2,0,1,9,0,0,0,7,0,1,4,1,20,1,1236,6,0,0,0,0,0,0,0,10,4,142,656,45,1236,142
OAKLANDSOUTHFIELD 32,356,0,0,144,2,3,0,18,0,0,0,25,0,1,10,0,37,0,888,3,0,0,0,0,0,0,0,14,0,133,500,96,888,133
OAKLANDSOUTHFIELD 33,561,1,1,219,1,4,0,9,0,0,0,17,0,0,8,0,20,3,1371,7,0,0,0,0,0,0,0,14,0,79,782,59,1371,79
OAKLANDSOUTHFIELD 34,246,1,0,157,2,4,1,28,0,0,1,22,0,0,9,1,47,2,689,10,0,0,0,0,0,0,0,21,0,209,404,115,689,209
OAKLANDSOUTHFIELD 35,286,0,0,139,1,1,0,13,1,0,0,15,0,0,4,1,21,1,871,11,0,0,0,0,0,0,0,14,0,82,425,57,871,82
OAKLANDSOUTHFIELD 36,250,0,0,146,0,4,1,13,0,0,0,18,0,0,10,0,24,4,750,10,0,0,0,0,0,0,0,13,0,120,396,70,750,120
OAKLANDSOUTHFIELD 4,447,0,1,203,2,2,0,13,0,0,0,34,0,0,5,0,25,1,1731,9,0,0,0,0,0,0,0,58,0,624,651,81,1731,624
OAKLANDSOUTHFIELD 5,194,0,0,172,2,0,0,32,0,0,0,31,0,0,23,0,39,2,1259,24,0,0,0,0,0,0,0,58,0,561,366,127,1259,561
OAKLANDSOUTHFIELD 6,391,0,0,175,0,4,0,19,0,0,0,23,0,0,32,0,31,4,1815,8,0,0,0,0,0,0,0,81,0,859,566,109,1815,859
OAKLANDSOUTHFIELD 7,482,1,0,198,0,2,0,14,0,0,0,19,0,0,9,0,15,3,1584,9,0,0,0,0,0,0,0,36,0,479,681,59,1584,479
OAKLANDSOUTHFIELD 8,364,1,0,152,1,2,0,7,0,0,0,19,0,0,9,0,12,3,1616,14,0,0,0,0,0,0,0,33,1,477,517,50,1616,477
OAKLANDSOUTHFIELD 9,260,1,0,209,0,0,0,30,0,0,0,16,0,0,10,0,40,1,1385,27,0,0,0,0,0,0,0,54,1,581,470,96,1385,581
OAKLANDSPRINGFIELD 1,70,0,0,112,0,7,0,88,0,0,0,142,0,4,42,0,204,1,355,10,0,0,0,0,0,0,0,35,0,766,182,487,355,766
OAKLANDSPRINGFIELD 2,84,0,0,131,1,5,0,91,0,0,0,80,0,0,28,2,160,2,354,11,0,0,0,0,0,0,0,47,0,660,215,367,354,660
OAKLANDSPRINGFIELD 3,98,0,2,137,2,6,2,131,0,0,1,130,0,1,41,0,254,5,441,11,0,0,0,0,0,0,0,65,0,1003,237,568,441,1003
OAKLANDSPRINGFIELD 4,98,0,3,105,4,4,1,55,1,0,1,104,0,2,29,2,160,2,381,12,0,0,0,0,0,0,0,39,1,624,206,363,381,624
OAKLANDSPRINGFIELD 5,76,0,1,81,0,6,0,135,1,0,1,185,1,1,53,0,180,2,422,15,0,0,0,0,0,0,0,54,0,862,158,563,422,862
OAKLANDSPRINGFIELD 6,83,0,0,152,2,5,1,97,0,0,1,162,0,0,46,0,204,3,443,11,0,0,0,0,0,0,0,60,0,800,235,518,443,800
OAKLANDSPRINGFIELD 7,40,0,0,65,3,5,1,67,0,1,2,76,0,1,20,1,116,1,173,3,0,0,0,0,0,0,0,46,0,446,105,293,173,446
OAKLANDSYLVAN LAKE 1,152,0,2,168,5,10,3,48,1,0,0,146,1,0,31,1,179,3,541,11,0,0,0,0,0,0,0,40,0,564,322,425,541,564
OAKLANDTROY 1,84,0,0,81,0,2,1,53,0,0,1,82,0,1,27,2,114,0,434,4,0,0,0,0,0,0,0,33,0,462,165,283,434,462
OAKLANDTROY 10,165,0,1,148,3,5,0,104,1,0,0,185,0,0,48,0,175,3,673,12,0,0,0,0,0,0,0,57,1,760,314,521,673,760
OAKLANDTROY 11,164,0,1,142,5,5,2,98,0,0,0,181,0,0,75,0,198,4,680,7,0,0,0,0,0,0,0,41,0,754,307,564,680,754
OAKLANDTROY 12,92,0,0,118,4,5,3,77,0,0,0,165,0,0,34,1,112,2,534,4,0,0,0,0,0,0,0,30,0,523,210,401,534,523
OAKLANDTROY 13,249,0,0,254,3,10,0,173,0,0,0,217,0,0,72,0,221,8,1037,20,0,0,0,0,0,0,0,87,1,939,503,696,1037,939
OAKLANDTROY 14,138,0,0,163,2,6,2,109,2,0,1,175,0,1,50,0,159,2,679,7,0,0,0,0,0,0,0,42,0,763,301,507,679,763
OAKLANDTROY 15,150,0,0,161,0,3,0,94,1,0,0,177,0,0,68,0,167,3,687,9,0,0,0,0,0,0,0,41,0,695,311,510,687,695
OAKLANDTROY 16,132,0,0,125,5,2,0,61,1,0,2,139,0,0,39,0,130,2,599,10,0,0,0,0,0,0,0,53,1,549,257,379,599,549
OAKLANDTROY 17,175,1,0,115,7,9,1,76,0,0,0,214,0,1,59,0,182,3,830,10,0,0,0,0,0,0,0,38,0,746,291,549,830,746
OAKLANDTROY 18,102,0,0,109,1,3,0,81,0,0,0,214,0,0,47,1,175,2,529,10,0,0,0,0,0,0,0,34,0,618,211,522,529,618
OAKLANDTROY 19,145,0,0,104,1,5,2,79,1,0,0,213,0,1,64,0,134,1,531,6,0,0,0,0,0,0,0,46,0,595,249,500,531,595
OAKLANDTROY 2,173,0,0,170,5,9,2,108,1,1,0,190,0,1,59,0,215,5,792,11,0,0,0,0,0,0,0,49,0,805,343,591,792,805
OAKLANDTROY 20,190,0,0,157,9,5,2,101,1,0,1,212,0,0,53,1,226,1,766,13,0,0,0,0,0,0,0,39,0,812,347,611,766,812
OAKLANDTROY 21,109,0,0,125,0,2,1,71,0,0,0,96,1,0,27,0,104,9,536,10,0,0,0,0,0,0,0,44,0,486,234,302,536,486
OAKLANDTROY 22,203,0,0,251,5,3,0,100,2,0,1,212,0,3,61,1,193,1,1008,14,0,0,0,0,0,0,0,56,2,838,454,581,1008,838
OAKLANDTROY 23,193,0,0,196,4,6,1,117,0,0,0,150,0,0,45,1,222,5,954,18,0,0,0,0,0,0,0,48,1,866,389,546,954,866
OAKLANDTROY 24,174,1,2,157,3,4,3,122,0,0,0,130,0,0,41,0,204,7,669,12,0,0,0,0,0,0,0,57,0,801,334,507,669,801
OAKLANDTROY 25,202,0,0,155,4,6,3,100,0,1,1,101,1,0,48,2,151,5,802,19,0,0,0,0,0,0,0,42,1,724,357,418,802,724
OAKLANDTROY 26,131,0,1,204,2,9,0,52,0,1,0,79,0,3,32,0,159,7,699,18,0,0,0,0,0,0,0,64,4,616,336,337,699,616
OAKLANDTROY 27,157,0,0,167,2,5,1,49,0,0,1,45,0,1,18,0,93,4,671,7,0,0,0,0,0,0,0,36,1,404,324,215,671,404
OAKLANDTROY 28,163,0,2,149,3,2,0,37,1,0,1,85,0,0,19,0,94,3,679,13,0,0,0,0,0,0,0,25,0,380,314,242,679,380
OAKLANDTROY 29,184,0,0,209,5,4,4,98,0,0,0,318,0,1,69,0,195,4,885,12,0,0,0,0,0,0,0,75,0,840,393,694,885,840
OAKLANDTROY 3,113,0,0,141,2,3,2,97,0,0,1,148,0,1,40,0,189,6,572,10,0,0,0,0,0,0,0,58,0,791,254,483,572,791
OAKLANDTROY 30,33,0,0,65,0,2,0,23,0,0,0,35,0,2,16,0,51,1,199,3,0,0,0,0,0,0,0,18,0,202,98,129,199,202
OAKLANDTROY 31,42,0,0,46,3,0,0,34,0,0,0,84,0,2,22,0,77,1,238,9,0,0,0,0,0,0,0,17,0,319,88,222,238,319
OAKLANDTROY 4,205,1,2,188,0,3,0,110,0,0,0,238,0,2,74,0,256,6,998,12,0,0,0,0,0,0,0,57,2,974,396,683,998,974
OAKLANDTROY 5,93,0,0,100,5,4,1,64,0,0,0,187,2,0,45,0,183,2,453,4,0,0,0,0,0,0,0,37,0,683,193,491,453,683
OAKLANDTROY 6,44,0,0,36,2,2,1,27,0,0,0,65,0,1,15,0,69,0,177,3,0,0,0,0,0,0,0,12,0,204,80,182,177,204
OAKLANDTROY 7,118,0,0,88,6,5,5,48,3,0,0,221,1,1,46,0,141,4,625,6,0,0,0,0,0,0,0,32,1,571,206,477,625,571
OAKLANDTROY 8,186,0,0,178,3,6,1,51,2,0,0,190,0,0,55,2,146,2,731,17,0,0,0,0,0,0,0,43,0,536,364,456,731,536
OAKLANDTROY 9,163,1,1,199,5,5,1,130,1,0,0,183,1,0,57,1,200,6,746,15,0,0,0,0,0,0,0,53,0,843,364,584,746,843
OAKLANDW. BLOOMFIELD 1,316,0,1,159,5,4,4,70,3,0,0,174,0,1,55,0,169,1,1030,8,0,0,0,0,0,0,0,40,0,627,476,485,1030,627
OAKLANDW. BLOOMFIELD 10,277,0,1,211,1,3,1,56,0,0,0,223,0,0,41,0,212,1,1144,14,0,0,0,0,0,0,0,43,1,729,489,537,1144,729
OAKLANDW. BLOOMFIELD 11,363,2,0,202,1,3,2,54,1,0,1,118,0,0,47,0,120,2,1088,12,0,0,0,0,0,0,0,33,0,501,567,347,1088,501
OAKLANDW. BLOOMFIELD 12,452,0,0,189,2,1,4,38,1,0,0,71,0,1,40,0,116,2,1228,9,0,0,0,0,0,0,0,24,0,468,641,274,1228,468
OAKLANDW. BLOOMFIELD 13,281,0,0,188,4,3,0,64,0,0,0,221,0,0,60,0,126,5,971,12,0,0,0,0,0,0,0,48,0,509,469,478,971,509
OAKLANDW. BLOOMFIELD 14,112,0,1,144,4,4,2,73,0,1,0,91,0,0,38,1,159,3,506,13,0,0,0,0,0,0,0,48,1,652,257,373,506,652
OAKLANDW. BLOOMFIELD 15,404,1,0,219,7,12,4,51,1,0,0,154,0,0,62,0,190,1,1228,14,0,0,0,0,0,0,0,35,0,657,624,481,1228,657
OAKLANDW. BLOOMFIELD 16,264,0,0,175,5,0,3,60,0,0,0,214,0,0,71,0,240,2,944,12,0,0,0,0,0,0,0,34,0,768,439,593,944,768
OAKLANDW. BLOOMFIELD 17,343,0,0,147,5,3,0,34,2,1,2,197,0,0,76,0,157,1,1050,14,0,0,0,0,0,0,0,37,0,566,490,477,1050,566
OAKLANDW. BLOOMFIELD 18,199,0,1,121,3,0,4,55,0,0,0,134,1,0,55,0,148,1,677,5,0,0,0,0,0,0,0,27,0,619,321,400,677,619
OAKLANDW. BLOOMFIELD 19,418,0,0,152,1,1,0,32,0,0,0,94,1,1,44,1,104,0,1076,10,0,0,0,0,0,0,0,19,0,391,570,279,1076,391
OAKLANDW. BLOOMFIELD 2,154,0,0,217,4,8,2,79,0,0,1,138,0,0,37,1,192,6,715,21,0,0,0,0,0,0,0,59,0,841,371,462,715,841
OAKLANDW. BLOOMFIELD 20,213,0,0,131,2,1,0,31,1,0,0,91,0,0,23,0,82,0,686,4,0,0,0,0,0,0,0,29,1,323,344,231,686,323
OAKLANDW. BLOOMFIELD 21,249,1,0,125,0,2,0,30,0,0,0,76,1,0,29,0,84,0,804,8,0,0,0,0,0,0,0,26,0,427,375,222,804,427
OAKLANDW. BLOOMFIELD 22,344,0,1,167,0,4,2,47,1,0,1,109,0,0,50,0,138,1,1049,7,0,0,0,0,0,0,0,39,0,660,512,352,1049,660
OAKLANDW. BLOOMFIELD 23,390,1,2,153,5,1,2,38,1,0,2,118,0,1,65,1,149,1,1172,3,0,0,0,0,0,0,0,19,1,734,546,383,1172,734
OAKLANDW. BLOOMFIELD 24,221,1,1,112,1,1,0,30,0,0,2,76,0,0,19,0,98,0,690,6,0,0,0,0,0,0,0,13,1,581,335,227,690,581
OAKLANDW. BLOOMFIELD 25,210,0,0,179,1,5,2,79,0,0,0,189,0,1,65,0,184,1,790,8,0,0,0,0,0,0,0,63,0,770,389,526,790,770
OAKLANDW. BLOOMFIELD 3,113,0,1,116,5,5,0,45,0,0,1,62,0,0,24,0,131,0,396,11,0,0,0,0,0,0,0,16,1,333,230,273,396,333
OAKLANDW. BLOOMFIELD 4,183,0,0,216,3,6,3,69,1,1,0,190,0,0,48,1,211,2,845,24,0,0,0,0,0,0,0,47,0,766,399,533,845,766
OAKLANDW. BLOOMFIELD 5,200,0,1,180,4,2,2,71,0,0,1,163,0,1,50,0,195,2,778,18,0,0,0,0,0,0,0,45,0,762,381,489,778,762
OAKLANDW. BLOOMFIELD 6,237,0,0,118,2,2,0,35,1,0,0,104,0,1,38,0,84,2,819,10,0,0,0,0,0,0,0,20,0,521,355,267,819,521
OAKLANDW. BLOOMFIELD 7,257,0,2,153,4,3,4,24,1,0,0,108,0,0,33,1,108,1,760,16,0,0,0,0,0,0,0,24,1,373,412,286,760,373
OAKLANDW. BLOOMFIELD 8,185,1,2,212,4,3,0,92,0,0,0,241,0,2,72,0,189,3,863,13,0,0,0,0,0,0,0,72,0,872,400,603,863,872
OAKLANDW. BLOOMFIELD 9,262,0,0,171,1,1,1,48,0,1,1,120,1,1,35,0,80,3,838,10,0,0,0,0,0,0,0,38,0,384,433,290,838,384
OAKLANDWALLED LAKE 1,197,0,0,236,3,7,0,90,0,0,0,108,0,2,36,1,160,6,782,23,0,0,0,0,0,0,0,62,0,766,433,407,782,766
OAKLANDWALLED LAKE 2,186,0,0,208,2,7,0,94,1,0,2,113,0,2,36,0,222,6,746,15,0,0,0,0,0,0,0,67,0,947,394,479,746,947
OAKLANDWATERFORD 1,101,0,1,148,4,4,0,74,0,1,1,121,0,2,47,1,202,7,462,18,0,0,0,0,0,0,0,64,1,805,250,457,462,805
OAKLANDWATERFORD 10,126,0,1,119,3,6,1,110,0,0,0,121,0,1,47,0,190,3,508,10,0,0,0,0,0,0,0,55,0,703,246,479,508,703
OAKLANDWATERFORD 11,86,0,0,143,2,3,2,66,1,1,4,98,0,0,25,0,183,5,426,12,0,0,0,0,0,0,0,42,1,710,229,385,426,710
OAKLANDWATERFORD 12,132,0,1,166,7,10,1,68,2,0,2,124,0,0,42,0,202,2,486,11,0,0,0,0,0,0,0,54,0,747,299,458,486,747
OAKLANDWATERFORD 13,137,0,0,139,3,5,1,39,0,0,0,58,0,2,22,0,105,6,535,16,0,0,0,0,0,0,0,47,1,403,276,235,535,403
OAKLANDWATERFORD 14,96,0,0,114,3,8,0,61,4,0,0,79,0,2,30,3,157,2,367,3,0,0,0,0,0,0,0,37,0,573,210,347,367,573
OAKLANDWATERFORD 15,121,0,0,135,5,8,1,42,0,0,0,65,0,0,27,1,162,5,502,14,0,0,0,0,0,0,0,46,0,592,256,311,502,592
OAKLANDWATERFORD 16,99,0,0,147,4,6,0,83,0,0,1,118,0,0,40,1,188,2,464,21,0,0,0,0,0,0,0,50,2,664,246,441,464,664
OAKLANDWATERFORD 17,173,0,1,183,8,7,0,65,0,0,0,63,1,1,35,1,162,7,599,19,0,0,0,0,0,0,0,54,0,616,357,343,599,616
OAKLANDWATERFORD 18,91,0,2,173,3,4,0,69,0,0,1,79,0,3,26,1,162,4,420,15,0,0,0,0,0,0,0,54,1,614,266,348,420,614
OAKLANDWATERFORD 19,130,1,0,180,3,4,0,47,1,0,0,71,0,1,20,0,137,3,504,19,0,0,0,0,0,0,0,55,1,587,311,284,504,587
OAKLANDWATERFORD 2,144,0,0,185,2,5,0,87,2,0,2,101,0,5,34,2,189,4,514,20,0,0,0,0,0,0,0,55,0,770,329,429,514,770
OAKLANDWATERFORD 20,124,0,1,188,5,6,0,39,0,0,0,49,0,0,15,1,93,2,537,13,0,0,0,0,0,0,0,37,1,434,313,208,537,434
OAKLANDWATERFORD 21,135,0,1,172,2,1,0,74,0,0,1,76,1,0,22,1,131,3,501,14,0,0,0,0,0,0,0,52,0,492,308,309,501,492
OAKLANDWATERFORD 22,139,0,0,192,0,6,1,81,0,0,1,103,0,1,42,1,190,4,639,13,0,0,0,0,0,0,0,52,1,804,331,426,639,804
OAKLANDWATERFORD 23,152,0,0,193,1,6,0,78,0,0,2,92,0,3,46,0,230,6,536,16,0,0,0,0,0,0,0,66,0,876,345,458,536,876
OAKLANDWATERFORD 24,150,0,1,194,3,6,0,86,2,0,1,131,0,0,46,0,211,3,637,28,0,0,0,0,0,0,0,68,2,805,345,486,637,805
OAKLANDWATERFORD 25,111,1,0,244,3,8,1,76,0,0,3,110,0,1,26,0,185,6,584,15,0,0,0,0,0,0,0,68,0,769,356,413,584,769
OAKLANDWATERFORD 26,106,0,0,142,2,4,0,56,0,0,0,50,0,0,13,0,127,4,496,12,0,0,0,0,0,0,0,40,0,480,248,252,496,480
OAKLANDWATERFORD 27,127,0,0,201,1,3,0,72,0,0,1,97,0,1,27,0,177,1,559,18,0,0,0,0,0,0,0,64,0,708,328,379,559,708
OAKLANDWATERFORD 28,113,0,1,145,3,7,0,48,0,0,0,60,0,1,16,1,135,2,480,14,0,0,0,0,0,0,0,36,1,575,259,271,480,575
OAKLANDWATERFORD 29,98,0,0,119,1,9,1,50,0,0,1,76,0,3,29,2,148,1,411,10,0,0,0,0,0,0,0,70,0,576,217,320,411,576
OAKLANDWATERFORD 3,91,0,0,108,5,5,1,49,0,0,1,94,0,0,35,0,156,0,339,6,0,0,0,0,0,0,0,36,1,571,199,346,339,571
OAKLANDWATERFORD 4,136,0,1,176,2,6,1,97,0,0,0,91,0,0,34,0,172,2,553,10,0,0,0,0,0,0,0,63,1,801,313,403,553,801
OAKLANDWATERFORD 5,104,0,0,134,2,11,1,71,1,0,0,85,0,2,27,0,192,3,413,10,0,0,0,0,0,0,0,61,0,712,238,392,413,712
OAKLANDWATERFORD 6,149,0,2,202,6,10,1,94,1,1,1,126,2,0,34,0,182,9,567,21,0,0,0,0,0,0,0,96,0,799,353,458,567,799
OAKLANDWATERFORD 7,75,0,0,107,2,7,0,105,1,0,0,125,1,1,32,0,168,2,381,13,0,0,0,0,0,0,0,46,1,792,182,442,381,792
OAKLANDWATERFORD 8,108,0,0,148,1,5,0,117,0,0,1,155,0,2,52,2,231,2,521,13,0,0,0,0,0,0,0,64,1,910,256,566,521,910
OAKLANDWATERFORD 9,94,0,0,117,3,3,0,80,0,1,0,82,0,0,29,0,155,6,376,9,0,0,0,0,0,0,0,44,0,616,211,353,376,616
OAKLANDWHITE LAKE 1,141,0,1,140,6,6,4,116,0,0,0,170,1,2,59,1,230,4,610,14,0,0,0,0,0,0,0,64,1,977,282,595,610,977
OAKLANDWHITE LAKE 10,73,0,2,137,1,3,0,68,1,0,1,93,1,2,33,0,193,3,451,18,0,0,0,0,0,0,0,68,0,770,212,396,451,770
OAKLANDWHITE LAKE 11,98,1,0,147,6,7,1,109,0,0,0,137,0,3,36,0,291,3,486,18,0,0,0,0,0,0,0,60,0,1079,246,590,486,1079
OAKLANDWHITE LAKE 12,100,0,0,82,12,4,0,59,1,0,0,96,0,3,33,1,126,0,379,4,0,0,0,0,0,0,0,35,0,562,182,335,379,562
OAKLANDWHITE LAKE 2,118,1,1,161,2,7,5,113,1,0,0,139,1,0,48,1,297,7,507,17,0,0,0,0,0,0,0,74,1,1070,281,614,507,1070
OAKLANDWHITE LAKE 3,64,0,0,78,6,10,2,72,0,0,1,106,0,2,40,0,158,2,334,3,0,0,0,0,0,0,0,40,0,660,142,397,334,660
OAKLANDWHITE LAKE 4,45,0,0,90,2,1,0,58,0,0,1,56,0,0,17,0,114,1,228,14,0,0,0,0,0,0,0,31,0,483,135,249,228,483
OAKLANDWHITE LAKE 5,123,0,0,193,4,10,2,122,0,0,1,142,0,2,54,0,246,5,572,15,0,0,0,0,0,0,0,65,0,941,316,583,572,941
OAKLANDWHITE LAKE 6,147,0,2,194,5,7,1,96,0,0,2,103,0,1,42,0,265,5,587,16,0,0,0,0,0,0,0,58,0,1054,343,522,587,1054
OAKLANDWHITE LAKE 7,89,0,0,131,3,13,0,98,0,0,1,113,0,3,46,1,199,4,433,17,0,0,0,0,0,0,0,44,0,808,220,477,433,808
OAKLANDWHITE LAKE 8,106,0,0,180,2,8,5,87,0,0,0,106,0,3,33,0,262,4,505,14,0,0,0,0,0,0,0,75,1,977,286,506,505,977
OAKLANDWHITE LAKE 9,100,0,1,188,1,5,0,60,0,0,1,104,1,0,38,0,186,5,519,16,0,0,0,0,0,0,0,62,0,785,289,396,519,785
OAKLANDWIXOM 1,127,0,0,168,3,10,2,135,1,0,0,194,0,1,48,0,222,8,746,18,0,0,0,0,0,0,0,66,0,1056,295,616,746,1056
OAKLANDWIXOM 2,94,0,1,154,4,2,0,127,0,0,1,191,1,2,42,2,207,6,608,8,0,0,0,0,0,0,0,85,0,906,249,579,608,906
OAKLANDWIXOM 3,228,0,0,220,2,8,1,47,0,0,1,35,0,0,19,0,110,3,1121,28,0,0,0,0,0,0,0,51,2,423,448,223,1121,423
OAKLANDWIXOM 4,167,0,0,201,4,11,2,110,1,0,0,140,0,0,65,1,181,4,803,13,0,0,0,0,0,0,0,77,0,849,368,515,803,849
ONTONAGONBERGLAND TOWNSHIP 1,26,0,0,23,0,0,0,9,0,0,1,12,0,0,4,0,63,0,88,1,0,0,0,0,0,0,0,5,0,202,49,89,88,202
ONTONAGONBOHEMIA TOWNSHIP 1,5,0,0,3,0,0,0,1,0,0,0,2,0,0,0,0,3,0,10,1,0,0,0,0,0,0,0,1,0,11,8,6,10,11
ONTONAGONBOHEMIA TOWNSHIP 2,12,0,0,2,0,0,0,6,0,1,0,5,0,0,0,0,1,1,17,0,0,0,0,0,0,1,0,0,0,13,14,13,17,13
ONTONAGONCARP LAKE TOWNSHIP 1,39,0,0,25,0,2,1,24,1,0,0,28,0,1,10,0,59,0,145,1,0,0,0,0,0,1,0,10,0,224,64,126,145,224
ONTONAGONGREENLAND TOWNSHIP 1,26,1,1,39,1,0,1,16,0,0,0,8,0,0,3,0,41,1,117,2,0,0,0,0,0,2,0,21,0,207,67,70,117,207
ONTONAGONHAIGHT TOWNSHIP 1,13,0,0,10,0,0,0,6,0,0,0,6,0,0,2,0,13,0,43,1,0,0,0,0,0,0,0,1,0,56,23,27,43,56
ONTONAGONINTERIOR TOWNSHIP 1,22,0,0,18,1,0,0,9,0,0,0,9,0,0,1,0,30,0,66,1,0,0,0,0,0,0,0,6,1,93,40,50,66,93
ONTONAGONMATCHWOOD TOWNSHIP 1,7,0,0,11,0,0,0,6,0,0,0,7,0,0,1,0,9,1,20,0,0,0,0,0,0,0,0,4,0,33,18,23,20,33
ONTONAGONMCMILLAN TOWNSHIP 1,32,0,0,37,0,0,0,14,0,0,0,28,0,1,4,0,30,2,112,4,0,0,0,0,0,0,0,7,1,150,69,77,112,150
ONTONAGONONTONAGON TOWNSHIP 1,113,0,0,133,6,10,5,86,1,0,1,70,0,3,59,3,193,10,397,14,0,0,0,0,0,3,0,55,0,769,246,437,397,769
ONTONAGONROCKLAND TOWNSHIP 1,12,0,2,6,0,0,0,3,0,0,0,10,0,0,2,0,18,0,40,2,0,0,0,0,0,1,0,7,0,70,20,33,40,70
ONTONAGONSTANNARD TOWNSHIP 1,20,0,1,55,1,1,0,29,0,0,1,18,0,0,9,0,59,2,121,2,0,0,0,0,0,0,0,11,0,238,76,118,121,238
OSCODABIG CREEK TOWNSHIP 1,43,0,0,49,1,8,0,45,1,0,2,33,0,0,8,0,122,4,164,1,0,0,0,0,0,0,0,30,0,410,92,220,164,410
OSCODABIG CREEK TOWNSHIP 2,43,0,1,40,1,2,0,47,0,0,0,33,0,0,15,0,137,0,173,6,0,0,0,0,0,0,0,24,0,513,84,235,173,513
OSCODACLINTON TOWNSHIP 1,15,0,0,25,0,2,0,25,0,0,2,21,0,0,3,0,45,2,65,1,0,0,0,0,0,0,0,13,0,174,40,98,65,174
OSCODACOMINS TOWNSHIP 1,42,0,0,54,4,11,1,137,1,0,1,65,0,0,32,0,119,3,174,5,0,0,0,0,0,0,0,24,0,704,96,371,174,704
OSCODAELMER TOWNSHIP 1,24,0,0,37,2,3,0,32,0,0,0,25,0,1,4,0,75,1,101,0,0,0,0,0,0,0,0,14,0,266,61,142,101,266
OSCODAGREENWOOD TOWNSHIP 1,65,0,0,54,6,8,0,49,1,1,0,39,0,0,19,1,115,5,182,4,0,0,0,0,0,0,0,18,0,412,119,239,182,412
OSCODAMENTOR TOWNSHIP 1,41,0,0,56,0,5,0,34,0,0,0,31,0,0,9,0,92,2,185,1,0,0,0,0,0,0,0,17,0,364,97,171,185,364
SCHOOLCRAFTDOYLE TOWNSHIP 1,21,0,0,27,1,2,0,16,0,0,1,20,0,0,8,1,53,1,107,1,0,0,0,0,0,0,0,15,0,218,48,102,107,218
SCHOOLCRAFTGERMFASK TOWNSHIP 1,6,0,0,8,1,3,1,19,0,1,0,6,0,0,3,0,46,0,37,0,0,0,0,0,0,0,0,4,0,197,14,80,37,197
SCHOOLCRAFTHIAWATHA TOWNSHIP 1,78,0,0,60,1,5,0,41,0,0,0,61,0,0,9,0,104,6,270,4,0,0,0,0,0,0,0,29,0,479,138,221,270,479
SCHOOLCRAFTINWOOD TOWNSHIP 1,38,1,0,47,0,3,0,18,0,0,2,16,0,0,5,0,41,5,139,4,0,0,0,0,0,0,0,21,1,233,86,85,139,233
SCHOOLCRAFTMANISTIQUE CITY 1,15,0,0,12,0,2,1,6,0,0,0,5,0,0,1,0,15,2,80,5,0,0,0,0,0,0,0,7,0,100,27,30,80,100
SCHOOLCRAFTMANISTIQUE CITY 2,37,0,0,60,0,1,2,31,0,0,1,44,0,0,15,1,49,6,232,4,0,0,0,0,0,0,0,35,0,390,97,144,232,390
SCHOOLCRAFTMANISTIQUE CITY 3,25,0,0,28,0,2,0,21,0,0,0,15,1,0,7,0,44,2,127,2,0,0,0,0,0,0,0,11,0,193,53,90,127,193
SCHOOLCRAFTMANISTIQUE TOWNSHIP 1,31,0,0,41,2,0,0,24,0,0,0,37,0,0,14,0,71,2,178,5,0,0,0,0,0,0,0,18,0,321,72,148,178,321
SCHOOLCRAFTMUELLER TOWNSHIP 1,12,0,0,12,0,0,0,10,0,0,0,7,0,0,3,0,12,0,40,0,0,0,0,0,0,0,0,4,0,97,24,32,40,97
SCHOOLCRAFTSENEY TOWNSHIP 1,4,0,0,3,0,0,0,5,0,0,0,5,0,0,2,0,22,1,10,0,0,0,0,0,0,0,0,5,0,55,7,34,10,55
SCHOOLCRAFTTHOMPSON TOWNSHIP 1,45,1,1,47,0,1,1,27,0,0,0,26,0,0,11,1,72,4,149,6,0,0,0,0,0,0,0,16,0,273,94,139,149,273
